v -2.44443 -0.310232 2.45699
v -2.53398 -0.308417 2.42876
v -2.44618 -0.400384 2.44084
v -2.69868 -0.393026 2.31715
v -2.69975 -0.485857 2.3128
v -2.62165 -0.489446 2.36613
v -2.69892 -0.579375 2.30919
v -2.76961 -0.48146 2.24603
v -2.77141 -0.574368 2.24691
v -2.61194 -0.672271 2.33336
v -2.69547 -0.672368 2.2998
v -2.13663 -1.00906 2.18685
v -2.22858 -0.961897 2.24092
v -2.21486 -1.03087 2.19627
v -2.39024 -0.994731 2.24245
v -2.40552 -0.914741 2.27646
v -2.48802 -0.923718 2.26423
v -2.47193 -1.00469 2.23181
v -2.30858 -0.980955 2.24619
v -2.32326 -0.901985 2.28143
v -2.28246 -1.10193 2.13944
v -2.20361 -1.08464 2.13696
v -2.29476 -1.04947 2.20032
v -2.67445 -1.17595 2.10619
v -2.75322 -1.182 2.08758
v -2.72964 -1.24699 2.0397
v -2.93983 -0.740014 2.00819
v -2.90358 -0.745954 2.10793
v -2.93452 -0.651728 1.99973
v -2.89548 -0.655021 2.09631
v -2.83902 -0.661252 2.17794
v -2.89669 -0.837606 2.10827
v -2.93926 -0.828985 2.014
v -2.02762 -0.431547 2.34259
v -2.10453 -0.447224 2.37324
v -2.03103 -0.510077 2.32599
v -2.18555 -0.460977 2.39674
v -2.10012 -0.366169 2.38858
v -2.18219 -0.377844 2.41326
v -1.94389 -0.788467 2.20931
v -2.01508 -0.814747 2.23168
v -1.93511 -0.856561 2.17383
v -2.25436 -0.804265 2.30925
v -2.33667 -0.81886 2.31048
v -2.24285 -0.884366 2.27745
v -2.85785 -1.0091 2.08714
v -2.90579 -1.07775 2.01793
v -2.84633 -1.09503 2.07826
v -2.6697 -0.0239534 2.32495
v -2.7527 -0.112381 2.25
v -2.68167 -0.115853 2.3261
v -2.60445 -0.120155 2.39278
v -2.59342 -0.028071 2.39449
v -2.82339 -0.201959 2.16714
v -2.8274 -0.293819 2.16768
v -2.76022 -0.2045 2.24974
v -2.81617 -0.110182 2.16562
v -2.76901 -0.38897 2.24803
v -2.69579 -0.300425 2.32135
v -2.76596 -0.296644 2.2493
v -2.06703 -0.0381824 2.40924
v -2.15825 -0.127193 2.44838
v -2.07932 -0.120644 2.40792
v -1.6751 -0.340373 2.14755
v -1.67365 -0.271454 2.14618
v -1.73952 -0.288784 2.19318
v -1.73775 -0.217626 2.18998
v -2.87656 -0.201163 2.07538
v -2.41842 -0.0385415 2.48745
v -2.49431 0.0584158 2.45195
v -2.50948 -0.033184 2.45061
v -2.52151 -0.124947 2.44711
v -2.61322 -0.212371 2.3894
v -2.52937 -0.216841 2.43956
v -2.6197 -0.304717 2.3847
v -2.53874 0.244085 2.38272
v -2.47741 0.149804 2.45118
v -2.45666 0.240076 2.4461
v -2.43206 0.328542 2.43821
v -2.55959 0.154272 2.38828
v -2.63743 0.158121 2.31784
v -2.57801 0.0634317 2.39284
v -1.70681 0.0655168 2.16902
v -1.68663 0.135844 2.16318
v -1.77131 0.059088 2.21353
v -2.80576 -0.0187212 2.1626
v -2.79037 0.071972 2.15746
v -2.84442 0.071572 2.06255
v -2.77126 0.161528 2.15073
v -2.70738 0.160299 2.23763
v -2.38562 0.14283 2.49359
v -2.28769 0.134648 2.50714
v -2.36413 0.232654 2.49008
v -2.33972 0.321513 2.48318
v -2.40384 0.0521381 2.49315
v -2.30728 0.0459068 2.50604
v -2.4566 0.501504 2.35171
v -2.53479 0.502819 2.28074
v -2.48697 0.418098 2.36458
v -2.63381 0.420276 2.21143
v -2.56436 0.420048 2.29261
v -2.66102 0.335717 2.22171
v -2.6857 0.248915 2.23044
v -2.59124 0.334613 2.30257
v -2.5145 0.332133 2.37483
v -1.85318 0.517965 2.36184
v -1.90386 0.610528 2.38957
v -1.94281 0.531245 2.41263
v -2.72453 0.336116 2.13421
v -2.69628 0.419818 2.12322
v -2.77407 0.33322 2.0364
v -2.10799 0.644547 2.44398
v -2.14403 0.564023 2.46312
v -2.04184 0.546864 2.44765
v -2.24571 0.575395 2.44339
v -2.1787 0.481239 2.48109
v -2.24047 0.311123 2.50305
v -2.21062 0.396688 2.49345
v -2.39304 0.662513 2.32348
v -2.42522 0.582969 2.33814
v -2.30794 0.662015 2.38414
v -2.60444 0.50228 2.19997
v -2.50332 0.582976 2.26768
v -1.81108 0.595435 2.33858
v -1.72358 0.583087 2.28193
v -1.7682 0.672067 2.31028
v -1.6707 0.417897 2.21631
v -1.60725 0.41416 2.16593
v -1.62287 0.490191 2.19375
v -1.55482 0.41378 2.11426
v -1.51413 0.482411 2.08007
v -1.55993 0.484093 2.13865
v -1.56957 0.562544 2.16358
v -1.64306 0.572036 2.22265
v -2.57237 0.581911 2.18749
v -2.21891 1.10867 2.22184
v -2.25188 1.04289 2.24876
v -2.15334 1.03241 2.27022
v -2.18567 1.16969 2.1932
v -2.30565 1.11094 2.17646
v -2.28216 0.971393 2.26972
v -2.33744 1.04262 2.19674
v -2.36638 0.970111 2.21256
v -2.12221 1.09681 2.23876
v -2.06315 1.21482 2.17773
v -2.15314 1.22715 2.1649
v -2.33348 0.818434 2.2957
v -2.24537 0.81948 2.35183
v -2.21513 0.89497 2.33117
v -2.36227 0.740927 2.30938
v -2.44051 0.738951 2.24087
v -1.50634 0.971287 2.11792
v -1.48195 1.05201 2.08962
v -1.6233 0.971686 2.16951
v -1.65098 0.898185 2.20867
v -1.53812 0.891036 2.1528
v -1.68233 0.823998 2.24935
v -1.57415 0.81047 2.18926
v -2.00315 0.877069 2.36082
v -1.97323 0.946714 2.32037
v -2.1118 0.888151 2.35684
v -2.14446 0.813988 2.38622
v -2.03615 0.802232 2.39461
v -2.17751 0.735587 2.40597
v -2.08928 1.33181 2.11084
v -2.13138 1.38685 2.05729
v -2.16624 1.33799 2.08025
v -2.12157 1.48148 1.96976
v -2.09788 1.43441 2.03352
v -2.06448 1.48017 2.01006
v -2.19644 1.38715 2.01057
v -1.71165 1.49502 2.01568
v -1.70378 1.54081 1.99309
v -1.76449 1.54335 1.99929
v -2.20598 1.42896 1.93099
v -2.24548 1.37952 1.94683
v -2.28462 1.32857 1.96261
v -2.23328 1.33644 2.03008
v -2.05895 1.38114 2.08398
v -2.12092 1.28105 2.13762
v -2.03472 1.26845 2.14895
v -1.96406 1.61144 1.93789
v -1.88541 1.64857 1.93209
v -1.92921 1.65411 1.91104
v -2.04509 1.5695 1.926
v -1.99774 1.56798 1.96269
v -2.08413 1.52602 1.94818
v -2.03113 1.52452 1.98644
v -1.75223 1.5887 1.97489
v -1.68883 1.6312 1.94579
v -1.73948 1.63274 1.94949
v -1.67968 1.67384 1.91824
v -1.6386 1.63322 1.93889
v -1.63393 1.67763 1.90942
v -1.72719 1.67383 1.92275
v -1.64013 1.58716 1.96263
v -1.64176 1.54145 1.9836
v -1.5834 1.59046 1.95228
v -1.57745 1.54569 1.97078
v -1.97086 1.5173 2.00869
v -1.90761 1.5095 2.02019
v -1.88421 1.5542 1.9952
v -2.53146 -0.580902 2.38135
v -2.52544 -0.668578 2.35557
v -2.43825 -0.661684 2.36616
v -2.26988 -0.47284 2.41323
v -2.26792 -0.387481 2.4312
v -2.35553 -0.396068 2.44406
v -2.51602 -0.753292 2.32243
v -2.602 -0.75994 2.30625
v -2.65078 -0.932527 2.21932
v -2.66956 -0.84767 2.24781
v -2.75141 -0.848598 2.21582
v -2.57002 -0.929813 2.24566
v -2.55285 -1.0117 2.21442
v -2.77315 -1.10223 2.11672
v -2.82952 -1.1753 2.05571
v -2.26238 -0.302758 2.4503
v -2.19381 0.128637 2.4887
v -2.12848 0.0418899 2.45324
v -2.10713 0.12549 2.45274
v -2.01833 0.370829 2.43771
v -2.14264 0.299207 2.48217
v -2.0522 0.290326 2.44448
v -2.26517 0.223023 2.50718
v -2.16994 0.214405 2.48652
v -2.07701 0.465095 2.46336
v -2.11088 0.382671 2.47523
v -2.00409 0.62742 2.42482
v -1.96667 0.706583 2.39977
v -1.86513 0.688837 2.3614
v -1.82374 0.766493 2.33618
v -1.92872 0.784984 2.37413
v -1.92 1.07539 2.23769
v -1.89724 1.13563 2.20133
v -1.99612 1.1459 2.21054
v -1.93162 1.46431 2.04466
v -1.84284 1.50268 2.02444
v -1.82482 1.54777 1.99981
v -1.80705 1.59246 1.97465
v -1.78994 1.63623 1.94866
v -1.77411 1.67751 1.92079
v -1.83881 1.64203 1.9436
v -1.81762 1.68417 1.91419
v -1.44626 0.710264 2.08343
v -1.39885 0.793966 2.03064
v -1.52435 0.721674 2.16228
v -1.42949 0.890787 2.09547
v -1.49326 0.424743 2.01111
v -1.5467 0.347909 2.08861
v -1.51119 0.354147 2.03951
v -1.51639 0.417075 2.06127
v -1.48941 0.486734 2.02149
v -1.53026 0.240407 1.94749
v -1.53625 0.159251 2.01906
v -1.54055 0.173414 1.94728
v -1.51885 0.308358 1.94479
v -1.50911 0.377309 1.93772
v -1.51157 0.295188 2.00291
v -1.57587 0.279185 2.1053
v -1.53464 0.285661 2.05644
v -1.56349 -0.172559 2.02722
v -1.61125 -0.187003 2.09091
v -1.56014 -0.239265 2.0323
v -2.50071 -1.19875 2.06436
v -2.55836 -1.25728 1.99356
v -2.48541 -1.23536 1.99783
v -2.41259 -1.21228 2.00084
v -2.42558 -1.17737 2.06786
v -2.93227 -1.0566 1.9158
v -2.93754 -1.1231 1.92351
v -2.9189 -0.912546 2.01231
v -2.93841 -0.738654 1.89888
v -2.93735 -0.823845 1.90401
v -2.93568 -0.904862 1.90711
v -2.92429 -0.564037 1.99047
v -2.94673 -0.56667 1.8861
v -2.94825 -0.653288 1.89278
v -2.9419 -0.478943 1.87999
v -2.91674 -0.475247 1.98352
v -2.90324 -0.113506 1.96782
v -2.92351 -0.12021 1.85692
v -2.9093 -0.203971 1.97181
v -2.89295 -0.0231161 1.9634
v -2.91261 -0.0307922 1.85122
v -2.91153 -0.294792 1.97508
v -2.87822 -0.292504 2.07678
v -2.87691 0.145326 1.83747
v -2.83355 0.241358 1.94044
v -2.85198 0.231359 1.82878
v -2.82252 0.315244 1.81857
v -2.87787 0.0663847 1.95687
v -2.74352 0.416102 2.02487
v -2.70893 0.495768 2.01243
v -2.73836 0.487154 1.90702
v -2.66504 0.501031 2.11137
v -2.67199 0.572284 2
v -2.59702 0.655498 2.08729
v -2.63502 0.646383 1.98853
v -2.63159 0.579619 2.0991
v -2.49427 0.95781 2.05386
v -2.54678 0.868467 1.96259
v -2.514 0.881601 2.0603
v -1.4065 0.797681 1.91601
v -1.42015 0.706886 1.98849
v -1.42918 0.784744 1.80977
v -1.51358 0.465672 1.88993
v -1.4886 0.475503 1.8488
v -1.49608 0.542454 1.88566
v -1.53633 0.323674 1.88185
v -1.5519 0.25726 1.87846
v -1.55703 0.273488 1.80925
v -1.545 0.340311 1.81863
v -1.5152 0.404357 1.83662
v -1.56032 -0.0268723 1.94047
v -1.55688 0.040147 1.94568
v -1.55551 -0.0393731 2.02031
v -1.55122 0.107025 1.94788
v -1.58192 0.0536467 1.8666
v -2.61366 -1.30019 1.91515
v -2.6307 -1.28083 1.98873
v -2.70496 -1.29465 1.97822
v -2.68378 -1.3167 1.90639
v -2.54393 -1.27821 1.92122
v -2.60157 -1.29633 1.84068
v -2.53393 -1.27993 1.84698
v -2.93843 -0.743351 1.78645
v -2.95078 -0.660069 1.78254
v -2.93479 -0.824928 1.79053
v -2.91908 -0.497974 1.66543
v -2.93009 -0.584581 1.67069
v -2.94225 -0.486872 1.7718
v -2.91799 -0.132342 1.74035
v -2.92626 -0.221959 1.74953
v -2.9373 -0.389955 1.87369
v -2.91241 -0.385333 1.97799
v -2.90633 -0.0448855 1.73448
v -2.93109 -0.210632 1.86266
v -2.89127 0.0430375 1.72863
v -2.89753 0.0578422 1.84453
v -2.7435 0.454107 1.68732
v -2.78042 0.376648 1.69599
v -2.78826 0.396009 1.80771
v -2.4979 1.0503 1.73863
v -2.52365 0.98029 1.74472
v -2.49946 1.07168 1.83966
v -2.46662 1.11535 1.73357
v -2.46877 1.13844 1.83208
v -2.56887 0.85402 1.86163
v -2.54604 0.927202 1.85431
v -2.57066 0.835405 1.75769
v -2.43447 1.20077 1.82509
v -2.40435 1.21072 1.91264
v -2.39755 1.26029 1.81888
v -2.35723 1.31487 1.80808
v -2.36521 1.26721 1.90031
v -1.99352 1.63448 1.7783
v -2.05114 1.60002 1.80156
v -1.98447 1.64573 1.82764
v -2.11203 1.5404 1.76935
v -2.05546 1.57681 1.75222
v -2.10536 1.50975 1.70413
v -2.16694 1.50418 1.78031
v -2.21933 1.4635 1.78902
v -2.20375 1.47822 1.85521
v -2.15608 1.52406 1.84016
v -2.12406 1.52071 1.89479
v -2.1054 1.56409 1.82225
v -1.41472 1.45996 1.72219
v -1.43163 1.41834 1.84636
v -1.43593 1.39953 1.73357
v -1.47065 1.42746 1.6522
v -1.55363 1.66425 1.87714
v -1.52108 1.63436 1.89232
v -1.52998 1.64087 1.86185
v -1.38735 1.28825 1.96446
v -1.40179 1.34938 1.95997
v -1.47488 1.26843 2.04135
v -1.47213 1.13106 2.07036
v -1.37659 1.22179 1.97744
v -1.47132 1.20308 2.05495
v -1.43249 1.44987 1.94939
v -1.44517 1.48996 1.93497
v -1.49852 1.43063 2.00068
v -1.45915 1.53022 1.91928
v -1.50473 1.47438 1.98549
v -1.50887 1.51549 1.96971
v -1.57581 1.45882 2.00596
v -1.491 1.38189 2.01507
v -1.41737 1.40333 1.95956
v -1.50858 1.55375 1.9526
v -1.5895 1.63853 1.92831
v -1.52609 1.5956 1.93752
v -1.58802 1.68225 1.89398
v -1.38928 1.08814 1.89285
v -1.42856 1.12347 1.74422
v -1.3974 1.17066 1.87362
v -1.3719 0.891227 1.97112
v -1.367 1.06768 2.0239
v -1.38844 0.980372 2.06627
v -1.37648 0.99515 1.92317
v -1.41918 1.36541 1.84688
v -1.40389 1.242 1.85783
v -1.4348 1.27638 1.72652
v -1.40873 1.30743 1.84472
v -1.38598 1.34982 1.7009
v -1.5498 1.644 1.91156
v -1.49653 1.60262 1.89932
v -1.48218 1.32704 2.02893
v -1.81496 -0.730592 2.1519
v -1.81024 -0.793531 2.11875
v -1.75541 -0.700596 2.1208
v -1.7005 -0.729204 2.06026
v -1.69876 -0.671086 2.08739
v -1.74461 -0.430238 2.18879
v -1.74177 -0.359739 2.19325
v -1.74886 -0.50011 2.17923
v -1.81551 -0.523582 2.2167
v -1.81739 -0.594523 2.2
v -1.6006 -0.652647 1.99084
v -1.6486 -0.69465 2.03024
v -1.61891 -0.704817 1.98139
v -1.64947 -0.741357 2.00645
v -1.68143 -0.822267 1.98589
v -1.64412 -0.771681 1.96162
v -1.58548 -0.554694 2.02328
v -1.59708 -0.608847 2.01041
v -1.57996 -0.598006 1.94136
v -1.64462 -0.641405 2.0531
v -1.6379 -0.582493 2.07191
v -1.63417 -0.718619 1.88845
v -1.62854 -0.65493 1.81378
v -1.61591 -0.655472 1.87666
v -1.61301 -0.589907 1.80158
v -1.58347 -0.531739 1.86609
v -1.57562 -0.470149 1.8633
v -1.55979 -0.483122 1.94544
v -1.57239 -0.407557 1.86198
v -1.61837 -0.714572 1.94359
v -1.87059 -0.825713 2.14732
v -1.86161 -0.884414 2.10302
v -1.80227 -0.850284 2.07703
v -1.91214 -0.973823 2.07712
v -1.92451 -0.918028 2.12832
v -1.99105 -0.95098 2.15232
v -1.84923 -0.937619 2.05332
v -1.78948 -0.900746 2.03004
v -2.2717 -1.1453 2.07459
v -2.19386 -1.12888 2.07297
v -2.03921 -1.08897 2.0579
v -2.04956 -1.04153 2.11891
v -2.11616 -1.10991 2.06729
v -2.03228 -1.12154 1.98927
v -1.95747 -1.09492 1.97467
v -1.96701 -1.05864 2.0414
v -2.10989 -1.14028 1.99798
v -2.18702 -1.15801 2.00293
v -2.10537 -1.15974 1.92721
v -2.68257 -0.430609 1.31685
v -2.60575 -0.458488 1.26723
v -2.61962 -0.540363 1.28554
v -2.55902 -0.208913 1.21993
v -2.61795 -0.0935219 1.26715
v -2.53991 -0.124946 1.20988
v -1.84528 -0.735339 1.55638
v -1.88227 -0.660672 1.48981
v -1.81851 -0.675795 1.53455
v -1.75721 -0.692773 1.5824
v -1.79387 -0.615125 1.51217
v -1.73138 -0.631576 1.56017
v -1.70738 -0.569054 1.53875
v -1.64887 -0.585097 1.59104
v -1.83506 -0.537341 1.44605
v -1.81292 -0.472175 1.4284
v -1.76962 -0.552967 1.49042
v -2.86449 -0.878186 1.52587
v -2.91801 -0.860035 1.586
v -2.9245 -0.773868 1.57018
v -2.90096 -0.936582 1.61034
v -2.94026 -0.835259 1.67474
v -2.91476 -0.687384 1.57118
v -2.86257 -0.713895 1.49025
v -2.36993 -1.00225 1.45163
v -2.3775 -1.05457 1.49778
v -2.43855 -1.00537 1.43856
v -2.32197 -1.13774 1.61276
v -2.38386 -1.10226 1.54824
v -2.31884 -1.09499 1.56162
v -2.3874 -1.14689 1.60126
v -2.71956 -1.19156 1.57965
v -2.77664 -1.24285 1.64376
v -2.78477 -1.18807 1.59456
v -2.58473 -1.22796 1.63286
v -2.64988 -1.23863 1.63036
v -2.65255 -1.1884 1.57493
v -2.90093 -0.237273 1.63896
v -2.89266 -0.151114 1.62854
v -2.86107 -0.261206 1.53629
v -2.00419 -0.353052 1.30526
v -2.02461 -0.423069 1.31913
v -2.0771 -0.336481 1.27141
v -1.93286 -0.369706 1.34115
v -2.06593 -0.55859 1.35449
v -2.08589 -0.624158 1.37444
v -2.15712 -0.614361 1.34351
v -2.4246 -0.873082 1.37381
v -2.4319 -0.941065 1.40384
v -2.49981 -0.864812 1.37531
v -2.91102 -1.10434 1.61709
v -2.85411 -1.11201 1.58451
v -2.84675 -1.17907 1.61994
v -2.90614 -1.17286 1.6509
v -2.93947 -1.14522 1.72419
v -2.89835 -1.01884 1.6215
v -2.92591 -0.99556 1.70121
v -2.61517 0.18719 1.31689
v -2.58267 0.267671 1.3129
v -2.51215 0.236509 1.24139
v -2.6912 -0.0621834 1.33767
v -2.66868 0.0217821 1.32999
v -2.59671 -0.00959772 1.25808
v -2.77691 -0.117216 1.42721
v -2.75855 -0.0318655 1.41853
v -2.71025 -0.146846 1.34687
v -2.76961 0.1651 1.49608
v -2.73557 0.0524334 1.41168
v -2.79625 0.0817809 1.50211
v -2.71015 0.135779 1.40461
v -1.888 0.0867465 1.31612
v -1.97335 0.0350375 1.26533
v -1.94921 0.109188 1.27261
v -1.88222 -0.15332 1.33865
v -1.86619 -0.0803071 1.345
v -1.81595 -0.172223 1.37817
v -1.75172 -0.19059 1.4197
v -1.73948 -0.11869 1.42628
v -1.68913 -0.208268 1.46282
v -1.62591 -0.520403 1.5715
v -1.66476 -0.437092 1.50769
v -1.60685 -0.452235 1.55985
v -1.68374 -0.505051 1.519
v -1.71176 -0.350952 1.45599
v -1.72664 -0.421293 1.45899
v -1.77834 -0.333644 1.41471
v -1.86232 -0.387012 1.3777
v -1.79345 -0.404197 1.41701
v -2.49434 0.0416169 1.19371
v -2.40912 0.00903284 1.15851
v -2.4337 -0.0731474 1.16519
v -2.47134 0.499832 1.30745
v -2.51092 0.424348 1.30702
v -2.53625 0.528792 1.3837
v -2.5485 0.347056 1.30903
v -2.47772 0.315949 1.23916
v -2.6714 0.405292 1.47774
v -2.61392 0.377185 1.3887
v -2.70721 0.327285 1.48346
v -1.97621 0.379033 1.21456
v -2.01238 0.306533 1.20302
v -2.0464 0.409288 1.1864
v -1.60531 -0.0114185 1.53028
v -1.61223 -0.0827565 1.52142
v -1.65953 0.0063245 1.48787
v -2.75514 0.353973 1.58345
v -2.71843 0.431804 1.5768
v -2.40176 0.470377 1.23994
v -2.28247 0.511402 1.1988
v -2.32372 0.437336 1.18905
v -2.44052 0.393928 1.23906
v -2.36304 0.361141 1.18527
v -2.39098 0.645265 1.31612
v -2.43112 0.573573 1.30998
v -2.45664 0.673157 1.38752
v -2.57598 0.453927 1.38549
v -2.63303 0.481347 1.47262
v -2.593 0.555937 1.46855
v -2.59851 0.651783 1.55855
v -2.63815 0.579859 1.56271
v -1.79374 0.558813 1.30901
v -1.89816 0.518728 1.25004
v -1.85474 0.585883 1.26933
v -1.93808 0.449692 1.23049
v -1.83707 0.491441 1.28913
v -1.87677 0.422305 1.27057
v -2.16154 0.550156 1.18517
v -2.20243 0.477878 1.16866
v -2.24231 0.584693 1.20918
v -2.20074 0.654388 1.22415
v -2.11987 0.620584 1.19966
v -2.36026 0.54392 1.24669
v -2.47887 0.769366 1.468
v -2.41965 0.743672 1.38986
v -2.51465 0.699537 1.46718
v -2.55237 0.628094 1.46734
v -2.56057 0.722981 1.55654
v -1.64853 0.743888 1.39791
v -1.58522 0.728139 1.43691
v -1.6404 0.666466 1.40292
v -1.5307 0.717935 1.4757
v -1.54482 0.636782 1.48023
v -1.58827 0.650787 1.44233
v -1.48889 0.709091 1.51113
v -1.5094 0.623096 1.51729
v -1.60009 0.476806 1.47441
v -1.55867 0.549698 1.4954
v -1.56254 0.458706 1.51278
v -2.11652 0.786598 1.25398
v -2.03361 0.751715 1.23893
v -2.15867 0.721685 1.23879
v -2.07694 0.687855 1.21798
v -2.27946 0.686708 1.26429
v -2.32032 0.616724 1.25404
v -2.35124 0.7151 1.32296
v -2.31384 0.783956 1.32873
v -2.27457 1.00607 1.40691
v -2.23063 1.05905 1.42246
v -2.15191 1.02184 1.38028
v -1.59857 0.94001 1.47884
v -1.6458 0.912884 1.44414
v -1.67574 0.975421 1.4518
v -1.43249 0.872566 1.54813
v -1.49032 0.873575 1.51719
v -1.41785 0.894025 1.56796
v -2.38379 0.978015 1.46305
v -2.40296 1.06955 1.54462
v -2.34535 1.04031 1.4678
v -2.41733 0.910954 1.46307
v -2.47181 0.93855 1.54514
v -2.31409 0.945535 1.3981
v -2.34993 0.880315 1.39493
v -2.11375 0.936117 1.32268
v -2.19654 0.970409 1.35944
v -2.07015 0.983781 1.35042
v -1.85281 0.949663 1.36719
v -1.93814 0.986439 1.36981
v -1.80506 0.985686 1.40184
v -2.38416 0.812801 1.39264
v -2.44711 0.840425 1.46604
v -2.27602 0.850142 1.33576
v -1.71495 0.766828 1.35722
v -1.66553 0.81515 1.39624
v -1.61567 0.854296 1.43941
v -1.59419 0.795505 1.43689
v -1.46846 0.784502 1.52321
v -2.15687 0.880982 1.30156
v -2.07339 0.847714 1.27174
v -2.23783 0.913582 1.34356
v -2.02913 0.90115 1.29935
v -1.94439 0.864583 1.2931
v -1.9845 0.947027 1.33322
v -1.89936 0.910437 1.32858
v -1.98939 0.811147 1.26333
v -2.0453 1.23038 1.49466
v -1.96593 1.18449 1.47395
v -2.09239 1.19256 1.47645
v -1.92002 1.2214 1.49538
v -1.99852 1.26659 1.51106
v -2.10496 1.0659 1.40594
v -2.18509 1.10772 1.43961
v -2.13897 1.15217 1.45729
v -2.05888 1.10667 1.43117
v -1.67717 1.21451 1.53483
v -1.65357 1.26362 1.55543
v -1.5624 1.21675 1.56728
v -1.64011 1.31714 1.57451
v -1.55017 1.27902 1.586
v -1.43956 1.15154 1.61018
v -1.50281 1.12338 1.56602
v -2.21262 1.19443 1.50067
v -2.16619 1.23766 1.51323
v -2.25844 1.14774 1.4878
v -2.30306 1.09672 1.47658
v -2.27505 1.23235 1.55975
v -1.70955 1.16868 1.5121
v -1.75061 1.12927 1.48817
v -1.79618 1.21584 1.50871
v -1.87694 1.25913 1.51605
v -1.95373 1.30257 1.52751
v -1.86562 1.41542 1.58168
v -1.88773 1.37753 1.56327
v -1.91539 1.44761 1.59731
v -1.91679 1.33968 1.54522
v -1.98654 1.379 1.56571
v -1.55082 1.39776 1.62403
v -1.54854 1.33975 1.60387
v -1.63664 1.42468 1.61447
v -1.56468 1.50319 1.65988
v -1.55677 1.45189 1.64215
v -1.45969 1.30937 1.61588
v -1.45072 1.24298 1.60233
v -1.47957 1.48358 1.67071
v -1.57337 1.55067 1.6773
v -1.48296 1.52808 1.68971
v -2.02658 1.34579 1.55211
v -2.09205 1.38956 1.5905
v -1.76154 1.25861 1.52896
v -1.84575 1.44408 1.59586
v -1.79322 1.42922 1.59209
v -2.39031 -0.263351 1.1767
v -2.40969 -0.342937 1.1931
v -2.47446 -0.237838 1.18839
v -2.28648 -0.205811 1.17553
v -2.36916 -0.18316 1.16262
v -2.34687 -0.102532 1.15185
v -2.26389 -0.126952 1.16678
v -2.2067 -0.226269 1.19806
v -2.22855 -0.302217 1.2125
v -2.32751 -0.361599 1.20523
v -2.30743 -0.284537 1.18725
v -2.24869 -0.377621 1.22833
v -2.34687 -0.437093 1.22737
v -2.42747 -0.421649 1.21325
v -2.5264 -0.481283 1.24096
v -2.51005 -0.401049 1.22124
v -2.5799 -0.926803 1.41373
v -2.57622 -0.854553 1.3848
v -2.50494 -0.935661 1.40362
v -2.49293 -0.791527 1.35187
v -2.58278 -0.996118 1.4476
v -2.58487 -1.06167 1.48661
v -2.65553 -0.988985 1.46146
v -2.65417 -0.916764 1.43064
v -2.26516 0.137998 1.14017
v -2.31616 0.249268 1.14961
v -2.23213 0.216501 1.14125
v -2.23923 -0.0481504 1.15939
v -2.32251 -0.0218871 1.14404
v -2.08346 0.336471 1.17354
v -2.15277 0.185686 1.15828
v -2.19716 0.293663 1.14606
v -2.04663 0.232578 1.19344
v -2.11928 0.26175 1.16468
v -2.16005 0.368869 1.15511
v -2.07849 0.157513 1.18701
v -1.92283 0.617432 1.2392
v -1.81058 0.650366 1.29518
v -2.04041 0.584754 1.20106
v -1.99801 0.65154 1.22347
v -1.95398 0.715429 1.24596
v -1.71046 1.04567 1.47004
v -1.75761 1.01697 1.43707
v -1.73836 0.843373 1.35991
v -1.8155 0.877097 1.33485
v -1.76876 0.915446 1.37512
v -1.69089 0.880643 1.40321
v -1.86179 0.830064 1.29945
v -1.72332 1.35273 1.56907
v -1.71729 1.40191 1.58939
v -1.71955 1.45211 1.60994
v -1.63531 1.37105 1.59443
v -2.12825 -0.97907 1.54924
v -2.07329 -0.980892 1.57834
v -2.08523 -1.02531 1.60412
v -1.94463 -0.962269 1.63261
v -1.97722 -0.892918 1.57094
v -1.92007 -0.908884 1.61298
v -2.32133 -1.17598 1.6665
v -2.25423 -1.16343 1.67584
v -2.32078 -1.20767 1.7247
v -1.40049 0.781021 1.6204
v -1.34812 0.749605 1.66828
v -1.43071 0.674873 1.62128
v -1.37593 0.883288 1.59393
v -1.38246 0.861352 1.61044
v -1.39774 0.855607 1.58093
v -1.41389 0.531308 1.66288
v -1.47661 0.47786 1.66554
v -1.48827 0.500656 1.61881
v -1.49422 0.403361 1.64015
v -1.50681 0.307165 1.6808
v -1.50831 0.329939 1.62611
v -1.53004 0.348983 1.57958
v -1.50818 0.423258 1.59585
v -1.52459 -0.112329 1.63399
v -1.55882 -0.0984331 1.56956
v -1.55713 -0.0276093 1.57924
v -1.61991 -0.153923 1.51406
v -1.55423 -0.466711 1.70369
v -1.5733 -0.531424 1.71243
v -1.58126 -0.53149 1.63473
v -1.54984 -0.393881 1.62048
v -1.56311 -0.463301 1.62411
v -1.59102 -0.382337 1.55432
v -1.76046 -0.831264 1.67685
v -1.81341 -0.812436 1.62439
v -1.72994 -0.770529 1.65627
v -2.2516 -1.19321 1.73108
v -2.32141 -1.22419 1.79097
v -2.38911 -1.22035 1.71769
v -2.4562 -1.23365 1.71089
v -2.38853 -1.18699 1.65719
v -2.71213 -1.28489 1.69289
v -2.71445 -1.2438 1.63293
v -2.9366 -1.17192 1.83374
v -2.93938 -1.1225 1.81839
v -2.94032 -0.753877 1.67401
v -2.81774 0.192029 1.59875
v -2.78886 0.274472 1.5922
v -2.74036 0.246993 1.49002
v -2.62229 0.672352 1.6634
v -2.66228 0.600827 1.66916
v -2.58656 0.743577 1.65837
v -2.55484 0.815441 1.65401
v -2.50574 0.960495 1.64159
v -2.53029 0.888572 1.6473
v -2.44204 1.00732 1.54154
v -2.47742 1.02871 1.63692
v -2.44202 1.09318 1.63574
v -2.31915 1.18193 1.55432
v -2.36252 1.12821 1.54844
v -2.36122 1.20788 1.63725
v -2.40267 1.15162 1.63626
v -2.18294 1.39574 1.64179
v -2.13401 1.43381 1.64357
v -2.0465 1.42197 1.59957
v -2.08351 1.46977 1.64583
v -1.5362 0.29009 1.74195
v -1.50204 0.377539 1.6872
v -1.5114 0.351564 1.7551
v -1.57456 0.13696 1.79619
v -1.57461 0.121846 1.87023
v -1.58301 0.0675804 1.79007
v -1.56847 0.206442 1.80162
v -1.55224 0.151807 1.72916
v -1.5854 -0.0144804 1.86277
v -1.52502 -0.0417471 1.6418
v -1.53793 -0.125247 1.70895
v -1.52491 -0.182792 1.62617
v -1.56445 -0.205131 1.77798
v -1.53289 -0.194072 1.7035
v -1.56814 -0.137548 1.78083
v -1.5709 -0.466766 1.78336
v -1.58781 -0.528702 1.78959
v -1.53206 -0.331869 1.69978
v -1.56342 -0.403341 1.77932
v -1.54048 -0.400162 1.69983
v -1.61882 -0.658597 1.74642
v -1.6443 -0.722127 1.76359
v -1.65463 -0.721124 1.69611
v -2.66787 -1.30945 1.83379
v -2.71711 -1.31041 1.75902
v -2.65547 -1.30277 1.76166
v -2.93487 -0.903587 1.79546
v -2.94039 -0.67105 1.67393
v -2.8813 -0.0634365 1.6193
v -2.86519 0.0232844 1.61213
v -2.86975 0.129237 1.7209
v -2.8142 0.29671 1.70528
v -2.84305 0.108179 1.6053
v -2.70353 0.528849 1.67828
v -2.67973 0.507238 1.56967
v -2.38673 1.23077 1.73006
v -2.34234 1.28396 1.72526
v -2.25265 1.38431 1.72041
v -2.31532 1.36781 1.80178
v -2.26871 1.41791 1.79629
v -2.29667 1.33522 1.72249
v -1.44468 1.46637 1.84727
v -1.44597 1.49759 1.75667
v -1.46418 1.54104 1.76769
v -1.49042 1.58747 1.83978
v -1.47333 1.55154 1.84018
v -1.49121 1.6182 1.77453
v -1.50602 1.61397 1.84673
v -1.54404 1.65524 1.82051
v -1.56705 1.67646 1.83992
v -1.34424 0.880807 1.65024
v -1.33583 0.883616 1.63177
v -1.35221 0.914217 1.6262
v -1.38148 0.908494 1.60982
v -1.36279 0.867744 1.62125
v -1.41263 0.917571 1.61084
v -1.39077 0.866939 1.6412
v -1.52654 1.63697 1.79841
v -1.5008 1.57147 1.70433
v -1.48224 1.57853 1.76191
v -1.78325 -0.971353 1.77172
v -1.74692 -0.910353 1.75398
v -1.74215 -0.907724 1.82248
v -1.81955 -0.954344 1.71061
v -1.85327 -1.01515 1.72728
v -1.82416 -1.03053 1.79056
v -1.87967 -1.07836 1.81215
v -1.97106 -1.01269 1.65418
v -1.92886 -1.0411 1.6989
v -2.02117 -0.994095 1.61304
v -2.04274 -1.03779 1.6363
v -2.00093 -1.05995 1.6802
v -2.09299 -1.05817 1.62805
v -1.88145 -1.07695 1.88422
v -1.88771 -1.05965 1.95566
v -1.95155 -1.11356 1.90337
v -1.82418 -1.02712 1.86246
v -1.82366 -1.01823 1.93466
v -1.83509 -0.984294 1.99839
v -1.73171 -0.864293 2.00885
v -1.67841 -0.846102 1.92966
v -1.76837 -0.969307 1.91237
v -1.78007 -0.968128 1.84247
v -1.89267 1.69375 1.87899
v -1.85572 1.69031 1.9002
v -1.84867 1.72561 1.84192
v -1.66784 1.7114 1.88758
v -1.6292 1.71572 1.87721
v -1.91479 1.68913 1.83833
v -1.96323 1.65386 1.87371
v -1.76181 1.7133 1.89174
v -1.80096 1.7126 1.89088
v -1.71466 1.71033 1.89356
v -1.82199 1.7318 1.85919
v -1.98782 1.57888 1.69284
v -1.99541 1.61296 1.73321
v -1.92432 1.63535 1.7162
v -1.93024 1.66474 1.7516
v -1.92785 1.68005 1.79554
v -1.85849 1.70577 1.76577
v -2.00528 1.61237 1.9016
v -1.85821 1.72094 1.80482
v -1.79911 1.47419 1.61189
v -1.87852 1.48633 1.61634
v -1.80759 1.52138 1.63417
v -1.73635 1.55294 1.65421
v -1.8197 1.56877 1.65894
v -1.64251 1.47726 1.63445
v -1.65106 1.52814 1.65451
v -1.52803 1.61463 1.71936
v -1.58695 1.59523 1.69464
v -1.60384 1.63605 1.7137
v -1.61782 1.67262 1.73582
v -1.54528 1.64934 1.74315
v -1.89926 1.56371 1.66051
v -1.88534 1.52446 1.63733
v -1.83495 1.6122 1.68465
v -1.72629 1.50264 1.6315
v -1.66169 1.57683 1.67432
v -1.85339 1.67873 1.73517
v -1.84562 1.64655 1.70817
v -1.91549 1.60234 1.68817
v -2.03095 1.50439 1.65183
v -2.04965 1.5459 1.6977
v -1.59307 1.69375 1.87078
v -1.58418 1.6905 1.80107
v -1.65061 1.72724 1.84028
v -1.70464 1.73082 1.85599
v -1.76169 1.73409 1.86093
v -1.77896 1.7322 1.78386
v -1.77402 1.73497 1.81932
v -1.7494 1.60172 1.67895
v -1.68626 1.65804 1.71865
v -1.69579 1.69348 1.74218
v -1.70172 1.72835 1.76806
v -1.62912 1.70546 1.76038
v -1.76132 1.6445 1.70308
v -1.67401 1.61976 1.69593
v -1.77065 1.67893 1.72723
v -1.77693 1.71027 1.75329
v -1.63845 1.72437 1.79793
v -1.56543 1.67479 1.76948
v -1.60397 1.70577 1.83704
v -1.70399 1.73125 1.81046
v -2.75413 -1.32128 1.89425
v -2.73244 -1.3165 1.82668
v -2.80557 -1.24251 2.01502
v -2.77873 -1.293 1.95944
v -2.90074 -1.16 2.01254
v -2.87427 -1.22232 1.97612
v -2.92456 -1.2226 1.84099
v -2.90795 -1.24807 1.89029
v -2.9333 -1.19371 1.92163
v -2.79348 -1.31394 1.81997
v -2.77405 -1.30937 1.76205
v -2.84906 -1.28879 1.81358
v -2.81961 -1.29934 1.76311
v -2.93119 -1.20102 1.75499
v -2.9122 -1.24172 1.79856
v -2.88998 -1.22333 1.70016
v -2.83435 -1.23369 1.66588
v -2.77084 -1.28311 1.70146
v -2.82471 -1.27554 1.72
v -2.82117 -1.30553 1.8769
v -2.84689 -1.27336 1.92953
v -2.87253 -1.26503 1.75111
v -2.88547 -1.27217 1.84955
v -1.34283 0.919648 1.71764
v -1.35523 0.858181 1.69738
v -1.34757 0.937551 1.76712
v -1.35819 0.886558 1.74324
v -1.29887 0.940707 1.66416
v -1.32087 0.879176 1.66855
v -1.31352 0.962199 1.68633
v -1.11127 0.792713 1.88907
v -1.05595 0.814166 1.92328
v -1.08001 0.856957 1.92482
v -1.18156 0.910338 1.91732
v -1.2315 0.867796 1.91123
v -1.16209 0.866472 1.92272
v -1.29244 0.958527 1.87868
v -1.26297 0.916746 1.90135
v -1.22334 0.957195 1.90514
v -1.20993 1.54954 1.63788
v -1.14587 1.6119 1.64118
v -1.14973 1.54461 1.64248
v -1.20681 1.61712 1.63691
v -1.2051 1.68475 1.63374
v -1.1627 0.77336 1.86162
v -1.11761 0.824077 1.91579
v -1.20669 1.12265 1.89634
v -1.27226 1.11649 1.8779
v -1.19937 1.06431 1.89723
v -1.13586 1.12913 1.90558
v -1.18847 1.58149 1.9096
v -1.12391 1.65393 1.91462
v -1.19125 1.64878 1.91146
v -1.12132 1.58597 1.91187
v -1.33174 0.950917 1.82535
v -1.35422 0.908019 1.79994
v -1.32701 0.917872 1.85986
v -1.18752 0.928741 1.63365
v -1.09977 0.941392 1.64142
v -1.31311 0.853586 1.62206
v -1.39563 0.833443 1.75367
v -1.37426 0.867337 1.77374
v -1.38142 0.856112 1.7139
v -1.35163 0.873105 1.83669
v -1.36143 0.768978 1.86073
v -1.31622 0.770726 1.87665
v -1.33281 0.826569 1.87116
v -1.31971 0.721583 1.85892
v -1.36172 0.71242 1.87201
v -1.41347 0.653769 1.86967
v -1.31734 0.672316 1.84656
v -1.37091 0.663705 1.86375
v -1.37707 0.6104 1.84907
v -1.21099 0.743972 1.8218
v -1.18928 0.714071 1.75881
v -1.43301 0.694037 1.84602
v -1.47561 0.63671 1.85844
v -1.42406 0.698627 1.84777
v -1.39379 0.764943 1.8421
v -1.39973 0.703063 1.85381
v -1.21164 0.815673 1.63683
v -1.19376 0.760491 1.68204
v -1.40745 0.748702 1.6569
v -1.28377 0.675183 1.66795
v -1.44623 0.546653 1.85502
v -1.37026 0.542722 1.81584
v -1.45212 0.424296 1.7102
v -1.35089 0.598101 1.66573
v -1.26471 0.631979 1.75535
v -1.35997 2.38975 1.73286
v -1.35855 2.39157 1.80124
v -1.36249 2.46033 1.80365
v -1.33108 2.3872 1.67181
v -1.33242 2.45861 1.67176
v -1.36298 2.46125 1.73357
v -1.28189 2.45351 1.62892
v -1.28057 2.38462 1.62829
v -1.21625 2.45652 1.61053
v -1.21598 2.38416 1.61101
v -1.14981 2.38428 1.6224
v -1.14933 2.46035 1.62267
v -1.09319 2.45813 1.65818
v -1.05408 2.37785 1.71208
v -1.0934 2.38191 1.6587
v -1.05661 2.45181 1.71061
v -1.04014 2.44963 1.77508
v -1.04886 2.44091 1.84266
v -1.057 2.52191 1.83778
v -1.08831 2.42709 1.90182
v -1.09432 2.50225 1.89956
v -1.15795 2.47997 1.93568
v -1.15052 2.41339 1.93621
v -1.2284 2.47045 1.93828
v -1.22076 2.40526 1.9382
v -1.28341 2.39921 1.9109
v -1.28949 2.46604 1.90978
v -1.3347 2.46113 1.86422
v -1.32967 2.39429 1.86239
v -1.35656 2.24891 1.73202
v -1.35478 2.25319 1.79938
v -1.35567 2.32238 1.80008
v -1.35744 2.31913 1.73252
v -1.32914 2.31627 1.6721
v -1.32754 2.24526 1.6728
v -1.27981 2.24228 1.62873
v -1.27981 2.31401 1.62784
v -1.21813 2.24048 1.60915
v -1.15035 2.31087 1.62027
v -1.21641 2.31314 1.60881
v -1.05193 2.30341 1.71014
v -1.09298 2.30788 1.65653
v -1.03695 2.37257 1.77642
v -1.0437 2.29109 1.8445
v -1.03319 2.29785 1.77574
v -1.04675 2.36481 1.84377
v -1.08525 2.35699 1.90197
v -1.0839 2.28412 1.90199
v -1.14782 2.34733 1.93529
v -1.14639 2.27646 1.93277
v -1.32423 2.25801 1.85992
v -1.27786 2.26376 1.90934
v -1.27936 2.33217 1.90966
v -1.21517 2.26952 1.9356
v -1.2175 2.3385 1.93783
v -1.32611 2.32657 1.86095
v -1.3569 2.18354 1.80007
v -1.35738 2.17859 1.73178
v -1.32637 2.17421 1.67351
v -1.27961 2.17053 1.63152
v -1.09364 2.23405 1.65225
v -1.05114 2.22933 1.70604
v -1.03261 2.22391 1.77295
v -1.04335 2.21823 1.84239
v -1.14605 2.20594 1.93216
v -1.08442 2.21232 1.89943
v -1.27925 2.19424 1.91175
v -1.32662 2.18865 1.8618
v -1.21515 2.19999 1.93731
v -1.35635 2.1082 1.73248
v -1.35782 2.11364 1.80078
v -1.15242 2.23803 1.61825
v -1.09495 2.16041 1.64911
v -1.15506 2.16509 1.6172
v -1.05268 2.15602 1.7034
v -1.14616 2.13533 1.93059
v -1.08507 2.14095 1.8968
v -1.2817 2.12419 1.91564
v -1.21552 2.12973 1.93767
v -1.32813 2.11878 1.86348
v -1.35473 2.03856 1.73319
v -1.35736 2.04378 1.80104
v -1.32038 2.03355 1.67752
v -1.32382 2.10335 1.67525
v -1.27722 2.09932 1.63344
v -1.22017 2.0955 1.60981
v -1.2206 2.16769 1.60933
v -1.15607 2.09219 1.61617
v -1.0977 2.08628 1.6477
v -1.03715 2.00926 1.76322
v -1.05481 2.01456 1.69789
v -1.05515 2.08466 1.69936
v -1.038 2.07981 1.76599
v -1.04906 2.00407 1.83125
v -1.04577 2.07538 1.8352
v -1.08558 2.07053 1.89221
v -1.14464 2.0648 1.92885
v -1.28053 2.05382 1.91511
v -1.21527 2.06029 1.93842
v -1.32663 2.04851 1.86331
v -1.35827 1.97436 1.79999
v -1.35325 1.96963 1.73286
v -1.3181 1.96451 1.67838
v -1.27346 2.02877 1.6364
v -1.21665 2.0243 1.61187
v -1.15365 2.02125 1.61646
v -1.02971 1.94251 1.76539
v -1.21354 1.9902 1.93406
v -1.14503 1.99825 1.92914
v -1.27857 1.9833 1.91156
v -1.32679 1.97844 1.86182
v -1.35168 1.90011 1.73146
v -1.26949 1.95946 1.63916
v -1.2122 1.95414 1.61617
v -1.14906 1.95089 1.61969
v -1.09742 2.01892 1.64623
v -1.09047 1.94821 1.64682
v -1.04997 1.94469 1.69904
v -1.038 1.87687 1.69933
v -1.01828 1.87397 1.76622
v -1.03229 1.87064 1.8354
v -1.04182 1.94009 1.83513
v -1.08103 1.93561 1.89324
v -1.2095 1.92042 1.93036
v -1.27423 1.91361 1.90631
v -1.32421 1.90905 1.85822
v -1.35724 1.90448 1.79798
v -1.35396 1.83019 1.72881
v -1.31606 1.89611 1.6782
v -1.315 1.82819 1.67797
v -1.20938 1.88614 1.6211
v -1.26448 1.82377 1.64409
v -1.26656 1.8911 1.64126
v -1.14617 1.88223 1.62591
v -1.03616 1.80813 1.70219
v -1.08311 1.81139 1.65369
v -1.08465 1.87937 1.64979
v -1.01366 1.80391 1.76733
v -1.02771 1.79988 1.83521
v -1.07389 1.86738 1.8944
v -1.07261 1.79365 1.88996
v -1.13681 1.85969 1.92375
v -1.13352 1.78996 1.92174
v -1.20549 1.85155 1.92506
v -1.2701 1.84512 1.90049
v -1.32221 1.84016 1.85431
v -1.03795 1.73896 1.70436
v -1.08429 1.74303 1.65748
v -1.01516 1.73404 1.76762
v -1.02717 1.73028 1.83427
v -1.06739 1.72675 1.89053
v -1.34138 1.63336 1.79448
v -1.34695 1.70033 1.7943
v -1.34134 1.62974 1.731
v -1.3451 1.69741 1.73023
v -1.30865 1.62625 1.68063
v -1.3098 1.69366 1.68018
v -1.2616 1.68929 1.64881
v -1.26263 1.75675 1.64669
v -1.26199 1.62175 1.64979
v -1.20514 1.75248 1.6315
v -1.1431 1.74754 1.63377
v -1.14367 1.67959 1.63799
v -1.03808 1.66981 1.70588
v -1.08492 1.67447 1.66061
v -1.01477 1.6646 1.7689
v -1.01892 1.66135 1.83688
v -1.0589 1.65851 1.89344
v -1.19612 1.71615 1.91493
v -1.12931 1.722 1.91811
v -1.2596 1.71048 1.89277
v -1.31196 1.70525 1.85103
v -1.30729 1.63829 1.85026
v -1.25478 1.64353 1.89066
v -1.33974 1.56205 1.73178
v -1.33568 1.49902 1.79701
v -1.33847 1.5662 1.79561
v -1.33882 1.4944 1.7335
v -1.31213 1.49059 1.68133
v -1.31037 1.55848 1.68012
v -1.26447 1.55398 1.64992
v -1.09031 1.53934 1.66324
v -1.04133 1.53301 1.70519
v -1.03849 1.60074 1.70549
v -1.01702 1.59472 1.76869
v -1.01583 1.52646 1.7656
v -1.01791 1.59284 1.83549
v -1.01873 1.52369 1.83277
v -1.05694 1.52165 1.88879
v -1.05708 1.58987 1.89017
v -1.12027 1.51831 1.91118
v -1.30516 1.57116 1.85158
v -1.25231 1.57647 1.89082
v -1.30361 1.50423 1.85361
v -1.25006 1.50937 1.89128
v -1.18645 1.51411 1.90878
v -1.18441 1.44665 1.90811
v -1.11951 1.45102 1.90933
v -1.24794 1.44209 1.89308
v -1.33714 1.42671 1.736
v -1.3338 1.43168 1.79962
v -1.31219 1.42262 1.68199
v -1.26859 1.48614 1.65015
v -1.21553 1.48177 1.63936
v -1.27194 1.41774 1.65148
v -1.05015 1.46622 1.70101
v -1.02704 1.45899 1.76081
v -1.03214 1.39514 1.75026
v -1.06194 1.40112 1.6939
v -1.02397 1.45474 1.82631
v -1.05804 1.45438 1.8843
v -1.30171 1.4373 1.85624
v -1.17961 1.37969 1.90783
v -1.1149 1.38457 1.90669
v -1.24342 1.37525 1.89502
v -1.22238 1.41368 1.6402
v -1.27564 1.34969 1.65418
v -1.0742 1.33599 1.68882
v -1.06036 1.38914 1.8744
v -1.29879 1.37044 1.85998
v -1.17066 1.31446 1.90733
v -1.10525 1.3202 1.90386
v -1.2365 1.30958 1.89633
v -1.22778 1.34592 1.64161
v -1.27946 1.28212 1.65853
v -1.07786 1.26975 1.68107
v -1.04 1.33236 1.74071
v -1.03694 1.32787 1.804
v -1.0272 1.26602 1.79099
v -1.03906 1.26922 1.72834
v -1.33085 1.36485 1.80316
v -1.32914 1.29843 1.80897
v -1.29562 1.30439 1.86519
v -1.22746 1.24543 1.89664
v -1.23297 1.27845 1.64395
v -1.18272 1.2747 1.64509
v -1.23881 1.21113 1.64755
v -1.09308 1.25729 1.90074
v -1.15973 1.25113 1.90649
v -1.29035 1.23962 1.86852
v -1.3302 1.16251 1.76626
v -1.32199 1.17098 1.82442
v -1.32599 1.23408 1.81591
v -1.33205 1.22648 1.75545
v -1.31358 1.15533 1.71492
v -1.2867 1.14884 1.67152
v -1.31549 1.22024 1.70219
v -1.24612 1.14414 1.65218
v -1.28339 1.21515 1.66446
v -1.03385 1.13929 1.69325
v -1.03476 1.205 1.71287
v -1.02077 1.20246 1.77717
v -1.14796 1.1893 1.90619
v -1.08037 1.19534 1.89807
v -1.2173 1.18328 1.89671
v -1.2827 1.17738 1.87309
v -1.3241 1.08993 1.72063
v -1.29256 1.08325 1.67928
v -1.25782 1.07684 1.65695
v -1.06476 1.13618 1.89313
v -1.02087 1.13991 1.83118
v -1.32705 1.09853 1.7769
v -1.31769 1.10887 1.83502
v -1.17505 1.06597 1.64914
v -1.14999 1.13591 1.64983
v -1.09219 1.13702 1.65989
v -1.22001 1.06948 1.64902
v -1.2012 1.13867 1.6468
v -1.34565 1.0341 1.78312
v -1.3225 1.02581 1.72913
v -1.29896 1.01898 1.68525
v -1.01298 1.07849 1.81191
v -1.012 1.07847 1.73216
v -1.05018 1.07816 1.8851
v -1.12491 1.07079 1.9046
v -1.31912 1.05024 1.84118
v -1.26778 1.05842 1.88182
v -1.27497 1.0097 1.65942
v -1.16883 0.997017 1.64215
v -1.12033 1.06728 1.65425
v -1.3349 0.974377 1.72458
v -1.34231 0.986632 1.78028
v -1.02225 1.01687 1.6903
v -1.09891 1.00356 1.65054
v -1.06014 1.06943 1.6802
v -0.992975 1.01982 1.78375
v -1.03207 1.0226 1.87757
v -1.11852 1.0142 1.91023
v -1.32541 1.00018 1.84199
v -1.13789 0.961854 1.91538
v -1.10287 0.92595 1.91869
v -1.2986 0.910079 1.64473
v -1.22062 0.99276 1.64181
v -1.25047 0.998374 1.6472
v -0.994184 0.965079 1.74297
v -1.0477 0.985067 1.87086
v -1.04017 0.972384 1.91741
v -0.994519 1.01736 1.84497
v -1.2733 1.00606 1.88587
v -1.20163 1.00886 1.90302
v -1.03429 2.15137 1.76951
v -1.04491 2.14636 1.83871
v -1.08448 2.00252 1.89185
v -1.1408 1.92871 1.92607
v -1.35703 1.83501 1.79501
v -1.35432 1.76782 1.79334
v -1.31262 1.76136 1.6792
v -1.1434 1.81498 1.62927
v -1.20628 1.81983 1.62698
v -1.20088 1.78347 1.91928
v -1.31846 1.77238 1.85176
v -1.26525 1.77755 1.89567
v -1.35085 1.76531 1.72799
v -1.08648 1.60652 1.66177
v -1.15715 1.47764 1.6444
v -1.09869 1.47255 1.6621
v -1.33498 1.3593 1.74042
v -1.31267 1.35433 1.68622
v -1.16695 1.41011 1.64384
v -1.12235 1.33914 1.65714
v -1.17576 1.34229 1.64476
v -1.11096 1.40599 1.65991
v -1.33376 1.29237 1.74672
v -1.31345 1.28673 1.69213
v -1.129 1.27202 1.65317
v -1.05315 1.3259 1.86537
v -1.04523 1.26248 1.85461
v -1.13536 1.20467 1.65089
v -1.0787 1.20474 1.66752
v -1.01017 1.14151 1.75659
v -1.02654 1.38935 1.81558
v -1.03555 1.19973 1.84467
v -0.908448 0.887035 1.49344
v -1.23474 0.839031 1.64633
v -1.26576 0.854707 1.63357
v -1.07779 0.825588 1.65297
v -1.02837 0.769902 1.66033
v -1.26745 0.729891 1.84759
v -1.21551 0.776226 1.8623
v -1.00429 0.756743 1.70856
v -1.38124 0.821656 1.81792
v -1.40097 0.755536 1.80624
v -1.3473 2.53447 1.73999
v -1.35522 2.52966 1.81099
v -1.28164 2.56146 1.8314
v -1.27122 2.56439 1.76094
v -1.31989 2.53054 1.67351
v -1.24994 2.56247 1.68931
v -1.2245 2.53128 1.61944
v -1.28164 2.50837 1.62971
v -1.15726 2.54052 1.63055
v -1.17842 2.56728 1.7097
v -1.09984 2.53897 1.66375
v -1.10591 2.56258 1.73688
v -1.04487 2.52662 1.7638
v -1.05433 2.50855 1.70604
v -1.11795 2.56776 1.80904
v -1.13603 2.5541 1.87868
v -1.22987 2.53766 1.92445
v -1.16973 2.53256 1.92606
v -1.33712 2.51092 1.86595
v -1.29024 2.534 1.90037
v -1.20901 2.56598 1.85845
v -1.1939 2.56793 1.78497
v 0.297067 -0.880767 1.38062
v 0.402128 -0.876665 1.42242
v 0.29856 -0.948615 1.4046
v 0.299455 -0.81185 1.34679
v -0.291169 -0.347097 1.22447
v -0.136963 -0.357423 1.17721
v -0.130093 -0.461357 1.1989
v 0.0420585 -0.743793 1.27832
v 0.0342707 -0.657053 1.24134
v 0.176103 -0.738913 1.28479
v 0.165718 -0.466022 1.20681
v 0.292392 -0.464459 1.27167
v 0.169148 -0.56225 1.22786
v 0.394267 -0.465777 1.3653
v 0.289741 -0.366012 1.26342
v 0.0503401 -0.829649 1.3085
v 0.180456 -0.817047 1.31957
v 0.395721 -0.937873 1.44791
v 0.395423 -0.997672 1.46468
v 0.478359 -0.93163 1.50778
v 0.477081 -0.989444 1.51686
v 0.476519 -1.04237 1.52556
v 0.399709 -1.10497 1.49529
v 0.396576 -1.05379 1.48092
v -0.0837757 -1.18938 1.63114
v -0.132662 -1.16448 1.58892
v -0.00663826 -1.18872 1.58187
v 0.487779 -0.644979 1.46986
v 0.40398 -0.644669 1.37238
v 0.480993 -0.560693 1.47159
v 0.3988 -0.557072 1.36775
v 0.492364 -0.874325 1.48656
v 0.535554 -0.928448 1.59095
v 0.528819 -0.983928 1.59661
v -0.728227 -0.737221 1.75371
v -0.703171 -0.656165 1.53732
v -0.664353 -0.771222 1.55977
v -0.750277 -0.286834 1.50248
v -0.746721 -0.406349 1.50487
v -0.854806 -0.250707 1.67991
v -0.214267 -1.16753 1.65431
v -0.287257 -1.16085 1.73545
v -0.357873 -1.13726 1.71138
v -0.0458011 -1.15871 1.53695
v -0.184022 -1.13431 1.5476
v -0.0861256 -1.12177 1.49314
v 0.401556 -1.15381 1.51562
v 0.320606 -1.16749 1.50147
v 0.313191 -1.11902 1.47701
v 0.476569 -1.13685 1.54869
v 0.473047 -1.1784 1.56946
v 0.401301 -1.19726 1.54193
v 0.528637 -1.19378 1.62894
v 0.543527 -1.16067 1.60787
v 0.465544 -1.21474 1.59359
v 0.39905 -1.23478 1.57142
v 0.011585 -0.149869 1.12425
v 0.00621879 -0.0393613 1.11304
v 0.150678 -0.0432718 1.16747
v 0.157596 -0.153164 1.1696
v 0.286277 -0.263856 1.25871
v 0.160348 -0.260952 1.17894
v 0.280664 -0.15853 1.25823
v 0.0147607 -0.258564 1.1376
v 0.162969 -0.365355 1.19029
v 0.0181147 -0.36441 1.15632
v -0.875533 0.244635 1.69107
v -0.785811 0.216041 1.50611
v -0.76533 0.123471 1.5078
v 0.389745 -0.271305 1.36278
v 0.386095 -0.168374 1.36602
v 0.474601 -0.28449 1.48041
v 0.469912 -0.0794413 1.49768
v 0.474437 -0.183557 1.4869
v 0.475016 -0.380766 1.47684
v 0.529533 -0.304401 1.61447
v 0.528691 -0.397825 1.60679
v 0.392526 -0.370561 1.36245
v 0.476013 -0.472325 1.47506
v -0.463274 0.0930741 1.29096
v -0.319876 0.0820728 1.19521
v -0.307921 -0.024204 1.19809
v -0.337703 0.185931 1.18803
v -0.481388 0.194337 1.28619
v -0.170433 0.074201 1.1232
v -0.156338 -0.0339383 1.1313
v -0.0202862 0.182695 1.11209
v -0.00592388 0.0718709 1.10846
v -0.185669 0.182292 1.11901
v -0.301254 -0.131147 1.2053
v -0.147838 -0.143084 1.14014
v -0.0623117 0.395683 1.134
v 0.103668 0.284075 1.19161
v -0.0389462 0.290912 1.12024
v -0.0879963 0.495229 1.15409
v -0.114567 0.588126 1.17605
v 0.0523263 0.486176 1.22808
v -0.225347 0.392627 1.12598
v -0.250443 0.492785 1.13577
v 0.172336 0.471991 1.32789
v 0.0791374 0.387372 1.20842
v 0.352411 0.150983 1.39679
v 0.331607 0.256013 1.41167
v 0.443574 0.132871 1.52837
v 0.30659 0.357373 1.42851
v 0.420052 0.237442 1.54543
v 0.46092 0.0270745 1.51204
v 0.379921 -0.0626925 1.37261
v -0.564886 0.480565 1.27955
v -0.592638 0.569586 1.28849
v -0.409928 0.485327 1.18663
v -0.203866 0.288689 1.11831
v -0.274936 0.585866 1.1563
v -0.298068 0.675127 1.17711
v 0.111944 0.649935 1.36819
v 0.0840049 0.731896 1.38666
v 0.209542 0.633809 1.47951
v -0.61726 0.654227 1.30405
v -0.641995 0.733268 1.32013
v -0.459446 0.664857 1.22063
v -0.662241 0.804487 1.3379
v -0.481422 0.745651 1.23975
v -0.435828 0.577821 1.2006
v -0.31894 0.756848 1.20119
v -0.332959 0.834528 1.22636
v -0.162048 0.758152 1.22146
v -0.0278832 0.746633 1.293
v -0.178854 0.835639 1.24667
v -0.0482972 0.824343 1.31309
v 0.0605519 0.809575 1.40332
v 0.148669 0.793485 1.50942
v -0.875561 0.84887 1.47535
v -0.772917 0.892232 1.42325
v -0.663206 0.866762 1.35414
v -0.495873 0.821038 1.26087
v -0.33926 0.902833 1.25693
v -0.497224 0.888012 1.28407
v -0.327266 1.12189 1.38472
v -0.329551 1.17675 1.41278
v -0.232293 1.19208 1.4227
v -0.246496 1.24633 1.45238
v -0.140172 1.19879 1.45581
v -0.163423 1.25084 1.48377
v -0.222348 1.13857 1.39355
v -0.12108 1.14716 1.42806
v -0.787927 0.992898 1.4627
v -0.854111 0.960432 1.48163
v -0.760689 1.04982 1.46914
v -0.963488 0.880282 1.51969
v -1.00612 0.89832 1.58578
v -0.960143 0.939616 1.52576
v -0.104257 1.0928 1.39994
v -0.0342444 1.14333 1.49265
v -0.0103211 1.08844 1.46939
v -0.0619927 1.19655 1.51489
v 0.0627537 1.07779 1.55969
v -0.335384 1.23224 1.44167
v -0.423758 1.21445 1.43666
v -0.434067 1.10483 1.38392
v -0.518934 1.13717 1.41644
v -0.534592 1.08395 1.39241
v -0.605665 1.11149 1.42946
v -0.509525 1.19267 1.43995
v -0.627921 1.05587 1.414
v -0.339402 0.962302 1.29023
v -0.481284 0.946132 1.30626
v -0.334131 1.01672 1.32199
v -0.879394 0.910252 1.48356
v -0.8256 0.938661 1.46233
v 0.044331 0.885325 1.41611
v -0.0627214 0.898062 1.33131
v 0.109778 0.943449 1.53208
v 0.0302368 0.958737 1.4293
v -0.557171 1.02998 1.37362
v -0.628431 0.922224 1.355
v -0.462215 1.00004 1.33058
v -0.589408 0.976498 1.36004
v -0.426832 1.3306 1.49369
v -0.430213 1.39064 1.52529
v -0.351971 1.34693 1.50326
v -0.561995 1.47282 1.57137
v -0.498849 1.55479 1.61458
v -0.49894 1.49447 1.58049
v -0.343385 1.28866 1.47167
v -0.263328 1.30154 1.48388
v -0.258779 1.47177 1.62354
v -0.186507 1.40514 1.61569
v -0.237784 1.41526 1.58113
v -0.214048 1.35845 1.54503
v -0.32238 1.52853 1.63982
v -0.311398 1.47338 1.59489
v -0.122484 1.29897 1.5597
v -0.188476 1.30356 1.5134
v -0.624552 1.44882 1.56723
v -0.621193 1.5097 1.59467
v -0.560119 1.53346 1.60228
v -0.434113 1.45146 1.55841
v -0.499415 1.43292 1.54787
v -0.559185 1.64853 1.66956
v -0.61882 1.62512 1.65497
v -0.560992 1.69896 1.70856
v -0.559073 1.59238 1.63511
v -0.498746 1.6137 1.65081
v -0.437427 1.51216 1.59296
v -0.783863 1.55587 1.64029
v -0.784473 1.6113 1.6666
v -0.731971 1.57773 1.64201
v -0.831404 1.59192 1.66551
v -0.831923 1.53539 1.64064
v -0.439935 1.57102 1.63102
v -0.377574 1.52431 1.61266
v -0.500276 1.66671 1.69119
v -0.441791 1.62618 1.6741
v -0.676855 1.60099 1.64634
v -0.619202 1.56867 1.62419
v -0.677565 1.54406 1.61873
v -0.598528 -0.202686 1.39212
v -0.600095 -0.313133 1.39175
v -0.742863 -0.176438 1.49956
v -0.017042 -1.06511 1.41477
v -0.127051 -1.07707 1.44878
v -0.223631 -0.855583 1.34227
v -0.0672862 -0.928411 1.34059
v -0.197682 -0.942054 1.37205
v 0.134182 -1.1422 1.48189
v 0.22451 -1.13239 1.47122
v 0.236971 -1.17748 1.50526
v 0.172684 -1.22367 1.56006
v 0.154438 -1.18274 1.52186
v 0.248348 -1.21889 1.54163
v 0.325666 -1.21078 1.53271
v 0.328691 -1.24834 1.56838
v -0.598691 -0.0964587 1.39539
v -0.747881 0.0274714 1.50223
v -0.615831 0.106626 1.39758
v -0.453677 -0.010345 1.29598
v -0.356692 0.288823 1.18454
v -0.506785 0.292863 1.28312
v -0.533329 0.388845 1.2774
v -0.842143 0.792764 1.44244
v -0.712342 1.02444 1.43889
v -0.723932 1.17039 1.49142
v -0.667151 1.13964 1.46234
v -0.740703 1.10949 1.4778
v -0.685854 1.0812 1.44878
v -0.591143 1.16906 1.44608
v -0.80875 0.912461 1.44633
v -0.861992 0.846303 1.49777
v -0.943027 0.809919 1.51134
v -0.750609 0.968073 1.43761
v -0.660546 1.00088 1.40417
v -0.706753 0.945491 1.40693
v -0.685766 1.42401 1.56675
v -0.733723 1.52005 1.61673
v -0.919224 0.888016 1.49298
v 0.345536 -1.32068 1.70307
v 0.300598 -1.31524 1.73378
v 0.280678 -1.30836 1.6781
v 0.25924 -1.3035 1.77253
v 0.230029 -1.29981 1.71481
v 0.207436 -1.2831 1.65707
v 0.560066 -1.18293 1.6862
v 0.547319 -1.21647 1.69279
v 0.562705 -1.15002 1.68272
v 0.559665 -1.11533 1.68418
v 0.531397 -1.03499 1.59757
v 0.546897 -0.870598 1.58194
v 0.561062 -0.880719 1.68922
v 0.200862 0.770966 1.63298
v 0.128675 0.869849 1.52025
v 0.174731 0.84838 1.64234
v -0.00127673 1.18892 1.59303
v 0.0413711 1.18424 1.68097
v 0.0321628 1.13606 1.5765
v -0.138706 1.43146 1.73214
v -0.155711 1.4713 1.78584
v -0.105678 1.41343 1.75971
v -0.178161 1.44385 1.69571
v -0.191242 1.49182 1.74683
v -0.0907658 1.39993 1.81574
v -0.0329381 1.33054 1.7693
v 0.000267026 1.28398 1.7687
v -0.0686777 1.32992 1.69998
v -0.035127 1.23958 1.60784
v -0.0701455 1.2893 1.62205
v 0.00466308 1.23567 1.68816
v -0.2895 1.55903 1.72953
v -0.333815 1.57482 1.68952
v -0.306852 1.58939 1.78535
v -0.39062 1.62535 1.70568
v -0.383779 1.5798 1.65522
v -0.446918 1.67089 1.72328
v 0.328919 -1.31479 1.78825
v 0.29668 -1.30876 1.82898
v 0.560502 -1.17854 1.75676
v 0.554182 -1.20662 1.75278
v 0.557844 -0.901825 1.79785
v 0.556752 -0.955032 1.79368
v 0.55152 -0.989338 1.69051
v 0.56103 -0.74817 1.69635
v 0.561313 -0.816516 1.6894
v 0.559092 -0.729734 1.57534
v 0.558051 -0.774187 1.81604
v 0.557733 -0.84142 1.80482
v 0.564189 -0.426926 1.74237
v 0.567437 -0.513498 1.72866
v 0.532456 -0.487892 1.59843
v 0.515455 -0.000203156 1.65924
v 0.525194 -0.104061 1.64109
v 0.390737 0.339957 1.56219
v 0.400095 0.41159 1.72568
v 0.439654 0.314046 1.71088
v 0.355278 0.43551 1.57748
v 0.497471 0.105633 1.67737
v 0.471616 0.21085 1.69486
v 0.272891 0.61275 1.61026
v 0.268466 0.672283 1.75788
v 0.312443 0.591493 1.74996
v 0.357974 0.504901 1.73884
v 0.315242 0.526612 1.59501
v 0.271266 0.643706 1.89789
v 0.231548 0.750962 1.76466
v -0.00775356 1.27209 1.85079
v -0.0337062 1.25677 1.93024
v 0.0259226 1.21923 1.86441
v -0.0691495 1.24012 2.01095
v -0.00243142 1.20272 1.95335
v -0.0436529 1.18345 2.04092
v -0.307227 1.55121 1.88654
v -0.246338 1.51299 1.85985
v -0.272954 1.55627 1.82473
v -0.16714 1.42924 1.87985
v -0.221669 1.46945 1.90154
v -0.201705 1.42399 1.94198
v -0.187656 1.47455 1.84559
v -0.505848 1.70786 1.73851
v -0.519429 1.72177 1.79828
v -0.461753 1.68904 1.78166
v -0.423048 1.66225 1.82505
v -0.48244 1.69135 1.84368
v -0.459102 1.64654 1.88557
v -0.365396 1.62699 1.80368
v -0.404311 1.65226 1.76405
v -0.393057 1.62595 1.86768
v -0.348538 1.60995 1.74472
v -0.998707 1.00428 1.69808
v -0.969656 1.10432 1.81614
v -1.00529 1.10265 1.68085
v -0.948604 1.42561 1.7355
v -0.955476 1.42315 1.66642
v -0.961583 1.37154 1.73872
v -0.970605 1.24785 1.75916
v -1.00454 1.17838 1.6677
v -0.966208 1.17895 1.77713
v -0.933577 1.47494 1.73772
v -0.918559 1.52133 1.73905
v -0.938605 1.47231 1.67669
v -1.0116 1.11655 1.60483
v -1.02369 1.02566 1.60245
v -0.970847 1.36956 1.65934
v -0.9293 1.44256 1.6345
v -0.914099 1.49757 1.65249
v -0.946521 1.38677 1.62175
v -0.984927 1.31066 1.65735
v -0.964191 1.3273 1.61182
v -0.994416 0.855911 1.59539
v -0.872272 1.57286 1.66845
v -0.902707 1.55459 1.68305
v -0.873182 1.61274 1.71189
v -0.790669 -0.578805 1.93436
v -0.803438 -0.451021 1.92742
v -0.77217 -0.621576 1.7403
v -0.0968052 -1.21418 1.82557
v -0.101435 -1.20847 1.72862
v -0.0494418 -1.22688 1.77448
v -0.155041 -1.20059 1.78822
v -0.160327 -1.14873 1.94066
v -0.195212 -1.1832 1.85338
v -0.139197 -1.16887 1.91735
v 0.13723 -1.27295 1.79815
v 0.181252 -1.27625 1.85725
v 0.146784 -1.25404 1.89682
v 0.121149 -1.2273 1.93814
v 0.199512 -1.21543 1.98928
v 0.0949198 -1.19597 1.97751
v 0.284201 -1.19459 2.02916
v 0.373017 -1.15988 2.04709
v 0.269191 -1.15384 2.06351
v 0.158294 -1.13947 2.05743
v 0.17956 -1.17801 2.0244
v 0.468292 -1.19019 1.98288
v 0.38191 -1.19996 2.015
v 0.391183 -1.23226 1.98119
v 0.374224 -0.634722 2.22824
v 0.249286 -0.705713 2.27632
v 0.392391 -0.708807 2.20883
v -0.158495 -0.626369 2.28314
v -0.200853 -0.533172 2.30333
v -0.312688 -0.707649 2.18781
v -0.469651 -0.417194 2.24126
v -0.420169 -0.522901 2.22581
v -0.245568 -0.434715 2.32609
v -0.625674 -0.88671 1.94404
v -0.459089 -0.787289 2.06452
v -0.522126 -0.70198 2.07943
v 0.0836026 -1.02682 2.15592
v -0.056221 -1.02984 2.11837
v -0.0188475 -1.06708 2.0937
v 0.141349 -0.851437 2.23585
v 0.109125 -0.782558 2.26107
v 0.0149164 -0.925182 2.21365
v -0.0995024 -0.983027 2.13856
v -0.15014 -1.07396 2.03225
v -0.564856 -0.0720482 2.23246
v -0.396367 0.00446096 2.34483
v -0.581373 0.037646 2.2223
v 0.298284 -0.380613 2.30104
v 0.270494 -0.28454 2.32613
v 0.13373 -0.366389 2.39335
v 0.324835 -0.471143 2.27539
v 0.164128 -0.459664 2.36853
v 0.349944 -0.5557 2.25086
v 0.462922 -0.569496 2.12958
v 0.441045 -0.488039 2.14912
v 0.0645654 -0.159157 2.43908
v 0.169407 0.0318276 2.38514
v 0.0269816 -0.048927 2.45262
v -0.0136253 0.0608406 2.46103
v -0.141935 -0.1316 2.43686
v -0.0530409 0.17054 2.46607
v -0.182619 -0.0220474 2.44113
v -0.101943 -0.240651 2.42625
v 0.3764 -0.20992 2.22162
v 0.239335 -0.182774 2.34925
v -0.518266 0.515736 2.33694
v -0.670912 0.530932 2.23355
v -0.654485 0.434654 2.22698
v -0.532768 0.614673 2.33494
v 0.130002 0.140225 2.39428
v 0.0893906 0.247649 2.39824
v -0.95189 0.733383 2.02405
v -0.953076 0.76699 1.82376
v -0.924455 0.690451 1.77799
v -0.566979 0.952846 2.22902
v -0.700793 0.808203 2.22244
v -0.573388 0.881942 2.26779
v -0.435084 1.13566 2.15413
v -0.552028 1.08138 2.16061
v -0.558964 1.01843 2.19243
v -0.318029 1.06123 2.20653
v -0.312525 0.996815 2.25065
v -0.207527 1.11118 2.17205
v -0.438822 1.00789 2.2252
v -0.439263 0.941876 2.27044
v -0.686047 0.958128 2.17307
v -0.814769 0.893361 2.12972
v -0.695294 0.886306 2.19833
v -0.555275 0.706719 2.3169
v -0.417905 0.783213 2.3485
v -0.57029 0.797919 2.29769
v -0.953976 0.804173 1.65461
v -0.968683 0.856634 1.71693
v -0.225736 0.673053 2.39084
v -0.101543 0.729618 2.32808
v -0.255429 0.761145 2.36325
v -0.432658 1.19827 2.12709
v -0.426397 1.31883 2.07486
v -0.525664 1.26408 2.08905
v -0.430118 1.25919 2.10111
v -0.860182 1.24617 2.02137
v -0.84116 1.31604 2.01038
v -0.916999 1.20275 2.01766
v -0.8506 1.155 2.04418
v -0.820239 1.22546 2.03879
v -0.886671 1.17392 2.02996
v -1.00181 1.12668 1.99569
v -1.01196 1.09044 1.96502
v -1.02382 1.04044 1.9857
v -0.336242 1.36605 2.04618
v -0.335285 1.30775 2.07621
v -0.421462 1.37744 2.04658
v -0.241523 1.29268 2.07045
v -0.331888 1.24885 2.1059
v -0.327332 1.18795 2.13589
v -0.669022 1.33454 2.04479
v -0.585856 1.38818 2.03496
v -0.577134 1.44692 2.01045
v -0.502822 1.44109 2.01634
v -0.499509 1.49784 1.98721
v -0.423378 1.48933 1.98671
v -0.508032 1.38328 2.04312
v -0.421093 1.43382 2.01731
v -0.515693 1.32407 2.06662
v -0.806896 1.51152 1.94759
v -0.814774 1.44682 1.97056
v -0.755312 1.54626 1.94169
v -0.866321 1.41078 1.97443
v -0.879543 1.34414 1.99339
v -0.825911 1.3821 1.99152
v -0.896133 1.27507 2.00756
v -0.501571 1.55321 1.95678
v -0.443042 1.59659 1.92205
v -0.579742 1.61296 1.92604
v -0.64165 1.56799 1.94775
v -0.573935 1.55985 1.95579
v -0.70238 1.52588 1.96096
v -0.641863 1.51273 1.97464
v -0.646266 1.45511 1.99993
v -0.706802 1.46705 1.98533
v -0.729146 1.3437 2.02768
v -0.715629 1.40631 2.00781
v -0.655313 1.39569 2.02349
v 0.329866 -0.956904 2.14427
v 0.343422 -1.00947 2.11915
v 0.440627 -0.894138 2.11376
v 0.459067 -1.11371 2.03573
v 0.363882 -1.11153 2.07251
v 0.463803 -1.15748 2.00984
v 0.546259 -1.14695 1.96075
v 0.472536 -1.21286 1.95752
v -0.227175 0.0849404 2.44187
v -0.422117 0.113113 2.3411
v -0.328804 -0.218266 2.34969
v -0.289372 -0.329588 2.34399
v -0.497403 0.417755 2.3403
v -0.33814 0.504275 2.41676
v -0.984352 0.855219 1.94143
v -0.995538 0.94809 2.02026
v -0.779826 1.02496 2.10092
v -0.914236 0.909507 2.07016
v -0.795122 0.96384 2.11428
v -0.939218 0.84742 1.87744
v -0.701096 1.58257 1.9345
v -0.760168 1.48512 1.96693
v -0.780861 1.35992 2.01071
v -0.768373 1.42333 1.99022
v -0.798033 1.29401 2.02739
v 0.314533 -1.26053 1.95535
v 0.242886 -1.27517 1.91274
v 0.330222 -1.28481 1.91658
v 0.54669 -1.18011 1.93047
v 0.538907 -1.20241 1.91464
v 0.446964 -0.949948 2.08736
v 0.453966 -1.00334 2.06911
v 0.522926 -0.914696 2.01544
v 0.529538 -0.85779 2.04449
v 0.5237 -0.513138 2.01066
v 0.507966 -0.429152 2.03024
v 0.482951 -0.646099 2.11053
v 0.542828 -0.592154 1.99312
v 0.461061 -0.14358 2.1005
v 0.434283 -0.0401009 2.12116
v 0.348021 -0.107488 2.24366
v 0.324352 0.273985 2.16154
v 0.196876 0.31412 2.28929
v 0.238455 0.210157 2.28537
v 0.36416 0.170137 2.15151
v 0.278034 0.1042 2.27634
v 0.237194 0.471578 2.16849
v 0.111684 0.511153 2.28139
v 0.154853 0.414997 2.28852
v 0.193212 0.563921 2.16524
v 0.0319854 0.691253 2.25541
v 0.11278 0.735888 2.14864
v -0.00104943 0.776748 2.24031
v -0.131062 0.815842 2.30575
v -0.0291433 0.860556 2.22422
v -0.195805 1.04525 2.20916
v -0.0965644 1.08853 2.15023
v -0.130319 1.21341 2.08245
v -0.11248 1.15295 2.11609
v -0.218625 1.1745 2.13697
v -0.230721 1.23491 2.10337
v 0.557308 -1.00324 1.79011
v 0.552509 -1.02925 1.89109
v 0.559241 -1.04698 1.78459
v 0.561062 -0.875286 1.91423
v 0.564011 -0.811964 1.93207
v 0.563223 -0.742173 1.95242
v 0.566401 -0.548971 1.86299
v 0.536829 -0.0377764 1.81247
v 0.495788 -0.339316 2.05338
v 0.53918 -0.286213 1.91771
v 0.480845 -0.243859 2.0774
v 0.556948 -0.241142 1.77318
v 0.530239 -0.188134 1.9396
v 0.516384 0.0680089 1.83228
v 0.401906 0.0652566 2.13856
v 0.494106 0.0193279 1.98267
v 0.463332 0.124823 2.00039
v 0.29639 0.522265 2.03757
v 0.249388 0.609381 2.03661
v 0.410606 0.376895 1.87812
v 0.365213 0.471458 1.88788
v 0.386994 0.331539 2.0265
v 0.142505 0.853784 2.02547
v 0.169943 0.773236 2.02944
v 0.195978 0.802566 1.90015
v 0.207254 0.692911 2.03376
v 0.15084 0.651582 2.15788
v -0.186093 1.37622 1.98153
v -0.143357 1.38804 1.91545
v -0.28765 1.50485 1.9281
v -0.361617 1.52713 1.94644
v -0.15032 1.27084 2.05023
v -0.168761 1.32535 2.01691
v -0.952397 1.34529 1.96356
v -0.972333 1.38013 1.93019
v -0.980482 1.31451 1.94587
v -1.00326 1.21945 1.93093
v -0.991098 1.24599 1.95638
v -0.992026 1.28559 1.90741
v -0.966024 1.27621 1.97584
v -0.8892 1.50863 1.93119
v -0.927799 1.47229 1.92589
v -0.940874 1.41022 1.9471
v -0.913062 1.52991 1.89911
v -0.913362 1.37703 1.97408
v -0.901225 1.44254 1.95375
v -0.943039 1.45945 1.84946
v -0.931165 1.4937 1.83867
v -0.940037 1.43463 1.79725
v -0.954157 1.3808 1.80607
v -0.960916 1.40591 1.8638
v -0.937856 1.48958 1.8894
v -0.978021 1.34879 1.88502
v -0.969208 1.32385 1.82385
v -0.957395 1.43781 1.90984
v -0.996925 1.19473 1.87772
v -0.917135 1.53529 1.87269
v -0.982896 1.26087 1.84684
v 0.266128 -1.29557 1.87146
v 0.220098 -1.29273 1.81476
v -0.136897 -1.19276 1.87382
v -0.836143 1.64044 1.69852
v -0.789564 1.66199 1.69686
v -0.792263 1.69052 1.75094
v -0.747962 1.7186 1.75122
v -0.739031 1.6816 1.70274
v -0.733668 1.63226 1.66976
v -0.625179 1.72016 1.72451
v -0.620467 1.67672 1.68844
v -0.678866 1.65377 1.67635
v -0.684178 1.6999 1.70944
v -0.568006 1.73498 1.75661
v -0.585908 1.73533 1.81267
v -0.63461 1.73313 1.77403
v -0.870812 1.61121 1.77726
v -0.876578 1.60529 1.84328
v -0.834882 1.65278 1.75949
v -0.840696 1.64684 1.82992
v -0.588763 1.66175 1.89453
v -0.60756 1.7052 1.86114
v -0.644595 1.62027 1.91958
v -0.753236 1.60744 1.91451
v -0.80143 1.57718 1.92119
v -0.797539 1.64351 1.88735
v -0.846843 1.5455 1.92668
v -0.521017 1.65832 1.89161
v -0.546625 1.70419 1.85568
v -0.650102 1.66724 1.8893
v -0.701868 1.63609 1.90417
v -0.702987 1.68652 1.87078
v -0.89786 1.57404 1.86001
v -0.87436 1.57555 1.90303
v -0.693138 1.72641 1.75628
v -0.703477 1.72837 1.82309
v -0.667713 1.70029 1.86601
v -0.75296 1.66696 1.87938
v -0.753559 1.71694 1.82578
v -0.795787 1.68798 1.82625
v -0.650298 1.73253 1.8235
v -0.837966 1.61753 1.89242
v 0.394408 -1.29471 1.64884
v 0.337152 -1.30702 1.6553
v 0.331848 -1.28154 1.60956
v 0.396052 -1.31327 1.6899
v 0.395587 -1.26839 1.60814
v 0.455042 -1.24826 1.62415
v 0.447532 -1.27736 1.66113
v 0.366019 -1.32073 1.75198
v 0.399211 -1.32045 1.73227
v 0.538749 -1.23933 1.75492
v 0.529251 -1.2498 1.71669
v 0.507984 -1.2276 1.65374
v 0.553906 -1.1967 1.82595
v 0.54473 -1.22375 1.81155
v 0.395393 -1.31621 1.79327
v 0.368704 -1.31424 1.83507
v 0.47162 -1.24112 1.92138
v 0.400475 -1.25786 1.94639
v 0.408011 -1.28006 1.90811
v 0.432752 -1.30735 1.82815
v 0.418421 -1.29732 1.86979
v 0.347038 -1.30392 1.87655
v 0.536599 -1.22185 1.88726
v 0.527357 -1.24452 1.86031
v 0.472839 -1.26111 1.89051
v 0.526001 -1.25773 1.79541
v 0.509792 -1.27152 1.75703
v 0.434504 -1.31512 1.75588
v 0.454382 -1.30037 1.78046
v 0.493579 -1.25938 1.68546
v 0.480312 -1.28247 1.72788
v 0.443399 -1.30066 1.7039
v 0.482318 -1.28193 1.80197
v 0.47278 -1.27699 1.85315
v 0.51347 -1.2641 1.81975
v -0.895182 1.56842 1.79274
v -2.08143 1.56593 1.87611
v -1.69657 1.58628 1.96992
v -0.9004 1.56515 1.73234
v -0.911952 1.526 1.80016
v -1.79927 1.38548 1.5729
v -1.81665 1.34207 1.55364
v -0.875863 1.51664 1.643
v -0.925764 1.48344 1.79495
v -1.47747 1.56943 1.90265
v -2.2298 1.35516 1.64081
v -0.927731 1.30961 1.99042
v -0.944446 1.23838 2.00208
v -1.79112 1.45079 2.04669
v -1.77747 1.49751 2.02321
v -1.71996 1.4488 2.03759
v -1.64459 1.49624 2.00358
v -0.738383 1.46055 1.59238
v -0.745318 1.39918 1.56983
v -0.794084 1.43806 1.59411
v -1.58709 1.16703 1.54741
v -1.45949 1.51222 1.84703
v -1.88198 1.13782 1.46633
v -1.83708 1.17547 1.48858
v -1.64806 1.45059 2.02276
v -0.597483 1.3283 2.05739
v -0.686875 1.27159 2.06219
v -0.26391 1.40145 2.00349
v -0.275972 1.45348 1.96745
v -2.31844 1.26076 1.63763
v -1.65208 1.40317 2.04289
v -1.82154 1.35563 2.09343
v -1.80582 1.40426 2.06989
v -1.90247 1.36229 2.09851
v -0.753547 1.33594 1.5505
v -0.803207 1.37618 1.57452
v -0.129546 1.43695 1.82362
v -0.113889 1.39751 1.85674
v -0.692436 1.3616 1.54367
v -0.629241 1.38693 1.5413
v -0.635851 1.32429 1.51692
v -1.73948 1.35189 2.08143
v -1.65703 1.35218 2.06135
v -1.72868 1.40063 2.05953
v -0.105634 1.37712 1.70965
v -0.107487 1.34147 1.63866
v -1.48977 1.04628 1.55976
v -1.61671 1.1168 1.52523
v -0.996244 1.24708 1.66025
v -0.981985 1.26287 1.60821
v -0.771245 1.2129 2.05637
v -0.708221 1.20728 2.07467
v -1.66261 1.07749 1.49944
v -1.18947 1.20721 1.64556
v -2.00777 1.32042 2.12084
v -1.98173 1.37034 2.09441
v -0.859291 1.35614 1.5813
v -0.872058 1.29184 1.56862
v -0.930669 1.2768 1.57686
v -0.971222 1.31119 1.74525
v -1.83825 1.30428 2.11763
v -1.92385 1.31201 2.12466
v -1.9465 1.25927 2.15181
v -0.944666 1.12704 2.02404
v -0.813306 1.31237 1.55773
v -0.763569 1.27105 1.53271
v -0.96575 1.16333 2.00905
v -0.980572 1.20363 1.98606
v -1.57423 1.30789 2.05613
v -1.57435 1.36265 2.03953
v -1.5736 1.02421 1.51828
v -0.777087 1.20561 1.51744
v -0.710912 1.23304 1.50734
v -0.998249 1.19404 1.60456
v -1.7961 1.09347 1.46184
v -1.84313 1.05873 1.43441
v -1.92867 1.10115 1.44114
v -0.544655 1.14284 2.13327
v -0.535795 1.2038 2.11093
v -0.661449 1.08467 2.12662
v -0.825527 1.24615 1.54418
v -0.921003 1.09954 2.03571
v -0.889862 1.08424 2.04691
v -0.903476 1.15426 1.54426
v -0.840312 1.17826 1.53216
v -0.966231 1.02275 2.03412
v -1.54887 0.960235 1.50838
v -1.62735 1.00038 1.48786
v -1.49272 0.978646 1.54923
v -0.504186 1.25054 1.46396
v -0.424497 1.27181 1.46396
v -0.791878 1.14049 1.50564
v -1.01223 0.962265 2.00587
v -0.977607 1.04767 2.02504
v -0.838416 1.0809 2.06416
v -0.734917 1.14448 2.08496
v -1.03352 1.15236 1.97166
v -0.629222 1.20651 2.0967
v -0.654312 1.19986 1.47774
v -0.580969 1.22738 1.46723
v -2.37873 1.10551 2.10976
v -2.3434 1.16798 2.0899
v -2.40016 1.16049 2.01159
v -1.01664 0.942112 2.00189
v -0.939002 1.0151 2.04433
v -1.68088 1.18239 2.12332
v -1.67157 1.24221 2.10157
v -1.76361 1.24496 2.12875
v -1.57521 1.24989 2.07266
v -1.01645 0.871339 1.94785
v -0.646911 1.14522 2.11091
v -0.426882 1.15865 1.41068
v -1.79632 1.12708 2.18234
v -1.77857 1.18789 2.15443
v -0.984181 1.05435 1.54958
v -0.921773 1.0817 1.53352
v -0.875558 1.01965 2.0642
v -0.809223 1.07712 1.4958
v -1.00641 1.06886 1.90927
v -1.00889 1.12688 1.90607
v -0.856886 1.11021 1.52136
v -0.940374 1.00888 1.52633
v -1.00744 0.89447 1.82485
v -1.03531 0.90727 1.95604
v -1.69388 1.11897 2.14914
v -1.57861 1.18618 2.09012
v -1.72224 0.947033 1.41435
v 0.0768142 1.12776 1.6736
v -0.829885 1.01657 1.48703
v -0.874954 1.0434 1.51253
v -0.998646 0.9695 1.55139
v -1.47758 0.932481 1.53631
v -1.52264 0.914805 1.50757
v -1.0147 0.999126 1.9437
v 0.0928797 1.10153 1.88876
v 0.121822 1.03245 1.89697
v 0.10157 1.11866 1.77927
v 0.0889208 1.01392 1.54422
v 0.107684 1.06574 1.66626
v -0.0184853 1.12216 2.07076
v -1.44936 0.898706 1.54446
v -1.4285 0.918665 1.54853
v -0.894868 0.980405 1.50678
v -1.328 0.907271 1.68813
v -1.0652 0.913846 1.64379
v -2.38993 0.893345 2.22202
v -2.30761 0.895608 2.28367
v -0.180235 0.975445 2.2474
v -0.302088 0.927286 2.29578
v -2.50023 0.867669 1.54944
v -2.5271 0.794924 1.55493
v -2.59891 0.76247 1.76418
v -0.215732 1.08386 1.36525
v -0.20994 1.02694 1.33746
v -0.329809 1.06927 1.35381
v -1.33717 0.860357 1.67674
v 0.0117285 1.02753 1.44728
v -0.69466 0.720515 2.23464
v -2.59439 0.780285 1.86835
v -2.56963 0.793245 1.96909
v -1.56776 0.888771 1.4754
v 0.132265 0.996998 1.65933
v -1.27472 0.820028 1.89662
v -1.16077 0.81294 1.90161
v -0.445268 1.05236 1.35668
v -1.30085 0.876047 1.88859
v -1.21438 0.816655 1.89752
v -2.48291 0.812308 2.15453
v -2.46128 0.889698 2.14834
v -2.53609 0.805308 2.06686
v -2.41285 0.815592 2.22929
v -0.0883503 1.03396 1.37304
v -1.35872 1.20952 1.70321
v -0.157592 0.898655 2.28056
v -0.281605 0.848703 2.33517
v -1.38496 0.807402 1.64973
v -1.35735 0.84249 1.6469
v -1.40329 0.874883 1.68345
v -1.02765 0.823952 1.64833
v -1.53962 0.839226 1.47931
v -0.0750732 0.968077 1.35118
v -1.3777 0.893396 1.597
v -0.973869 0.828861 1.61854
v 0.0583964 0.901799 2.1317
v 0.120244 0.934202 2.01965
v 0.094634 1.01161 2.01078
v -1.38118 0.912327 1.58868
v -2.60055 0.719743 1.97828
v -2.5651 0.73065 2.07632
v -2.50976 0.735698 2.16394
v -1.03938 0.740768 1.80862
v -2.62416 0.706951 1.87595
v 0.176932 0.90443 1.77487
v 0.154913 0.924432 1.65119
v 0.155854 0.979957 1.77944
v -2.63259 0.690362 1.77024
v -1.26697 0.772731 1.87191
v -2.67212 0.620535 1.7773
v -2.66175 0.635686 1.88502
v 0.170112 0.880567 1.90028
v -0.0532254 0.942571 2.20684
v -0.19401 0.905045 1.27752
v -0.203592 0.967756 1.30827
v -0.393928 0.692613 2.37549
v -1.0818 0.931335 1.64401
v -1.78706 0.842848 2.3039
v -1.8945 0.86074 2.34113
v 0.0346248 0.982265 2.11918
v 0.202773 0.82832 1.76957
v -2.53993 0.659121 2.17559
v -2.07254 0.723537 2.41879
v -2.19858 0.819746 1.28651
v -2.23941 0.754692 1.27453
v -0.918259 0.864645 1.54205
v 0.0822542 0.818758 2.13981
v -2.71219 0.549152 1.78664
v -0.364395 0.600546 2.39931
v -1.7231 0.748452 2.28218
v -2.7001 0.56273 1.89531
v -1.4596 0.644289 1.84612
v -1.43594 0.703405 1.89758
v -1.45884 0.629606 1.90734
v -2.47048 0.661358 2.25344
v -2.75197 0.474474 1.7973
v 0.234355 0.692916 1.62097
v -1.47605 0.568277 1.92529
v -1.48223 0.58213 1.88845
v -1.25664 0.680846 1.81829
v -1.43899 0.690054 1.58265
v -1.45893 0.70044 1.54764
v -2.21146 0.656089 2.4251
v -1.46736 0.593195 1.59384
v -1.48316 0.608875 1.555
v -1.51206 0.55536 2.10092
v -1.50749 0.63466 2.13
v -1.31229 0.612261 1.81826
v -2.49599 0.601901 1.38402
v -1.44495 0.625605 1.97554
v -1.46006 0.627463 2.05466
v -1.43237 0.60571 1.8686
v -1.43574 0.654969 1.64541
v -1.45781 0.574471 1.6339
v -1.49511 0.52634 1.90573
v -1.4619 0.595656 1.87087
v -1.52679 0.533302 1.53365
v -1.74809 0.623996 1.33376
v -1.73814 0.53551 1.35118
v -1.484 0.496875 1.97162
v -1.49102 0.510714 1.93293
v -1.47456 0.551998 2.03442
v -1.33223 0.555938 1.74703
v -1.50289 0.516686 1.57359
v -1.49344 0.436583 1.9646
v -1.39391 0.487147 1.73177
v -1.4172 0.470972 1.80417
v -1.45808 0.400093 1.78588
v -0.900377 0.61078 1.74903
v -0.921002 0.653346 1.96228
v -1.85557 0.200449 2.29633
v -1.89518 0.278607 2.34065
v -1.9271 0.201872 2.34738
v -1.78681 0.200106 2.24756
v -1.75365 0.273226 2.23997
v -1.82237 0.274757 2.28921
v -1.62916 0.275574 2.14969
v -1.59415 0.344893 2.13602
v -1.6512 0.344401 2.18243
v -1.7147 0.345855 2.23069
v -1.62809 0.313451 1.48458
v -1.5963 0.385587 1.49649
v -1.58659 0.294378 1.52413
v -1.55105 0.275922 1.56658
v -1.52499 0.257793 1.61495
v -1.97754 0.0460919 2.35743
v -1.9065 0.0491761 2.30843
v -1.95506 0.124403 2.35286
v -1.65983 0.205859 2.15828
v -1.60389 0.210936 2.11441
v -1.52468 0.22679 2.01311
v -1.54574 0.221651 1.73527
v -1.55707 0.217786 2.06694
v -1.63276 0.150162 1.50749
v -1.68103 0.169564 1.46656
v -1.65623 0.241545 1.47471
v -1.73097 0.189661 1.42431
v -1.70379 0.261481 1.4337
v -1.92429 -0.0272306 2.31348
v -1.56572 0.190056 1.87334
v -1.51791 0.237136 1.67326
v -1.85466 -0.0208226 2.26673
v -0.76978 0.262301 2.0978
v -0.839237 0.20114 1.90205
v -0.839249 0.105325 1.89012
v -1.64896 0.0780638 1.49922
v -1.70071 0.097347 1.45743
v -1.55156 0.114607 1.59806
v -1.53384 0.0974609 1.65767
v -1.55618 0.0434064 1.5886
v -1.5277 0.166914 1.66381
v -1.57607 0.150362 2.07304
v -1.59089 0.0830274 2.07743
v -1.54887 0.0928932 2.02215
v -0.757727 0.167547 2.09289
v -0.746459 0.0711985 2.09581
v -0.597382 0.14172 2.21838
v -0.85408 0.344277 1.69863
v -0.806261 0.309225 1.5032
v -2.01189 0.132493 1.22816
v -1.98207 0.206517 1.23532
v -1.65795 0.00532081 2.1292
v -1.60044 0.015664 2.08032
v -1.64544 0.0739368 2.12498
v -1.55535 0.0269787 2.02216
v -1.91014 0.013381 1.3087
v -1.84821 -0.00747919 1.35147
v -1.60632 -0.0517496 2.08199
v -1.54552 -0.0564162 1.71318
v -1.99493 -0.0326008 2.36157
v -2.00561 -0.112858 2.36286
v -1.93106 -0.0600952 1.30411
v -2.42998 -0.129444 2.47996
v -1.60973 -0.119283 2.0856
v -1.55838 -0.105857 2.02233
v -1.5828 -0.0817915 1.86139
v -1.57576 -0.0702586 1.78263
v -2.13595 0.00530234 1.18444
v -2.0637 -0.0179617 1.21969
v -2.08726 -0.0937566 1.21969
v -2.01827 -0.113961 1.26063
v -1.99646 -0.0394213 1.26169
v -2.08887 -0.20261 2.40356
v -0.735596 -0.142935 2.11213
v -0.720046 -0.261165 2.12318
v -0.542385 -0.185821 2.24218
v -2.16071 -0.0720469 1.18468
v -2.18428 -0.149308 1.18926
v -1.57464 -0.214598 1.86018
v -1.56203 -0.272054 1.77653
v -1.53846 -0.324141 1.6201
v -1.57287 -0.240453 1.55931
v -1.52824 -0.253719 1.62082
v -1.76471 -0.262293 1.41598
v -2.92952 -0.310651 1.75748
v 0.557377 -0.668123 1.97278
v 0.571977 -0.628053 1.84539
v 0.569522 -0.59655 1.71581
v -2.90534 -0.324255 1.64811
v 0.507052 -0.717605 2.09264
v -2.87997 -0.383519 2.07849
v -2.88195 -0.474555 2.08164
v 0.541405 -0.572193 1.58847
v 0.551826 -0.652422 1.58044
v 0.526907 -0.788557 2.07318
v -2.91035 -0.411467 1.65744
v -2.86844 -0.347428 1.54657
v -2.81288 -0.37402 1.45998
v -2.87525 -0.433329 1.55682
v -2.93643 -0.399074 1.76459
v 0.570394 -0.674912 1.70502
v -2.88661 -0.518741 1.56377
v 0.431163 -0.836498 2.14678
v 0.497924 -0.724963 1.4675
v 0.409464 -0.728064 1.38043
v -2.88924 -0.564883 2.08832
v 0.560822 -0.805317 1.57508
v 0.409818 -0.806699 1.396
v -2.83518 -0.569034 2.17276
v -1.59526 -0.595101 1.72918
v -2.21228 -0.534711 1.29601
v -2.22991 -0.60482 1.3165
v -2.28723 -0.524002 1.2698
v -2.89941 -0.603791 1.56877
v -2.94958 -0.573723 1.77763
v 0.270542 -0.780856 2.23869
v 0.553686 -0.931829 1.90224
v -2.83576 -0.54442 1.47801
v -2.8488 -0.629452 1.48466
v 0.502276 -0.803639 1.47055
v -2.39505 -0.655852 1.30582
v -2.30466 -0.59463 1.29539
v -2.31888 -0.666326 1.31632
v -0.148036 -0.926437 2.15322
v -0.315251 -0.929701 2.05926
v -0.252736 -0.986558 2.05236
v -0.420934 -1.0069 1.95263
v -0.348386 -1.05524 1.95061
v 0.554768 -0.938235 1.69067
v 0.549809 -0.982695 1.89554
v 0.519164 -0.966657 1.99705
v -2.63281 -0.620052 1.30763
v -2.56415 -0.709905 1.3244
v -2.64328 -0.696785 1.33555
v -2.40657 -0.728668 1.32938
v -2.48449 -0.718289 1.327
v -2.25891 -0.744619 1.3542
v -2.24504 -0.675274 1.33431
v -2.18973 -0.748687 1.38178
v -1.67223 -0.783154 1.84688
v -1.67353 -0.785057 1.78268
v 0.457136 -1.05703 2.05301
v 0.520945 -1.01698 1.98932
v 0.29313 -0.843334 2.20126
v 0.170667 -0.913049 2.20867
v 0.196096 -0.967085 2.17907
v -1.78541 -0.752903 1.60396
v -1.84034 -0.872118 1.64236
v 0.0933317 -1.04819 1.40141
v 0.211531 -1.08281 1.44098
v 0.113176 -1.09902 1.44154
v -2.90634 -0.993768 2.01362
v -2.92899 -0.982206 1.91138
v 0.556466 -1.07732 1.68505
v 0.533751 -1.08001 1.6006
v 0.560247 -1.10861 1.87067
v 0.556029 -1.07095 1.88268
v 0.531772 -1.10836 1.97587
v -2.8685 -0.92122 2.09094
v 0.537598 -1.1221 1.60428
v 0.56355 -1.14349 1.85441
v 0.563487 -1.11967 1.77036
v -2.93593 -1.05253 1.80452
v -2.93276 -0.978216 1.79754
v 0.476267 -1.09097 1.53492
v -2.93038 -1.07537 1.70623
v -2.82894 -0.84571 2.17067
v -2.80352 -0.929682 2.146
v -2.19153 -1.0332 1.55617
v -2.18464 -0.983976 1.52103
v -2.24285 -0.991642 1.4937
v -2.13431 -1.06625 1.61588
v 0.561078 -1.17243 1.8407
v -2.79205 -1.12129 1.55603
v -2.79361 -1.04618 1.53205
v -2.72467 -1.12569 1.53978
v -2.25553 -1.08656 1.57809
v -2.19401 -1.0757 1.59655
v -2.25717 -1.12706 1.62508
v -2.12875 -1.10007 1.65329
v 0.562985 -1.151 1.76322
v -2.65556 -1.12751 1.53088
v -2.45601 -1.0756 2.18898
v -2.37542 -1.06416 2.19811
v 0.257925 -1.25683 1.58065
v 0.219247 -1.24847 1.9514
v -2.69424 -1.1004 2.14037
v -2.78766 -1.0166 2.13179
v -2.53599 -1.08505 2.1758
v -2.51822 -1.14675 2.12427
v 0.298581 -1.23065 1.99268
v -2.51962 -1.21475 1.63885
v -2.51959 -1.167 1.58376
v -2.45445 -1.20066 1.64768
v -2.52166 -1.24939 1.70314
v 0.267918 -1.28723 1.6271
v -2.34897 -1.16135 2.07301
v 0.189687 -1.25585 1.60689
v -2.33915 -1.19067 2.00314
v -2.25745 -1.19374 1.93328
v -2.26361 -1.17435 2.00453
v 0.0942748 -1.25571 1.8398
v -2.33133 -1.21078 1.9318
v -2.46505 -1.26269 1.85265
v -2.45969 -1.25467 1.7799
v -2.39516 -1.24448 1.85744
v -2.5266 -1.27103 1.77342
v -2.40305 -1.23245 1.92929
v -2.47386 -1.25523 1.9258
v -2.59179 -1.28793 1.76708
v -2.58612 -1.26527 1.6966
v -2.64977 -1.27901 1.69212
v 0.182908 -1.28697 1.75574
v -2.65214 -1.23731 2.05364
v -2.84018 -0.754049 2.18108
v -2.76689 -0.760397 2.23889
v -1.81767 -0.663729 2.17835
v -1.88452 -0.619477 2.23225
v -1.88261 -0.690982 2.20935
v 0.111479 -1.06569 2.12334
v -1.95329 -0.438427 1.35473
v -2.04562 -0.491345 1.33647
v -0.348132 -1.14358 1.83904
v -0.421638 -1.11793 1.82869
v -0.428795 -0.553548 1.32922
v -0.27346 -0.559213 1.26697
v -0.260965 -0.662438 1.28941
v -2.03705 -0.696829 1.42992
v -2.05786 -0.757542 1.45106
v -2.1048 -0.688733 1.39428
v -0.700611 1.29747 1.52449
v -2.70757 -0.598168 1.34472
v -2.1654 1.47528 1.91326
v -0.886652 1.22465 1.55573
v -2.17918 -1.18699 1.86159
v -2.18201 -1.17764 1.93194
v -0.511657 -0.302457 2.2483
v -0.645921 -0.505949 2.12079
v -0.508006 1.60734 1.92571
v -0.27556 -1.14086 1.62009
v -1.7212 -0.898824 1.95465
v -1.69511 -0.848464 1.86805
v -0.826284 0.00523827 1.89995
v -0.635492 0.203696 1.39367
v 0.0220381 -0.465909 1.18233
v -2.3616 -1.11662 2.13703
v 0.00430978 -1.237 1.72641
v 0.0628708 -1.24391 1.68121
v 0.0979514 -1.2638 1.73727
v -2.36053 -0.943906 1.411
v -2.35224 -0.877807 1.38154
v 0.0143858 -1.0981 2.06862
v -0.56312 -0.969193 1.61594
v -0.448194 -0.960699 1.50985
v -0.503958 -1.04536 1.64872
v -2.20116 1.28609 2.10369
v 0.0438829 -1.1502 1.50407
v 0.0731431 -1.18707 1.54647
v -0.220479 -1.18118 1.75857
v -1.73834 1.30476 1.54884
v -1.84184 1.29972 1.53494
v -0.0673853 1.37199 1.76508
v -1.44177 0.946609 1.56596
v -1.37412 1.01653 1.65295
v -1.97379 -0.505886 1.37027
v -0.472474 0.319078 2.33921
v -0.31173 0.404961 2.4292
v -2.12289 -0.752332 1.41442
v -2.14087 -0.813874 1.43723
v -2.20501 -0.81351 1.40398
v -2.08855 -0.839948 2.25094
v -2.07516 -0.914565 2.21651
v -2.00289 -0.886153 2.19692
v -0.283453 -1.09272 1.9474
v -0.198014 -1.03566 2.04531
v -0.280766 1.35792 1.5179
v -0.297377 1.41545 1.55457
v 0.151401 -1.27383 1.69734
v 0.124222 -1.25093 1.6423
v -0.492811 -0.870297 1.4794
v -0.361343 -0.86468 1.39702
v -0.327173 -0.953967 1.42611
v -1.6853 -0.783183 1.71717
v -1.74687 -0.488531 1.47193
v -2.28399 -0.877919 1.40232
v -2.272 -0.812402 1.37659
v -2.21978 -0.875503 1.43065
v -0.235905 -1.09127 1.503
v -0.399153 -1.04133 1.54088
v -0.286089 -1.03213 1.45871
v 0.0339456 1.2326 1.77277
v -1.69633 -0.608975 2.10945
v -1.62864 -0.519925 2.08393
v -1.69098 -0.543332 2.12502
v -2.50946 -1.00252 1.43881
v -2.15611 1.47009 1.71097
v -0.334146 1.59124 1.84366
v -2.41164 1.03842 2.12797
v -2.35603 -0.567897 2.39686
v -2.27016 -0.557045 2.39118
v -0.585789 -0.609588 2.09923
v -1.99989 1.4729 2.03283
v -2.05756 -0.263058 1.26355
v -2.38098 -0.584659 1.27734
v -2.47349 -0.647415 1.2948
v -2.45992 -0.574503 1.26364
v 0.306953 -1.06793 1.45259
v 0.0290174 -1.21759 1.63086
v -2.17414 -0.682046 1.36216
v -1.95654 1.41812 2.0691
v 0.075982 -0.984607 1.36585
v 0.0613911 -0.911224 1.335
v 0.190811 -0.965326 1.37761
v -2.68532 -0.761945 2.27834
v -0.245337 1.54281 1.76763
v -0.211855 1.51574 1.80787
v -0.234641 1.503 1.71305
v -0.595695 -0.42808 1.39736
v -0.438788 -0.442891 1.3136
v -2.79807 -0.892792 1.48527
v -2.72875 -0.832189 1.4218
v -2.72637 -0.905071 1.45576
v -2.35701 -0.482338 2.42124
v -2.44599 -0.48902 2.42037
v -2.44356 -0.576871 2.39687
v -2.0781 -0.816534 1.47332
v -0.166375 -1.01968 1.40525
v -2.34651 -0.733652 2.3343
v -2.4194 -0.8289 2.30218
v -2.43072 -0.744222 2.33101
v -0.495234 -1.06824 1.81697
v -0.566969 -1.00602 1.80256
v -2.01609 -0.634875 1.4093
v -2.164 -0.863618 2.26649
v -2.17421 -0.785748 2.29971
v -1.80754 -0.305749 2.23716
v -1.81015 -0.378884 2.2358
v -1.71092 1.05346 2.18124
v -1.6015 1.04568 2.13592
v -2.73966 -0.317158 1.36922
v -2.72615 -0.231946 1.35763
v -2.65417 -0.262302 1.28889
v -2.17671 -0.294425 2.42738
v 0.253785 -1.1074 2.0912
v 0.135807 -1.10222 2.09057
v 0.296464 -0.558981 1.28091
v -1.78713 -0.0133911 2.22022
v -1.7956 -0.0861046 2.22657
v -1.72123 -0.00452682 2.17434
v -2.71981 -0.679233 1.36285
v 0.0475735 -1.25207 1.78169
v -0.144048 1.39244 1.66178
v -1.88313 -0.47216 2.26443
v -1.81277 -0.451453 2.22854
v -1.88068 -0.397622 2.27437
v -0.573653 1.28729 1.49072
v -0.568459 1.34884 1.51562
v -0.363843 -0.105936 2.34775
v -0.719164 0.47904 1.391
v -0.861403 0.485048 1.52523
v -0.886799 0.567388 1.53399
v -2.16816 -0.211304 2.44101
v -1.78279 0.210504 1.38095
v -1.8047 0.303817 1.34707
v -1.75316 0.282155 1.39106
v -1.86178 1.45702 2.04907
v -1.88179 1.4105 2.07342
v -0.786071 0.356083 2.10179
v -0.854443 0.295029 1.90423
v -1.87658 -0.322219 2.27991
v -2.65007 -0.771407 1.36732
v -2.65192 -0.84263 1.40317
v -1.62087 0.733406 2.22372
v -2.136 1.35527 1.58181
v -2.18281 1.31844 1.57444
v -2.36131 1.21886 1.99452
v -2.30735 1.2271 2.06941
v -2.32303 1.27496 1.97819
v -2.27028 1.28303 2.04939
v -0.674049 1.02372 2.14801
v -2.8235 -0.459321 1.47034
v -2.7636 -0.48685 1.39332
v -2.77577 -0.57166 1.40367
v -1.55253 -0.291634 1.94703
v -1.55779 -0.306463 2.03386
v -0.879598 0.882667 1.47856
v -2.72903 -0.93247 2.18616
v -1.85731 0.354701 2.33326
v -1.78379 0.348774 2.28084
v -2.1185 -0.477567 1.30446
v -2.09735 -0.408047 1.28556
v -2.01271 -0.19284 2.36406
v -1.93913 -0.18243 2.32253
v -1.93293 -0.104776 2.31875
v -2.53481 -0.490867 2.40095
v -2.13848 -0.546303 1.32397
v -2.19276 -0.464328 1.27474
v -1.9942 -0.766478 1.49025
v -2.01585 -0.824424 1.51087
v 0.0990216 -1.2234 1.59012
v -0.914314 0.92311 1.50452
v -1.73263 0.985611 2.22062
v -1.8392 1.00009 2.25854
v -1.75785 0.915353 2.26243
v -2.10991 -0.169368 1.2236
v -0.855597 1.47713 1.95204
v -2.72634 -0.980092 1.48235
v -2.7945 -0.969104 1.51064
v 0.200252 -1.02804 1.40864
v 0.302058 -1.0113 1.42836
v -2.1312 -0.244834 1.22986
v -2.15174 -0.319581 1.24025
v -2.78819 -0.655654 1.41548
v -2.77033 -0.668164 2.24592
v -2.83655 -0.0887232 1.51657
v -1.60133 -0.59675 1.65346
v -1.67235 -0.64767 1.61302
v -2.14553 -0.0425624 2.45169
v -2.24492 -0.130827 2.4752
v 0.0274661 -0.56381 1.20933
v -0.120915 -0.562977 1.2228
v -0.732033 -0.532975 1.51643
v -0.818724 -0.371246 1.70557
v -1.87155 -0.793965 1.57696
v -1.83063 -0.244401 1.37473
v -1.84606 -0.31616 1.37455
v -1.89784 -0.22629 1.33443
v -1.55696 -0.159631 1.94562
v -1.56231 -0.0933595 1.94179
v -2.42708 1.17627 1.73064
v -1.56098 0.367355 1.53761
v -1.53282 0.441125 1.55375
v -1.77462 -0.944601 1.97714
v -1.72503 -0.912555 1.8895
v -1.85846 -0.599947 1.4672
v -1.92252 0.182684 1.28158
v -1.92533 -0.585457 1.42552
v -1.90321 -0.521619 1.40596
v -1.73015 0.444854 1.37456
v -1.64215 0.49526 1.43518
v -1.68217 0.42429 1.41655
v -1.43819 0.904115 1.73957
v -2.35222 -0.651716 2.3677
v -1.89425 -0.988445 1.67703
v -1.86669 -0.931299 1.6589
v -1.72132 0.202161 2.2017
v -2.58616 -0.843887 2.27251
v -2.50256 -0.837061 2.2892
v -2.63348 -1.01595 2.19266
v -2.71227 -1.01805 2.16574
v -2.10451 -1.16798 1.79364
v -2.10422 -1.16542 1.85758
v -0.282857 -0.45401 1.24319
v -1.04734 1.06754 1.96003
v -2.8596 -0.0188812 2.06828
v -2.86975 -0.109841 2.07248
v -0.0631531 -0.345759 2.40609
v -0.0269308 -0.446166 2.38016
v 0.100039 -0.265245 2.41768
v -1.69383 -0.780469 2.02823
v -1.87595 1.19418 2.17061
v -0.322242 1.12508 2.16851
v -2.46883 1.03116 2.0431
v -1.62758 0.142471 2.12001
v -2.54055 -0.559739 1.26498
v -2.15071 -0.939737 2.23061
v -1.82926 0.0654074 1.36031
v -1.77192 0.0449182 1.40397
v 0.515414 -0.0859579 1.96143
v -0.0430983 -1.14872 1.9869
v 0.0428524 -1.1283 2.04099
v -0.0737252 -1.12475 2.00559
v -2.29555 -0.93937 1.43451
v 0.427922 0.229621 2.01521
v -0.343379 1.42068 2.01396
v 0.0688376 -1.16082 2.0101
v -0.816909 0.0593283 1.67779
v -1.61543 -0.389537 2.09373
v -1.67854 -0.408627 2.14435
v -1.68451 -0.476538 2.13763
v -0.274467 1.52026 1.67449
v -1.4635 0.83519 1.52886
v -1.00623 0.996508 1.98413
v -2.79969 -0.738025 1.42951
v -2.80366 -0.817893 1.45201
v -2.59284 -0.375307 1.24981
v -2.49278 -0.31936 1.2046
v -1.71932 0.353342 1.40224
v -2.57111 -0.780948 1.35855
v -2.69039 -0.208031 2.32484
v -1.91517 0.351826 1.25686
v -1.82125 0.397489 1.31495
v -1.85835 0.326904 1.30172
v -1.89622 -0.852254 1.59507
v -0.634661 0.33873 2.22226
v -0.909718 0.564605 1.93658
v -0.91084 0.429565 1.70551
v -0.8847 0.476142 1.92116
v -0.900824 0.521181 1.72905
v -1.57663 1.50268 1.98879
v -0.948044 1.20898 1.56582
v -0.965741 1.13489 1.55552
v -1.67883 -0.136799 1.46925
v -1.72789 -0.0467551 1.43575
v -1.66911 -0.0652356 1.47767
v -2.84415 0.214033 1.71354
v -1.57398 -0.280261 1.85995
v 0.421034 -0.400843 2.17213
v -1.59767 -0.592986 1.87061
v -0.274853 -1.16467 1.83781
v -0.229721 -1.12205 1.94033
v -2.15752 -0.873238 1.46232
v -2.23259 -0.935161 1.45996
v -0.747491 1.27921 2.04412
v -0.843134 -0.207449 1.90352
v -2.80355 -0.288446 1.44855
v -0.976748 0.823863 1.63063
v -0.366705 -0.619269 2.20553
v -1.89464 0.439899 2.37729
v -1.9811 0.451065 2.42801
v -1.93503 0.362149 2.38626
v 0.236834 -1.0612 2.11855
v -1.58905 0.13195 1.55063
v -1.59812 0.0600947 1.53998
v -1.985 -0.281086 1.2977
v -2.0385 -0.188587 1.26107
v -2.051 0.044634 2.40727
v -0.252361 1.34788 2.0371
v -0.340282 -1.10496 1.57889
v -0.434308 -1.10512 1.67972
v -2.17284 -0.930197 1.48986
v -0.139806 0.675434 1.20027
v -0.501306 1.31054 1.48928
v -0.803903 -0.497808 1.72586
v 0.558804 -0.335747 1.75662
v -2.61467 -1.09328 2.15831
v -2.44492 -1.06034 1.48556
v -2.45034 -1.10902 1.53815
v -2.51803 -1.1155 1.53222
v -1.97117 0.283788 2.39332
v -2.00174 0.20496 2.4002
v -0.499971 1.37155 1.51734
v -1.64876 -0.367283 1.50215
v -2.09663 -0.764351 2.2831
v -2.47628 1.08647 1.93679
v -2.4364 1.09842 2.02799
v -1.74601 -0.816455 2.05206
v -2.18134 -0.705886 2.32707
v -1.95012 -0.133792 1.30042
v -1.58252 -0.00177431 1.78561
v -2.34069 0.581452 2.39986
v 0.522835 -1.06446 1.98874
v -0.161589 0.485391 2.43688
v -0.194091 0.580356 2.4137
v -0.564866 1.41113 1.54225
v -0.448821 -0.116262 1.29411
v 0.368691 0.0443417 1.38335
v 0.272449 -0.0510877 1.26198
v 0.261395 0.0575508 1.26871
v -2.32328 -0.0430394 2.50032
v -0.412409 -0.662374 1.34792
v -1.74922 0.130801 2.2077
v -1.83777 0.0534653 2.26036
v -0.92576 1.51862 1.69946
v -0.370569 1.46584 1.57338
v -1.46586 0.556245 1.97253
v -0.860305 0.151978 1.68716
v -0.678413 -0.842635 1.76824
v -0.733952 -0.688713 1.93651
v -0.760462 1.08413 2.09327
v -2.85731 -0.955168 1.54922
v -2.46636 0.123435 1.18863
v -2.57159 0.0734202 1.25114
v -2.54346 0.155587 1.24556
v -2.25462 -0.217305 2.46555
v -2.43888 -0.22002 2.47008
v -0.431801 1.54343 1.95511
v -2.0275 -0.665488 2.28826
v -1.95425 -0.643293 2.26193
v -2.03041 -0.588066 2.30804
v -2.02179 -0.741489 2.26309
v -1.95045 -0.716962 2.23852
v -1.73029 -0.0752253 2.17944
v -1.69982 0.686043 1.36342
v -2.8185 -0.00295551 1.50904
v -0.445466 -0.332784 1.29888
v -2.53543 -0.400047 2.41638
v -0.0274577 -0.862042 2.23373
v -0.0700573 -0.790828 2.25139
v -0.200285 -0.861697 2.16541
v -2.59576 -1.16295 2.11655
v -1.8845 -0.546324 2.25041
v -1.94761 -0.647354 1.44695
v -1.99498 -0.571357 1.38875
v -2.52534 1.00063 1.84713
v -1.53258 0.0280192 1.64991
v -1.5548 0.0126432 1.71719
v -0.815857 -0.145894 1.67685
v -0.847792 -0.0385654 1.67484
v -0.0755836 1.01936 2.18186
v 0.00682334 1.05611 2.09851
v -0.064582 1.30648 1.90777
v -0.0935412 1.29325 1.98025
v -1.58016 -0.311463 1.55496
v -1.56557 -0.169498 1.56411
v -2.2746 1.31002 1.63898
v -2.83076 -0.477392 2.16861
v -1.62812 -0.225076 1.50761
v -2.32579 1.32126 1.88778
v -2.28792 1.37544 1.87839
v -2.51939 -0.0412514 1.1999
v -2.68113 0.217838 1.39877
v -2.6485 0.29827 1.39372
v -2.23639 1.23138 2.12779
v -1.53882 0.185824 1.60488
v 0.22386 -0.629316 2.30896
v 0.195755 -0.547916 2.34028
v 0.0381729 -0.630856 2.31728
v -2.65609 -1.05868 1.49596
v -2.43539 0.204299 1.18387
v -2.35115 0.170761 1.15001
v -1.97567 1.06415 1.41259
v -1.6115 -0.254794 2.09434
v -2.03911 0.057634 1.22321
v -2.27088 1.17284 2.15201
v -0.834161 0.399261 1.51425
v 0.0697825 1.17931 1.77517
v -0.114738 -0.712566 2.2679
v -1.65422 -0.782283 1.90668
v -1.65008 -0.718571 1.8283
v -1.67239 0.333098 1.4441
v -2.24116 0.402526 1.15968
v -2.12207 0.442717 1.16773
v -2.62218 -0.397123 2.37671
v -2.27619 0.741342 2.36835
v -0.11194 -1.10284 2.01703
v 0.0634458 1.08168 1.99532
v -2.26784 -0.639687 2.36388
v -2.18716 -0.543361 2.37651
v -0.389337 -0.766686 1.37159
v -0.530573 -0.769001 1.45251
v 0.452193 0.277337 1.86548
v -2.44215 1.15111 1.92506
v -1.57504 1.41265 2.02271
v 0.224475 0.271257 1.29389
v -2.61531 0.247051 2.31055
v -2.2477 1.42812 1.86847
v -2.33572 -0.131834 2.49028
v -1.62608 -0.659288 1.67533
v -2.31098 0.408225 2.47343
v -2.40405 0.415085 2.42799
v -2.10765 -0.527504 2.35309
v -0.612279 1.26764 2.07802
v -0.0992668 -0.753962 1.28361
v -0.085186 -0.844835 1.31008
v -0.245278 -0.762122 1.3135
v 0.314371 -0.0023712 2.26186
v -2.85785 0.154693 1.94947
v -0.871256 0.385883 1.90827
v -2.18406 0.964674 2.30108
v -2.36458 -0.512036 1.25002
v -2.44431 -0.498851 1.23722
v 0.206071 -0.0767343 2.36983
v 0.0750633 -0.708696 2.2863
v -1.71738 -0.845903 1.73626
v -0.119684 -1.1627 1.93622
v -2.382 0.0904171 1.15283
v -0.0916064 1.24707 1.5371
v -0.117864 -1.14521 1.96069
v -0.142076 -0.251449 1.15543
v -0.29447 -0.239082 1.21337
v -1.46188 1.37382 1.63516
v -2.15888 1.43502 1.99042
v -1.57131 0.203807 1.55745
v -0.837812 1.47705 1.61897
v -0.787293 1.49785 1.61637
v -0.80244 1.14648 2.06251
v -0.385021 -0.863512 2.06419
v -2.02337 1.02521 1.38178
v -1.87871 0.681509 1.26373
v -1.8321 0.741644 1.28986
v -0.744996 -0.0719394 1.50426
v -2.07128 1.31306 1.5383
v 0.218507 -1.01623 2.14935
v -0.659303 0.299024 1.38942
v -0.68936 0.390415 1.3875
v -1.6129 -0.322425 2.09464
v -0.351408 1.47452 1.98091
v 0.01339 -1.1099 1.46113
v -1.64119 0.583275 1.41648
v -1.96753 -0.207625 1.29732
v -0.810487 0.725093 1.4193
v -1.58712 1.11846 2.1104
v -2.80133 0.247925 2.04669
v -2.82453 0.160444 2.05494
v -1.55607 -0.420718 1.94801
v -1.52364 0.391545 1.88729
v 0.176557 0.716213 1.49483
v -0.614729 0.24173 2.21762
v -1.8922 0.255275 1.29109
v -1.86398 0.159823 1.32603
v -2.63729 -0.177878 1.27681
v -0.8119 0.542104 2.11756
v -0.80132 0.44961 2.10737
v 0.31416 -0.901421 2.17056
v -2.85101 -0.175393 1.5259
v -1.68909 0.27366 2.19393
v -2.58622 -1.12336 1.52808
v 0.245577 0.165596 1.27948
v -1.57671 -0.148264 1.86122
v -1.55347 -0.225811 1.94679
v -1.95223 -1.10809 1.83082
v -2.09711 -0.873244 1.49721
v -0.0326149 1.28371 1.69443
v -1.57306 -0.344524 1.86037
v -1.55317 -0.35636 1.94796
v -1.50012 0.364825 1.9858
v -1.50418 0.450747 1.92614
v -2.61843 -0.581784 2.35361
v 0.399971 -0.308003 2.19686
v -0.847304 1.41727 1.59987
v -1.58514 0.646468 2.19454
v -2.1082 0.0816854 1.18388
v -2.18381 0.108477 1.15502
v -1.97609 -1.09051 1.72203
v -1.9571 -1.11455 1.7682
v -2.03024 -1.14364 1.78715
v -2.18637 -0.624591 2.35106
v -2.10332 -0.686294 2.30975
v -2.10734 -0.606995 2.3314
v -1.88395 0.125185 2.30258
v -1.95492 -0.836843 1.5511
v -0.448667 -0.22326 1.29428
v -1.69998 -0.709526 1.63476
v -0.127493 0.382343 2.45174
v -0.292325 0.298812 2.43467
v -0.255088 0.19538 2.44312
v -2.0291 0.125558 2.40393
v -1.61141 0.222187 1.51515
v -1.52637 0.785232 1.48012
v -0.899689 1.40156 1.60427
v -0.914542 1.34074 1.58933
v -1.83678 0.232296 1.33682
v -1.67255 -0.202171 2.14263
v -2.50299 1.01675 1.94751
v 0.529607 -0.205698 1.62603
v -2.11484 -0.927705 1.52223
v -0.602556 0.00669006 1.39811
v -1.71076 -0.845063 1.80222
v 0.550491 -0.141125 1.79262
v -0.690307 -0.384659 2.13251
v -1.86863 -0.171314 2.27836
v -1.86308 -0.0959249 2.2731
v -2.00248 1.45782 1.61181
v -1.41662 0.907163 1.85092
v -1.42527 1.00895 1.79246
v -1.78795 -0.0274902 1.39434
v -1.80166 -0.0998654 1.38452
v -2.3123 -1.0488 1.51408
v -2.21258 0.0304076 1.15554
v -1.67344 0.658505 2.25429
v -2.75134 -0.402248 1.3815
v -0.434249 0.868297 2.31525
v -2.2321 -0.0440176 2.4809
v -2.21487 0.0425241 2.48583
v 0.0504933 -1.23333 1.88184
v 0.0163258 -1.20524 1.92383
v 0.000548238 -1.23599 1.82636
v -1.78975 -0.892739 1.69484
v -2.11194 -1.15521 1.73824
v -2.1781 -1.18878 1.79479
v -0.618566 -0.931723 1.78459
v -1.81543 0.12735 2.25417
v -0.94106 0.828201 2.0652
v -2.856 -1.03457 1.56546
v -1.4634 0.799941 2.13339
v -1.81504 0.430498 2.32261
v -1.77041 0.506987 2.3059
v -1.52987 -0.262954 1.70035
v -1.56182 -0.338472 1.77703
v -1.57329 -0.497839 2.0294
v 0.142238 0.564098 1.34766
v 0.0233265 0.578091 1.2505
v -2.39124 -1.23919 1.7857
v -1.99908 -0.945762 1.5913
v -2.03641 -0.879957 1.53267
v -0.644345 1.26166 1.49527
v -1.85608 1.25053 2.14329
v -1.9708 1.20361 2.1804
v 0.561579 -1.08646 1.77743
v -1.69137 0.602124 1.37483
v 0.0487598 0.352066 2.39461
v 0.487472 0.173606 1.85005
v -1.63739 0.404568 1.45698
v -1.59874 -0.657157 1.93607
v -2.06154 -0.982341 2.17227
v -1.90863 0.775033 1.27169
v -1.4009 0.931902 1.57434
v -1.41506 0.911685 1.57586
v -2.79215 -0.202843 1.43722
v -2.05418 -1.10268 1.69777
v -2.04268 -1.12899 1.73618
v -0.0686869 1.36874 1.82612
v -1.62057 -0.455224 2.09238
v -1.56418 -0.438051 2.03302
v -1.91449 -0.298708 1.33477
v -1.59724 0.566187 1.45689
v -1.68787 0.514501 1.39379
v -2.6949 -0.514527 1.33113
v -0.990656 1.08262 2.00676
v -1.8157 1.06466 2.21778
v 0.0598016 1.16349 1.87733
v -0.0173056 -1.1764 1.95806
v 0.242853 0.547975 1.46199
v -1.05792 0.949363 1.96528
v -1.97901 -1.00884 2.1
v -2.35241 -0.308447 2.46319
v -2.43872 0.965589 2.14071
v -0.616994 -0.876539 1.58563
v -2.77319 0.407798 1.91858
v -1.8075 0.13807 1.37012
v -1.95022 0.279785 1.24541
v -1.7534 -0.761348 2.08988
v -2.27913 0.492647 2.45908
v 0.355236 -1.06131 2.09745
v -1.76897 0.374627 1.35916
v -1.78139 0.467208 1.33159
v -1.7534 0.117374 1.41423
v -0.448669 0.217218 2.33826
v -2.80576 0.326018 1.93027
v -0.213827 1.46015 1.65909
v -2.08228 0.514315 1.18557
v -2.66865 -0.346617 1.30281
v -2.72566 0.0702278 2.24318
v -2.65523 0.0675121 2.32234
v -2.09243 1.15708 2.20794
v -2.25009 -1.04237 1.53388
v -2.51441 -1.06287 1.48187
v -0.902101 0.964843 2.06484
v -2.02813 -1.13966 1.84807
v -1.89094 1.02292 1.40485
v -0.361605 1.40638 1.53659
v -2.37298 0.49929 2.4146
v -0.679887 0.628922 2.24161
v 0.183923 -0.894391 1.34888
v -2.26841 -0.451528 1.24731
v -0.886158 1.45962 1.62203
v 0.00879079 0.453129 2.38625
v -0.0298521 0.550039 2.36929
v -2.57603 -1.21919 2.06028
v -1.95595 -0.568062 2.28132
v -1.91411 1.60507 1.95908
v -1.9425 1.56149 1.98425
v -1.86118 1.59833 1.96993
v -0.561086 -0.659884 1.43142
v -1.07641 0.902249 1.91947
v -2.25026 -1.20751 1.79442
v -2.2527 -1.20637 1.86288
v -1.94567 1.01283 2.27831
v -2.05079 1.02409 2.28254
v -1.95316 -0.414972 2.30929
v -1.9561 -0.492034 2.29672
v -2.18156 -1.1763 1.73485
v -1.8987 -1.0693 1.74876
v -0.504343 -0.944068 1.94706
v -1.80091 -0.159276 2.23221
v -1.73502 -0.146283 2.18531
v 0.123446 0.176581 1.1797
v -0.156149 -1.18905 1.68941
v -2.82952 -0.385619 2.16791
v 0.146282 0.957738 1.90027
v 0.130832 1.05208 1.78056
v 0.172347 -0.653707 1.25407
v -1.75537 -0.636202 2.14549
v -0.573379 1.50405 1.98359
v -1.88217 -0.455229 1.38994
v -1.55756 0.0824342 1.7227
v -1.36784 1.14964 1.99542
v 0.0301057 1.14466 1.97529
v -2.34233 -0.809035 1.35698
v -1.25584 0.921397 1.63682
v -2.00666 0.480469 1.20099
v -2.18754 -1.14805 1.6845
v -2.19283 -1.11441 1.63843
v -2.12057 -1.129 1.69322
v -1.78498 0.796384 1.32134
v -2.08136 0.208325 2.45023
v -0.0411397 -1.21665 1.87131
v -0.0792408 -1.19003 1.90913
v -0.25561 -0.788508 2.17589
v -0.824761 0.636932 2.13566
v -0.11834 1.34305 1.94864
v 0.556484 -0.466144 1.88008
v 0.0710549 0.603722 2.27025
v -0.664122 -0.780456 1.92926
v -2.02927 1.42799 2.05813
v 0.281475 0.374653 2.16724
v 0.342236 0.429218 2.03396
v -1.80463 -0.232478 2.23583
v 0.139238 0.0670275 1.17122
v -2.45351 -1.15654 1.59173
v 0.553489 -1.03579 1.68763
v -2.32464 -1.22516 1.86113
v -0.680544 1.48481 1.5921
v -0.00364161 0.665007 1.27215
v 0.299746 -0.734081 1.31839
v -2.02253 1.08622 2.24619
v -0.0446183 -1.00381 1.3737
v -0.969404 0.72688 1.53656
v -1.6661 -0.0637081 2.13297
v -2.29517 0.0584074 1.14021
v -2.09493 -0.284571 2.39893
v -0.0913722 0.278526 2.46367
v -2.34546 -0.220394 2.47825
v -2.06085 -1.08046 1.6669
v -1.75309 -0.568892 2.16412
v -2.57815 -0.291891 1.2339
v -2.33116 -0.73841 1.33529
v -1.96943 1.53751 1.65587
v 0.0522353 -0.980083 2.18597
v -1.74028 0.423125 2.26872
v -1.69382 0.497668 2.24936
v -1.97142 -0.707176 1.46939
v -1.63692 -0.296285 1.50276
v -1.87734 -0.760294 2.18199
v -0.374395 1.57871 1.90897
v -1.95249 1.4934 1.62529
v -2.52593 0.943429 1.95605
v -2.72729 -0.757876 1.38767
v -2.26313 -0.721233 2.33419
v 0.56888 -0.703305 1.82992
v -2.30476 -0.997415 1.47092
v -0.0382094 -1.21302 1.67791
v -2.93214 -0.300884 1.86797
v 0.317989 0.560509 1.89461
v -1.66402 1.29977 2.08093
v -0.582926 -0.545098 1.4112
v -1.93198 -0.77875 1.53212
v -2.45455 -0.155866 1.17482
v -1.89907 -1.02235 2.02016
v -1.86505 0.932248 2.30104
v -0.999721 1.17156 1.9665
v -1.95064 1.41402 1.58138
v -2.17215 -0.392791 1.25566
v -2.2796 0.32669 1.15219
v -2.028 -1.13882 1.91798
v -1.90751 -0.720017 1.51169
v -1.56816 -0.542854 1.94322
v -0.110528 -0.65968 1.25485
v -0.154282 1.35068 1.58454
v -0.0402873 1.32191 1.84099
v -2.93151 -0.913879 1.68629
v -1.76382 0.711204 1.32439
v -2.02269 -0.352553 2.35575
v -1.94795 -0.33784 2.3199
v -1.94366 -0.260165 2.32363
v -2.01804 -0.272827 2.36231
v -0.845064 -0.328435 1.91035
v -2.7267 -1.0545 1.5081
v -2.13618 -1.02577 1.58057
v -1.43197 0.783358 1.55258
v -0.436497 1.07157 2.18531
v -1.55824 -0.373109 2.03472
v -1.67074 -0.132875 2.13736
v -0.919244 0.647604 1.54565
v -2.08048 0.958097 2.32071
v -2.12506 -1.06674 2.13153
v -2.74146 -0.0206459 2.24781
v -2.87056 -0.797979 1.50054
v -2.7492 0.249653 2.14298
v -2.03621 1.60902 1.85344
v 0.275171 0.455529 1.44455
v -2.0561 -0.932369 1.55483
v 0.298723 -0.649653 1.29529
v 0.00214442 -0.545257 2.34969
v 0.22941 0.723767 1.8995
v -1.69953 -0.279734 1.45767
v -2.44034 -1.13082 2.13098
v -1.75131 1.30023 2.10448
v -2.41627 -0.801631 1.3501
v -1.7155 0.0252189 1.44649
v -0.0676156 0.642104 2.35006
v 0.200606 0.373914 1.3097
v -2.22928 1.27794 1.56666
v -0.832715 0.729836 2.14507
v -1.87296 -0.246745 2.28074
v -2.64406 0.105144 1.32241
v -0.74775 0.564814 1.39851
v -1.96673 0.549905 1.22091
v -0.851929 -0.0918287 1.89455
v -2.58582 -1.17815 1.57788
v -2.01266 1.14637 1.45361
v -2.54581 0.908547 1.75053
v -2.55368 -0.635978 1.29266
v 0.413861 -0.775637 2.17974
v 0.546229 -0.378709 1.8976
v -2.39992 0.283306 1.18457
v -2.1189 1.27715 1.52584
v -0.745843 -0.0307443 2.10147
v -0.092915 1.35232 1.8838
v -2.20444 1.42804 1.71588
v -0.831215 0.814248 2.13899
v -0.779026 0.646709 1.40656
v -0.384412 0.388018 1.18372
v -1.40984 0.782243 1.5876
v -1.1118 0.882718 1.92534
v -1.13763 0.743965 1.82188
v -0.996153 0.825763 1.81116
v -1.43492 0.951654 1.62854
v -1.08351 0.746127 1.71117
v -0.960046 0.847808 1.59754
v -1.28796 0.908147 1.63746
f 1 2955 74 2
f 3 1 2 2966
f 2774 2703 3 2966
f 3 208 3196 1
f 4 5 6 3013
f 8 5 4 58
f 4 3013 75 59
f 5 8 9 7
f 6 5 7 3098
f 7 11 10 3098
f 7 9 2793 11
f 9 2488 31 2793
f 2986 2488 9 8
f 203 3098 10 204
f 10 210 209 204
f 2693 210 10 11
f 13 14 12 2845
f 22 3346 12 14
f 2651 2845 12 3175
f 20 19 13 45
f 14 13 19 23
f 15 16 17 18
f 15 19 20 16
f 23 19 15 2563
f 2562 2563 15 18
f 16 20 44 2708
f 2827 17 16 2708
f 17 214 215 18
f 17 2827 2826 214
f 21 23 2563 2625
f 23 21 22 14
f 448 449 22 21
f 22 449 452 3346
f 24 25 26 2593
f 216 25 24 2566
f 3229 2970 24 2593
f 963 26 25 217
f 26 322 321 2593
f 26 963 964 322
f 32 28 27 33
f 27 273 274 33
f 27 29 278 273
f 29 27 28 30
f 31 30 28 2594
f 2485 276 29 30
f 2488 2485 30 31
f 31 2594 2595 2793
f 32 33 272 2538
f 2594 28 32 2546
f 275 272 33 274
f 38 35 34 3333
f 3241 3240 34 36
f 34 3240 3334 3333
f 36 34 35 3031
f 3018 3031 35 37
f 36 3031 3109 2959
f 36 2959 3230 3241
f 38 39 37 35
f 207 206 37 39
f 2722 39 38 3291
f 218 207 39 2722
f 2598 2961 40 3304
f 40 2961 2960 41
f 42 40 41 2652
f 41 2650 2651 2652
f 2923 2650 41 2960
f 441 440 42 444
f 445 444 42 2652
f 42 440 3304 40
f 43 3309 2707 44
f 45 43 44 20
f 45 2713 2714 43
f 45 13 2845 2713
f 47 48 46 2531
f 46 48 216 2567
f 47 965 217 48
f 47 270 271 965
f 2532 270 47 2531
f 50 51 49 3347
f 49 53 82 3214
f 50 56 2869 51
f 51 52 53 49
f 2869 73 52 51
f 53 71 70 82
f 53 52 72 71
f 2835 68 54 57
f 56 54 55 60
f 58 60 55 3249
f 55 54 68 287
f 56 50 57 54
f 56 60 59 2869
f 57 50 3347 86
f 59 60 58 4
f 2986 8 58 3249
f 62 63 61 2797
f 62 2798 2954 2741
f 63 2440 2439 61
f 2741 2452 63 62
f 64 65 66 416
f 64 416 415 2858
f 2857 3066 64 2858
f 3002 65 64 3066
f 67 66 65 3123
f 66 2715 2716 416
f 66 67 3278 2715
f 67 3246 3245 3278
f 67 3123 3343 3246
f 68 2835 281 283
f 70 71 69 95
f 69 71 72 2442
f 69 2939 96 95
f 70 95 91 77
f 72 52 73 74
f 74 73 75 2
f 2442 72 74 2955
f 2869 59 75 73
f 75 3013 2966 2
f 77 78 76 80
f 76 78 79 105
f 76 3025 81 80
f 76 105 104 3025
f 82 70 77 80
f 93 78 77 91
f 78 93 94 79
f 3029 3030 79 94
f 82 80 81 3214
f 83 85 2726 2728
f 85 83 84 2941
f 84 83 2433 2843
f 2825 2941 84 2398
f 86 87 88 2834
f 86 2834 2835 57
f 90 89 87 3213
f 87 89 3074 88
f 3347 3213 87 86
f 284 2834 88 292
f 3037 292 88 3074
f 89 3349 3073 3074
f 90 81 3025 103
f 90 3213 3214 81
f 3349 89 90 103
f 91 95 96 92
f 93 91 92 225
f 226 225 92 219
f 117 94 93 225
f 94 117 118 3029
f 96 3144 219 92
f 96 2939 3143 3144
f 97 120 123 98
f 2930 120 97 3222
f 97 99 3030 3222
f 99 97 98 101
f 100 101 98 122
f 104 101 100 102
f 109 102 100 110
f 101 104 105 99
f 104 102 103 3025
f 103 102 109 3349
f 3030 99 105 79
f 107 108 106 124
f 3156 3157 106 2898
f 107 229 114 108
f 107 124 126 231
f 230 229 107 231
f 108 2899 2898 106
f 109 111 3073 3349
f 111 109 110 293
f 110 100 122 296
f 111 3209 289 3073
f 111 293 3199 3209
f 112 113 114 229
f 112 2332 164 2352
f 113 112 2352 115
f 114 113 116 227
f 2899 108 114 227
f 116 113 115 3203
f 115 2352 121 2930
f 116 3203 3029 118
f 117 223 228 118
f 227 116 118 228
f 119 150 151 2344
f 3014 150 119 121
f 121 119 120 2930
f 120 119 2344 123
f 121 2352 164 3014
f 122 98 123 135
f 123 2344 2331 135
f 3157 125 124 106
f 126 124 125 3140
f 232 231 126 2339
f 127 2389 2388 128
f 129 127 128 132
f 128 130 131 132
f 2387 130 128 2388
f 129 133 134 3301
f 3300 127 129 3301
f 250 252 130 2387
f 252 253 131 130
f 133 129 132 2355
f 2371 2355 132 131
f 134 133 2356 3101
f 3140 125 134 3101
f 134 125 3157 3301
f 135 300 296 122
f 298 300 135 2331
f 136 137 138 144
f 142 137 136 140
f 141 3039 138 137
f 138 3239 3286 144
f 140 136 139 3004
f 139 136 144 3215
f 145 146 139 3215
f 139 146 2993 3004
f 2223 2222 140 3004
f 142 143 141 137
f 2267 2268 141 143
f 2222 2677 142 140
f 2677 3197 143 142
f 181 180 146 145
f 146 180 2635 2993
f 147 148 149 2268
f 151 150 147 2292
f 147 150 3014 148
f 164 162 148 3014
f 149 148 162 161
f 248 400 152 156
f 399 153 152 400
f 154 152 153 2718
f 153 379 3072 2718
f 153 399 3257 379
f 154 155 156 152
f 154 2718 2717 2781
f 154 2781 2783 155
f 155 157 158 156
f 2752 158 157 2339
f 157 155 2783 2327
f 158 2752 247 3155
f 248 156 158 3155
f 3320 160 159 2328
f 161 159 160 3345
f 160 3238 3239 3345
f 161 162 163 159
f 161 3345 3039 149
f 162 164 2332 163
f 230 233 163 2332
f 2328 159 163 233
f 166 167 165 179
f 165 180 181 2176
f 2177 179 165 2176
f 2635 180 165 167
f 171 178 167 166
f 169 170 168 3052
f 171 166 169 3052
f 169 166 179 3275
f 2681 170 169 3275
f 170 188 187 168
f 170 2681 200 188
f 175 176 171 3052
f 177 178 171 176
f 172 173 174 2136
f 172 2138 197 173
f 172 2136 2135 2137
f 189 174 173 2124
f 240 239 174 189
f 176 175 3026 2989
f 2758 178 177 2757
f 2989 2988 177 176
f 178 2758 2635 167
f 2183 2176 181 2184
f 3168 2184 181 145
f 183 184 182 3231
f 185 186 182 917
f 900 184 183 901
f 183 3231 3233 243
f 184 906 917 182
f 367 187 185 2123
f 186 185 187 188
f 186 188 200 3232
f 3231 182 186 3232
f 187 367 2612 168
f 190 191 189 2124
f 190 192 195 191
f 191 241 240 189
f 193 194 192 190
f 193 196 198 392
f 394 194 193 392
f 2124 196 193 190
f 903 192 194 904
f 195 242 241 191
f 195 192 903 909
f 907 242 195 909
f 198 196 197 199
f 197 196 2124 173
f 198 199 391 393
f 199 197 2138 2879
f 200 201 202 3232
f 201 238 239 202
f 2681 237 201 200
f 203 204 205 2704
f 204 209 2709 205
f 205 2709 2707 2822
f 206 207 208 2702
f 2678 2679 206 2702
f 206 2679 3018 37
f 207 218 3196 208
f 208 3 2703 2702
f 2708 2709 209 2827
f 212 2826 210 2693
f 210 2826 2827 209
f 211 212 213 2766
f 215 214 211 2828
f 2826 212 211 214
f 213 2546 2547 2766
f 213 2595 2594 2546
f 2693 2595 213 212
f 215 2568 2562 18
f 2915 2568 215 2828
f 217 25 216 48
f 966 963 217 965
f 2741 2954 218 2722
f 220 221 219 3144
f 3266 226 219 221
f 3143 2797 220 3144
f 2906 3117 221 220
f 223 224 222 228
f 227 228 222 2899
f 2919 2900 222 224
f 223 117 225 226
f 224 223 226 3266
f 224 3266 2920 2919
f 2332 112 229 230
f 230 231 232 233
f 2327 2328 233 232
f 234 235 236 3286
f 235 2234 2235 2840
f 3168 236 235 2840
f 235 234 3190 2234
f 238 201 237 2745
f 238 2745 2135 2136
f 239 238 2136 174
f 239 240 3233 202
f 240 241 243 3233
f 243 241 242 244
f 901 183 243 244
f 244 242 907 908
f 244 908 910 901
f 304 246 245 305
f 247 245 246 3155
f 248 3155 246 398
f 2356 245 247 3101
f 401 400 248 398
f 250 251 249 252
f 249 2369 253 252
f 250 2387 2386 260
f 259 3096 251 261
f 260 261 251 250
f 2374 249 251 3096
f 2371 131 253 2945
f 255 256 254 2400
f 2409 311 254 256
f 255 2423 318 256
f 255 2400 2402 2421
f 311 310 257 254
f 2400 254 257 259
f 257 310 3076 258
f 259 257 258 3096
f 2398 2399 260 2386
f 261 260 2399 2402
f 2400 259 261 2402
f 262 264 3090 2807
f 264 262 263 3002
f 2444 2443 263 262
f 263 2443 3343 3123
f 264 2764 2763 3090
f 264 3002 3066 2764
f 266 267 265 3229
f 268 269 265 267
f 265 2569 2970 3229
f 266 321 320 324
f 266 324 2588 267
f 2593 321 266 3229
f 2576 269 268 2578
f 2582 2578 268 2587
f 2588 2587 268 267
f 2569 265 269 3357
f 269 2576 2625 3357
f 271 795 794 969
f 2542 795 271 270
f 2532 2531 272 275
f 329 274 273 327
f 275 274 329 843
f 2543 2532 275 843
f 276 277 278 29
f 276 280 279 277
f 278 328 327 273
f 278 277 2494 328
f 336 335 279 280
f 2494 277 279 332
f 280 276 2485 2471
f 283 281 282 338
f 284 285 282 281
f 282 333 334 338
f 282 285 337 333
f 283 286 287 68
f 2835 2834 284 281
f 285 284 292 340
f 285 340 339 337
f 335 336 286 3313
f 338 3313 286 283
f 286 336 2470 287
f 287 2470 3249 55
f 289 290 288 3037
f 292 3037 288 340
f 339 340 288 847
f 2885 847 288 290
f 291 290 289 3209
f 3074 3073 289 3037
f 290 291 848 2885
f 291 343 342 848
f 293 294 295 3199
f 293 110 296 294
f 295 294 297 2340
f 297 294 296 300
f 297 299 2320 2340
f 298 2310 2309 299
f 2311 2310 298 2331
f 300 298 299 297
f 302 303 301 3307
f 301 303 2290 3197
f 2677 2842 301 3197
f 301 2842 3124 3307
f 302 2281 2291 303
f 398 246 304 3134
f 2821 3134 304 306
f 306 304 305 2342
f 305 245 2356 2360
f 2359 2342 305 2360
f 1021 2821 306 1391
f 306 2342 1036 1391
f 307 309 2364 3097
f 309 307 308 1045
f 3076 314 308 307
f 309 2361 2365 2364
f 310 311 312 313
f 310 313 314 3076
f 312 817 819 313
f 2409 823 312 311
f 314 313 819 2377
f 2376 308 314 2377
f 319 316 315 825
f 315 317 2444 2808
f 315 2808 2445 825
f 317 315 316 2434
f 317 2437 2443 2444
f 318 316 319 821
f 318 821 2409 256
f 318 2423 2434 316
f 320 321 322 323
f 325 320 323 840
f 323 322 964 961
f 325 326 324 320
f 2586 326 325 2589
f 326 2583 2588 324
f 480 329 327 796
f 327 328 844 796
f 331 844 328 2494
f 330 332 2479 2475
f 330 2481 2493 331
f 332 330 331 2494
f 481 844 331 2493
f 335 2479 332 279
f 496 334 333 497
f 333 337 845 497
f 335 3313 2464 2479
f 2471 2470 336 280
f 846 845 337 339
f 338 334 2464 3313
f 341 342 343 2345
f 341 565 564 342
f 341 850 851 565
f 798 848 342 564
f 3209 3199 343 291
f 348 347 344 346
f 346 344 345 2974
f 345 3372 350 2974
f 805 3372 345 804
f 807 804 345 344
f 347 348 352 2809
f 347 808 807 344
f 347 2809 812 808
f 353 352 348 3022
f 348 346 2924 3022
f 349 2280 2281 302
f 349 302 3307 350
f 351 349 350 3372
f 351 3372 805 803
f 2280 349 351 2273
f 852 2809 352 354
f 354 352 353 356
f 2757 356 353 2755
f 355 354 356 2988
f 355 853 852 354
f 357 912 361 358
f 913 912 357 914
f 359 357 358 3350
f 358 368 2123 3350
f 905 915 359 906
f 914 357 359 915
f 917 906 359 3350
f 360 363 366 368
f 2675 363 360 362
f 362 360 361 940
f 368 358 361 360
f 361 912 911 940
f 363 364 365 366
f 854 856 364 3380
f 364 363 2675 3380
f 3026 365 364 856
f 367 366 365 2612
f 367 2123 368 366
f 369 371 372 691
f 369 691 693 859
f 369 859 858 370
f 371 369 370 402
f 382 390 370 858
f 406 3051 372 371
f 372 688 687 691
f 374 375 373 407
f 865 866 373 375
f 941 394 373 866
f 375 374 408 864
f 376 378 381 380
f 402 377 376 405
f 376 380 403 405
f 378 376 377 409
f 380 381 379 3257
f 2247 3072 379 381
f 380 3257 397 403
f 2230 2247 381 378
f 384 382 383 386
f 383 382 858 2143
f 384 386 388 3023
f 384 389 390 382
f 2191 389 384 3023
f 386 383 385 387
f 391 387 385 2131
f 2143 862 385 383
f 388 386 387 2879
f 2138 2146 388 2879
f 2152 3023 388 2146
f 402 370 390 377
f 409 377 390 389
f 408 393 391 2131
f 2879 387 391 199
f 392 198 393 407
f 394 392 407 373
f 904 194 394 941
f 3135 396 395 401
f 397 395 396 2294
f 2643 667 396 3135
f 399 395 397 3257
f 397 2294 404 403
f 398 3134 3135 401
f 399 400 401 395
f 406 371 402 405
f 405 403 404 406
f 406 404 689 3051
f 408 374 407 393
f 861 864 408 2131
f 2191 2190 409 389
f 409 2190 2230 378
f 412 410 411 3202
f 3304 440 411 410
f 413 414 412 3202
f 412 3253 2596 410
f 413 2839 423 421
f 2926 2839 413 3202
f 414 413 421 429
f 414 429 430 2671
f 3253 412 414 2671
f 418 417 415 2733
f 415 416 2716 2733
f 415 417 2859 2858
f 417 418 419 3295
f 2597 419 418 2971
f 2732 2971 418 2733
f 420 3174 428 427
f 429 421 420 427
f 420 422 439 3174
f 422 420 421 423
f 425 439 422 423
f 424 425 423 2839
f 424 2839 2926 896
f 431 439 425 3008
f 897 3008 425 424
f 426 427 428 3327
f 426 430 429 427
f 433 2888 428 3174
f 428 2888 435 3327
f 430 426 3160 2672
f 432 433 431 3009
f 838 837 432 3009
f 2489 434 432 837
f 433 432 434 2888
f 439 431 433 3174
f 434 833 435 2888
f 434 2489 779 833
f 435 436 437 3327
f 832 436 435 833
f 437 436 438 3075
f 832 835 438 436
f 438 3094 3095 3075
f 440 441 442 411
f 441 444 443 446
f 446 447 442 441
f 442 2926 3202 411
f 443 444 445 3195
f 443 3195 455 3319
f 895 446 443 3319
f 445 2652 2651 3175
f 447 446 895 2812
f 2926 442 447 896
f 457 449 448 2580
f 2625 2576 448 21
f 449 457 456 452
f 454 455 450 453
f 452 450 451 3346
f 455 3195 451 450
f 453 450 452 456
f 458 3325 453 456
f 453 3325 892 454
f 455 454 891 3319
f 458 456 457 2615
f 2579 2615 457 2580
f 2614 2831 458 2615
f 459 460 461 3188
f 459 3188 2761 3141
f 714 713 460 2865
f 3212 2865 460 459
f 461 460 713 2844
f 461 2511 2611 3188
f 463 464 462 3081
f 2866 3296 462 701
f 3318 701 462 464
f 463 3081 524 519
f 463 521 2990 464
f 464 2990 549 3318
f 466 467 465 3326
f 465 467 468 2526
f 785 2803 465 2526
f 466 2814 469 467
f 2816 2814 466 2972
f 467 469 470 468
f 786 2526 468 3113
f 2796 3113 468 470
f 470 471 472 2796
f 470 469 475 471
f 471 541 538 472
f 471 475 2663 541
f 472 538 780 2795
f 2816 2817 473 2814
f 475 473 474 2663
f 543 2663 474 546
f 474 473 2817 3255
f 475 469 2814 473
f 476 477 478 3348
f 476 2950 479 477
f 476 3348 2864 2699
f 480 796 478 477
f 478 481 482 3348
f 480 477 479 3331
f 515 3331 479 514
f 843 329 480 3331
f 481 478 796 844
f 481 2493 2498 482
f 482 2863 2864 3348
f 507 2629 483 485
f 3138 484 483 3311
f 485 483 484 2916
f 488 487 484 3138
f 3217 2674 485 2916
f 487 488 486 489
f 791 489 486 757
f 2556 2558 486 488
f 487 2917 2916 484
f 3280 2917 487 489
f 3216 2556 488 3138
f 491 492 490 793
f 490 495 494 793
f 2553 2555 490 492
f 490 2555 2561 495
f 492 491 977 511
f 493 494 495 3370
f 2572 2571 493 3370
f 2591 494 493 2590
f 792 793 494 2591
f 495 2561 3087 3370
f 2464 334 496 2468
f 498 496 497 3085
f 2794 3085 497 845
f 2468 496 498 2476
f 2477 2476 498 2895
f 499 501 2682 2904
f 501 499 500 2770
f 500 499 502 2600
f 2769 2770 500 2601
f 3323 2791 501 2770
f 2805 545 502 3185
f 502 499 2904 3185
f 502 545 3255 2600
f 503 504 505 2775
f 503 2601 2644 2973
f 504 2712 2607 2609
f 504 2609 2688 505
f 504 503 2973 2712
f 2517 2491 505 2688
f 506 508 718 3359
f 506 3359 3259 2630
f 508 506 507 717
f 2630 2629 507 506
f 507 485 2674 717
f 508 716 2868 718
f 509 510 511 512
f 509 512 513 2545
f 515 514 509 2545
f 510 509 514 3154
f 510 3154 2554 2553
f 511 977 976 512
f 2553 492 511 510
f 794 795 513 974
f 513 512 976 974
f 514 479 2950 3154
f 2542 2543 515 2545
f 516 517 518 2953
f 516 3366 528 2991
f 516 2953 2952 3366
f 516 2991 2992 517
f 517 553 554 518
f 517 2992 556 553
f 518 2999 2951 2953
f 519 520 521 463
f 520 519 523 526
f 520 526 528 3366
f 520 3366 2952 521
f 547 2990 521 2952
f 524 522 523 519
f 523 522 2794 2964
f 524 2720 3179 522
f 526 527 525 528
f 849 797 525 527
f 525 799 2991 528
f 2964 527 526 523
f 530 531 529 2435
f 2436 2435 529 2846
f 529 3080 3200 2846
f 530 2435 2441 2451
f 531 2429 2430 2815
f 531 530 3003 2429
f 531 2815 3080 529
f 532 2928 2441 533
f 534 532 533 3137
f 533 2441 2435 2436
f 3136 3137 533 2436
f 534 535 2463 2804
f 2806 532 534 2804
f 535 534 3137 536
f 537 535 536 2882
f 777 2987 537 2882
f 2463 535 537 3356
f 539 540 538 541
f 782 780 538 540
f 539 2922 783 540
f 2663 543 539 541
f 542 544 2463 3356
f 544 542 543 546
f 543 542 2922 539
f 544 546 545 2805
f 2804 2463 544 2805
f 546 474 3255 545
f 547 548 549 2990
f 3046 548 547 2951
f 548 3046 3290 727
f 549 548 727 704
f 550 572 590 566
f 552 550 551 574
f 554 553 551 569
f 551 553 556 574
f 566 569 551 550
f 572 550 552 2358
f 594 2358 552 576
f 554 569 570 3376
f 2999 518 554 3376
f 564 565 555 557
f 574 556 555 575
f 557 555 556 2992
f 558 582 584 2870
f 3201 559 558 2870
f 560 558 559 728
f 582 558 560 3261
f 560 728 733 3012
f 560 3012 3211 3261
f 561 563 2415 2903
f 2419 776 561 2903
f 563 561 562 2884
f 776 775 562 561
f 562 777 2882 2884
f 2416 2415 563 3360
f 2883 3360 563 2884
f 564 557 799 798
f 575 555 565 851
f 567 568 566 590
f 568 570 569 566
f 586 3011 568 567
f 568 3011 3324 570
f 571 612 590 572
f 571 573 592 613
f 573 571 572 2358
f 591 592 573 593
f 574 575 576 552
f 575 851 578 576
f 576 578 577 594
f 801 800 577 578
f 577 800 802 595
f 580 581 579 583
f 3206 583 579 2368
f 580 582 3261 3368
f 581 736 2367 579
f 581 580 3368 735
f 583 584 582 580
f 2871 584 583 3206
f 737 3211 585 589
f 587 585 586 567
f 586 585 3211 3012
f 587 588 589 585
f 590 612 587 567
f 587 612 611 588
f 2334 609 588 611
f 609 610 589 588
f 591 593 595 2272
f 591 2272 2271 638
f 638 637 592 591
f 2358 594 593 573
f 595 593 594 577
f 595 802 803 2272
f 596 597 598 2963
f 596 640 641 643
f 596 2963 3332 640
f 643 3119 597 596
f 599 601 598 597
f 600 601 599 602
f 599 597 3119 644
f 600 603 605 3186
f 3069 601 600 3186
f 601 3069 3170 598
f 603 600 602 2351
f 602 599 644 3340
f 603 2351 2350 2354
f 603 2354 2366 605
f 2391 3173 604 606
f 2820 2819 604 3173
f 604 2819 3186 605
f 606 604 605 2366
f 645 646 607 2333
f 609 607 608 610
f 646 652 608 607
f 2333 607 609 2334
f 737 589 610 738
f 739 738 610 608
f 611 613 614 2334
f 613 611 612 571
f 613 592 637 614
f 615 616 617 632
f 624 626 615 629
f 615 626 672 616
f 658 617 616 659
f 616 672 671 659
f 2209 2208 618 620
f 2253 2254 618 2208
f 620 618 619 2248
f 2254 2282 619 618
f 620 741 740 2209
f 765 2861 621 763
f 621 2861 2301 622
f 623 621 622 2262
f 763 621 623 2303
f 623 2262 2263 3178
f 625 626 624 806
f 624 627 628 806
f 625 810 672 626
f 625 806 807 808
f 812 810 625 808
f 629 630 627 624
f 628 627 638 2271
f 805 804 628 2271
f 629 615 632 647
f 639 630 629 647
f 630 637 638 627
f 631 648 646 645
f 631 645 647 632
f 633 631 632 617
f 648 631 633 650
f 633 617 658 3058
f 636 634 635 3220
f 635 634 651 650
f 635 3058 3001 3220
f 636 2248 744 634
f 636 3220 2197 741
f 639 614 637 630
f 639 2333 2334 614
f 640 3265 742 641
f 641 742 745 642
f 643 641 642 2301
f 644 765 764 3340
f 646 648 649 652
f 2333 639 647 645
f 650 651 649 648
f 649 651 743 746
f 650 633 3058 635
f 744 743 651 634
f 739 608 652 3176
f 652 649 746 3176
f 653 655 670 3377
f 3062 657 653 3377
f 655 653 654 3371
f 657 656 654 653
f 661 660 655 3371
f 669 670 655 660
f 656 677 676 2145
f 678 677 656 657
f 2144 654 656 2145
f 657 3062 694 678
f 658 659 660 661
f 3001 3058 658 661
f 660 659 671 669
f 2198 3001 661 3371
f 662 663 664 2142
f 663 665 666 664
f 663 662 696 2639
f 664 666 690 667
f 665 750 685 666
f 665 747 748 750
f 2639 747 665 663
f 668 667 2643 2168
f 2142 664 667 668
f 2294 396 667 690
f 668 2168 2169 2142
f 3363 670 669 673
f 670 3363 2754 3377
f 673 669 671 809
f 809 671 672 810
f 673 809 811 2151
f 696 662 674 676
f 674 662 2142 2169
f 2174 675 674 2169
f 676 674 675 2145
f 740 2196 675 2174
f 2144 2145 675 2196
f 682 2640 677 678
f 696 676 677 2640
f 683 682 678 694
f 679 697 698 2127
f 681 679 680 3322
f 680 682 683 3322
f 2127 2128 680 679
f 697 679 681 920
f 3133 3306 681 3322
f 2128 2640 682 680
f 683 694 695 815
f 686 684 685 750
f 685 689 690 666
f 685 684 3051 689
f 688 684 686 924
f 748 749 686 750
f 688 924 925 687
f 3051 684 688 372
f 2294 690 689 404
f 692 693 691 687
f 925 935 692 687
f 693 875 860 859
f 927 875 693 692
f 813 814 695 2753
f 816 815 695 814
f 3062 2753 695 694
f 697 920 919 698
f 747 2127 698 748
f 699 701 3318 703
f 701 699 700 2866
f 709 708 700 699
f 700 708 711 712
f 702 703 704 705
f 702 706 707 709
f 709 699 703 702
f 704 727 726 705
f 704 703 3318 549
f 706 702 705 2457
f 708 709 707 710
f 2790 2791 707 706
f 708 710 3225 711
f 2791 3323 710 707
f 3041 712 711 3040
f 713 714 712 3041
f 712 714 2866 700
f 2685 2844 713 3041
f 715 722 2751 716
f 717 715 716 508
f 717 2674 719 715
f 719 721 722 715
f 721 719 720 2998
f 720 3087 2561 2998
f 720 719 2674 3217
f 721 2998 3338 2786
f 2700 2751 722 2701
f 2786 2701 722 721
f 724 725 723 3000
f 723 725 729 3103
f 3046 3000 723 3290
f 730 725 724 3324
f 2999 3376 724 3000
f 2447 2456 726 3139
f 726 2456 2457 705
f 727 3290 3139 726
f 728 559 731 732
f 729 725 730 732
f 3011 733 730 3324
f 2429 734 731 2430
f 731 559 3201 2430
f 733 728 732 730
f 734 729 732 731
f 734 3102 3103 729
f 736 581 735 3059
f 735 738 739 3059
f 2963 2367 736 3332
f 736 3059 3060 3332
f 3368 737 738 735
f 2192 2209 740 2174
f 2197 2196 740 741
f 741 620 2248 636
f 742 743 744 745
f 743 742 3265 746
f 745 744 2248 619
f 2282 642 745 619
f 3060 3176 746 3265
f 747 2639 2128 2127
f 748 698 919 749
f 924 686 749 934
f 751 752 753 3339
f 2548 2549 751 3339
f 751 2549 2910 3126
f 3126 3352 752 751
f 753 752 886 887
f 753 889 2551 3339
f 755 756 754 3164
f 885 884 754 2823
f 754 884 886 3164
f 2824 2823 754 756
f 755 3165 2778 3111
f 2527 2824 756 2873
f 3111 2873 756 755
f 757 486 2558 758
f 759 757 758 787
f 758 3262 3242 787
f 758 2558 3263 3262
f 759 789 791 757
f 3163 789 759 788
f 760 761 762 2350
f 760 3384 1020 1384
f 761 1383 1041 1043
f 1384 1383 761 760
f 761 1043 2362 762
f 762 2362 2363 2353
f 764 765 3391 3260
f 763 2303 868 1341
f 1328 3260 3391 1342
f 764 1020 3384 3340
f 3119 2861 765 644
f 766 767 768 2363
f 1047 767 766 2375
f 2362 1048 766 2363
f 766 1048 2372 2375
f 767 1047 818 769
f 768 767 769 773
f 768 2373 2353 2363
f 770 771 769 818
f 772 773 769 771
f 2394 771 770 2410
f 770 817 2401 2410
f 771 2394 2393 772
f 772 2393 2392 2810
f 2373 768 773 2811
f 773 772 2810 2811
f 774 775 776 826
f 777 562 775 2984
f 828 2984 775 774
f 778 779 780 782
f 781 836 778 782
f 835 832 778 836
f 832 833 779 778
f 779 2489 2795 780
f 781 783 2983 2460
f 783 781 782 540
f 784 3044 878 3148
f 2527 785 784 3148
f 784 786 2662 3044
f 786 784 785 2526
f 788 759 787 3236
f 787 3242 3150 3236
f 788 3236 3237 3282
f 2584 790 789 3163
f 791 789 790 2573
f 791 2573 3280 489
f 793 792 978 491
f 795 2542 2545 513
f 797 798 799 525
f 797 849 847 2885
f 2885 848 798 797
f 799 557 2992 2991
f 851 850 801 578
f 801 2319 2317 800
f 2317 2273 802 800
f 2273 351 803 802
f 806 628 804 807
f 805 2271 2272 803
f 811 809 810 812
f 853 2151 811 852
f 852 811 812 2809
f 2675 814 813 3380
f 815 816 939 3133
f 815 3133 3322 683
f 816 362 940 939
f 2675 362 816 814
f 818 819 817 770
f 823 2401 817 312
f 2377 819 818 1047
f 822 820 821 319
f 821 820 823 2409
f 824 820 822 3256
f 822 319 825 2929
f 822 2929 2976 3256
f 823 820 824 2401
f 2418 2420 824 3256
f 825 2445 2446 2929
f 827 774 826 2438
f 826 776 2419 2975
f 2976 2438 826 2975
f 828 774 827 830
f 829 2459 3158 830
f 831 829 830 827
f 830 3158 2462 828
f 831 827 2438 2446
f 831 3089 2458 829
f 835 836 834 3159
f 835 3159 3094 438
f 836 781 2460 834
f 837 838 839 3028
f 2519 2520 838 3009
f 2662 839 838 2520
f 839 3113 2796 3028
f 841 842 840 962
f 961 962 840 323
f 840 842 2589 325
f 978 792 841 971
f 2591 842 841 792
f 2590 2589 842 2591
f 846 339 847 849
f 2794 845 846 2964
f 849 527 2964 846
f 850 2337 2319 801
f 2345 2337 850 341
f 855 857 853 355
f 855 856 854 857
f 2988 2989 855 355
f 855 2989 3026 856
f 857 854 2132 2985
f 857 2985 2151 853
f 858 859 860 2143
f 863 861 862 876
f 2131 385 862 861
f 863 874 864 861
f 865 375 864 874
f 866 865 942 959
f 868 869 867 989
f 2298 2277 867 871
f 868 989 988 1341
f 2308 869 868 2303
f 869 870 871 867
f 3177 870 869 2308
f 870 872 873 871
f 3177 2642 872 870
f 1023 2297 873 2299
f 873 2297 2298 871
f 3388 2299 873 872
f 874 863 930 958
f 942 865 874 958
f 876 860 875 926
f 876 926 930 863
f 2143 860 876 862
f 877 878 879 899
f 881 880 877 882
f 893 882 877 899
f 878 877 880 3148
f 879 878 3044 3128
f 2527 3148 880 2824
f 2823 2824 880 881
f 881 882 883 3243
f 893 890 883 882
f 884 888 887 886
f 888 884 885 3104
f 3352 3164 886 752
f 889 753 887 3294
f 3294 887 888 3180
f 2559 2551 889 3294
f 890 893 894 891
f 3091 883 890 892
f 892 890 891 454
f 891 894 895 3319
f 3219 3091 892 3325
f 899 898 894 893
f 894 898 2812 895
f 897 424 896 2620
f 2812 2620 896 447
f 897 2621 2519 3008
f 899 879 2813 898
f 900 905 906 184
f 902 900 901 910
f 902 918 905 900
f 902 910 945 947
f 946 918 902 947
f 903 943 944 909
f 943 903 904 959
f 945 910 908 907
f 909 944 945 907
f 911 912 913 938
f 939 940 911 3298
f 913 937 933 938
f 936 937 913 914
f 914 915 916 936
f 915 905 918 916
f 946 956 916 918
f 2123 185 917 3350
f 934 749 919 921
f 921 919 920 932
f 920 681 3306 932
f 921 923 922 934
f 924 934 922 925
f 935 925 922 948
f 932 931 923 921
f 948 922 923 933
f 927 928 926 875
f 926 928 929 930
f 927 692 935 954
f 949 928 927 954
f 928 949 950 929
f 951 952 929 950
f 929 952 958 930
f 933 923 931 938
f 3298 931 932 3306
f 953 948 933 937
f 953 954 935 948
f 956 955 936 916
f 937 936 955 953
f 3298 911 938 931
f 3306 3133 939 3298
f 959 904 941 866
f 943 959 942 957
f 943 957 960 944
f 947 945 944 960
f 960 951 946 947
f 949 954 953 955
f 955 956 950 949
f 951 950 956 946
f 960 957 952 951
f 958 952 957 942
f 961 964 981 980
f 962 970 971 841
f 962 961 980 970
f 981 964 963 966
f 969 966 965 271
f 968 981 966 969
f 967 968 969 794
f 974 975 967 794
f 968 967 975 983
f 980 981 968 983
f 970 980 983 972
f 971 970 972 973
f 979 973 972 982
f 973 979 978 971
f 975 974 976 982
f 978 979 977 491
f 977 979 982 976
f 983 975 982 972
f 990 2265 984 1330
f 986 984 985 987
f 985 2297 1023 987
f 2265 2277 985 984
f 1016 1015 986 987
f 1330 984 986 1331
f 1338 1331 986 1015
f 988 1327 1343 1341
f 990 988 989 2265
f 989 867 2277 2265
f 1319 1320 990 1330
f 990 1320 1327 988
f 1006 1005 991 993
f 2312 992 991 3386
f 993 991 992 2245
f 992 2231 2214 2245
f 3387 2231 992 2312
f 993 3194 3235 1006
f 994 995 996 1340
f 999 998 994 1339
f 998 2287 995 994
f 996 995 2284 2288
f 996 2288 2285 3385
f 998 999 997 1017
f 1338 1015 997 1348
f 999 1339 1337 1349
f 1348 997 999 1349
f 1001 1002 1000 1003
f 1209 1003 1000 1230
f 1252 1230 1000 1253
f 1000 1002 1364 1253
f 1001 1003 1004 1212
f 1214 1363 1001 1212
f 1231 1002 1001 1363
f 1208 1210 1004 1207
f 1004 1003 1209 1207
f 1211 1212 1004 1210
f 1005 1388 1387 1034
f 1005 1006 2285 1388
f 1005 1034 3386 991
f 1006 3235 3385 2285
f 1305 1008 1007 1304
f 1009 1007 1008 1326
f 1008 1305 1291 1312
f 1325 1326 1008 1312
f 1010 1007 1009 1324
f 1009 1349 1337 1324
f 1010 1302 1304 1007
f 1012 1013 1011 1014
f 1011 1013 1223 1242
f 1240 1014 1011 1245
f 1200 1219 1012 1217
f 1218 1013 1012 1219
f 1014 1239 1217 1012
f 1015 1016 1017 997
f 1016 987 1023 1022
f 1017 1016 1022 1024
f 2287 998 1017 1024
f 1328 1333 1018 3260
f 1020 1018 1019 1384
f 1019 1018 1333 1332
f 1383 1384 1019 2326
f 1019 1344 1759 2326
f 1020 764 3260 1018
f 1021 1022 1023 2299
f 1024 1022 1021 1390
f 1021 2299 3388 2821
f 1029 1026 1025 1040
f 1390 1039 1025 1027
f 1027 1025 1026 2284
f 1026 2318 2288 2284
f 1028 1029 1030 1032
f 1031 1387 1028 1032
f 1028 1387 1388 2318
f 2318 1026 1029 1028
f 2341 1030 1029 1040
f 1030 2341 2348 2365
f 1030 2365 2361 1032
f 1031 2349 1034 1387
f 1031 1033 2357 2349
f 1033 1031 1032 2361
f 1033 1045 1046 2357
f 1035 3386 1034 2349
f 1035 2349 2357 1049
f 1037 1038 1036 2343
f 1036 1038 1039 1391
f 2341 1040 1038 1037
f 1039 1038 1040 1025
f 1385 1042 1041 2266
f 2326 2266 1041 1383
f 1043 1041 1042 1044
f 1042 1035 1049 1044
f 1042 1385 3389 1035
f 2362 1043 1044 1048
f 2361 309 1045 1033
f 1045 308 2376 1046
f 1048 1044 1049 2372
f 1050 1051 1052 1055
f 1054 1053 1050 1055
f 1081 1051 1050 1082
f 1051 1081 1105 1078
f 1078 1077 1052 1051
f 1053 1083 1082 1050
f 1054 1056 1057 1053
f 1399 1056 1054 1396
f 1055 1052 1393 1392
f 1396 1054 1055 1392
f 1056 1399 1398 1058
f 1057 1056 1058 1059
f 1057 1086 1083 1053
f 1060 1059 1058 1061
f 1058 1398 1400 1061
f 1059 1089 1086 1057
f 1060 1061 1062 1064
f 1089 1059 1060 1088
f 1062 1061 1400 1402
f 1063 1065 1066 1092
f 1063 1090 1091 1064
f 1065 1063 1064 1062
f 1064 1091 1088 1060
f 1065 1062 1402 1405
f 1068 1067 1066 1404
f 1066 1067 1095 1092
f 1405 1404 1066 1065
f 1069 1067 1068 1070
f 1403 1406 1068 1404
f 1071 1072 1069 1070
f 1095 1067 1069 1096
f 1406 1407 1070 1068
f 1409 1071 1070 1407
f 1071 1073 1074 1072
f 1071 1409 1408 1073
f 1096 1069 1072 1098
f 1075 1074 1073 1076
f 1073 1408 1411 1076
f 1074 1104 1098 1072
f 1074 1075 1102 1104
f 1075 1076 1077 1078
f 1075 1078 1105 1102
f 1393 1052 1077 1410
f 1411 1410 1077 1076
f 1079 1080 1081 1082
f 1083 1084 1079 1082
f 1079 1107 1106 1080
f 1108 1107 1079 1084
f 1105 1081 1080 1100
f 1083 1086 1085 1084
f 1085 1109 1108 1084
f 1087 1085 1086 1089
f 1087 1089 1088 1121
f 1109 1085 1087 1136
f 1087 1121 1123 1136
f 1090 1063 1092 1094
f 1090 1094 1112 1111
f 1111 1110 1091 1090
f 1121 1088 1091 1110
f 1093 1094 1092 1095
f 1094 1093 1113 1112
f 1095 1096 1097 1093
f 1096 1098 1099 1097
f 1113 1093 1097 1115
f 1099 1098 1104 1103
f 1099 1114 1115 1097
f 1100 1101 1102 1105
f 1106 1117 1100 1080
f 1117 1116 1101 1100
f 1101 1116 1118 1103
f 1103 1104 1102 1101
f 1114 1099 1103 1118
f 1119 1120 1106 1107
f 1106 1120 1129 1117
f 1107 1108 1133 1119
f 1109 1134 1133 1108
f 1111 1124 1122 1110
f 1111 1112 1350 1124
f 1351 1350 1112 1113
f 1114 1125 1126 1115
f 1115 1126 1351 1113
f 1127 1116 1117 1129
f 1118 1128 1125 1114
f 1127 1128 1118 1116
f 1132 1130 1119 1133
f 1130 1131 1120 1119
f 1149 1129 1120 1131
f 1122 1123 1121 1110
f 1141 1138 1122 1124
f 1138 1137 1123 1122
f 1142 1141 1124 1350
f 1125 1146 1145 1126
f 1126 1145 1144 1351
f 1149 1147 1127 1129
f 1128 1148 1146 1125
f 1128 1127 1147 1148
f 1150 1131 1130 1151
f 1152 1151 1130 1132
f 1132 1133 1134 1153
f 1136 1135 1134 1109
f 1153 1134 1135 1154
f 1137 1135 1136 1123
f 1137 1155 1154 1135
f 1137 1138 1165 1155
f 1140 1165 1138 1141
f 1139 1140 1141 1142
f 1139 1143 1171 1156
f 1140 1139 1156 1167
f 1143 1139 1142 1144
f 1351 1144 1142 1350
f 1143 1144 1145 1352
f 1352 1145 1146 1158
f 1148 1157 1158 1146
f 1148 1147 1159 1157
f 1149 1131 1150 1160
f 1159 1147 1149 1160
f 1150 1151 1161 1176
f 1150 1176 1175 1160
f 1151 1152 1178 1161
f 1152 1132 1153 1162
f 1162 1153 1154 1163
f 1155 1164 1163 1154
f 1168 1167 1156 1169
f 1170 1169 1156 1171
f 1157 1159 1174 1173
f 1172 1352 1158 1353
f 1158 1157 1173 1353
f 1160 1175 1174 1159
f 1354 1176 1161 1177
f 1178 1152 1162 1182
f 1163 1180 1182 1162
f 1164 1155 1165 1166
f 1164 1183 1180 1163
f 1164 1166 1186 1183
f 1165 1140 1167 1166
f 1186 1166 1167 1168
f 1184 1168 1169 1187
f 1188 1187 1169 1170
f 1170 1171 1172 1189
f 1171 1143 1352 1172
f 1173 1193 1191 1353
f 1174 1194 1193 1173
f 1175 1195 1194 1174
f 1195 1175 1176 1354
f 1178 1179 1177 1161
f 1355 1354 1177 1362
f 1182 1181 1179 1178
f 1362 1177 1179 1356
f 1181 1182 1180 1358
f 1180 1183 1357 1358
f 1356 1179 1181 1208
f 1183 1186 1185 1357
f 1184 1185 1186 1168
f 1196 1197 1185 1184
f 1196 1184 1187 1198
f 1188 1170 1189 1190
f 1198 1187 1188 1199
f 1189 1191 1192 1190
f 1353 1191 1189 1172
f 1199 1188 1190 1200
f 1193 1359 1192 1191
f 1192 1219 1200 1190
f 1359 1193 1194 1361
f 1360 1361 1194 1195
f 1196 1213 1214 1197
f 1197 1214 1212 1211
f 1357 1185 1197 1211
f 1198 1215 1213 1196
f 1198 1199 1216 1215
f 1199 1200 1217 1216
f 1203 1201 1202 1204
f 1202 1201 1222 1221
f 1362 1204 1202 1355
f 1226 1201 1203 1224
f 1205 1203 1204 1206
f 1356 1206 1204 1362
f 1224 1203 1205 1229
f 1208 1207 1206 1356
f 1209 1205 1206 1207
f 1358 1210 1208 1181
f 1229 1205 1209 1230
f 1210 1358 1357 1211
f 1233 1363 1214 1213
f 1233 1213 1215 1234
f 1216 1236 1234 1215
f 1239 1236 1216 1217
f 1223 1013 1218 1220
f 1359 1218 1219 1192
f 1220 1221 1222 1223
f 1359 1361 1220 1218
f 1220 1361 1360 1221
f 1355 1202 1221 1360
f 1222 1201 1226 1241
f 1222 1241 1242 1223
f 1225 1226 1224 1227
f 1228 1227 1224 1229
f 1241 1226 1225 1243
f 1249 1250 1225 1227
f 1225 1250 1261 1243
f 1251 1249 1227 1228
f 1228 1229 1230 1252
f 1364 1002 1231 1365
f 1232 1233 1234 1235
f 1232 1231 1363 1233
f 1232 1255 1365 1231
f 1235 1234 1236 1237
f 1255 1232 1235 1256
f 1238 1237 1236 1239
f 1237 1259 1256 1235
f 1238 1240 1247 1260
f 1238 1260 1259 1237
f 1239 1014 1240 1238
f 1243 1244 1242 1241
f 1242 1244 1245 1011
f 1261 1248 1244 1243
f 1245 1246 1247 1240
f 1245 1244 1248 1246
f 1262 1263 1247 1246
f 1247 1263 1268 1260
f 1248 1264 1262 1246
f 1249 1366 1280 1250
f 1367 1366 1249 1251
f 1250 1280 1269 1261
f 1251 1228 1252 1254
f 1254 1252 1253 1265
f 1253 1364 1368 1265
f 1367 1251 1254 1266
f 1255 1256 1257 1258
f 1371 1365 1255 1258
f 1257 1256 1259 1380
f 1267 1258 1257 1276
f 1380 1259 1260 1268
f 1264 1248 1261 1269
f 1262 1270 1271 1263
f 1262 1264 1272 1270
f 1266 1254 1265 1273
f 1373 1367 1266 1274
f 1267 1369 1371 1258
f 1267 1275 1374 1369
f 1268 1263 1271 1375
f 1277 1380 1268 1375
f 1272 1264 1269 1282
f 1270 1272 1283 1288
f 1287 1271 1270 1288
f 1376 1375 1271 1287
f 1274 1266 1273 1284
f 1285 1284 1273 1370
f 1368 1370 1273 1265
f 1274 1298 1296 1373
f 1275 1267 1276 1279
f 1275 1279 1300 1378
f 1275 1378 1377 1374
f 1380 1277 1276 1257
f 1277 1278 1279 1276
f 1375 1376 1278 1277
f 1279 1278 1301 1300
f 1280 1281 1282 1269
f 1281 1280 1366 1372
f 1283 1272 1282 1289
f 1292 1289 1282 1281
f 1302 1288 1283 1304
f 1284 1286 1298 1274
f 1286 1284 1285 2175
f 1285 1374 1377 2175
f 1381 1376 1287 1303
f 1288 1302 1303 1287
f 1304 1283 1289 1305
f 1290 1291 1292 1293
f 1290 1294 1306 1311
f 1290 1311 1312 1291
f 1305 1289 1292 1291
f 1292 1281 1372 1293
f 1294 1290 1293 1296
f 1293 1372 1373 1296
f 1294 1295 1307 1306
f 1295 1294 1296 1298
f 1295 1297 1308 1307
f 1297 1295 1298 1286
f 2175 1317 1297 1286
f 1299 1300 1301 1379
f 1378 1300 1299 1315
f 1301 1381 1310 1379
f 1301 1278 1376 1381
f 1309 1303 1302 1010
f 1303 1309 1310 1381
f 1318 1311 1306 1319
f 1307 1320 1319 1306
f 1317 1316 1308 1297
f 1320 1307 1308 1327
f 1309 1323 1321 1310
f 1309 1010 1324 1323
f 1310 1321 1322 1379
f 1318 1325 1312 1311
f 1313 1314 1315 1329
f 1313 1329 1328 1342
f 1343 1316 1313 1342
f 1316 1317 1314 1313
f 1314 1377 1378 1315
f 2175 1377 1314 1317
f 1334 1329 1315 1299
f 1327 1308 1316 1343
f 1318 1319 1330 1331
f 1321 1323 1336 1335
f 1335 1332 1322 1321
f 1324 1337 1336 1323
f 1331 1338 1325 1318
f 1338 1348 1326 1325
f 1349 1009 1326 1348
f 1328 1329 1334 1333
f 1332 1333 1334 1322
f 1332 1335 1344 1019
f 1334 1299 1379 1322
f 1345 1344 1335 1336
f 1345 1336 1337 1339
f 1339 994 1340 1345
f 3385 1346 1340 996
f 1342 3391 1341 1343
f 1344 1345 1347 1759
f 1345 1340 1346 1347
f 1346 2255 1890 2833
f 2240 1347 1346 2833
f 3235 2255 1346 3385
f 1347 2240 2241 1760
f 1360 1195 1354 1355
f 1368 1364 1365 1371
f 1372 1366 1367 1373
f 1369 1370 1368 1371
f 1370 1369 1374 1285
f 1382 2335 1668 1581
f 1382 1581 1582 2765
f 1382 2765 1662 2335
f 1386 3389 1385 2300
f 1385 1563 1779 2300
f 1874 1389 1386 2304
f 2288 2318 1388 2285
f 3389 1386 1389 2312
f 1389 1874 3387 2312
f 1391 1039 1390 1021
f 1390 1027 2287 1024
f 1392 1393 1394 1395
f 1397 1396 1392 1395
f 1408 1412 1394 1411
f 1394 1393 1410 1411
f 1401 1397 1395 1413
f 1412 1413 1395 1394
f 1396 1397 1398 1399
f 1400 1398 1397 1401
f 1402 1400 1401 1403
f 1404 1405 1402 1403
f 1413 1406 1403 1401
f 1406 1413 1412 1407
f 1408 1409 1407 1412
f 1430 1417 1414 3224
f 1416 1414 1415 1431
f 1415 1414 1417 2487
f 1432 2789 1416 1431
f 3224 1414 1416 2692
f 1423 3285 1417 1430
f 2484 2487 1417 3285
f 1418 1419 1420 2832
f 1419 3049 1477 1479
f 1419 1418 3050 3049
f 1479 2624 1420 1419
f 1430 1429 1421 1423
f 3328 1422 1421 3033
f 1423 1421 1422 3252
f 2800 2799 1422 3328
f 1424 1478 1428 1425
f 1426 1424 1425 2725
f 2624 1424 1426 2799
f 1427 1425 1428 1491
f 1443 1444 1427 1492
f 1427 1444 2725 1425
f 1636 3034 1429 2691
f 1429 3034 3033 1421
f 1429 1430 3224 2691
f 1445 1433 1431 1415
f 1433 1434 1432 1431
f 1432 1434 1435 1437
f 1434 1433 1446 1447
f 1679 1435 1434 1447
f 1436 1437 1435 2544
f 1435 1679 2534 2544
f 1436 1460 1461 1462
f 1436 2544 1463 1460
f 2686 1437 1436 1462
f 1437 2686 2789 1432
f 2687 3312 1438 1440
f 1440 1438 1439 1457
f 2619 1458 1439 1454
f 3248 1454 1439 1438
f 2779 2687 1440 2637
f 1441 2473 1715 2483
f 1443 1441 1442 1444
f 1442 1441 2483 2484
f 1442 2484 3285 3353
f 1443 2472 2473 1441
f 1444 1442 3353 2725
f 1446 1433 1445 1680
f 1445 1415 2487 2499
f 1446 1680 1681 2508
f 1712 1447 1446 2508
f 1449 1450 1448 1785
f 1783 1785 1448 2948
f 1449 1785 2913 2801
f 1449 3234 3020 1450
f 1449 2801 3316 3234
f 1450 3198 2947 1448
f 1453 1451 1452 2802
f 1452 1451 1631 2697
f 1453 2977 1632 1451
f 1454 1455 1456 2619
f 1455 2602 2603 1456
f 3248 2638 1455 1454
f 1457 1439 1458 1459
f 1457 2636 2637 1440
f 3068 2636 1457 1459
f 1458 2619 2908 2667
f 1459 1634 1633 3068
f 1459 1458 2667 1634
f 1465 1644 1461 1460
f 1461 1640 1639 1462
f 1461 1644 1643 1640
f 1463 1464 1465 1460
f 1467 1464 1463 2539
f 2534 2539 1463 2544
f 1464 1467 1466 1468
f 1464 1468 1469 1465
f 1645 1644 1465 1469
f 1466 1675 1676 2098
f 1675 1466 1467 1677
f 1678 1677 1467 2539
f 2091 1469 1468 2092
f 2098 2092 1468 1466
f 1470 1471 1472 1473
f 1470 1477 3049 1504
f 1471 1499 1498 1501
f 1504 1499 1471 1470
f 1501 3279 1472 1471
f 2938 2937 1472 3279
f 1473 1475 1477 1470
f 2937 1476 1473 1472
f 1478 1475 1474 1428
f 1484 1483 1474 1476
f 1491 1428 1474 1483
f 1476 1474 1475 1473
f 1478 1479 1477 1475
f 2624 1479 1478 1424
f 1480 1481 1482 2946
f 1480 2748 3038 2427
f 1648 1482 1481 2623
f 2427 2428 1481 1480
f 3064 2623 1481 2428
f 1482 1647 2856 2946
f 1483 1485 1488 1491
f 1485 1483 1484 1487
f 1486 1487 1484 1521
f 1484 1476 2937 1521
f 3125 1487 1486 1722
f 1489 1485 1487 3125
f 1489 1490 1488 1485
f 1490 1720 1492 1488
f 1490 1718 1719 1720
f 1490 1489 2914 1718
f 1492 1427 1491 1488
f 1492 1720 2472 1443
f 1493 1494 1495 1649
f 1493 1497 1496 1494
f 1499 1495 1494 1498
f 1502 1498 1494 1496
f 1504 1503 1495 1499
f 2935 1649 1495 1503
f 1525 1502 1496 1650
f 1497 1493 1648 2623
f 1497 1651 1650 1496
f 1497 2623 3064 1651
f 3279 1501 1500 3247
f 1502 1500 1501 1498
f 1502 1525 1507 1500
f 1504 3049 3050 1503
f 1506 1507 1505 1514
f 1511 1505 1507 1525
f 1507 1506 3247 1500
f 1511 1512 1508 1505
f 1514 1505 1508 1510
f 1510 1508 1509 3162
f 1509 1508 1512 1526
f 1509 1526 1527 2911
f 3284 3162 1509 2911
f 1524 1512 1511 3383
f 1650 3383 1511 1525
f 1514 1510 1513 3362
f 1513 3351 1518 3362
f 3162 3161 1513 1510
f 3024 1506 1514 3362
f 1517 1515 1516 1519
f 3088 3024 1516 1515
f 2936 1515 1517 1520
f 1519 1516 1518 1723
f 1726 1723 1518 3351
f 1518 1516 3024 3362
f 1519 1728 1727 1517
f 1520 1486 1521 2936
f 1520 1721 1722 1486
f 1520 1517 1727 1721
f 1524 1522 1523 1536
f 1533 1536 1523 1531
f 1523 1522 2738 3367
f 1524 1536 1526 1512
f 1652 1522 1524 3383
f 1527 1533 1535 1537
f 1527 1526 1536 1533
f 1527 1537 1539 2911
f 1540 1529 1528 3284
f 3193 3161 1528 1530
f 1530 1528 1529 3077
f 1542 1543 1529 1540
f 1529 1543 1544 3077
f 1530 1729 1733 3193
f 1530 3077 2346 1729
f 3071 1532 1531 3382
f 1531 1523 3367 3382
f 1533 1531 1532 1535
f 1653 1534 1532 3071
f 1535 1532 1534 1548
f 1535 1548 1538 1537
f 1539 1537 1538 1541
f 1541 1542 1540 1539
f 2911 1539 1540 3284
f 1541 1538 1549 2323
f 1542 1584 1583 1543
f 1542 1541 2323 1584
f 1683 1544 1543 1583
f 1545 1653 2896 1875
f 1547 1545 1546 1588
f 1590 1588 1546 1665
f 1660 1665 1546 1661
f 3390 1661 1546 1545
f 1547 1550 1548 1534
f 1547 1588 1579 1550
f 1547 1534 1653 1545
f 1549 1538 1548 1550
f 1549 1550 1579 1578
f 2324 2323 1549 1578
f 1551 1552 1553 1557
f 1551 1557 2274 2276
f 1571 1570 1552 2233
f 1552 1551 1572 2233
f 1553 1552 1570 1554
f 1555 1553 1554 1556
f 1597 1598 1554 1570
f 1606 1556 1554 1598
f 1555 1558 1557 1553
f 1555 1568 1566 1558
f 1555 1556 3047 1568
f 1565 2274 1557 1558
f 1559 1561 1658 1654
f 1561 1559 1560 2250
f 1582 1581 1560 1559
f 1668 2780 1560 1581
f 1563 1564 1562 1779
f 1668 2335 1562 2780
f 2304 1779 1562 2335
f 2266 2252 1563 1385
f 2252 2243 1564 1563
f 1564 2264 2780 1562
f 1566 1567 1565 1558
f 1569 1567 1566 1687
f 1685 1687 1566 1568
f 2259 2278 1567 1569
f 1567 2278 2293 1565
f 1569 1687 2249 2260
f 1597 1570 1571 2212
f 2211 2212 1571 1576
f 1572 1574 1573 2233
f 1587 1574 1572 2286
f 2276 2286 1572 1551
f 1573 1574 1577 1575
f 1576 1573 1575 1659
f 1575 1577 1654 1658
f 2221 2211 1576 1659
f 2233 1573 1576 1571
f 1587 1664 1577 1574
f 2275 2324 1578 1580
f 1580 1578 1579 1589
f 1580 1589 2286 2276
f 1582 1559 1654 1663
f 1583 1586 1585 1683
f 2302 1586 1583 1584
f 2278 2259 1585 1586
f 2283 2315 1585 2259
f 2293 2278 1586 2302
f 1587 1590 1665 1664
f 1589 1579 1588 1590
f 2286 1589 1590 1587
f 1597 2212 1591 1593
f 2211 2912 1591 2212
f 2921 1592 1591 2912
f 1593 1591 1592 3221
f 1611 1610 1592 2921
f 1592 1610 2944 3221
f 1598 1597 1593 2655
f 2656 2655 1593 3221
f 1595 1596 1594 1609
f 1611 2934 1594 1596
f 1615 1616 1595 1609
f 1617 1596 1595 1623
f 1596 1617 1610 1611
f 1602 1606 1598 2655
f 1600 1601 1599 3210
f 1599 1604 1603 2860
f 1599 2860 2696 3210
f 1602 1601 1600 3329
f 1600 3210 1691 2731
f 2167 3329 1600 2731
f 1601 2656 1604 1599
f 1605 1606 1602 3329
f 2656 1601 1602 2655
f 1603 1624 1704 1701
f 1604 2944 1624 1603
f 3047 1556 1606 1605
f 1607 1608 1609 1594
f 2934 2161 1607 1594
f 1608 1607 1666 3283
f 1628 1615 1609 1608
f 1624 2944 1610 1617
f 2736 2934 1611 2921
f 1616 1615 1612 1625
f 1614 1612 1613 2055
f 1613 1612 1615 1628
f 1613 1627 2056 2055
f 1625 1612 1614 1749
f 2054 2058 1614 2055
f 1623 1595 1616 1626
f 1618 1620 1667 3055
f 1620 1618 1619 2053
f 1622 1621 1619 1618
f 1619 1621 2048 2049
f 1629 1667 1620 1627
f 1621 1622 2129 1780
f 3055 3054 1622 1618
f 1624 1617 1623 1704
f 1626 1616 1625 1705
f 1626 1703 1704 1623
f 1628 1629 1627 1613
f 2053 2056 1627 1620
f 3283 1629 1628 1608
f 1630 1646 2935 3112
f 1632 1630 1631 1451
f 2698 2697 1631 2965
f 1631 1630 3112 2965
f 1646 1630 1632 3061
f 2978 3061 1632 2977
f 1633 3287 2690 2528
f 2706 3287 1633 1634
f 2669 2706 1634 2667
f 1636 1637 1635 3034
f 1636 2691 2690 3287
f 1637 2661 2660 1635
f 1637 1636 3287 2706
f 1638 1639 1640 1642
f 1639 1638 2530 2529
f 1639 2529 2686 1462
f 2564 2577 1641 1643
f 2637 1642 1641 2779
f 1643 1641 1642 1640
f 1642 2637 2636 1638
f 2564 1643 1644 1645
f 1645 1469 2091 2089
f 1645 2089 2575 2564
f 1647 1482 1648 3127
f 1648 1493 1649 3127
f 1650 1651 1652 3383
f 2738 1522 1652 3065
f 1652 1651 3064 3065
f 1654 1577 1664 1663
f 1656 1657 1655 2220
f 1655 1657 2239 2213
f 1658 1561 1657 1656
f 1657 1561 2250 2239
f 1658 1656 1659 1575
f 2220 2221 1659 1656
f 1660 1661 1662 2765
f 1662 1661 3390 1874
f 1663 1664 1665 1660
f 2765 1582 1663 1660
f 1666 1607 2161 2160
f 2141 3055 1667 2139
f 3283 2139 1667 1629
f 1669 1670 1671 2088
f 2095 2094 1669 2090
f 1670 1669 2094 1706
f 1671 1670 1672 1673
f 1671 1673 1674 2575
f 2089 2088 1671 2575
f 1706 1707 1672 1670
f 2046 2592 1673 1672
f 1674 2577 2564 2575
f 1674 1673 2592 2657
f 1674 2657 2658 2577
f 1675 1708 1709 1676
f 1675 1677 2560 1708
f 2096 2097 1676 1709
f 1677 1678 2541 2560
f 1678 2539 2534 2533
f 1712 3281 1679 1447
f 2533 2534 1679 3281
f 1680 2486 1714 1681
f 2499 2486 1680 1445
f 1681 1710 1711 2508
f 1683 1684 1682 1544
f 1682 1684 2330 1735
f 3077 1544 1682 2346
f 2315 1684 1683 1585
f 3047 1697 1685 1568
f 1687 1685 1686 2249
f 1697 1699 1686 1685
f 2670 3006 1686 1699
f 1688 1691 1692 1689
f 1690 1688 1689 2158
f 1690 2641 2166 1688
f 2166 2731 1691 1688
f 1691 3210 2696 1692
f 1692 2695 1748 1689
f 1693 1690 2158 2159
f 2641 1690 1693 3182
f 1696 1694 1695 3093
f 1695 1694 3330 1736
f 1696 3093 1698 2167
f 1696 2166 2641 1694
f 1699 1697 1698 3093
f 3047 1605 1698 1697
f 3329 2167 1698 1605
f 1702 1700 1701 1758
f 1703 1758 1701 1704
f 1701 1700 2860 1603
f 1702 1758 1755 2676
f 2694 1700 1702 1744
f 1703 1626 1705 1756
f 1705 1625 1749 1751
f 2101 2102 1706 2094
f 1707 2045 2046 1672
f 2102 2108 1707 1706
f 1708 2099 2100 1709
f 2552 2099 1708 2560
f 1710 1681 1714 1717
f 1990 2496 1710 1717
f 1710 2496 2509 1711
f 1711 2509 1988 1987
f 1712 1987 1989 3281
f 1715 1713 1714 2486
f 1714 1713 1716 1717
f 1715 2473 2480 1713
f 1715 2486 2499 2483
f 1716 1991 1990 1717
f 1992 1991 1716 3310
f 1716 1713 2480 3310
f 1993 1719 1718 3272
f 1718 2914 3375 3272
f 2466 2467 1719 1993
f 1720 1719 2467 2472
f 1721 1994 3129 1722
f 1722 3129 1998 3125
f 1723 1725 1728 1519
f 1733 1732 1724 1726
f 2007 2006 1724 1732
f 1726 1724 1725 1723
f 2006 3021 1725 1724
f 3193 1733 1726 3351
f 1994 1721 1727 2000
f 2000 1727 1728 3172
f 1728 1725 3021 3172
f 1730 1731 1729 2346
f 1729 1731 1732 1733
f 1731 1730 1734 3314
f 2007 1732 1731 3314
f 1734 1730 1735 3355
f 2012 2005 1734 3355
f 1735 1730 2346 1682
f 1736 1738 2670 1695
f 1736 3330 2981 1737
f 1738 1736 1737 1740
f 1737 2981 2982 1739
f 1738 1740 3258 3191
f 1740 1737 1739 1741
f 1983 1984 1741 1739
f 1741 2261 3258 1740
f 1743 1744 1742 2016
f 1742 2676 3305 2017
f 1743 1746 1748 2695
f 1744 1702 2676 1742
f 1744 1743 2695 2694
f 1746 1747 1745 1748
f 2159 2158 1745 2015
f 1746 1743 2016 2150
f 1747 2014 2015 1745
f 2150 2149 1747 1746
f 1747 2149 2907 2014
f 2158 1689 1748 1745
f 1749 1614 2058 1750
f 1751 1749 1750 1753
f 1750 2058 2059 2073
f 1751 1752 1756 1705
f 1753 1754 1752 1751
f 1753 1750 2073 2072
f 1754 1915 1757 1752
f 1754 1753 2072 2618
f 1757 1755 1756 1752
f 1756 1755 1758 1703
f 2676 1755 1757 3305
f 1760 1761 1759 1347
f 1759 1772 2266 2326
f 2042 1767 1760 2241
f 1767 1766 1761 1760
f 1761 1771 1772 1759
f 1761 1766 2195 1771
f 1770 1763 1762 1768
f 1762 1764 2036 2035
f 1764 1762 1763 1773
f 1775 1774 1763 1770
f 1766 1767 1765 2170
f 1765 2181 1777 2170
f 1766 2170 2171 2195
f 1767 2042 2044 1765
f 1768 1762 2035 2130
f 1770 1768 1769 2943
f 2130 2126 1769 1768
f 1771 2881 2236 1772
f 1773 1763 1774 1776
f 2181 1764 1773 1777
f 2943 1781 1775 1770
f 1775 2129 3226 1774
f 1777 1773 1776 1778
f 3121 1778 1776 3120
f 3226 3120 1776 1774
f 2171 2170 1777 1778
f 2048 1621 1780 1782
f 1782 1780 1781 2125
f 2129 1775 1781 1780
f 1782 2061 2063 2048
f 2122 2061 1782 2125
f 3130 1784 1783 2617
f 1785 1783 1784 2913
f 1787 1788 1786 1789
f 1786 2047 1791 1789
f 3147 3267 1786 1788
f 1786 3267 3268 2047
f 2626 1788 1787 3312
f 1787 1789 2638 3248
f 2889 2638 1789 1791
f 1790 3015 1826 2890
f 2851 3015 1790 3048
f 2889 1791 1790 2890
f 3048 1790 1792 3045
f 1792 1790 1791 2047
f 1793 1794 1795 2581
f 2657 2592 1793 2628
f 2730 2628 1793 2581
f 1794 2046 2045 1952
f 1794 1793 2592 2046
f 1795 1794 1952 2565
f 3145 2581 1795 1796
f 1796 1795 2565 1797
f 3146 3145 1796 1798
f 1798 1796 1797 1803
f 1798 1803 1802 2855
f 3192 3146 1798 2855
f 1799 1801 1803 1797
f 1799 2570 1805 1800
f 1799 1797 2565 2570
f 1801 1799 1800 1930
f 1931 1929 1800 1805
f 1802 1803 1801 2723
f 1801 1930 3204 2723
f 1805 1806 1804 1931
f 1806 2104 1933 1804
f 1806 1805 2570 1951
f 1807 1836 1837 1835
f 1809 1807 1808 2495
f 1822 2495 1808 1823
f 1808 1807 1835 2995
f 1808 2995 3043 1823
f 1836 1807 1809 1962
f 2469 1962 1809 3374
f 1809 2495 2523 3374
f 2837 1811 1810 3354
f 1810 3007 2997 3354
f 1812 1810 1811 2897
f 1814 2897 1811 1815
f 1812 2897 1818 1817
f 1812 3269 3007 1810
f 1813 1814 1815 1937
f 2617 2680 1814 1813
f 1845 1937 1815 2836
f 2837 2836 1815 1811
f 1816 1817 1818 3274
f 2711 3244 1816 3151
f 2947 3151 1816 3274
f 3057 1817 1816 3244
f 1817 3057 3269 1812
f 1818 2680 2948 3274
f 1820 1821 1819 3299
f 1819 2525 2524 3299
f 2631 2599 1819 1821
f 1824 1825 1820 3299
f 1821 1820 1826 3015
f 1821 3015 2851 2631
f 1824 1822 1823 2967
f 1823 3043 2968 2967
f 1824 2967 2503 1825
f 1824 3299 2524 1822
f 1826 1820 1825 2654
f 1825 2503 2505 2654
f 1826 2654 2653 2890
f 1827 2455 2737 1828
f 1829 1827 1828 1935
f 1829 2426 2425 3378
f 2453 1827 1829 3378
f 1829 1935 3208 2426
f 1830 1831 1832 1834
f 1830 1833 2887 3099
f 2838 1832 1831 1847
f 1831 1830 3099 1846
f 1833 1830 1834 2996
f 1833 1835 1837 2887
f 1834 1832 2837 3354
f 2997 2996 1834 3354
f 1835 1833 2996 2995
f 1836 1960 1961 1837
f 1837 1961 1995 2887
f 1839 1840 1838 3042
f 1847 3042 1838 2838
f 1839 1852 1841 1840
f 1839 1971 1969 1852
f 1839 3042 3036 1971
f 1840 1842 1845 1838
f 1842 1840 1841 1844
f 1841 1852 1853 1843
f 2737 1936 1842 1844
f 1844 1841 1843 1934
f 3116 1934 1843 3292
f 3171 3292 1843 1853
f 1936 1937 1845 1842
f 2838 1838 1845 2836
f 1847 1831 1846 1966
f 1849 1850 1848 1851
f 1848 1938 1939 2338
f 3082 3083 1849 3223
f 1850 2874 1938 1848
f 2412 2874 1850 2747
f 1850 1849 3083 2747
f 2338 2325 1851 1848
f 3223 1849 1851 1871
f 1853 1852 1969 1968
f 1855 1856 1854 3153
f 1869 3153 1854 3381
f 3364 3381 1854 2379
f 1855 3153 1943 1945
f 1855 3288 3344 1856
f 1856 2378 2379 1854
f 1856 3344 2740 2378
f 1858 1859 1857 1870
f 1857 1859 1867 1866
f 1857 1862 1868 1870
f 3341 1862 1857 1866
f 3270 2279 1858 3364
f 1859 1858 2279 1873
f 3142 1867 1859 1873
f 1860 1861 1862 3341
f 1860 3341 2841 1897
f 1861 1860 1879 2199
f 1861 2199 2201 2759
f 2759 1868 1862 1861
f 1863 1866 1867 1864
f 1863 2841 3341 1866
f 1865 1863 1864 1981
f 1864 1867 3142 2270
f 1865 1981 1982 1984
f 1865 1984 1983 1985
f 1865 1985 2841 1863
f 1944 1869 1868 2759
f 1870 1868 1869 3381
f 1869 1944 1943 3153
f 3364 1858 1870 3381
f 1871 1873 2279 3223
f 2325 1872 1871 1851
f 1873 1871 1872 3142
f 2335 1662 1874 2304
f 1875 1940 1941 2244
f 1945 1940 1875 2896
f 3387 1874 3390 2244
f 2325 2338 1876 1878
f 1878 1876 1877 1979
f 1877 3361 1976 1978
f 1980 1979 1877 1978
f 2933 3361 1877 1876
f 2295 2296 1878 1979
f 1897 1896 1879 1860
f 1893 1892 1880 1882
f 1882 1880 1881 2200
f 1881 1880 1894 1906
f 3032 2219 1881 1906
f 1896 1893 1882 1879
f 1882 2200 2199 1879
f 1883 1888 1887 1950
f 1885 1883 1884 1913
f 1884 1883 1950 1948
f 1885 2185 1888 1883
f 2134 2188 1885 1913
f 1886 1887 1888 2203
f 1887 2893 1923 1950
f 1887 1886 2172 2893
f 1888 2185 2215 2203
f 1889 2189 3321 1890
f 1891 1889 1890 2255
f 1890 3321 2218 2833
f 2188 1889 1891 3189
f 1891 3194 2862 3189
f 1894 1880 1892 2854
f 1892 2149 2150 2854
f 2907 2149 1892 1893
f 1895 2907 1893 1896
f 1895 1896 1897 1986
f 2014 2907 1895 2019
f 2018 2019 1895 1986
f 1898 1899 1900 1925
f 1898 2148 2147 1899
f 1901 1902 1900 1899
f 1900 1902 1914 3254
f 1921 1925 1900 3254
f 2147 1904 1901 1899
f 1903 2956 1902 1901
f 1915 1914 1902 2956
f 1903 1901 1904 1905
f 1903 1905 3067 2017
f 3305 2956 1903 2017
f 1906 1894 1905 1904
f 1905 1894 2854 3067
f 1906 1904 2147 3032
f 1907 1909 2068 2069
f 2071 2785 1907 2069
f 1909 1907 1908 1947
f 1908 1910 1911 1912
f 1949 1947 1908 1912
f 1908 1907 2785 1910
f 1909 1946 2075 2068
f 2032 2031 1910 2785
f 2133 1911 1910 2031
f 1911 2133 2134 1913
f 1912 1911 1913 1884
f 1948 1949 1912 1884
f 1918 3254 1914 2618
f 2618 1914 1915 1754
f 3305 1757 1915 2956
f 1916 1918 2618 2072
f 1918 1916 1917 1920
f 1946 1919 1917 2067
f 1917 1916 2065 2067
f 1920 1917 1919 1922
f 3254 1918 1920 1921
f 1921 1920 1922 1924
f 1921 1924 1923 1925
f 1922 1919 1947 1949
f 1922 1949 1948 1924
f 1950 1923 1924 1948
f 1925 1923 2893 1898
f 2482 3084 1926 1928
f 2525 3063 1926 3084
f 1926 3063 2901 1927
f 1928 1926 1927 1956
f 1927 3204 1957 1956
f 2723 3204 1927 2901
f 1958 1959 1928 1956
f 1930 1800 1929 2521
f 1930 2521 1957 3204
f 1932 2537 1931 1804
f 1931 2537 2931 1929
f 1932 1804 1933 1954
f 2540 2535 1932 1954
f 1955 1954 1933 2103
f 1935 1828 1934 3116
f 2737 1844 1934 1828
f 1936 2737 2455 2616
f 2616 1813 1937 1936
f 1938 2645 2646 1939
f 3078 2645 1938 2874
f 1940 3218 2238 1941
f 2216 2226 1941 2238
f 1943 1944 1942 3218
f 1942 2949 2238 3218
f 1944 2759 2201 1942
f 1945 1943 3218 1940
f 1945 2896 3288 1855
f 1947 1919 1946 1909
f 2074 2075 1946 2067
f 2104 1806 1951 1953
f 1953 1951 1952 2045
f 1952 1951 2570 2565
f 2105 2104 1953 2108
f 1954 1955 2552 2540
f 2099 2552 1955 2109
f 1955 2103 2111 2109
f 1958 1956 1957 2510
f 1958 1990 1991 1959
f 1958 2510 2496 1990
f 2482 1928 1959 2474
f 1962 1963 1960 1836
f 1996 1995 1961 3375
f 1961 1960 3272 3375
f 2469 2465 1963 1962
f 1963 1993 3272 1960
f 1964 1965 1966 1846
f 2002 1965 1964 2848
f 1964 1846 3099 1997
f 2001 3036 1966 1965
f 3042 1847 1966 3036
f 1968 1969 1967 3276
f 1971 1970 1967 1969
f 1967 1970 2853 2008
f 3171 1853 1968 1974
f 2003 2853 1970 2001
f 2001 1970 1971 3036
f 1973 1974 1972 1975
f 1972 3276 3277 2004
f 3227 3171 1974 1973
f 3276 1972 1974 1968
f 2004 2005 1975 1972
f 2012 2013 1975 2005
f 1975 2013 3273 1973
f 1978 1976 1977 2336
f 1977 1976 3273 2013
f 1979 1980 2322 2295
f 2329 2322 1980 2305
f 2336 2305 1980 1978
f 2270 2269 1981 1864
f 1982 1981 2269 2979
f 1986 1985 1983 2018
f 1983 1739 2982 2018
f 1984 1982 2261 1741
f 2841 1985 1986 1897
f 1987 1712 2508 1711
f 1989 1987 1988 2536
f 1988 2509 2522 2931
f 2535 3169 1989 2536
f 2474 1959 1991 1992
f 1992 3310 2466 2465
f 2465 2466 1993 1963
f 2002 2848 1994 2000
f 3099 2887 1995 1997
f 1997 1995 1996 1999
f 1996 3375 2914 1998
f 1997 1999 2848 1964
f 1999 1996 1998 3129
f 2003 2002 2000 3172
f 2002 2003 2001 1965
f 2003 3172 3021 2853
f 2004 3277 2007 3314
f 2005 2004 3314 1734
f 2008 2006 2007 3277
f 3021 2006 2008 2853
f 3276 1967 2008 3277
f 2009 2010 2011 2321
f 2009 2306 2305 2336
f 2013 2012 2010 1977
f 2010 2009 2336 1977
f 2011 2010 2012 3355
f 2014 2019 3271 2015
f 2016 1742 2017 3067
f 2982 3271 2019 2018
f 2021 2022 2020 2029
f 2133 2031 2020 2026
f 2026 2020 2022 2024
f 2039 2025 2022 2021
f 2025 2023 2024 2022
f 2189 2026 2024 3321
f 2024 2023 2218 3321
f 2042 2023 2025 2044
f 2134 2133 2026 2189
f 2027 2028 2029 2032
f 2030 2028 2027 2078
f 2031 2032 2029 2020
f 2041 2021 2029 2028
f 2041 2028 2030 2038
f 2043 2038 2030 2077
f 2032 2785 2071 2027
f 2036 2037 2033 2035
f 2035 2033 2034 2130
f 2038 2043 2034 2033
f 2181 2040 2036 1764
f 2038 2033 2037 2041
f 2040 2039 2037 2036
f 2039 2021 2041 2037
f 2044 2025 2039 2040
f 2042 2241 2218 2023
f 2130 2034 2043 2126
f 2181 1765 2044 2040
f 2108 1953 2045 1707
f 3045 1792 2047 3268
f 2050 2049 2048 2063
f 2049 2050 2051 2052
f 2053 1619 2049 2052
f 2050 2063 2064 2084
f 2050 2084 2083 2051
f 2051 2083 2080 2079
f 2079 2057 2052 2051
f 2057 2056 2053 2052
f 2054 2055 2056 2057
f 2079 2060 2054 2057
f 2058 2054 2060 2059
f 2065 2073 2059 2066
f 2059 2060 2085 2066
f 2061 2122 2077 2062
f 2063 2061 2062 2064
f 2078 2086 2064 2062
f 2072 2073 2065 1916
f 2067 2065 2066 2074
f 2066 2085 2081 2074
f 2068 2075 2076 2082
f 2082 2070 2069 2068
f 2071 2069 2070 2086
f 2070 2082 2083 2084
f 2071 2086 2078 2027
f 2074 2081 2076 2075
f 2077 2030 2078 2062
f 2077 2122 2126 2043
f 2079 2080 2085 2060
f 2080 2076 2081 2085
f 2080 2083 2082 2076
f 2086 2070 2084 2064
f 2087 2088 2089 2091
f 2087 2091 2092 2093
f 2088 2087 2090 1669
f 2090 2087 2093 2118
f 2098 2116 2093 2092
f 2093 2116 2117 2118
f 2094 2095 2114 2101
f 2095 2090 2118 2114
f 2100 2112 2096 1709
f 2096 2112 2113 2097
f 2098 1676 2097 2116
f 2099 2109 2110 2100
f 2101 2114 2115 2106
f 2106 2107 2102 2101
f 2103 1933 2104 2105
f 2105 2107 2111 2103
f 2106 2115 2119 2120
f 2108 2102 2107 2105
f 2107 2106 2120 2111
f 2110 2109 2111 2120
f 2112 2100 2110 2121
f 2119 2113 2112 2121
f 2116 2097 2113 2117
f 2114 2118 2117 2115
f 2117 2113 2119 2115
f 2120 2119 2121 2110
f 2126 2122 2125 1769
f 2125 1781 2943 1769
f 2129 1622 3054 3226
f 2753 2754 2132 813
f 3380 813 2132 854
f 2165 2137 2135 2154
f 2138 172 2137 2146
f 2152 2146 2137 2165
f 2141 2139 2140 2157
f 2160 2156 2140 1666
f 2140 2139 3283 1666
f 3371 654 2144 2198
f 2147 2148 2173 3032
f 2893 2172 2148 1898
f 3067 2854 2150 2016
f 3363 673 2151 2985
f 2165 2154 2153 2163
f 2155 2153 2154 2746
f 2745 2746 2154 2135
f 2155 2177 2176 2183
f 2182 2153 2155 2183
f 2689 2177 2155 2746
f 2157 2140 2156 2186
f 2610 2187 2156 2160
f 2157 2178 3100 2141
f 2159 3379 3182 1693
f 2159 2015 3271 3379
f 2160 2161 2162 2610
f 2161 2934 2736 2162
f 2194 2610 2162 3166
f 2162 2736 2735 3166
f 2163 2153 2182 3358
f 3315 2164 2163 3358
f 2165 2163 2164 2152
f 2190 2191 2164 3315
f 3023 2152 2164 2191
f 2166 1696 2167 2731
f 2168 2192 2174 2169
f 2168 3388 2210 2192
f 2171 1778 3121 2180
f 2173 2148 2172 3056
f 2204 3056 2172 1886
f 2216 2217 2173 3056
f 2173 2217 2219 3032
f 2177 2689 3275 179
f 2178 2179 2180 3121
f 2186 2179 2178 2157
f 2178 3121 3120 3100
f 2202 2613 2179 2186
f 2195 2171 2180 2880
f 2180 2179 2613 2880
f 2182 2183 2184 3167
f 2182 3167 2229 3358
f 2185 1885 2188 3189
f 2185 3189 2862 2215
f 2186 2156 2187 2202
f 2194 2193 2187 2610
f 2188 2134 2189 1889
f 2190 3315 2228 2230
f 2202 2187 2193 2206
f 2194 1655 2213 2193
f 2194 3166 2220 1655
f 2195 2880 2881 1771
f 2196 2197 2198 2144
f 2197 3220 3001 2198
f 2201 2199 2200 2232
f 2200 1881 2219 2232
f 2949 1942 2201 2232
f 2202 2206 2205 2613
f 2204 1886 2203 2207
f 2203 2215 2214 2207
f 2216 3056 2204 2226
f 2225 2226 2204 2207
f 2205 2237 2236 2881
f 2242 2237 2205 2206
f 2206 2193 2213 2242
f 2207 2214 2231 2225
f 2208 2210 2642 2253
f 2210 2208 2209 2192
f 2213 2239 2251 2242
f 2215 2862 2245 2214
f 2232 2219 2217 2949
f 2217 2216 2238 2949
f 2240 2833 2218 2241
f 2912 2211 2221 2735
f 3166 2735 2221 2220
f 2222 2223 2224 2925
f 2756 2755 2224 2223
f 2924 2925 2224 3022
f 2225 2231 3387 2244
f 2226 2225 2244 1941
f 2227 2228 2229 2235
f 2228 2227 2247 2230
f 2229 2228 3315 3358
f 2717 2246 2234 3190
f 2235 2234 2246 2227
f 3167 2840 2235 2229
f 2243 2252 2236 2237
f 2236 2252 2266 1772
f 2243 2237 2242 2251
f 2243 2251 2264 1564
f 2245 2862 3194 993
f 2247 2227 2246 3072
f 2246 2717 2718 3072
f 3006 2258 2249 1686
f 2249 2258 3251 2260
f 2251 2239 2250 2264
f 2250 1560 2780 2264
f 2263 2262 2254 2253
f 3194 1891 2255 3235
f 2258 2256 2257 3251
f 2257 2307 2306 3250
f 3016 2307 2257 2256
f 3191 2256 2258 3006
f 2259 1569 2260 2283
f 2979 2980 2261 1982
f 3016 3258 2261 2980
f 2282 2254 2262 622
f 2642 3177 2263 2253
f 3197 2290 2267 143
f 2292 147 2268 2267
f 2268 149 3039 141
f 2270 2296 2295 2269
f 2313 2280 2273 2317
f 2293 2275 2274 1565
f 2276 2274 2275 1580
f 2275 2293 2302 2324
f 2297 985 2277 2298
f 2309 2281 2280 2313
f 2301 642 2282 622
f 3251 2316 2283 2260
f 2284 995 2287 1027
f 2291 2289 2290 303
f 2292 2267 2290 2289
f 2309 2310 2291 2281
f 2311 2289 2291 2310
f 2292 2289 2311 151
f 2295 2322 2979 2269
f 2296 1872 2325 1878
f 2296 2270 3142 1872
f 2300 1779 2304 1386
f 2301 2861 3119 643
f 2323 2324 2302 1584
f 3178 2308 2303 623
f 2305 2306 2307 2329
f 2306 2009 2321 3250
f 2980 2329 2307 3016
f 2309 2313 2320 299
f 2311 2331 2344 151
f 2316 2314 2315 2283
f 2315 2314 2330 1684
f 2321 2314 2316 3250
f 2317 2319 2320 2313
f 2319 2337 2340 2320
f 2321 2011 2330 2314
f 2339 157 2327 232
f 2328 2327 2783 3320
f 2329 2980 2979 2322
f 3355 1735 2330 2011
f 2338 1939 2933 1876
f 2339 126 3140 2752
f 2340 2337 2345 295
f 2347 2348 2341 1037
f 2343 1036 2342 2359
f 2343 2945 2347 1037
f 2371 2945 2343 2359
f 2345 343 3199 295
f 2347 2369 2370 2348
f 2364 2365 2348 2370
f 2353 2354 2350 762
f 2350 2351 3384 760
f 3340 3384 2351 602
f 2366 2354 2353 2373
f 2356 133 2355 2360
f 2359 2360 2355 2371
f 2372 1049 2357 1046
f 2366 2373 2811 606
f 2368 579 2367 3170
f 2368 3187 2818 3206
f 2374 2370 2369 249
f 2945 253 2369 2347
f 2370 2374 3097 2364
f 2372 1046 2376 2375
f 2375 2376 2377 1047
f 2875 2379 2378 2878
f 3270 3364 2379 2875
f 2381 2382 2380 2385
f 2397 3110 2380 2382
f 3152 2383 2380 3110
f 2381 2919 2920 2382
f 2383 2384 2385 2380
f 2941 2825 2383 3152
f 2388 2389 2384 3086
f 2384 2389 2768 2385
f 2384 2383 2825 3086
f 2385 2768 2767 2381
f 2387 2388 3086 2386
f 2389 127 3300 2768
f 2390 2405 2407 3010
f 3173 2391 2390 3010
f 2392 2390 2391 2810
f 2811 2810 2391 606
f 2392 3118 2405 2390
f 3053 3118 2392 2393
f 2393 2394 2994 3053
f 2408 2396 2395 2439
f 2397 2395 2396 3110
f 2396 2408 2411 2942
f 2906 2395 2397 3117
f 2920 3117 2397 2382
f 2398 84 2843 2399
f 3086 2825 2398 2386
f 2401 824 2420 2410
f 2843 2421 2402 2399
f 2403 2404 2405 3118
f 2403 2415 2416 2404
f 3053 2902 2403 3118
f 2404 2406 2407 2405
f 2416 3207 2406 2404
f 2407 2406 2742 2744
f 2407 2744 2867 3010
f 2440 2773 2408 2439
f 2410 2420 2994 2394
f 2411 3132 2727 2726
f 2773 3132 2411 2408
f 2412 2413 2414 2424
f 2747 2748 2413 2412
f 2856 2414 2413 2946
f 2414 2622 2425 2424
f 2902 2903 2415 2403
f 2416 3360 2847 3207
f 2420 2418 2417 2994
f 2417 2902 3053 2994
f 2419 2417 2418 2975
f 2976 2975 2418 3256
f 2419 2903 2902 2417
f 2421 2422 2423 255
f 2421 2843 2433 2422
f 2422 2432 2434 2423
f 2424 2425 2426 3078
f 2874 2412 2424 3078
f 2427 3038 2877 2876
f 2876 3005 2428 2427
f 2429 3003 3102 734
f 3079 2815 2430 3201
f 2437 2432 2431 3289
f 2433 2431 2432 2422
f 2433 83 2728 2431
f 2434 2432 2437 317
f 2436 2846 2847 3136
f 2438 2976 2929 2446
f 2906 61 2439 2395
f 2440 63 2452 2771
f 2450 2451 2441 2928
f 2939 69 2442 3027
f 2443 2437 3289 3343
f 2444 262 2807 2808
f 2445 2808 2807 3089
f 3089 831 2446 2445
f 2447 2448 2449 2456
f 2447 3139 3103 3102
f 2448 2447 3102 3003
f 2449 2448 2451 2450
f 2457 2456 2449 2784
f 2784 2449 2450 2905
f 3003 530 2451 2448
f 2452 2741 2722 3291
f 2453 2454 2455 1827
f 2453 3378 3369 2894
f 2616 2455 2454 3130
f 2894 3337 2454 2453
f 2457 2784 2790 706
f 2459 829 2458 2886
f 2763 2886 2458 3090
f 2461 2462 2460 2983
f 2460 2462 3158 834
f 2984 828 2462 2461
f 2465 2469 2474 1992
f 2473 2472 2467 2480
f 3310 2480 2467 2466
f 2468 2475 2479 2464
f 2986 3249 2470 2471
f 2471 2485 2488 2986
f 3374 2482 2474 2469
f 2475 2468 2476 2478
f 2475 2478 2481 330
f 2478 2476 2477 2760
f 2719 3141 2477 2895
f 2477 3141 2761 2760
f 2478 2760 2497 2481
f 2523 3084 2482 3374
f 2487 2484 2483 2499
f 3028 2795 2489 837
f 2490 2492 3225 2776
f 2492 2490 2491 2501
f 2491 2490 2775 505
f 2492 2501 2683 3040
f 2497 2498 2493 2481
f 2495 1822 2524 2523
f 2762 2792 2498 2497
f 2863 482 2498 2792
f 2501 2502 2500 2683
f 2500 2514 2515 2684
f 2517 2502 2501 2491
f 2514 2500 2502 3297
f 2504 2505 2503 2969
f 2504 2506 2507 2505
f 2711 2710 2506 3244
f 2506 2504 3057 3244
f 2507 2653 2654 2505
f 2507 2506 2710 2603
f 2509 2496 2510 2522
f 2521 2522 2510 1957
f 2512 2513 2511 3373
f 2844 3373 2511 461
f 2684 2515 2512 3373
f 2513 2729 2611 2511
f 2868 2750 2513 2512
f 2513 2750 3308 2729
f 2514 3297 3259 3359
f 2515 718 2868 2512
f 3359 718 2515 2514
f 2516 2518 2649 2665
f 3259 3297 2516 2665
f 2518 2516 2517 2688
f 2517 2516 3297 2502
f 2609 2647 2518 2688
f 3128 2520 2519 2621
f 3044 2662 2520 3128
f 2521 1929 2931 2522
f 2523 2524 2525 3084
f 2525 1819 2599 3063
f 2527 2873 2803 785
f 2529 2530 2528 2788
f 2528 2690 2692 2788
f 3068 1633 2528 2530
f 2529 2788 2789 2686
f 2530 1638 2636 3068
f 2538 272 2531 46
f 2542 270 2532 2543
f 2533 3169 2541 1678
f 2535 2536 2537 1932
f 2535 2540 2541 3169
f 2536 1988 2931 2537
f 2538 2547 2546 32
f 2538 46 2567 2547
f 2540 2552 2560 2541
f 2543 843 3331 515
f 2550 2549 2548 3216
f 2548 3339 2551 2557
f 2548 2557 2556 3216
f 2550 2892 2910 2549
f 2550 3216 3138 3311
f 2555 2553 2554 3338
f 2554 2787 2786 3338
f 2998 2561 2555 3338
f 2558 2556 2557 3263
f 2559 3263 2557 2551
f 2559 3294 3180 3264
f 3262 3263 2559 3264
f 2562 2568 2569 3357
f 2625 2563 2562 3357
f 2567 216 2566 2829
f 2828 2829 2566 2915
f 2970 2915 2566 24
f 2567 2829 2766 2547
f 2569 2568 2915 2970
f 2590 493 2571 2574
f 2571 2572 3280 2573
f 2917 3280 2572 2918
f 3087 2918 2572 3370
f 2573 790 2574 2571
f 2584 2586 2574 790
f 2580 448 2576 2578
f 2577 2658 2779 1641
f 2579 2580 2578 2582
f 2614 2615 2579 3237
f 2579 2582 3282 3237
f 2581 3145 3147 2730
f 2583 326 2586 2584
f 2585 2583 2584 3163
f 2585 2587 2588 2583
f 2590 2574 2586 2589
f 3282 2582 2587 2585
f 2597 2598 2596 419
f 2596 3253 3295 419
f 3304 410 2596 2598
f 2961 2598 2597 2958
f 2597 2971 3230 2958
f 2599 2631 2850 2724
f 2599 2724 2901 3063
f 2601 500 2600 2644
f 2601 503 2775 2769
f 2602 1455 2638 2889
f 2602 2889 2890 2653
f 2603 2602 2653 2507
f 2603 2710 2909 1456
f 2604 2605 2606 2940
f 2697 2698 2604 3316
f 2605 2604 2698 2832
f 2606 2605 2800 3328
f 3019 2940 2606 3035
f 3033 3035 2606 3328
f 2777 2608 2607 3302
f 2607 2712 2972 3302
f 2609 2607 2608 2647
f 2761 3188 2611 2762
f 2792 2762 2611 2729
f 2612 365 3026 175
f 3052 168 2612 175
f 2613 2205 2881 2880
f 2830 2831 2614 3150
f 3236 3150 2614 3237
f 2617 1813 2616 3130
f 2948 2680 2617 1783
f 2619 1456 2909 2908
f 2621 897 2620 2813
f 2856 2978 2622 2414
f 2622 2978 2977 3369
f 3378 2425 2622 3369
f 2624 2799 2800 1420
f 2626 2627 2628 2730
f 3147 1788 2626 2730
f 2627 2626 3312 2687
f 2658 2657 2628 2627
f 2629 2630 2664 2852
f 3311 483 2629 2852
f 2711 3151 2632 2634
f 2632 3151 2947 3198
f 2634 2632 2633 2668
f 2633 2632 3198 2659
f 2710 2711 2634 2909
f 2634 2668 2908 2909
f 2756 2993 2635 2758
f 2639 696 2640 2128
f 2641 3182 3330 1694
f 2642 2210 3388 872
f 3134 2821 2643 3135
f 2816 2973 2644 2817
f 3255 2817 2644 2600
f 2645 3208 3115 2646
f 2646 2932 2933 1939
f 2646 3115 3114 2932
f 2647 2648 2649 2518
f 2647 2608 2705 2648
f 2666 2649 2648 2891
f 2650 2923 2714 2713
f 2650 2713 2845 2651
f 2944 1604 2656 3221
f 2658 2627 2687 2779
f 2659 2660 2661 2633
f 3020 3019 2660 2659
f 3035 1635 2660 3019
f 2661 2669 2668 2633
f 2706 2669 2661 1637
f 3113 839 2662 786
f 3259 2665 2664 2630
f 2666 2664 2665 2649
f 2852 2664 2666 2892
f 2668 2669 2667 2908
f 3093 1695 2670 1699
f 3191 3006 2670 1738
f 2672 2673 2671 430
f 2859 2673 2672 3183
f 3253 2671 2673 3295
f 2677 2222 2925 2842
f 3017 2679 2678 2822
f 2680 1818 2897 1814
f 2689 237 2681 3275
f 2784 2905 2682 2790
f 2682 501 2791 2790
f 2684 2685 2683 2500
f 3041 3040 2683 2685
f 2844 2685 2684 3373
f 2745 237 2689 2746
f 2692 2690 2691 3224
f 2692 1416 2789 2788
f 2793 2595 2693 11
f 2860 1700 2694 2696
f 2696 2694 2695 1692
f 2697 3316 2801 1452
f 2700 2701 2699 2864
f 2699 2787 2950 476
f 2750 2751 2700 3308
f 2787 2699 2701 2786
f 2702 2703 2704 2678
f 2704 2703 2774 203
f 2704 205 2822 2678
f 2777 2778 2705 2608
f 2705 3092 2891 2648
f 2708 44 2707 2709
f 3017 2822 2707 3309
f 3309 43 2714 2927
f 2715 2749 2734 2716
f 3365 2749 2715 3278
f 2782 2781 2717 3190
f 2719 2720 2721 3212
f 2895 3179 2720 2719
f 2720 524 3081 2721
f 2721 3296 2865 3212
f 2724 1802 2723 2901
f 2855 1802 2724 2850
f 3252 1426 2725 3353
f 2726 85 2942 2411
f 2728 2726 2727 2962
f 3131 3245 2727 3132
f 3289 2431 2728 2962
f 2863 2792 2729 3308
f 2734 2732 2733 2716
f 2734 3240 3241 2732
f 2734 2749 3334 3240
f 2736 2921 2912 2735
f 2738 2739 2740 3367
f 3065 3005 2739 2738
f 2878 2378 2740 2739
f 2743 2744 2742 3122
f 2742 2406 3207 3200
f 2743 2872 2871 3205
f 2744 2743 3205 2867
f 3038 2748 2747 3083
f 2946 2413 2748 1480
f 3335 3334 2749 3365
f 2751 2750 2868 716
f 3101 247 2752 3140
f 2985 2132 2754 3363
f 3062 3377 2754 2753
f 3022 2224 2755 353
f 2757 2755 2756 2758
f 3004 2993 2756 2223
f 2757 177 2988 356
f 2760 2761 2762 2497
f 2857 3342 2764 3066
f 3095 2763 2764 3342
f 2766 2829 2828 211
f 2898 2900 2767 3156
f 2767 2900 2919 2381
f 3156 2767 2768 3300
f 2770 2769 2776 3323
f 2771 2772 2773 2440
f 3291 3336 2771 2452
f 2771 3336 3335 2772
f 2772 3131 3132 2773
f 2772 3335 3365 3131
f 2774 2966 3013 6
f 2774 6 3098 203
f 2775 2490 2776 2769
f 3092 2705 2778 3165
f 3317 3111 2778 2777
f 2783 2781 2782 3320
f 3154 2950 2787 2554
f 3179 3085 2794 522
f 2796 472 2795 3028
f 2798 62 2797 3143
f 2797 61 2906 220
f 2939 3027 2798 3143
f 2798 3027 3293 2954
f 3252 1422 2799 1426
f 2800 2605 2832 1420
f 2802 1452 2801 2913
f 2894 1453 2802 3337
f 2803 2873 3111 3317
f 2803 3317 3326 465
f 2806 2804 2805 3185
f 2904 3070 2806 3185
f 2928 532 2806 3070
f 2813 2620 2812 898
f 2813 879 3128 2621
f 2815 3079 3122 3080
f 2819 2820 2818 3187
f 3010 2867 2820 3173
f 3205 2818 2820 2867
f 2823 881 3243 885
f 2830 3106 3219 2831
f 3325 458 2831 3219
f 2832 2698 2965 1418
f 2838 2836 2837 1832
f 3200 3207 2847 2846
f 3129 1994 2848 1999
f 2855 2850 2849 3192
f 3048 3045 2849 2851
f 2851 2849 2850 2631
f 2856 1647 3061 2978
f 2857 2858 2859 3183
f 3295 2673 2859 417
f 3308 2700 2864 2863
f 2866 714 2865 3296
f 2871 2872 2870 584
f 2870 2872 3079 3201
f 2872 2743 3122 3079
f 2876 2877 2875 2878
f 3082 3270 2875 2877
f 2877 3038 3083 3082
f 3005 2876 2878 2739
f 2883 2884 2882 536
f 2883 536 3137 3136
f 3095 3094 2886 2763
f 3159 2459 2886 3094
f 2892 2666 2891 2910
f 2892 2550 3311 2852
f 2894 3369 2977 1453
f 2895 498 3085 3179
f 3071 3288 2896 1653
f 2900 2898 2899 222
f 2904 2682 2905 3070
f 2928 3070 2905 2450
f 3092 3126 2910 2891
f 2913 1784 3337 2802
f 2914 1489 3125 1998
f 2916 2917 2918 3217
f 2983 783 2922 3303
f 3356 3303 2922 542
f 2927 2714 2923 3108
f 2957 3108 2923 2960
f 2924 346 2974 3124
f 3124 2842 2925 2924
f 3203 115 2930 3222
f 2933 2932 3228 3361
f 3050 3112 2935 1503
f 2935 1646 3127 1649
f 2937 2938 2936 1521
f 3088 1515 2936 2938
f 2940 3019 3020 3234
f 2940 3234 3316 2604
f 2942 85 2941 3152
f 2942 3152 3110 2396
f 2948 1448 2947 3274
f 2952 2953 2951 547
f 2951 2999 3000 3046
f 2954 3293 3196 218
f 3027 2442 2955 3293
f 3196 3293 2955 1
f 2957 2960 2961 2958
f 3109 3108 2957 2959
f 2959 2957 2958 3230
f 3245 3246 2962 2727
f 2962 3246 3343 3289
f 2963 598 3170 2367
f 3050 1418 2965 3112
f 2967 2968 2969 2503
f 3269 2969 2968 3007
f 3057 2504 2969 3269
f 3241 3230 2971 2732
f 2972 2712 2973 2816
f 2972 466 3326 3302
f 2974 350 3307 3124
f 3271 2982 2981 3379
f 2983 3303 2987 2461
f 2987 777 2984 2461
f 3356 537 2987 3303
f 2995 2996 2997 3043
f 3123 65 3002 263
f 3005 3065 3064 2428
f 3007 2968 3043 2997
f 3009 431 3008 2519
f 3011 586 3012 733
f 3191 3258 3016 2256
f 3018 2679 3017 3107
f 3018 3107 3109 3031
f 3020 2659 3198 1450
f 3247 1506 3024 3088
f 3222 3030 3029 3203
f 3035 3033 3034 1635
f 3039 3345 3239 138
f 3225 2492 3040 711
f 3192 2849 3045 3268
f 3120 3226 3054 3100
f 3100 3054 3055 2141
f 3059 739 3176 3060
f 3127 1646 3061 1647
f 3160 437 3075 3184
f 3075 3095 3342 3184
f 3097 258 3076 307
f 3208 2645 3078 2426
f 3081 462 3296 2721
f 3217 2918 3087 720
f 3279 3247 3088 2938
f 3090 2458 3089 2807
f 3091 3105 3243 883
f 3352 3126 3092 3165
f 3096 258 3097 2374
f 3103 3139 3290 723
f 3104 3105 3106 3181
f 3104 3181 3180 888
f 3104 885 3243 3105
f 3219 3106 3105 3091
f 3106 2830 3149 3181
f 3108 3109 3107 2927
f 3107 3017 3309 2927
f 3114 3115 3116 3292
f 3114 3227 3228 2932
f 3116 3115 3208 1935
f 3266 221 3117 2920
f 3122 2742 3200 3080
f 3130 2454 3337 1784
f 3278 3245 3131 3365
f 3360 2883 3136 2847
f 3141 2719 3212 459
f 3147 3145 3146 3267
f 3146 3192 3268 3267
f 3149 2830 3150 3242
f 3180 3181 3149 3264
f 3149 3242 3262 3264
f 3156 3300 3301 3157
f 3159 834 3158 2459
f 3160 3184 3183 2672
f 3327 437 3160 426
f 3161 3162 3284 1528
f 3161 3193 3351 1513
f 3282 2585 3163 788
f 3165 755 3164 3352
f 3167 2184 3168 2840
f 3168 145 3215 236
f 3169 2533 3281 1989
f 3187 2368 3170 3069
f 3195 445 3175 451
f 3175 12 3346 451
f 3178 2263 3177 2308
f 3183 3184 3342 2857
f 3186 2819 3187 3069
f 3190 234 3238 2782
f 3206 2818 3205 2871
f 3211 737 3368 3261
f 3214 3213 3347 49
f 3286 236 3215 144
f 3270 3082 3223 2279
f 3323 2776 3225 710
f 3227 1973 3273 3228
f 3292 3171 3227 3114
f 3233 3231 3232 202
f 3286 3239 3238 234
f 3320 2782 3238 160
f 3248 1438 3312 1787
f 3251 2257 3250 2316
f 3285 1423 3252 3353
f 3332 3060 3265 640
f 3361 3228 3273 1976
f 3288 3071 3382 3344
f 3291 38 3333 3336
f 3317 2777 3302 3326
f 3376 570 3324 724
f 3330 3182 3379 2981
f 3333 3334 3335 3336
f 3344 3382 3367 2740
f 3388 2168 2643 2821
f 3389 2312 3386 1035
f 3390 1545 1875 2244
f 3391 765 763 1341
