v -0.746267 1.51145 -1.89955
v -0.764347 1.54616 -1.78896
v -0.861698 1.52085 -1.94775
v -0.65189 1.56325 -1.75842
v -0.642012 1.53914 -1.86397
v -1.01452 1.62658 -1.75894
v -0.997845 1.59049 -1.8772
v -0.897069 1.59548 -1.7145
v -0.91067 1.62928 -1.59684
v -0.603336 1.58341 -2.1731
v -0.710934 1.56672 -2.2393
v -0.654099 1.63486 -2.29101
v -0.779847 1.57881 -1.67584
v -0.675708 1.60225 -1.53177
v -0.7917 1.60503 -1.55876
v -0.66619 1.5862 -1.64864
v -0.563071 1.62125 -1.63581
v -1.02883 1.66214 -1.64144
v -1.11142 1.63795 -1.92354
v -1.21989 1.69923 -1.96797
v -1.08581 1.62062 -2.04354
v -0.691603 1.64901 -1.28617
v -0.831708 1.68064 -1.19409
v -0.816406 1.65541 -1.31705
v -0.683622 1.62305 -1.40951
v -0.573468 1.69158 -1.27595
v -0.924484 1.65804 -1.47803
v -0.938947 1.68567 -1.35873
v -1.05927 1.72292 -1.40636
v -1.13055 1.66561 -1.8052
v -1.14608 1.70013 -1.68789
v -1.26235 1.74335 -1.73452
v -0.955298 1.71457 -1.23969
v -1.07649 1.75272 -1.28958
v -1.49262 1.85055 -1.82449
v -1.35445 1.77671 -1.89527
v -1.37807 1.79418 -1.77998
v -0.417848 1.80239 -1.55001
v -0.482352 1.71392 -1.52711
v -0.484981 1.69146 -1.64387
v -0.426003 1.77519 -1.66722
v -1.3982 1.81866 -1.66581
v -1.19674 1.79218 -1.34092
v -1.29877 1.80183 -1.50451
v -1.17897 1.7618 -1.45535
v -0.383697 1.86815 -1.69598
v -1.2966 1.75954 -2.12538
v -1.39494 1.83968 -2.16301
v -1.24909 1.77921 -2.22998
v -0.477798 1.73844 -1.40773
v -0.407167 1.82954 -1.43057
v -1.3425 1.86435 -2.26471
v -1.18799 1.81587 -2.31902
v -1.4184 1.8452 -1.55276
v -1.43813 1.87396 -1.44131
v -1.53863 1.89172 -1.59864
v -0.373163 1.90031 -1.58031
v -1.43576 1.83049 -2.05302
v -1.49227 1.92121 -2.2002
v -1.51707 1.86745 -1.71085
v -1.31719 1.83243 -1.39219
v -0.357584 1.93111 -1.46288
v -1.27554 1.90505 -2.3499
v -1.60657 1.91121 -1.86817
v -1.63491 1.92221 -1.75527
v -1.55882 1.91933 -1.48823
v -1.65889 1.94139 -1.64352
v -1.23552 1.86141 -1.1185
v -1.37507 1.94027 -1.06819
v -1.35524 1.90057 -1.17313
v -1.25842 1.89944 -1.01046
v -0.346355 1.9624 -1.73503
v -1.53938 1.90506 -2.09325
v -1.57598 1.90325 -1.98141
v -1.64118 1.98335 -2.13264
v -0.334983 1.99902 -1.61945
v -1.58707 2.00629 -2.23629
v -1.4332 1.95188 -2.29778
v -1.36036 1.99544 -2.37921
v -1.19768 1.95631 -2.41724
v -0.439801 1.98292 -2.24402
v -0.438428 2.07506 -2.29207
v -0.382809 2.02808 -2.15401
v -1.68601 1.97132 -2.02352
v -0.396444 1.93581 -2.1083
v -0.357333 1.9785 -2.00413
v -0.317018 2.03383 -1.50249
v -0.302333 2.07224 -1.3844
v -0.513143 2.02864 -2.36168
v -0.598266 1.98327 -2.40716
v -0.532338 2.11958 -2.40537
v -0.339117 2.07107 -2.05178
v -0.284829 2.13656 -1.54696
v -1.52631 2.07639 -0.930837
v -1.50854 2.02932 -1.02542
v -1.39544 1.98447 -0.967445
v -1.41941 2.02771 -0.868997
v -2.23956 2.13536 -0.554575
v -2.21898 2.06097 -0.54516
v -2.25254 2.05965 -0.43777
v -1.79249 2.04763 -2.06442
v -1.93473 2.13255 -1.9906
v -1.8916 2.13689 -2.10153
v -2.34763 2.07539 -0.220072
v -2.34822 2.11367 -0.254719
v -2.30068 2.05096 -0.327951
v -0.628006 2.07027 -2.44225
v -0.668242 2.15845 -2.47851
v -2.18867 2.16806 -0.522357
v -2.21518 2.11969 -0.418844
v -0.566621 2.2107 -2.4473
v -0.474394 2.26216 -2.38901
v -0.385327 2.21667 -2.2537
v -0.445778 2.16703 -2.34434
v -2.30151 2.08104 -0.651503
v -2.27866 2.19291 -0.659146
v -1.54746 2.12148 -0.839332
v -1.63512 2.12715 -0.988262
v -2.38236 2.10023 -0.731235
v -2.48187 2.15747 -0.767266
v -2.49023 2.10839 -0.81319
v -2.26031 2.15422 -0.309635
v -1.6489 2.17638 -0.900145
v -0.291038 2.1984 -1.70959
v -0.303936 2.09756 -1.66303
v -2.22213 2.17727 -0.452289
v -0.270628 2.24119 -1.5943
v -0.266954 2.17866 -1.4304
v -2.55246 2.0708 -0.152325
v -2.40704 2.20141 -0.207298
v -2.45396 2.07263 -0.196135
v -2.64425 2.10558 -0.167161
v -2.59482 2.22013 -0.202401
v -2.50397 2.20254 -0.190113
v -2.31131 2.21869 -0.264056
v -1.74437 2.18315 -1.042
v -1.85559 2.2438 -1.09245
v -1.73524 2.13322 -1.13236
v -1.75169 2.23558 -0.957934
v -2.72914 2.13576 -0.205731
v -2.36681 2.16761 -0.733884
v -2.82367 2.16671 -0.55961
v -2.78607 2.22375 -0.569664
v -2.81222 2.18435 -0.470804
v -2.27072 2.14371 -0.343307
v -2.23601 2.24629 -0.353363
v -2.17277 2.27677 -0.456586
v -2.46066 2.23168 -0.769258
v -2.67737 2.24415 -0.236192
v -2.585 2.18727 -0.762258
v -2.26706 2.32241 -0.258271
v -2.785 2.12723 -0.647564
v -2.72424 2.11316 -0.734051
v -2.675 2.20717 -0.719532
v -0.318532 2.28348 -0.908609
v -0.303309 2.22186 -1.02681
v -0.263778 2.39478 -0.958289
v -2.23793 2.26336 -0.289827
v -2.32186 2.19378 -0.220025
v -2.25235 2.13296 -0.655105
v -2.22483 2.20604 -0.649944
v -2.42154 2.13863 -0.160011
v -2.40008 2.24109 -0.159745
v -2.19568 2.21915 -0.395074
v -2.79311 2.15296 -0.278209
v -2.742 2.26558 -0.303456
v -2.20934 2.23627 -0.569946
v -0.70909 2.28849 -1.07594
v -0.759087 2.24341 -1.23882
v -0.777253 2.28942 -1.1524
v -0.658016 2.25111 -1.2037
v -2.34263 2.16321 -0.755539
v -2.31738 2.25029 -0.76503
v -2.55901 2.27439 -0.77097
v -2.78754 2.30455 -0.487571
v -2.81459 2.16098 -0.37383
v -0.294145 2.30021 -1.75755
v -0.273634 2.34554 -1.64352
v -0.767923 2.19376 -1.36077
v -0.789133 2.33482 -1.26554
v -2.49307 2.28187 -0.130263
v -1.68404 2.27492 -0.740031
v -1.77779 2.32915 -0.798805
v -1.76204 2.28522 -0.8769
v -2.77972 2.28469 -0.390077
v -2.44872 2.23493 -0.820571
v -2.41138 2.33995 -0.848199
v -2.57939 2.23717 -0.810156
v -2.36611 2.31681 -0.210094
v -2.2371 2.29379 -0.680621
v -2.34476 2.26074 -0.744262
v -2.46361 2.32009 -0.191781
v -2.55753 2.33449 -0.204406
v -0.819073 2.3718 -1.16427
v -2.50734 2.45953 -0.87468
v -2.37842 2.42936 -0.887804
v -1.53594 2.24116 -0.53373
v -1.57211 2.30706 -0.47151
v -1.6573 2.32862 -0.536892
v -2.28394 2.32763 -0.801283
v -0.650477 2.34633 -1.32134
v -0.784035 2.34357 -1.37529
v -0.341608 2.35072 -0.79196
v -0.305132 2.25611 -1.87289
v -0.321771 2.35634 -1.91909
v -2.1292 2.27255 -0.488419
v -2.80249 2.36612 -0.35386
v -2.81628 2.342 -0.462726
v -2.82028 2.25887 -0.360323
v -0.630073 2.22337 -1.32396
v -0.648494 2.36351 -1.21273
v -2.71999 2.31682 -0.67103
v -2.76391 2.32136 -0.58534
v -2.74486 2.21947 -0.655241
v -0.286523 2.46299 -0.84303
v -0.310514 2.40117 -1.80462
v -1.48626 2.30221 -0.406
v -2.51997 2.17535 -0.130581
v -2.59056 2.32225 -0.142632
v -2.14392 2.3161 -0.34384
v -0.800936 2.38582 -1.05994
v -2.14799 2.33139 -0.57004
v -2.64568 2.35676 -0.237742
v -1.52881 2.37312 -0.347073
v -1.61369 2.36157 -0.407067
v -0.640466 2.40023 -1.08608
v -2.43516 2.32221 -0.784726
v -2.71458 2.3798 -0.307061
v -2.10549 2.37066 -0.436983
v -2.65536 2.37285 -0.777589
v -2.768 2.27274 -0.673107
v -2.74223 2.39769 -0.690774
v -2.19908 2.26742 -0.679196
v -2.25292 2.40302 -0.846743
v -2.17828 2.34078 -0.335573
v -2.2983 2.30352 -0.205657
v -2.37554 2.34662 -0.147521
v -2.2184 2.41796 -0.223635
v -1.87459 2.38877 -0.853771
v -1.80297 2.36029 -0.723343
v -2.78842 2.42684 -0.580581
v -2.53881 2.35382 -0.831408
v -2.53429 2.36937 -0.788877
v -1.69856 2.37104 -0.472503
v -2.75922 2.37071 -0.253705
v -2.78272 2.26153 -0.261496
v -2.68279 2.35499 -0.180771
v -1.74564 2.35569 -0.597535
v -1.83615 2.38538 -0.654642
v -1.70939 2.31994 -0.666623
v -2.32625 2.42101 -0.183248
v -1.14421 2.30459 -0.970198
v -1.15307 2.41729 -1.01521
v -1.30379 2.42588 -0.995143
v -0.782194 2.44315 -1.2567
v -0.741071 2.43899 -1.15731
v -2.78527 2.47844 -0.347429
v -2.76857 2.59248 -0.339459
v -2.78901 2.57007 -0.463298
v -1.74784 2.3998 -0.404907
v -2.18928 2.35676 -0.236416
v -2.43045 2.42744 -0.172191
v -2.52755 2.44347 -0.193981
v -2.06384 2.45977 -1.1143
v -2.16088 2.56346 -1.16915
v -2.0739 2.39462 -1.18796
v -2.64828 2.30209 -0.733845
v -2.62664 2.40251 -0.751282
v -2.70126 2.41994 -0.687868
v -2.09589 2.30501 -0.568128
v -1.96032 2.42285 -0.983504
v -1.97089 2.4578 -0.907733
v -2.05575 2.51614 -1.03827
v -1.17977 2.33475 -0.745401
v -1.09716 2.42461 -0.716387
v -1.11039 2.3341 -0.824299
v -2.46656 2.38864 -0.120123
v -1.04008 2.31848 -0.895856
v -0.975703 2.39145 -0.835095
v -1.6665 2.39737 -0.335394
v -2.76616 2.41816 -0.498139
v -0.632386 2.48932 -1.19134
v -2.74441 2.42787 -0.598192
v -0.83613 2.49038 -1.0914
v -2.14378 2.38521 -0.774178
v -2.17171 2.32191 -0.722832
v -2.63136 2.48331 -0.808543
v -2.25744 2.3983 -0.157075
v -1.5849 2.42003 -0.272573
v -0.244638 2.39349 -1.53174
v -0.265303 2.49897 -1.58239
v -0.221426 2.44501 -1.41931
v -1.18565 2.41368 -0.602787
v -0.645901 2.4636 -1.31276
v -0.235763 2.55369 -1.47456
v -2.56357 2.43245 -0.131569
v -0.747457 2.4585 -1.34603
v -1.86284 2.42218 -0.602111
v -1.82607 2.41244 -0.478809
v -1.90947 2.41306 -0.545566
v -2.3418 2.44328 -0.104099
v -2.61535 2.46526 -0.239049
v -1.72434 2.4066 -0.24923
v -2.65875 2.4686 -0.167981
v -0.680005 2.50183 -1.11869
v -1.98376 2.42175 -0.434669
v -2.05476 2.40288 -0.469768
v -2.1191 2.42872 -0.295582
v -2.17235 2.50619 -0.16709
v -2.06479 2.51588 -0.244276
v -2.48979 2.55827 -0.911109
v -2.3535 2.52596 -0.93029
v -1.0427 2.44584 -0.607606
v -0.980714 2.44355 -0.689175
v -1.94786 2.44322 -0.661738
v -1.92219 2.43389 -0.714725
v -1.44546 2.39251 -0.690708
v -1.53602 2.38859 -0.790869
v -1.50672 2.48767 -0.636053
v -2.04658 2.46776 -0.40576
v -1.9553 2.42438 -0.467441
v -1.98329 2.39774 -0.606172
v -1.93993 2.4327 -0.367447
v -1.88288 2.40932 -0.412236
v -1.58626 2.50199 -0.726803
v -0.906871 2.46562 -0.759523
v -2.77415 2.54085 -0.590541
v -2.07243 2.34508 -0.629994
v -2.04867 2.38978 -0.688691
v -2.29253 2.51578 -0.133245
v -1.04792 2.4319 -0.789532
v -1.44495 2.39964 -0.297287
v -1.36116 2.43824 -0.258591
v -1.50423 2.45815 -0.22192
v -1.42392 2.50796 -0.183819
v -2.16652 2.49583 -1.24137
v -2.27498 2.66953 -1.22102
v -2.25158 2.60925 -1.29816
v -0.923431 2.47413 -0.930304
v -0.724024 2.45831 -1.02038
v -1.98929 2.47531 -0.838387
v -1.89771 2.4109 -0.777315
v -2.75766 2.40112 -0.397141
v -2.73413 2.51209 -0.399881
v -2.68646 2.48894 -0.309148
v -0.326447 2.5475 -1.7375
v -0.295779 2.60102 -1.63186
v -2.10508 2.52902 -0.8494
v -2.08471 2.55123 -0.9001
v -2.73698 2.48327 -0.243649
v -2.00687 2.48589 -0.782154
v -2.0282 2.46268 -0.73546
v -0.720314 2.5601 -1.01499
v -2.16607 2.61296 -1.0926
v -2.80045 2.45698 -0.46341
v -1.3059 2.5549 -1.02677
v -0.784009 2.54427 -1.24356
v -2.41054 2.52678 -0.128667
v -1.27857 2.48988 -0.229464
v -2.69077 2.52886 -0.707478
v -0.884364 2.55835 -0.839213
v -2.21209 2.4888 -0.0898223
v -2.4391 2.49033 -0.0831705
v -0.851985 2.5594 -0.654849
v -1.64274 2.44088 -0.178367
v -0.683131 2.5042 -0.970872
v -2.18764 2.63905 -1.01524
v -1.44362 2.445 -0.958111
v -1.57665 2.60017 -0.983995
v -1.57637 2.4728 -0.907318
v -1.34518 2.56799 -0.156526
v -2.13118 2.44853 -0.158531
v -2.12038 2.4568 -0.822077
v -2.208 2.57625 -0.92156
v -2.22988 2.48779 -0.889569
v -1.26972 2.63658 -0.142488
v -1.19847 2.54942 -0.210069
v -2.73488 2.53795 -0.611105
v -2.74678 2.52971 -0.503972
v -2.18531 2.64283 -0.957286
v -2.06772 2.54676 -0.962879
v -0.760929 2.57176 -1.33727
v -2.36698 2.7468 -1.03914
v -2.30953 2.69494 -1.13326
v -2.36452 2.70639 -1.33978
v -1.26686 2.45884 -0.534424
v -1.17873 2.53783 -0.487669
v -1.11138 2.48621 -0.537408
v -0.383572 2.5969 -1.88958
v -0.369828 2.64358 -1.77979
v -0.341845 2.50017 -1.84883
v -1.12294 2.6202 -0.204611
v -1.0424 2.51432 -0.23011
v -1.05126 2.70073 -0.211126
v -0.337511 2.69898 -1.67776
v -0.641989 2.5799 -1.30428
v -2.63815 2.58324 -0.146236
v -1.42222 2.49334 -0.555799
v -1.46476 2.59991 -0.526323
v -2.51685 2.54201 -0.156069
v -0.730311 2.60054 -1.09234
v -0.63548 2.58601 -1.17203
v -1.9887 2.50798 -0.15872
v -2.06925 2.41225 -0.252658
v -1.92977 2.46198 -0.226469
v -0.924216 2.60066 -0.973613
v -1.2687 2.55841 -0.452867
v -2.47253 2.66055 -0.952442
v -1.64544 2.56078 -0.824993
v -1.68542 2.66449 -0.747155
v -2.6061 2.56672 -0.212084
v -1.16995 2.54478 -1.02626
v -1.30149 2.68512 -1.00399
v -2.67761 2.59412 -0.291969
v -1.47929 2.54575 -0.0750584
v -1.56014 2.48734 -0.119244
v -1.03768 2.54537 -1.02889
v -1.18101 2.67219 -1.01199
v -2.32548 2.69564 -0.996067
v -2.25491 2.4608 -0.788788
v -2.12549 2.5003 -0.697582
v -2.2068 2.56723 -0.802811
v -0.819702 2.6173 -0.749794
v -2.7238 2.51082 -0.710774
v -2.76078 2.64841 -0.597902
v -2.70847 2.61567 -0.728189
v -1.00898 2.53654 -0.54083
v -1.00194 2.56171 -0.64797
v -0.938066 2.51889 -0.603046
v -1.02809 2.60143 -0.574484
v -0.434508 2.69107 -1.9263
v -2.72265 2.61997 -0.391349
v -1.09034 2.61338 -0.495591
v -2.74106 2.64073 -0.502913
v -0.7747 2.5784 -1.08061
v -0.816503 2.65145 -1.19626
v -1.06471 2.66839 -1.03085
v -0.778886 2.67647 -1.30883
v -1.44204 2.573 -1.0169
v -0.679742 2.60336 -0.927038
v -0.673436 2.66445 -1.01118
v -2.41056 2.58733 -0.0354422
v -2.54064 2.54059 -0.0998329
v -2.76034 2.70532 -0.328468
v -2.78397 2.68064 -0.461924
v -2.61408 2.58565 -0.837275
v -2.60841 2.68231 -0.870525
v -2.06666 2.53229 -0.0799255
v -2.00895 2.60489 0.00280497
v -1.4021 2.62037 -0.0502787
v -0.293509 2.76049 -1.58254
v -0.259067 2.65898 -1.52945
v -1.5494 2.74394 -0.988424
v -1.42605 2.70719 -0.992179
v -2.16096 2.57239 -0.0141243
v -2.26594 2.61932 0.0269637
v -0.955667 2.6761 -1.02952
v -1.20037 2.71474 -0.142771
v -1.13655 2.79923 -0.155516
v -2.7314 2.65015 -0.618658
v -1.33337 2.70584 -0.0413774
v -0.844032 2.6215 -0.90849
v -0.774304 2.58956 -0.988352
v -0.744874 2.6021 -0.825578
v -1.71718 2.76694 -0.672071
v -1.61647 2.61623 -0.669168
v -0.654024 2.68989 -1.3018
v -1.66059 2.67068 -0.902155
v -1.72419 2.75207 -0.819018
v -1.54502 2.59734 -0.592151
v -1.57722 2.70578 -0.55071
v -1.08456 2.67175 -0.614517
v -0.424797 2.73565 -1.81787
v -0.39212 2.7923 -1.71898
v -0.832483 2.68206 -0.611112
v -2.6075 2.66525 -0.177541
v -1.00535 2.65857 -0.689956
v -0.216003 2.62606 -1.07972
v -0.211501 2.80902 -1.03399
v -0.234191 2.69561 -0.968763
v -0.942785 2.75004 -0.457812
v -1.49762 2.71095 -0.503227
v -0.750387 2.70298 -0.682088
v -0.598024 2.69106 -1.20888
v -2.46 2.751 -0.989803
v -0.656263 2.70235 -1.10636
v -0.678938 2.71589 -0.776688
v -0.2008 2.67347 -1.25558
v -0.192642 2.85026 -1.21279
v -0.198842 2.73916 -1.14489
v -0.862834 2.68679 -1.08127
v -1.26856 2.79575 -0.0476392
v -0.926345 2.6114 -0.667768
v -0.920981 2.69002 -0.61619
v -0.621187 2.74505 -0.883928
v -1.7669 2.84111 -0.736364
v -0.201166 2.78355 -1.32145
v -1.65769 2.79658 -0.950147
v -2.6796 2.69527 -0.265029
v -1.64678 2.72188 -0.611612
v -1.75335 2.86174 -0.59175
v -0.880124 2.77136 -1.07481
v -1.00304 2.70211 -0.568232
v -2.70554 2.71744 -0.206764
v -2.71555 2.59848 -0.229987
v -2.79427 2.79178 -0.463447
v -2.48346 2.74079 -1.15715
v -0.649496 2.79601 -1.30127
v -1.07581 2.78563 -0.989269
v -2.73505 2.75003 -0.494537
v -0.978914 2.77926 -1.02753
v -0.251235 2.82479 -1.48703
v -0.227153 2.71982 -1.42645
v -1.33029 2.75394 -0.429655
v -1.38136 2.62026 -0.472786
v -1.41596 2.73305 -0.462565
v -2.61106 2.7749 -0.900654
v -0.853642 2.76517 -1.19912
v -1.68875 2.81301 -0.545926
v -0.238499 2.88342 -0.925056
v -1.52079 2.88237 -0.987664
v -1.40407 2.83963 -0.970798
v -1.17722 2.79444 -0.973936
v -1.2855 2.81022 -0.967714
v -1.46433 2.6809 0.058014
v -1.39056 2.77027 0.0709758
v -0.482316 2.82702 -1.8538
v -0.454344 2.88198 -1.75615
v -0.567977 2.8111 -1.09765
v -1.62086 2.79916 -0.502158
v -2.52062 2.64086 -0.0571235
v -2.49874 2.73206 0.000135626
v -2.61688 2.78507 -0.0634546
v -1.20671 2.8875 -0.0612079
v -0.780535 2.78288 -1.3008
v -1.23445 2.75389 -0.424695
v -1.29311 2.6416 -0.438606
v -0.632186 2.79038 -0.99621
v -0.53886 2.80014 -1.21578
v -1.19712 2.63978 -0.434337
v -1.13268 2.74798 -0.435143
v -2.61112 2.7645 -0.142604
v -2.50621 2.74342 -0.0892511
v -2.68189 2.79663 -0.23603
v -0.701173 2.78321 -2.41602
v -0.763948 2.87059 -2.43127
v -0.654694 2.8367 -2.32551
v -1.53817 2.81065 -0.46751
v -2.70728 2.71585 -0.748548
v -2.71446 2.81407 -0.767973
v -0.277867 2.96254 -0.818951
v -0.265645 2.77025 -0.860606
v -1.84771 2.7216 -0.251236
v -1.73799 2.79839 -0.309452
v -1.844 2.78627 -0.338885
v -1.73425 2.86434 -0.871675
v -1.08679 2.90394 -0.944556
v -0.544583 2.87765 -1.99252
v -0.543423 2.91664 -1.88703
v -1.45426 2.84836 -0.446397
v -1.00176 2.88597 -1.00909
v -2.35851 2.80762 -1.79594
v -2.38225 2.93677 -1.89843
v -2.32122 2.78568 -1.88526
v -1.81843 2.75443 -0.108305
v -1.75854 2.8807 -0.0564408
v -1.77776 2.76068 -0.215528
v -2.24365 2.77499 -2.05229
v -2.28754 2.77607 -1.96918
v -2.25273 2.94227 -2.01223
v -0.936851 2.83937 -0.465577
v -0.826623 2.80126 -0.539662
v -1.24783 2.96498 0.0613723
v -1.31874 2.86541 0.0710799
v -0.899209 2.87488 -1.07162
v -1.06719 2.85481 -0.418144
v -1.03581 2.75571 -0.469274
v -1.63887 2.81323 -0.250471
v -0.465267 3.02629 -0.581503
v -0.493547 2.91429 -0.523856
v -0.377179 2.93603 -0.663431
v -2.22233 2.70002 0.0995176
v -2.30912 2.85021 0.166562
v -2.34734 2.76079 0.100742
v -0.756273 2.84735 -0.660009
v -2.17427 2.78741 0.161392
v -2.30824 2.93994 -1.9512
v -1.85403 2.84196 -0.0390918
v -1.88082 2.78368 -0.186666
v -1.87783 2.8422 -0.13169
v -1.15237 2.98063 -0.0842497
v -1.07591 2.88731 -0.175135
v -1.17368 2.91516 -0.936243
v -0.312196 2.85016 -0.75815
v -1.69785 2.83776 -0.410224
v -1.59429 2.82806 -0.356635
v -1.27726 2.87433 -0.409172
v -0.847998 2.87125 -1.17499
v -0.696051 2.86031 -0.778452
v -1.87033 2.84507 -0.253932
v -1.69298 2.83033 -0.148203
v -1.61924 2.91383 -0.0922391
v -1.1802 2.85789 -0.410288
v -2.70979 2.94536 -0.128354
v -2.7126 2.83641 -0.170621
v -1.82406 2.84018 -0.415581
v -1.50134 2.86366 -0.322136
v -2.73426 2.85412 -0.763808
v -2.64977 2.80754 -0.884615
v -1.55264 2.86372 -0.201063
v -0.87093 2.981 -0.281747
v -0.966419 3.07108 -0.24829
v -1.0205 2.97935 -0.204625
v -1.79794 2.92831 -0.642892
v -0.522604 2.96808 -1.78948
v -1.46069 2.87359 -0.158623
v -1.53512 2.92164 -0.0264478
v -0.437036 3.13418 -0.639712
v -0.345862 3.04635 -0.723766
v -1.93363 2.96242 -1.41241
v -1.85683 2.94128 -1.3696
v -2.60426 2.88204 -0.00773749
v -2.1912 2.78268 -2.13634
v -2.1969 2.94178 -2.08443
v -1.70548 2.9766 0.00181411
v -1.10532 2.96492 -0.409178
v -0.660714 2.90343 -1.30579
v -0.535517 2.91577 -1.23805
v -1.71945 2.86582 -0.478843
v -1.87459 2.90656 -0.311178
v -0.636935 2.88777 -0.886334
v -2.1511 3.09784 -2.08972
v -2.13377 2.94619 -2.15414
v -1.10771 3.07845 -0.124595
v -1.79988 2.91196 -0.475931
v -1.40074 2.8809 -0.286687
v -1.8395 2.93954 -0.00428048
v -0.611043 2.92823 -2.12546
v -0.672548 3.01841 -2.15116
v -0.607348 2.96701 -2.02171
v -0.549932 2.92121 -1.09649
v -1.88452 3.03463 -1.35464
v -1.38473 2.94994 0.170779
v -1.30414 3.04827 0.170525
v -1.02337 2.98955 -1.00143
v -1.09 3.0209 -0.921987
v -1.74193 2.91407 0.281543
v -1.63003 2.83232 0.227666
v -1.67108 3.02036 0.297632
v -0.572216 3.12086 -0.513755
v -0.698423 3.21822 -0.464667
v -0.702917 3.10731 -0.403144
v -1.91934 2.78158 -0.286676
v -1.9181 2.90536 -0.278376
v -1.93176 2.86292 -0.447585
v -1.79342 2.94144 -0.783856
v -1.8076 3.0233 -0.690989
v -1.63064 3.00766 0.0633436
v -1.17138 3.03041 -0.888898
v -1.2604 2.93254 -0.947716
v -1.88587 2.90184 -0.171974
v -0.796748 2.8847 -1.28723
v -0.858998 2.97676 -1.16999
v -0.591591 2.90618 -0.983646
v -0.833209 3.08584 -0.321308
v -1.85636 2.9919 -1.33814
v -1.3339 2.95497 -0.291854
v -1.40203 2.98872 -0.109
v -1.4608 2.8514 0.164343
v -1.55558 2.93524 0.242429
v -0.476276 3.03509 -1.70869
v -0.425845 3.10687 -1.63324
v -0.406366 2.94843 -1.67184
v -0.850193 2.9752 -0.54149
v -0.779185 2.98194 -0.6673
v -0.708411 2.99557 -0.791494
v -1.92978 3.02042 -0.0350309
v -1.88896 3.0923 -0.621554
v -0.555288 3.22487 -0.574052
v -1.90462 2.93727 -0.0871777
v -1.23886 3.04334 -0.922897
v -1.34869 3.0983 -0.946195
v -0.79928 2.98493 -1.27245
v -1.36472 2.86481 -0.415106
v -2.2628 2.94286 0.226168
v -2.11998 2.88048 0.220911
v -2.0647 2.97432 0.284705
v -0.680278 3.01117 -1.29049
v -2.71973 2.83086 -0.353976
v -2.72468 2.85885 -0.479415
v -2.70585 2.96639 -0.456357
v -1.27913 3.07038 -0.386328
v -1.49143 3.02153 -0.970518
v -1.59831 3.07251 -0.952953
v -1.49583 3.04701 -0.00878308
v -2.1461 3.00875 0.0389387
v -2.05179 3.10107 0.0377549
v -2.0317 3.01108 -0.0125973
v -1.14697 3.07121 -0.432082
v -1.77661 3.08749 0.115047
v -2.77648 2.93585 -0.292677
v -2.77624 3.0274 -0.281228
v -2.80149 2.91124 -0.470828
v -2.77289 2.99716 -0.48292
v -1.17283 3.06836 0.0421408
v -1.82654 3.01495 0.0612744
v -2.23917 3.10522 -2.05521
v -1.83863 3.00455 -0.544337
v -1.78056 3.04717 -0.81851
v -1.10325 3.10568 -0.937902
v -1.89033 2.9685 -0.360782
v -1.90503 3.03939 -0.459483
v -1.02276 3.17083 -0.15939
v -0.940332 3.24437 -0.225579
v -2.75556 2.84367 -1.21092
v -2.80132 2.92632 -1.33114
v -2.70581 2.82324 -1.31069
v -1.04023 3.08724 -1.00842
v -1.88689 2.9728 -0.220298
v -1.99215 2.93931 -0.0891165
v -1.83749 3.10419 -0.744952
v -1.9337 2.97556 -0.419644
v -1.98792 3.05483 -0.529336
v -0.878084 3.09903 -0.550428
v -0.977924 2.96481 -0.461751
v -1.00496 3.08237 -0.471415
v -1.98715 2.94213 -0.569787
v -2.08437 2.90688 -0.718998
v -2.07044 3.01161 -0.656435
v -2.20198 2.97123 -0.773764
v -0.570621 3.02705 -1.23253
v -1.62677 3.73851 -1.56894
v -0.569611 3.03012 -0.982243
v -1.71302 2.98869 -0.897038
v -1.77075 3.16895 -0.838365
v -0.930112 3.16696 -0.302656
v -0.920831 3.31712 -0.308715
v -0.926002 2.97757 -1.07423
v -0.946443 3.07529 -1.08022
v -0.519354 3.03902 -1.09921
v -2.27617 3.01878 0.0498843
v -2.26297 2.91508 0.0253093
v -2.16207 3.11281 0.0620963
v -2.15187 3.15225 0.320728
v -2.20898 3.04472 0.275881
v -1.91191 3.17087 -0.679049
v -2.89273 2.96295 -1.12229
v -2.85499 2.89971 -1.00374
v -2.93442 2.98769 -1.01292
v -1.31234 3.21622 -0.937744
v -1.69073 3.12148 -0.900801
v -1.46623 3.16213 -0.954388
v -1.57671 3.21552 -0.931525
v -0.502381 3.18951 -1.6699
v -0.811226 3.10221 -0.693581
v -1.61448 3.11155 0.0459454
v -0.871449 3.07998 -1.17729
v -0.817209 3.08099 -1.27975
v -2.17479 3.07403 -0.71867
v -1.7498 3.18902 0.107181
v -2.69955 3.01175 -0.0948811
v -2.68183 3.10072 -0.0458446
v -2.73214 3.09698 -0.267681
v -2.04215 3.32984 -2.09535
v -2.00705 3.20812 -2.13525
v -2.09905 3.22364 -2.09586
v -2.0658 3.117 -0.61543
v -1.06365 3.19033 -1.01618
v -2.29256 3.12452 -0.725835
v -2.32949 3.02524 -0.775972
v -1.82498 3.00973 -1.36025
v -1.18703 3.17127 -0.457983
v -0.701358 3.1136 -1.29714
v -1.86664 3.21177 -0.789309
v -1.495 3.17264 -0.0224145
v -2.69331 3.04315 -0.306618
v -2.63591 3.16887 -0.399152
v -2.66681 3.14795 -0.282524
v -1.95176 3.07044 0.0575645
v -1.30497 3.18046 -0.3796
v -2.44357 3.06164 -0.723571
v -2.39183 3.14783 -0.663189
v -0.576259 3.13844 -1.24908
v -2.77008 2.99746 -0.939548
v -2.55756 3.04136 -0.716934
v -2.5188 2.98464 -0.854403
v -0.691909 3.13366 -0.769522
v -1.93022 3.15347 0.149372
v -2.20577 3.20903 -1.79461
v -2.54209 3.08108 -0.644314
v -2.48043 3.16001 -0.58206
v -2.62673 3.08531 -0.548159
v -1.94606 3.15075 -0.536399
v -1.05099 3.19642 -0.48167
v -2.28504 3.12814 0.0721046
v -2.28593 3.24304 0.10559
v -2.16308 3.22541 0.102536
v -0.94662 3.19524 -0.593998
v -2.79808 3.03741 -0.7942
v -2.60749 3.08352 -0.598013
v -0.541848 3.15987 -1.13104
v -2.95958 3.06987 -1.13066
v -2.99399 3.08899 -1.01871
v -1.43717 3.31034 -0.91971
v -2.57727 3.17918 -0.506562
v -1.60471 3.22908 0.0565632
v -2.04736 3.21198 0.0920973
v -0.596087 3.02271 -0.867394
v -0.578738 3.1594 -0.86456
v -0.557501 3.1609 -0.994879
v -0.901414 3.18116 -1.19929
v -2.41253 3.15268 0.0575448
v -2.68389 3.00982 -0.182923
v -2.67398 3.12255 -0.163829
v -2.1454 3.1808 -0.683728
v -0.705131 3.27641 -1.80486
v -0.629399 3.19684 -1.77203
v -0.730423 3.22155 -1.88578
v -2.8524 3.152 -0.55945
v -2.71798 3.15456 -0.416443
v -2.65649 3.12892 -0.493462
v -1.94919 3.248 -0.611758
v -0.843508 3.17927 -1.30956
v -1.36989 3.22945 -0.0963717
v -1.39637 3.11727 -0.115717
v -1.29604 3.28916 -0.385414
v -1.9149 3.372 -0.739166
v -1.92394 3.26032 -0.719666
v -0.728411 3.22233 -1.30766
v -0.717635 3.25383 -0.78071
v -1.35894 3.07811 -0.249575
v -1.34239 3.20257 -0.238026
v -1.75882 3.30192 -0.836972
v -2.38592 3.15999 -0.678958
v -2.81808 3.21012 -0.200503
v -2.83476 3.23972 -0.187713
v -2.30174 3.19469 -1.8552
v -2.26154 3.23338 -0.700667
v -1.21519 3.26691 -0.503138
v -2.27535 3.36133 0.147574
v -1.8495 3.34054 -0.79891
v -0.843421 3.21452 -0.721255
v -0.606146 3.26139 -1.26315
v -2.35302 3.24784 -0.623939
v -2.8042 3.25156 -0.138637
v -2.87508 3.26063 -0.211487
v -1.88096 3.27131 0.147982
v -0.574609 3.27808 -1.12831
v -2.0429 3.32012 0.176148
v -2.48712 2.93051 -1.02875
v -2.30351 3.10476 -0.973243
v -2.4393 2.93423 -1.20473
v -1.64485 3.72276 -1.57352
v -1.08517 3.30417 -0.529403
v -1.94946 3.31699 -0.649689
v -2.64982 3.23481 -0.145963
v -2.63258 3.25219 -0.257198
v -0.984804 3.30022 -0.64732
v -1.73268 3.18953 -1.06493
v -1.6642 3.29648 -0.969339
v -1.63116 3.2389 -1.07914
v -2.30857 3.3326 -0.67369
v -2.48147 3.21683 -0.588225
v -1.61469 3.40423 -1.24004
v -2.84545 3.24311 -0.117415
v -2.41041 3.27053 0.0880109
v -1.44097 3.27148 0.0303968
v -2.72748 3.26497 -0.113816
v -2.75695 3.28374 -0.0765388
v -0.937303 3.28333 -1.22404
v -2.54336 3.25349 -0.4918
v -0.668891 3.3417 -1.73216
v -0.755616 3.41358 -1.76281
v -0.622828 3.27549 -0.880091
v -2.7529 3.37311 0.0202962
v -2.793 3.26697 -0.0135556
v -0.877486 3.28859 -1.32943
v -2.2441 3.10326 -1.12473
v -0.805904 3.26407 -2.00629
v -0.888641 3.30343 -2.11899
v -0.88883 3.33859 -2.02916
v -0.974288 3.18085 -1.10032
v -1.09933 3.30083 -1.02454
v -0.85329 3.334 -0.742057
v -1.54935 3.34372 0.0821829
v -0.582784 3.28166 -0.998719
v -1.01115 3.28607 -1.12494
v -1.34707 3.374 -0.122945
v -2.34775 3.12902 -0.820757
v -2.23898 3.31148 -0.802174
v -2.16474 3.28708 -0.934181
v -2.59666 3.26814 -0.366606
v -2.53998 3.35744 -0.324921
v -2.59798 3.357 -0.231705
v -1.83969 3.47047 -0.794685
v -1.74842 3.4392 -0.823125
v -2.59876 3.2815 -0.406543
v -1.40882 3.483 -1.10373
v -1.40993 3.48442 -1.09145
v -2.32734 3.0968 -2.04465
v -2.49262 3.2197 -2.07705
v -2.4067 3.25568 -2.10506
v -0.803245 3.30216 -1.91615
v -1.22915 3.38586 -0.529487
v -0.767964 3.3383 -1.32802
v -2.75045 3.33067 -0.0243571
v -2.87937 3.29592 0.0407001
v -2.12926 3.28615 -0.675395
v -2.24541 3.34787 -0.698447
v -2.71719 3.36626 -0.0501163
v -2.6718 3.31544 -0.0263972
v -2.6785 3.40833 0.00256463
v -2.90092 3.33291 -0.131117
v -2.75409 3.30187 -0.102723
v -2.82555 3.25187 -0.186481
v -2.91048 3.29545 -0.100339
v -1.30978 3.31198 -0.241229
v -1.95755 3.39726 -0.666756
v -2.53506 3.18422 0.0209957
v -2.62636 3.21328 -0.0416783
v -2.6067 3.33401 -0.0296203
v -1.97798 3.43025 -2.08654
v -1.90988 3.55244 -2.05477
v -1.86877 3.41649 -2.09835
v -1.91292 3.49522 -0.739601
v -1.26422 3.39276 -0.381151
v -2.91321 3.3087 -0.216783
v -0.724719 3.37782 -0.788347
v -1.9851 3.35921 -0.606857
v -2.91333 3.31529 -0.0615732
v -1.24487 3.31418 -0.933714
v -2.73209 3.21613 -0.328902
v -2.62767 3.3144 -0.318671
v -1.57175 3.29013 -1.10866
v -1.55962 3.35545 -0.965852
v -1.70318 3.30236 0.140203
v -1.51349 3.3594 -0.974189
v -0.658741 3.37114 -1.29029
v -1.42249 3.42416 -0.0317939
v -2.92761 3.37937 -0.0500085
v -2.52726 3.3048 0.0459252
v -1.10064 3.39813 -0.602256
v -1.66678 3.41495 0.0906805
v -2.79145 3.23523 -0.263746
v -2.69807 3.36597 -0.142198
v -1.2768 3.42902 -0.254097
v -1.41085 3.44937 -0.808672
v -2.65492 3.34456 -0.238157
v -1.75199 3.40555 -2.12849
v -2.11427 3.38814 -0.649748
v -2.25939 3.51269 -0.667817
v -2.3567 3.5325 -0.585861
v -1.66937 3.26003 -0.88152
v -1.55859 3.35615 -0.865209
v -1.65503 3.3994 -0.831492
v -1.41772 3.48816 -1.03966
v -1.9674 3.52253 -0.675011
v -0.886694 3.37474 -1.94138
v -0.980612 3.40486 -2.04812
v -0.9792 3.43892 -1.96209
v -0.919428 3.39637 -1.33172
v -0.98773 3.37809 -1.25305
v -1.08486 3.42076 -2.14476
v -0.982738 3.36798 -2.13342
v -1.09383 3.37199 -2.22146
v -1.49733 3.52118 -1.26948
v -1.50522 3.50026 -1.27589
v -1.95198 3.43576 0.170496
v -1.81654 3.3878 0.17057
v -1.67377 3.73623 -1.55451
v -1.05353 3.38 -1.15562
v -0.989701 3.40676 -0.705456
v -2.12712 3.29754 -1.07272
v -2.93726 3.35749 -0.0893243
v -1.13191 3.39273 -1.04791
v -2.93341 3.36572 -0.209821
v -2.42212 3.36092 -0.506666
v -2.39778 3.4668 -0.465204
v -2.45827 3.34674 -0.405824
v -1.78657 3.48878 0.106463
v -2.88876 3.39336 -0.222055
v -2.16304 3.50561 -0.775367
v -2.42339 3.45151 -0.372548
v -2.57685 3.18414 -2.02999
v -2.65209 3.15886 -1.9612
v -2.713 3.30231 -1.98209
v -2.56411 3.38922 -2.09885
v -2.64175 3.33674 -2.05545
v -1.23407 3.42112 -0.926538
v -2.88094 3.34056 -0.297024
v -2.22048 3.45505 -0.661427
v -2.40189 3.39092 0.125663
v -1.79695 3.39355 -1.31774
v -1.75017 3.49927 -1.4121
v -1.88991 3.4482 -1.27491
v -2.55844 3.46562 -0.206968
v -2.49608 3.45867 -0.291046
v -2.93726 3.42708 -0.202288
v -2.96745 3.36305 -0.323976
v -2.90647 3.48093 -0.0716231
v -2.91497 3.48734 -0.19678
v -2.00789 3.4212 -0.627303
v -1.98613 3.64284 -0.665254
v -2.89659 3.44108 -0.137229
v -2.48403 3.45503 -2.12913
v -0.968793 3.48213 -1.88192
v -0.873568 3.42081 -1.86039
v -2.90236 3.45884 -0.0453607
v -2.9486 3.40116 0.0438655
v -1.33735 3.50492 -0.628408
v -1.33596 3.48785 -0.755125
v -1.27148 3.46341 -0.717632
v -2.50965 3.42692 0.0702522
v -2.54896 3.42755 -0.418584
v -2.61129 3.45368 -0.341849
v -1.91908 3.61682 -0.712524
v -0.805493 3.44237 -1.34699
v -1.6227 3.54748 0.114102
v -2.3155 3.4671 -0.565009
v -0.708397 3.48224 -1.3013
v -1.32178 3.50987 -0.158326
v -1.2061 3.52458 -0.255771
v -1.93035 3.44604 -1.11395
v -1.89763 3.34578 -1.18698
v -1.9174 3.51402 -1.19939
v -1.1693 3.44724 -0.376205
v -0.859834 3.45485 -0.772949
v -2.77766 3.28244 -1.89334
v -2.81979 3.42046 -1.90475
v -1.08197 3.45838 -2.0624
v -1.07896 3.49425 -1.97972
v -1.51771 3.48176 0.0402971
v -0.753461 3.49149 -0.83732
v -0.642472 3.4011 -0.894056
v -0.956885 3.49838 -1.36463
v -0.849559 3.47806 -1.78898
v -0.952191 3.53247 -1.80677
v -0.820495 3.54253 -1.72446
v -1.38409 3.57672 -0.0652482
v -2.0547 3.45482 -0.617831
v -2.70427 3.44751 0.0244493
v -2.62261 3.48909 0.0485038
v -1.25484 3.48037 -0.449916
v -2.66495 3.48518 -0.264046
v -0.66405 3.50228 -1.18689
v -1.81849 3.5487 -1.32863
v -2.03185 3.33474 -0.608504
v -2.68792 3.50904 -1.90255
v -2.57932 3.41167 -1.9365
v -2.67282 3.49793 -2.00399
v -1.04419 3.46402 -1.30058
v -2.02168 3.54961 -0.629993
v -2.54017 3.45964 -1.98958
v -2.74608 3.48759 -0.135489
v -2.71182 3.43057 -0.0666195
v -2.1066 3.46659 0.165449
v -1.92107 3.5413 0.134795
v -0.689658 3.50919 -0.937117
v -2.10604 3.51203 -0.619158
v -2.76036 3.43886 -1.99877
v -1.11147 3.47289 -0.698158
v -1.27653 3.45106 -0.571628
v -1.20741 3.43477 -0.653196
v -1.2664 3.47575 -0.830422
v -1.20921 3.49599 -0.775627
v -1.22468 3.55239 -0.888107
v -2.69414 3.46651 -2.08992
v -1.16378 3.46636 -1.09041
v -2.6624 3.48931 -2.09322
v -2.38112 3.45653 -2.14495
v -2.31176 3.26307 -2.12147
v -1.00672 3.50778 -0.749732
v -2.90968 3.46304 0.0531913
v -2.84257 3.53531 -0.0637872
v -2.12321 3.49997 -0.905475
v -2.86739 3.2598 -0.374657
v -2.86811 3.44179 -0.410622
v -1.77502 3.4882 -2.08069
v -1.76275 3.55371 -2.03622
v -2.52937 3.48179 -2.06291
v -0.846587 3.54178 -1.3954
v -2.86785 3.54676 -0.191785
v -0.650558 3.51337 -1.06357
v -0.606593 3.39965 -1.03827
v -2.21057 3.56031 -0.593978
v -2.07152 3.57884 0.15706
v -1.75337 3.599 0.119348
v -2.81461 3.52014 -0.245586
v -2.90238 3.56376 -0.310274
v -2.9417 3.4972 -0.313045
v -2.08658 3.50818 -1.03469
v -2.04844 3.53022 -1.16586
v -2.8211 3.52593 -0.119882
v -1.50677 3.61855 -0.0167278
v -1.10656 3.45898 -1.202
v -1.16255 3.53715 -1.25351
v -2.83656 3.48599 -0.330401
v -1.65762 3.54298 -2.06133
v -1.65208 3.48338 -2.106
v -0.818633 3.49263 -0.323941
v -0.911417 3.42721 -0.380176
v -0.877674 3.55594 -0.428087
v -0.858108 3.62901 -0.36716
v -2.62973 3.48118 -2.17214
v -0.755492 3.59061 -1.32304
v -1.85045 3.62705 -2.05359
v -2.8935 3.39988 -0.499033
v -2.46221 3.56733 -0.264705
v -2.39667 3.55967 -0.341527
v -1.46757 3.65725 -0.695828
v -2.97389 3.50738 -0.427053
v -2.9397 3.58537 -0.42104
v -1.22438 3.4718 -0.966104
v -1.87294 3.5785 -1.25992
v -1.10535 3.54705 -1.3573
v -2.41845 3.45523 -2.00005
v -2.71168 3.52225 -1.79168
v -2.7091 3.74835 -1.76966
v -2.7529 3.51936 -1.67484
v -1.27961 3.61514 -0.180692
v -2.52037 3.49175 -2.12806
v -1.28151 3.57733 -0.343623
v -2.21145 3.2513 -2.10501
v -2.27325 3.40172 -2.1383
v -2.15796 3.36306 -2.12151
v -0.893557 3.5564 -0.796605
v -2.41061 3.53857 -2.04334
v -1.1253 3.54215 -0.787942
v -2.86995 3.41008 -1.80299
v -2.91371 3.40552 -1.69603
v -2.87505 3.54428 -1.79883
v -2.8334 3.51056 0.0526696
v -2.83533 3.51514 -0.0367443
v -1.20069 3.54037 -1.1393
v -1.18313 3.54102 -1.99605
v -1.18947 3.49948 -2.07293
v -1.30192 3.52755 -2.07842
v -1.90885 3.62786 -1.19164
v -1.94056 3.60065 -1.13594
v -2.77891 3.60539 -0.154327
v -0.893949 3.66434 -1.69039
v -0.785925 3.61391 -1.66859
v -0.925551 3.5955 -1.74443
v -2.43574 3.54762 -2.1579
v -0.925593 3.48109 -0.141727
v -0.938105 3.59605 -0.212084
v -1.02929 3.59111 -0.0364352
v -2.75411 3.51936 -0.0138855
v -1.61418 3.57745 -1.35365
v -2.50904 3.57588 -0.420772
v -2.04848 3.49912 -1.92434
v -2.03432 3.59978 -1.86759
v -2.14773 3.52357 -1.97725
v -1.16139 3.62379 -0.843373
v -1.73008 3.65326 -1.28038
v -1.29317 3.57441 -2.00811
v -1.50442 3.48659 -1.26621
v -2.4769 3.40165 -0.498947
v -2.43633 3.55353 -0.500328
v -1.05604 3.5848 -1.82603
v -1.03726 3.63817 -1.75456
v -1.27781 3.56406 -0.52551
v -2.69778 3.65616 -1.88054
v -1.89998 3.64757 0.111961
v -1.41748 3.54407 -2.07964
v -1.40766 3.59333 -2.01494
v -2.56084 3.59055 -0.331345
v -1.91823 3.72957 -0.65294
v -1.99436 3.755 -0.623153
v -1.75231 3.7126 0.0915972
v -1.22004 3.57245 -0.452851
v -2.87929 3.63875 -0.300903
v -2.7806 3.57815 -1.99038
v -1.23686 3.536 -1.02036
v -1.51837 3.50197 -1.25777
v -2.78069 3.58602 -0.0736566
v -2.82279 3.60341 -0.192893
v -2.59376 3.59735 0.0618228
v -2.7706 3.55885 0.0219884
v -1.1733 3.58477 -1.92123
v -1.06945 3.53675 -1.90135
v -2.31088 3.67877 -0.688118
v -2.65662 3.63514 0.011673
v -1.83553 3.70541 -0.674105
v -2.70803 3.63075 -1.99091
v -2.26721 3.53881 -2.02423
v -2.24464 3.65799 -1.99726
v -2.12512 3.61925 -0.555936
v -0.794221 3.59768 -0.862623
v -1.52241 3.57195 -1.18914
v -1.62784 3.67487 0.0464171
v -1.74625 3.57315 -0.773082
v -1.65492 3.55068 -0.794277
v -1.74629 3.69299 -0.696468
v -0.730308 3.61903 -0.964052
v -0.694162 3.62683 -1.08424
v -2.59517 3.60498 -0.240363
v -2.82508 3.55674 -1.89899
v -2.04272 3.67257 -0.615697
v -2.07444 3.58223 -0.595594
v -1.81789 3.66529 -1.24675
v -1.37328 3.7139 -0.128001
v -2.79339 3.64029 -0.250867
v -1.53537 3.55063 -2.07637
v -2.69355 3.62768 0.0727633
v -2.73683 3.63318 0.152118
v -2.75049 3.57442 0.0267888
v -2.78869 3.55524 0.129175
v -2.70234 3.64273 0.0481692
v -2.81968 3.61774 -0.0910124
v -2.73787 3.57227 -0.0884593
v -2.84501 3.62302 0.00860442
v -1.8839 3.58149 -0.811983
v -1.91962 3.69324 -0.757241
v -1.77506 3.59786 -0.770556
v -1.65627 3.69618 -0.719693
v -1.26688 3.60954 -1.0771
v -1.81307 3.70708 -0.711924
v -2.71025 3.62566 -2.08515
v -2.62688 3.6144 -0.144001
v -2.65732 3.6379 -0.0534537
v -1.23201 3.60843 -1.3081
v -1.2583 3.63371 -0.967567
v -2.91588 3.67095 -0.408243
v -2.72926 3.64279 -2.08172
v -2.6787 3.62949 -2.17394
v -1.03219 3.6002 -0.794512
v -1.94946 3.58242 -1.81379
v -2.00058 3.6601 -1.79979
v -1.63141 3.6404 -1.98523
v -1.53292 3.56743 -2.14013
v -1.51172 3.63956 -2.00242
v -2.37819 3.67225 -0.314013
v -2.43334 3.68026 -0.245983
v -1.01025 3.7017 -1.69673
v -2.19295 3.64861 -0.503739
v -2.85472 3.56303 -0.534739
v -2.81329 3.60128 -0.445907
v -1.98955 3.61344 -1.69999
v -1.95486 3.69081 -1.10155
v -1.89962 3.70174 -1.17128
v -2.40736 3.64828 -2.11056
v -2.38217 3.654 -2.00244
v -1.17266 3.6348 -1.41366
v -1.22951 3.67158 -0.353612
v -1.25906 3.60642 -1.1909
v -1.4278 3.56971 -1.0233
v -1.45692 3.66524 -0.942748
v -1.45178 3.60664 -1.0764
v -2.08043 3.76848 -1.29118
v -2.01165 3.57281 -1.29807
v -1.56688 3.64794 -1.21553
v -2.36187 3.5719 -0.430416
v -2.79489 3.62928 -0.352799
v -0.933136 3.65421 -0.826842
v -0.897593 3.65019 -1.41931
v -1.28154 3.62199 -1.9387
v -1.2687 3.67111 -1.86947
v -1.16036 3.63351 -1.84858
v -1.75423 3.59441 -2.01935
v -1.73152 3.62943 -1.97325
v -1.6202 3.64188 -1.96749
v -1.64097 3.5949 -2.02293
v -2.2575 3.65778 -0.438839
v -1.49152 3.75441 -0.0509798
v -2.89331 3.60794 0.110104
v -2.87767 3.63699 0.0155018
v -2.31928 3.66464 -0.376117
v -2.07648 3.8185 -1.45471
v -2.40541 3.60766 -2.20731
v -1.19925 3.70448 -0.891493
v -1.25166 3.76807 -0.935612
v -2.47468 3.68991 -0.17084
v -2.51854 3.57697 -0.185522
v -2.1187 3.63904 -1.94196
v -1.39469 3.64269 -1.95018
v -2.33301 3.53971 -2.14269
v -1.69117 3.65818 -1.89983
v -1.59906 3.67823 -1.89698
v -2.64923 3.73238 0.0295002
v -2.57891 3.71857 0.0391717
v -1.95977 3.60468 -0.900352
v -1.98767 3.60942 -1.43414
v -2.0158 3.78006 -1.5771
v -1.97729 3.61372 -1.56066
v -1.89553 3.75467 0.0855539
v -2.02579 3.80181 0.114839
v -2.49437 3.69327 -0.0874811
v -1.29732 3.70524 -1.01418
v -1.34335 3.75709 -1.04779
v -2.87028 3.66297 -0.0737309
v -2.86409 3.69785 -0.177538
v -1.74888 3.81338 -0.599205
v -1.26047 3.66851 -2.01661
v -1.37871 3.71654 -1.88553
v -1.39278 3.66317 -2.00996
v -1.31276 3.67328 -1.11757
v -1.25453 3.72443 -1.80136
v -0.951732 3.72328 -0.264743
v -2.65275 3.75199 -1.91367
v -2.53856 3.57288 -0.00195321
v -2.48124 3.68663 0.00116592
v -2.68033 3.7306 0.0951499
v -2.72154 3.72623 0.168903
v -1.92016 3.75097 -1.67758
v -1.64378 3.71746 -1.22616
v -2.42718 3.69425 -0.495367
v -2.68732 3.73321 0.0626345
v -1.56881 3.83575 -0.61486
v -1.56246 3.68212 -0.719613
v -2.07988 3.74148 -1.89363
v -1.83865 3.76526 -1.29325
v -1.34945 3.66421 -0.278391
v -2.21465 3.49374 -2.13509
v -2.09546 3.45641 -2.11696
v -1.74723 3.6704 -1.93159
v -1.75936 3.73001 -1.85179
v -2.79782 3.67487 -1.88638
v -1.86021 3.76405 -1.82193
v -1.25859 3.70024 -0.477565
v -1.51372 3.70907 -1.07307
v -1.69402 3.68875 -1.81886
v -1.71805 3.72118 -1.75591
v -1.58923 3.69969 -1.82102
v -1.3309 3.66524 -1.23198
v -2.37344 3.68493 -0.588963
v -2.86815 3.72173 0.018573
v -1.74271 3.63238 -2.09363
v -1.77369 3.65753 -2.03289
v -1.80111 3.75625 -2.08478
v -1.30848 3.80985 -0.960424
v -1.76394 3.66432 -1.96499
v -1.74157 3.74206 -1.88325
v -1.07072 3.6911 -0.829793
v -2.84748 3.72958 -0.0805267
v -1.58771 3.71733 -1.75391
v -0.845661 3.70313 -0.475812
v -0.897698 3.77612 -0.401294
v -2.81459 3.74271 -0.261751
v -2.83168 3.73644 -0.170115
v -2.51623 3.71538 -0.312862
v -2.47421 3.70583 -0.405223
v -2.90784 3.7165 0.122349
v -2.55596 3.72125 -0.220564
v -2.76785 3.66254 -1.95072
v -2.59782 3.72943 -0.12952
v -1.70733 3.7486 -1.69495
v -1.38086 3.69232 -1.88389
v -1.50796 3.649 -1.95891
v -1.61875 3.7242 -1.87747
v -2.62763 3.7268 -2.13138
v -1.99399 3.69971 -2.08192
v -1.91346 3.74718 -2.05332
v -1.82174 3.65327 -2.03505
v -1.84313 3.76478 -2.04553
v -1.66477 3.63913 -0.768224
v -1.70346 3.74593 -0.707554
v -1.55917 3.69046 -0.788276
v -1.92269 3.78669 -1.06666
v -1.2581 3.719 -1.8846
v -1.16362 3.72901 -1.98553
v -1.12811 3.72528 -1.87401
v -1.67615 3.78249 -1.27095
v -1.66534 3.75634 -1.63523
v -1.58492 3.73313 -1.70199
v -1.94042 3.75136 -1.92406
v -1.11844 3.77865 -0.858021
v -1.02834 3.70396 -0.104392
v -1.36603 3.72731 -1.14402
v -1.79507 3.75933 -1.79031
v -2.87107 3.72956 -0.283628
v -2.8837 3.75747 -0.390987
v -1.04814 3.92028 -0.842467
v -1.06253 3.83299 -0.77034
v -0.977349 3.88398 -0.819479
v -1.39534 3.78986 -0.219772
v -1.30042 3.75751 -0.318565
v -1.03492 3.75012 -0.705714
v -1.1677 3.78397 -0.746017
v -2.74668 3.73944 -1.98351
v -2.3388 3.76861 -1.95449
v -2.48375 3.69694 -1.97991
v -2.80397 3.7402 -0.357411
v -2.8129 3.73289 -0.451444
v -1.01257 3.73329 -0.584502
v -0.989626 3.59017 -0.511929
v -1.1101 3.7834 -0.583669
v -1.33827 3.66028 -0.555467
v -1.40969 3.65643 -0.619155
v -1.56392 3.75484 -1.64374
v -2.64442 3.79173 -1.97492
v -2.62297 3.72187 -2.00086
v -2.52073 3.73491 -2.08736
v -0.980064 3.74878 -0.858627
v -1.07127 3.70255 -1.45728
v -1.24765 3.73005 -1.45842
v -1.85543 3.94049 -1.82613
v -1.8191 3.73565 -1.98521
v -1.3681 3.74423 -1.81748
v -2.01929 3.92523 -1.60309
v -1.57126 3.75922 -1.6064
v -1.63988 3.72128 -1.59815
v -1.05082 3.81443 -0.172458
v -1.3416 3.69277 -2.10772
v -1.23399 3.7637 -2.06095
v -1.32654 3.81503 -2.06708
v -2.88603 3.74074 0.0271335
v -1.88618 3.87009 0.0648624
v -1.99377 3.78368 -0.98216
v -2.66682 3.72223 -1.98001
v -2.0348 3.55574 -2.10634
v -2.09847 3.68873 -2.09944
v -2.42067 3.79464 -1.96293
v -1.39176 3.81873 -0.319457
v -1.59834 3.79291 -0.722121
v -1.14047 3.82404 -1.47715
v -2.21017 3.69169 -2.10513
v -2.15169 3.57881 -2.12197
v -1.89175 3.87812 -1.66371
v -1.95835 3.8031 -0.698738
v -1.85233 3.81137 -0.644143
v -1.56732 3.76355 -1.54958
v -2.41176 3.71795 -2.21631
v -2.45953 3.71868 -2.08905
v -2.80375 3.7334 -1.38818
v -2.82828 3.73023 -1.25415
v -2.89559 3.50291 -1.28243
v -2.58589 3.74362 -2.07546
v -2.65814 3.73133 -2.06368
v -2.43974 3.80776 -0.0854363
v -1.5092 3.8085 -0.981567
v -0.895832 3.77384 -0.597571
v -2.36843 3.79039 -0.301026
v -2.43403 3.66762 0.0860021
v -2.38953 3.78613 0.0719634
v -2.35037 3.64067 0.157827
v -1.82844 3.77089 -1.68527
v -2.85992 3.76394 -0.063936
v -2.41197 3.79849 -0.237536
v -1.6338 3.79013 0.00854656
v -1.50687 3.88701 -0.113051
v -1.39121 3.79451 -1.06767
v -1.75657 3.77861 -1.40044
v -1.83435 3.79139 -1.42664
v -1.63323 3.75072 -1.51666
v -1.55103 3.76925 -1.50323
v -2.68878 3.8526 -1.84925
v -2.37398 3.67535 -2.14169
v -2.15303 3.73402 -0.513902
v -2.2097 3.76223 -0.462376
v -2.26692 3.77795 -0.4109
v -2.32039 3.78544 -0.357822
v -1.53306 3.68903 -2.19534
v -1.62392 3.82383 -2.12394
v -1.5223 3.79429 -2.13904
v -1.15409 3.77757 -1.76521
v -1.68177 3.74156 -1.36727
v -2.12538 3.81479 -0.526114
v -2.09832 3.70203 -0.564902
v -2.06129 3.78338 -0.576942
v -2.76889 3.74542 -1.50989
v -2.85175 3.50872 -1.42341
v -2.79818 3.5165 -1.55288
v -2.5457 3.77101 -2.1901
v -1.73326 3.7352 -2.13916
v -1.72464 3.8452 -2.1148
v -1.64057 3.71394 -2.17811
v -1.25275 3.78325 -1.77307
v -1.37834 3.78576 -1.77311
v -1.24708 3.81547 -0.798883
v -1.14781 3.86225 -0.810331
v -1.21733 3.85425 -0.870378
v -2.30711 3.75995 0.127922
v -1.35649 3.8435 -0.971377
v -1.60074 3.75932 -1.33603
v -2.43712 3.80781 -0.164297
v -2.73934 3.74328 -1.62933
v -2.48061 3.73018 -2.22214
v -2.50118 3.76625 -2.12251
v -1.61665 3.81045 -1.79106
v -1.72529 3.82099 -1.80576
v -1.81359 3.84917 -1.53109
v -2.50562 3.7668 -2.03498
v -2.59639 3.79501 -2.03394
v -1.18363 3.85541 -0.883853
v -2.40722 3.81334 -2.02557
v -2.83958 3.78777 -0.160033
v -1.95629 3.7489 -1.23124
v -1.89531 3.76409 -1.18854
v -2.42762 3.80312 -0.00497502
v -2.8519 3.66813 -1.78648
v -2.81262 3.78649 -1.77121
v -1.40876 3.77631 -1.16116
v -2.73717 3.82247 0.17828
v -1.41967 3.82194 -1.18722
v -1.40479 3.84564 -1.09844
v -1.39308 3.73183 -1.2522
v -2.45223 3.80535 -0.606092
v -2.41143 3.80501 -0.707344
v -1.8767 3.833 -2.02817
v -2.71166 3.82159 0.0598396
v -0.998792 3.83909 -0.326208
v -2.55978 3.81629 -0.324275
v -2.52414 3.81403 -0.417342
v -2.4549 3.74499 -2.11384
v -2.33337 3.70401 -2.10554
v -2.26944 3.61303 -2.1273
v -1.81459 3.86343 -2.08741
v -2.24808 3.67871 -0.794841
v -1.52657 3.79356 -1.08478
v -2.50058 3.78595 -2.16498
v -2.39449 3.84543 -2.09663
v -1.9801 3.86461 -1.97733
v -2.09043 3.86972 -1.93036
v -1.58148 3.75969 -1.4392
v -1.46706 3.78591 -1.41067
v -1.30913 3.81528 -0.426739
v -1.97288 3.86118 -2.06081
v -1.99331 3.71635 -0.848815
v -2.02949 3.88554 -0.904384
v -2.02807 3.82944 -0.793843
v -2.76608 3.77321 -1.87598
v -2.64174 3.7342 -0.0345231
v -2.63147 3.81983 -0.135599
v -1.39979 3.78713 -1.47535
v -2.00114 3.95453 -1.00352
v -2.66708 3.82526 -0.0372642
v -1.88429 3.86727 -2.07152
v -2.38255 3.77626 -2.08635
v -2.1361 3.79457 -1.04529
v -2.16161 3.77975 -0.897795
v -2.076 3.77135 -1.01888
v -2.70786 3.82571 0.0933598
v -2.82806 3.80771 -0.261314
v -1.45331 3.79098 -1.24558
v -1.41673 3.80401 -1.35907
v -1.66876 3.90375 -0.0289577
v -2.2224 3.82541 -0.941694
v -2.16017 3.79718 -0.76771
v -1.33486 3.86368 -1.06981
v -2.7534 3.81463 -0.259142
v -2.59515 3.82173 -2.16908
v -2.09564 3.78794 -0.886321
v -2.02094 3.78465 -0.99907
v -1.2366 3.77957 -1.73285
v -2.37063 3.80861 -0.815758
v -1.50801 3.77816 -1.32509
v -1.53462 3.77981 -1.22453
v -1.4643 3.81068 -1.21788
v -1.4603 3.81484 -1.31201
v -1.52175 3.88865 -1.3232
v -1.4247 3.83163 -1.3943
v -2.04269 3.80346 -0.885001
v -2.65801 3.83734 0.0184114
v -1.92791 3.83072 -0.580892
v -1.84868 3.93147 -0.512144
v -1.94209 3.93854 -0.516028
v -1.30607 3.87705 -1.1995
v -1.20507 3.92112 -1.21587
v -1.26761 3.88213 -1.3188
v -1.18716 3.92353 -1.32967
v -1.04658 3.98614 -1.40863
v -0.992151 4.02606 -1.31659
v -1.11187 3.96187 -1.33094
v -2.77777 3.81899 -0.164336
v -2.00568 3.85558 -0.563575
v -2.0203 3.94621 -0.507819
v -2.08243 3.88246 -0.529718
v -1.76894 3.82745 0.0453719
v -1.77713 3.92358 -0.0170835
v -1.3136 3.83635 -0.849089
v -2.73769 3.81271 -0.3544
v -2.83192 3.79721 0.0334888
v -1.14862 3.75877 -0.64536
v -1.31305 3.78884 -0.66912
v -2.49303 3.79951 -2.14167
v -2.21515 3.86346 -1.90787
v -2.222 3.76301 -1.9583
v -1.4813 3.75792 -0.85891
v -1.52774 3.84866 -0.783206
v -1.52951 3.90127 -0.911201
v -1.45715 3.78672 -1.69389
v -1.43996 3.8 -1.6385
v -1.28957 3.87008 -1.60146
v -1.36949 3.83259 -1.28843
v -1.35118 3.78893 -1.75038
v -1.09361 3.84134 -0.669723
v -1.80822 3.88249 -1.62544
v -1.25234 3.87284 -1.68449
v -1.37857 3.85048 -1.47023
v -1.43542 3.8038 -1.58566
v -1.31988 3.88754 -1.55396
v -1.30952 3.78207 -0.536428
v -2.25597 3.7919 -2.07273
v -1.24089 3.90407 -0.917858
v -0.964066 3.87584 -0.655924
v -2.86487 3.78595 0.141332
v -2.81062 3.83136 0.161065
v -2.08748 3.80514 -0.755492
v -1.49138 3.91451 -0.258241
v -2.05031 3.87909 -0.889984
v -2.03582 3.80018 -0.766908
v -2.30084 3.85386 -0.860221
v -2.30877 3.80803 -0.734338
v -1.34985 3.81007 -0.759791
v -1.44431 3.82692 -0.838413
v -1.452 3.81935 -0.72285
v -1.38947 3.84578 -0.572619
v -1.35515 3.85535 -0.903035
v -1.28617 3.89083 -0.879467
v -1.45959 3.83507 -0.937105
v -2.58858 3.82772 -2.14684
v -1.49501 3.85774 -0.770459
v -1.62941 3.89717 -0.659013
v -1.73758 3.8464 -0.633731
v -1.3478 3.90097 -1.51178
v -2.81487 3.83186 -0.0405586
v -2.84598 3.81141 0.0479269
v -2.78221 3.84633 0.0680727
v -2.74135 3.86401 -0.0156082
v -1.12646 3.74107 -1.70839
v -1.21087 3.84214 -1.66415
v -2.38206 3.85853 -2.20662
v -2.47274 3.82311 -2.26846
v -1.20462 3.8091 -1.97729
v -1.24484 3.95286 -1.87507
v -1.16851 3.85356 -1.86987
v -1.03568 3.83884 -0.661404
v -1.42821 3.80319 -1.54227
v -1.3852 3.94969 -1.98837
v -1.29101 3.88656 -1.97807
v -1.41635 3.85341 -2.06559
v -1.23922 3.9094 -1.00162
v -2.40457 3.83473 -2.1111
v -2.84456 3.70945 -0.640932
v -2.72818 3.82143 -0.642061
v -2.82758 3.7197 -0.545295
v -0.979805 3.7733 -1.6512
v -1.1043 3.79933 -1.64885
v -1.06293 3.86878 -1.59921
v -2.14912 3.81188 -2.06753
v -1.4527 3.83072 -0.994684
v -1.49649 3.87946 -1.015
v -1.49439 3.81658 -1.12147
v -1.55198 3.88682 -1.1359
v -2.15618 3.84446 0.126106
v -2.12885 3.96579 0.115126
v -1.36854 3.87711 -0.934216
v -1.32955 3.90612 -0.921169
v -2.40499 3.81284 -0.566727
v -2.35049 3.88096 -0.488153
v -2.35827 3.8108 -0.64212
v -1.62528 3.90246 -1.71425
v -2.77423 3.83227 0.0495135
v -2.56035 3.86178 -0.732213
v -2.06849 3.88805 -0.774102
v -2.43484 3.90109 -1.90812
v -2.43095 3.92081 -1.99049
v -1.89758 3.79591 -1.34185
v -1.94498 3.8782 -1.36176
v -2.30513 3.88952 -0.520292
v -1.32802 3.82386 -1.68376
v -2.47197 3.83482 -0.403788
v -2.47894 3.8669 -0.331935
v -2.43613 3.91205 -0.373415
v -2.51698 3.85053 -0.317406
v -2.64716 3.87986 -1.34705
v -2.15675 3.91714 -0.481353
v -0.94649 3.84333 -1.595
v -1.54102 3.87894 -1.2322
v -2.57326 3.85012 -2.26963
v -1.99708 3.86408 -1.01188
v -2.9402 3.84057 0.0242966
v -2.88471 3.86477 -0.0791442
v -2.77952 3.87213 -0.0300121
v -2.59709 3.81541 -0.231323
v -2.64892 3.84092 -0.341609
v -2.70426 3.84211 -0.149727
v -2.53532 3.86676 -0.840428
v -0.953446 3.7623 -1.43331
v -0.91248 3.92536 -1.35465
v -1.00485 3.87774 -1.44519
v -2.27695 3.88338 0.103201
v -2.49492 3.91805 -0.176971
v -1.38159 3.88469 -1.69044
v -1.50722 3.88999 -1.69131
v -2.41746 3.96247 -2.10932
v -2.39881 3.91699 -2.01567
v -2.4457 3.81405 -0.489159
v -2.48064 3.88501 -0.531419
v -1.97287 3.84859 -0.653185
v -1.49522 3.83871 -0.630116
v -1.55667 3.85455 -0.693576
v -2.00572 3.90631 -0.634829
v -2.90016 3.78317 -0.497695
v -2.83251 3.85106 -0.473742
v -2.83529 3.86707 -0.57958
v -1.62619 3.9221 -0.608978
v -1.54154 3.92754 -1.03987
v -1.89516 3.91092 -0.568531
v -2.73204 3.81547 -0.449208
v -2.62695 3.84578 -0.436675
v -2.42113 3.93444 -0.166303
v -2.41717 3.93608 -0.0882563
v -1.48932 3.90939 -1.40426
v -1.12208 3.89709 -1.74064
v -1.4864 3.81423 -0.585868
v -2.24963 4.00948 0.108515
v -1.86087 3.86519 -1.43671
v -2.1884 3.86412 -1.07361
v -2.50546 3.8744 -0.432486
v -2.37388 3.91319 0.067207
v -2.40644 3.92442 -0.0113998
v -1.50736 3.88088 -0.977728
v -1.56034 3.95053 -0.968518
v -2.84557 3.85433 0.0743409
v -2.8852 3.8855 -0.0719794
v -2.60655 3.85435 -0.531154
v -1.45156 3.93821 -1.47576
v -2.05892 3.86129 -0.643433
v -1.42897 3.97617 -0.967342
v -2.79623 3.88835 -0.0197854
v -2.61691 3.91513 -1.58142
v -1.39516 3.9027 -0.414016
v -1.90328 3.96213 -1.08565
v -1.94884 4.02142 -1.06557
v -2.7895 3.85474 -0.127999
v -2.7691 3.86729 -0.224485
v -1.09546 3.91463 -0.243073
v -3.03713 3.8779 -0.021485
v -2.72445 3.82225 -0.747111
v -2.58386 3.86042 -0.629333
v -1.39016 3.92595 -0.934438
v -1.90107 3.98378 -2.06208
v -1.78642 3.74289 -1.66435
v -1.78477 3.8022 -1.65335
v -1.78715 3.72102 -1.67377
v -1.7409 3.75294 -1.60317
v -2.40302 3.9171 -0.241239
v -1.74859 3.88576 -1.75488
v -1.81096 3.97588 -2.06893
v -2.97056 3.91637 -0.115821
v -1.97676 4.03 0.0870992
v -1.8706 3.97839 0.0394563
v -2.43015 3.93193 -2.0891
v -2.98921 3.90307 -0.118622
v -2.83408 3.88998 -0.180126
v -1.41513 3.97181 -1.53397
v -2.72502 3.89836 -1.86973
v -1.53644 4.06992 -1.04484
v -1.5676 4.19042 -1.10124
v -1.61365 4.11394 -1.08242
v -2.62301 3.9331 -2.13093
v -2.33352 3.90928 -0.349987
v -2.37076 3.90806 -0.30283
v -1.49189 3.8947 -0.408327
v -2.25772 3.9182 -1.11753
v -2.27923 3.88572 -0.987941
v -2.59147 3.88405 -0.229776
v -2.10447 3.96457 -0.480266
v -2.05214 3.9175 -0.662728
v -1.90541 3.94377 -1.45968
v -2.93943 3.92923 -0.216247
v -1.2604 3.91328 -0.71255
v -2.46959 3.93484 -0.289578
v -2.07008 3.93851 -0.742337
v -1.8663 3.95017 -2.01294
v -1.82358 3.96592 -1.1425
v -2.69021 3.87026 -2.01401
v -2.69945 3.88089 -0.0861658
v -1.59167 4.00468 -0.0901836
v -1.52001 4.00023 -0.165288
v -1.59026 3.94795 -0.98849
v -0.873823 3.95183 -1.2342
v -0.858547 3.81239 -1.35392
v -1.98978 3.97748 -1.05596
v -2.48847 3.92262 0.0597015
v -1.72302 3.95674 -2.07613
v -1.61273 3.94111 -2.07799
v -1.66323 4.02223 -1.07852
v -2.77261 3.92111 0.123788
v -1.49982 3.95749 -0.612779
v -1.6267 4.00206 -0.565291
v -2.76379 3.89154 -1.74198
v -2.51253 3.87477 -0.95436
v -2.71497 3.82638 -0.858436
v -0.963133 3.89213 -0.465111
v -2.91896 3.9436 -0.218794
v -2.78572 3.9076 -0.281415
v -2.72853 3.90323 -0.133474
v -2.82815 3.82874 -0.366875
v -2.75631 3.87718 -0.330637
v -1.69757 3.9946 -0.0855355
v -2.59688 3.82249 0.00241205
v -1.37751 3.92013 -0.682482
v -1.19077 4.01405 -1.75305
v -1.19373 3.90736 -0.723016
v -1.56217 3.98864 -1.4132
v -2.58501 3.87386 -0.0886515
v -2.33058 3.92678 -1.80537
v -2.45572 3.91812 -1.79786
v -2.7206 3.93237 0.0391599
v -2.07906 3.99192 -0.858885
v -1.17186 3.8973 -1.59678
v -2.58412 3.89547 -0.356179
v -1.96072 4.02776 -1.95711
v -1.78091 3.82579 -1.60214
v -2.04673 3.8955 -1.29094
v -2.1542 3.90767 -1.20404
v -2.09291 3.84494 -1.17415
v -2.11705 3.95186 -1.32459
v -2.00125 3.95255 -1.39867
v -2.68064 3.92763 -0.235623
v -2.28109 3.88521 -2.03357
v -2.60848 3.95646 -2.24663
v -1.13263 3.92184 -0.747477
v -2.83464 3.91048 -0.173313
v -0.918196 3.91318 -1.52505
v -1.02066 3.94434 -1.5387
v -0.901657 3.98094 -1.44157
v -1.26872 4.03558 -0.932751
v -1.20454 3.991 -0.915791
v -2.37681 3.91289 -0.924424
v -1.58558 3.93099 -0.448709
v -1.36188 3.97412 -1.58327
v -2.6484 3.92819 -2.13025
v -1.95047 3.95668 -0.56774
v -2.0179 3.99196 -1.01725
v -1.56374 3.95844 -0.749745
v -1.33865 4.03275 -1.89264
v -2.21218 3.94368 -1.82989
v -2.44674 4.03838 -0.269337
v -2.40751 3.99063 -0.359678
v -2.75207 3.89073 -0.438662
v -2.66666 3.91234 -0.400259
v -1.60659 3.94419 -1.24594
v -1.58779 3.96065 -1.33309
v -2.63248 3.94271 -0.336711
v -2.36388 3.93138 -1.0451
v -2.04725 4.05579 -0.961464
v -2.23879 3.88937 -1.30466
v -2.25977 3.86141 -1.17721
v -2.46406 3.89843 -1.19797
v -2.03065 3.94876 -0.539748
v -2.89239 3.94602 -0.317291
v -2.8454 3.95216 -0.420057
v -2.73715 3.92263 -0.382181
v -2.7487 3.916 -0.116426
v -2.70152 3.94215 -0.215346
v -2.11159 4.04768 -0.701682
v -2.78429 3.9301 -0.27566
v -1.05864 3.94048 -0.395324
v -2.18174 3.9284 -2.02361
v -2.58321 3.97134 -0.189855
v -2.6308 3.94941 -0.0854456
v -0.993426 4.03129 -1.4551
v -2.79928 3.95346 -0.523304
v -2.68811 3.92993 -0.484672
v -1.50744 3.90458 -2.07766
v -1.48639 3.99132 -1.98448
v -1.40734 4.0313 -1.577
v -2.51201 3.93471 -0.772626
v -2.39118 3.8967 -0.81332
v -2.49161 3.94086 -0.874995
v -2.86862 3.95792 -0.324708
v -2.73551 3.94234 -0.380153
v -1.4395 4.09376 -1.90464
v -2.4445 3.92522 -1.44594
v -2.44771 3.91118 -1.32255
v -2.62833 3.89904 -1.46625
v -2.42101 3.97163 -1.93164
v -2.47696 3.98493 -2.02362
v -2.8206 3.9639 -0.433095
v -2.34666 3.94957 -1.16791
v -2.5839 3.95366 -0.439588
v -2.63838 3.93675 -0.589649
v -2.12826 3.96389 -0.530205
v -2.75047 3.95015 -0.62573
v -2.717 3.92106 -0.863672
v -2.72989 3.91693 -0.758146
v -2.63132 3.93114 -0.718355
v -2.74133 3.91287 -0.652909
v -2.64659 3.92585 -0.615182
v -2.10632 3.98828 -1.88445
v -2.07308 3.97545 -0.907469
v -1.53759 4.02552 -1.48204
v -2.58752 3.94478 -0.695315
v -2.4764 3.94767 -0.984176
v -1.71497 4.02799 -1.06604
v -1.83044 4.03251 -1.11844
v -1.59045 3.94858 -0.668984
v -1.61669 3.94113 -1.15453
v -1.59787 3.98024 -1.06575
v -1.66272 4.0282 -1.09019
v -1.68442 3.98866 -1.17049
v -1.85246 4.08627 0.0104729
v -1.77968 4.02769 -0.0557234
v -3.0403 3.99662 0.00721244
v -2.09501 4.08169 0.107194
v -2.21798 4.1532 0.102771
v -2.07901 3.99948 -1.44086
v -0.885149 3.85244 -0.533796
v -0.976539 3.94218 -0.599345
v -2.45651 3.9515 -1.68671
v -2.31875 3.95749 -1.6917
v -2.53762 3.9911 -0.288353
v -1.68378 3.99158 -1.25924
v -1.66865 4.01494 -1.34652
v -1.39223 4.00207 -1.63365
v -1.52046 4.01162 -1.63669
v -1.54194 4.07811 -0.184386
v -1.43567 4.00195 -0.263729
v -2.25629 3.91863 -1.43169
v -2.14714 3.92407 -1.57736
v -2.29128 3.9443 -1.56475
v -2.19116 3.97264 -1.70261
v -2.4616 3.95734 -1.0989
v -1.04306 3.9823 -0.54066
v -1.47446 4.02282 -1.00129
v -2.2333 3.95033 -1.24227
v -2.32441 3.96989 -1.28894
v -2.68723 3.94973 -0.486104
v -2.60287 3.96996 -0.42037
v -2.65254 3.95782 -0.317296
v -2.60014 3.94099 -1.68898
v -2.45139 3.94275 -1.56788
v -2.49848 4.00479 -0.399742
v -2.48636 3.95356 -0.900509
v -2.31979 3.98013 -0.978429
v -2.36826 3.98219 -0.877811
v -2.57853 3.96362 -1.78811
v -1.10094 3.97411 -1.25434
v -1.453 3.99242 -0.385432
v -2.53626 3.94989 -0.799707
v -2.42431 3.98206 -0.771958
v -1.52604 4.06475 -1.54165
v -2.44442 3.96751 -1.21638
v -2.54596 3.97995 -1.99851
v -2.5296 3.97519 -2.10585
v -2.51993 4.00098 -1.89535
v -2.4359 3.99093 -1.82762
v -2.68986 4.02138 0.0909037
v -2.63989 4.0344 0.00116548
v -2.62376 3.97453 -0.150761
v -2.57536 3.99613 -0.251961
v -2.65695 3.92148 -2.01798
v -2.55268 3.98083 -0.524149
v -2.64027 3.95608 -0.593282
v -1.75707 4.02945 -0.40966
v -1.83332 4.1332 -0.372013
v -1.85342 4.0441 -0.438002
v -1.62787 4.01647 -0.991688
v -2.08165 4.02354 -1.7233
v -2.42392 4.02677 -0.266258
v -1.12466 4.02924 -0.472561
v -1.9405 4.03919 -0.456846
v -1.94015 4.12624 -0.39025
v -2.02744 4.03043 -0.456871
v -1.7256 4.06188 -0.173791
v -2.43003 4.07622 -0.180182
v -2.41023 3.97036 -1.09336
v -2.50223 3.99154 -1.20353
v -2.39214 3.9833 -1.192
v -1.76604 4.00169 -1.70285
v -1.64504 4.02035 -1.66058
v -1.14455 3.9297 -1.43249
v -1.52596 4.07024 -0.439788
v -2.19448 4.0003 -0.439774
v -2.25776 4.01969 -0.385227
v -2.22424 3.97046 -0.427825
v -2.23683 3.8905 -0.431781
v -2.26307 4.04076 -0.398416
v -2.28791 3.90943 -0.393283
v -2.2068 4.04367 -0.415874
v -2.12012 4.03112 -0.4411
v -2.13572 4.08849 -0.409927
v -2.51297 4.00165 -2.19268
v -2.49999 3.99477 -1.30162
v -2.6124 3.98641 -1.95393
v -2.32192 3.99423 -0.448711
v -2.28051 4.04112 -0.407402
v -2.22757 3.96452 -0.500503
v -2.24068 3.84016 -0.625775
v -2.3088 4.05915 -0.378229
v -1.95104 4.13472 0.056051
v -2.73065 4.04451 -0.714362
v -2.70062 3.94639 -0.727354
v -2.32716 4.01075 -0.326384
v -2.36856 4.00424 -0.31123
v -2.44285 4.01928 -0.505877
v -2.48038 3.9753 -0.661563
v -2.38376 4.02524 -0.629328
v -1.65234 4.04632 -1.43241
v -2.56652 3.95798 -1.14654
v -2.54825 3.96708 -1.26102
v -1.93368 4.03794 -1.60776
v -1.96643 4.01158 -1.49804
v -1.8721 3.9998 -1.54231
v -2.52644 3.97661 -1.37685
v -2.65491 3.95523 -1.30436
v -2.29888 3.9947 -1.40639
v -2.4236 3.97703 -1.33431
v -2.10913 4.07426 -0.437498
v -1.31291 4.02743 -1.6031
v -1.40303 4.10668 -1.60625
v -2.20261 3.98502 -1.36227
v -2.29079 3.98459 -1.07508
v -2.27878 3.99359 -1.17602
v -2.16835 4.0162 -1.05301
v -2.5643 3.99079 -2.07623
v -2.55186 4.00096 -1.77155
v -2.4539 3.99166 -1.71853
v -0.97078 4.10687 -1.35395
v -0.890315 4.03141 -1.34613
v -1.65867 4.07675 -0.177337
v -2.38926 3.99614 -1.29463
v -2.63332 3.96883 -1.41927
v -2.27566 4.00675 -1.28126
v -2.47775 3.98869 -1.60679
v -2.33189 3.97603 -0.437283
v -2.58119 3.99388 -1.65268
v -2.39882 3.9858 -1.45116
v -2.45043 4.04208 -0.00616622
v -1.89124 3.98059 -1.74428
v -1.82783 3.95896 -1.63273
v -2.89611 4.04129 -0.196029
v -2.84044 4.05651 -0.303927
v -2.25416 4.03201 -0.863135
v -2.16439 4.00893 -1.15697
v -1.7643 4.13024 -0.104561
v -2.20045 4.02495 -0.965886
v -2.50255 3.98386 -1.49288
v -2.60846 3.98248 -1.53535
v -2.04873 4.05511 -1.55685
v -2.40006 4.01105 -1.39762
v -2.36059 4.03427 0.0591201
v -2.67232 3.95136 -0.0533744
v -2.03676 4.11569 -0.416563
v -1.41832 4.07461 -0.684825
v -2.37269 4.04259 -0.369995
v -2.42366 4.06097 -0.325868
v -1.76805 4.02295 -1.1707
v -1.76926 4.02299 -1.26341
v -2.64842 3.97989 -1.82526
v -1.04642 4.0441 -0.930344
v -1.14288 4.1072 -0.988152
v -2.49306 4.00218 -1.17488
v -2.4082 4.00248 -1.2068
v -2.44029 4.01093 -1.3171
v -2.50078 4.04129 -1.29206
v -2.25562 4.07277 -0.402596
v -2.3746 4.00223 -1.56577
v -1.84253 4.01625 -1.61347
v -2.2739 4.02206 -1.52219
v -2.6561 4.05355 -0.915313
v -2.61109 4.06157 -1.00777
v -2.60739 3.95482 -0.925637
v -1.7449 4.0678 -1.10303
v -0.988549 4.1474 -1.21564
v -0.907043 4.06664 -1.23565
v -2.4751 4.03322 -0.45717
v -2.52595 4.01624 -0.354262
v -2.54331 4.01087 -1.50001
v -2.57755 4.02015 -1.59856
v -2.44658 4.02851 -1.60022
v -2.48125 4.01473 -1.42774
v -2.32917 4.04236 -0.399079
v -2.33752 4.03213 -1.35994
v -2.30724 4.01971 -1.25684
v -2.44459 4.07325 0.0964273
v -2.19899 4.00722 0.17626
v -1.51244 4.0726 -0.59899
v -2.50124 3.99095 -0.628854
v -1.67658 4.05509 -1.13103
v -1.67657 4.00719 -1.23737
v -1.79669 4.05138 -1.22682
v -1.77837 4.06918 -1.13433
v -2.3065 3.97977 -1.97153
v -1.76041 4.04324 -1.35934
v -1.61103 4.06287 -0.715317
v -1.57206 3.99891 -0.875345
v -2.23315 4.01601 -1.05976
v -2.1244 4.0395 -1.116
v -2.16642 4.02951 -1.20876
v -1.53009 4.10583 -1.59057
v -2.61598 4.03169 -1.69884
v -2.29971 4.04294 -1.49368
v -2.28401 4.02412 -1.38795
v -1.98106 4.05779 -0.492413
v -2.66064 4.04689 -1.80375
v -2.47586 4.03347 -1.70045
v -2.50293 4.02821 -1.80015
v -2.48859 3.98024 -1.05959
v -2.53254 4.09059 -1.16937
v -2.55754 4.06909 -1.06609
v -2.37068 4.0469 -1.46393
v -2.34613 3.99262 -0.995601
v -2.37093 4.01114 -0.827079
v -2.27419 4.03276 -0.906482
v -1.86569 4.03461 0.146118
v -2.00789 4.0721 0.145727
v -1.91877 3.97017 0.191655
v -2.56172 3.96402 -1.01799
v -2.5712 4.07235 -1.09959
v -2.5265 3.97813 -1.11039
v -2.34358 4.04555 -1.78659
v -2.33013 4.03908 -1.88921
v -2.83608 4.04905 -0.394898
v -1.15296 4.00356 -0.31749
v -1.21154 4.08841 -0.395868
v -2.73143 3.97768 -0.653215
v -2.74072 4.07721 -0.521188
v -2.77583 3.97141 -0.542944
v -1.6078 4.08643 -0.493956
v -2.55031 4.08416 -1.1958
v -2.54625 4.09397 -1.29382
v -1.25956 3.98922 -1.63108
v -1.28608 4.10662 -1.6599
v -1.40573 4.14048 -1.62386
v -2.22647 4.05349 -1.40339
v -1.52171 4.07827 -0.331441
v -1.85731 4.04682 -1.2617
v -2.36631 4.07411 -1.79358
v -2.3455 4.07045 -1.69757
v -2.79377 4.0482 -0.499663
v -1.85302 4.05631 -1.16196
v -2.35478 4.02629 -1.67755
v -2.25217 4.05084 -1.63774
v -2.03735 4.03533 -1.22868
v -1.94927 4.0484 -1.25224
v -1.93032 4.06439 -1.13158
v -1.83092 4.19144 -0.0325434
v -2.64502 4.04441 -1.97409
v -2.51015 4.041 -2.03151
v -2.65356 4.06234 -2.05308
v -2.05421 4.04033 -1.05311
v -1.82264 4.06587 -1.31957
v -1.70932 4.05185 -1.33225
v -2.25576 4.07035 -1.50216
v -2.8925 4.09269 -0.0521265
v -2.97316 4.08433 0.0528522
v -2.61988 4.04092 -1.86576
v -2.58792 4.03572 -1.75445
v -2.49419 4.03909 -1.90206
v -2.05558 4.05087 -1.25829
v -1.98409 4.08359 -1.04939
v -2.47035 4.06039 -1.78592
v -2.55289 4.02812 -1.64486
v -2.44501 4.00063 -0.733016
v -2.35629 4.05804 -0.656663
v -2.20829 4.03839 -1.96211
v -2.08725 3.96103 -2.02991
v -2.08403 4.05697 -1.35025
v -2.19782 4.03649 -1.30595
v -2.05163 4.02834 -1.13538
v -1.99633 4.06267 -0.473384
v -1.81349 4.09121 -1.09927
v -1.09281 4.08041 -0.620532
v -1.01068 4.04738 -0.682104
v -2.2059 4.13036 0.101448
v -2.37578 4.17033 0.0233725
v -2.32024 4.05897 -1.5966
v -2.71076 4.01425 0.165961
v -2.75768 4.13446 0.118716
v -2.76266 4.11106 0.114893
v -2.759 4.04549 -0.606162
v -2.51597 4.02113 -1.53699
v -2.53056 4.06775 -1.40151
v -1.66446 3.94456 -0.499514
v -1.66429 4.06702 -0.414459
v -1.87054 4.06523 -1.67533
v -2.17375 4.02285 -1.47963
v -2.14892 4.06586 -1.59778
v -2.38509 4.0796 -2.057
v -2.37518 4.07506 -1.92419
v -2.28556 4.08722 -1.60255
v -1.86829 4.0871 -0.475921
v -1.87569 4.15399 -0.431643
v -1.75275 4.00059 -0.486099
v -2.52551 4.11893 -1.27757
v -2.06948 4.07908 -1.03325
v -2.17604 4.05269 -0.978581
v -1.58884 4.06368 -0.874449
v -1.57729 4.04881 -0.771652
v -1.53927 3.95546 -0.765599
v -2.53844 4.14604 -1.38555
v -2.16893 4.03345 -1.37832
v -2.17965 4.05823 -1.48825
v -2.05664 4.04369 -1.37049
v -1.66961 4.10827 -0.951727
v -1.85538 4.05456 -1.36706
v -1.75248 4.06825 -1.45807
v -2.44084 4.12046 -0.299022
v -2.41178 4.11175 -0.309782
v -2.40275 4.05537 -1.56982
v -2.5152 4.00194 -1.40119
v -2.23771 4.10969 -0.408119
v -1.58968 4.04291 -2.00635
v -1.70214 4.07611 -2.02752
v -1.5504 4.13808 -1.91233
v -1.74257 4.13097 -0.415961
v -2.1054 4.08039 -1.96212
v -1.1807 4.11607 -0.555672
v -1.95327 4.05511 -1.36871
v -1.60857 4.04222 -0.66609
v -2.20138 4.09902 -0.835814
v -1.72645 4.09942 -0.301177
v -2.01841 4.06087 -1.16822
v -1.94041 4.06852 -1.29648
v -1.64264 4.0803 -1.5172
v -1.73543 4.09701 -1.53922
v -2.13642 4.09486 -1.53553
v -2.10999 4.07452 -1.4421
v -1.39969 4.13183 -1.01994
v -1.30144 4.15874 -0.312148
v -1.24146 4.08085 -0.233728
v -2.59926 4.12341 -1.48771
v -2.56653 4.10703 -1.39137
v -1.97174 4.10242 -1.08584
v -1.85172 4.07624 -1.47299
v -1.72808 4.0793 -1.42068
v -1.66649 4.16415 -1.15723
v -2.13428 4.12789 -0.930378
v -1.75443 4.14696 -0.265493
v -2.24015 4.08852 -1.75078
v -1.90912 4.07245 -1.20922
v -2.21327 4.10292 -1.69703
v -2.31871 4.09986 -1.70483
v -2.72047 4.12112 -0.570243
v -2.69192 4.12552 -0.677163
v -2.35381 4.0988 -1.81099
v -2.13893 4.20746 0.0984694
v -2.05991 4.17475 0.0862444
v -1.77712 4.11469 -1.66325
v -2.23117 4.1049 -1.86444
v -1.87705 4.09815 -1.12429
v -2.47488 4.14903 -0.208155
v -1.95461 4.07594 -1.48007
v -2.06377 4.07025 -1.48458
v -1.84516 4.10504 -1.57901
v -1.70426 4.12164 -0.571431
v -1.64962 4.17224 -0.682484
v -1.66684 4.00718 -0.609529
v -1.62185 4.13731 -0.291219
v -1.84438 4.0822 -1.41008
v -1.96539 4.07604 -1.38485
v -2.72988 4.16142 -1.93831
v -2.27048 4.14506 -1.9291
v -1.61775 4.09871 -1.56889
v -1.76821 4.22715 -0.17658
v -1.95706 4.08642 -1.75111
v -1.8547 3.95198 -1.91896
v -2.41528 4.10888 -0.40065
v -2.41931 4.04603 -0.558601
v -2.88306 4.04569 -0.290919
v -2.79005 4.12555 -0.355528
v -1.99443 3.97831 -2.04405
v -2.00628 4.0919 -1.97663
v -2.19342 4.08101 -1.59464
v -2.57225 4.08601 -1.50709
v -2.60472 4.0554 -0.967941
v -2.5753 4.15229 -0.948634
v -2.73718 4.20022 -2.04385
v -1.27813 4.15616 -0.484163
v -2.06879 4.17502 -1.03348
v -1.74677 4.10721 -1.51491
v -2.07788 4.10193 0.154157
v -1.98634 4.13129 0.110772
v -2.72134 4.14412 -0.380641
v -2.77388 4.1301 -0.271268
v -2.78828 4.06676 -0.412083
v -1.9037 4.0856 -1.98673
v -2.44298 4.05255 -0.098075
v -2.5841 4.05338 -0.0950438
v -2.64071 4.14182 -0.0919127
v -2.5275 4.07088 -0.195375
v -1.76747 4.18858 -1.14774
v -1.65732 4.20069 -0.805967
v -1.7109 4.20919 -0.913918
v -1.83624 4.10049 0.0865342
v -2.1942 4.13603 -1.73092
v -2.16244 4.11627 -1.63196
v -2.16148 4.21047 -0.419044
v -1.60087 4.11552 -1.6132
v -2.49112 4.15021 -0.11979
v -1.86822 4.213 -1.15067
v -1.74956 4.09828 -1.04273
v -2.56581 4.17448 -1.4913
v -1.68803 4.14118 -1.10598
v -1.75229 4.17245 -1.11713
v -1.95142 4.10206 -1.58746
v -1.91982 4.16566 -1.69234
v -2.01093 4.14436 -1.846
v -1.89905 4.12822 -1.86071
v -2.53196 4.16455 -1.05007
v -2.0696 4.09758 -1.59495
v -2.07915 4.12788 -1.70225
v -1.73448 4.18631 -1.51084
v -1.75376 4.31588 -1.52347
v -1.80026 4.26571 -1.63625
v -1.93179 4.2392 -0.406151
v -1.98388 4.12528 -1.03022
v -1.89082 4.17878 -1.04102
v -2.02609 4.23739 -1.01102
v -1.82525 4.25141 -0.332002
v -1.56256 4.16686 -0.419193
v -2.50642 4.18359 -1.15534
v -2.23872 4.14544 -1.82938
v -2.02634 4.27523 0.0652725
v -2.6161 4.10287 -1.61252
v -2.5994 4.20309 -1.59609
v -1.46175 4.17373 -0.5112
v -1.97454 4.22844 -1.12515
v -1.66562 4.16721 -0.320472
v -1.5332 4.16127 -1.62631
v -1.39343 4.20773 -1.57292
v -2.47575 4.21006 -0.311136
v -2.69978 4.09142 -0.631432
v -2.58032 4.18109 -0.707076
v -2.62547 4.16635 -0.598924
v -1.52188 4.24537 -1.59687
v -1.16838 4.13808 -0.711732
v -2.55529 4.16115 -1.07823
v -2.59195 4.15362 -0.981056
v -2.08456 4.1682 -1.8013
v -1.93179 4.18183 -1.0548
v -1.88853 4.09662 -1.08455
v -2.49559 4.19021 -0.0168934
v -2.04723 4.1835 -1.75001
v -2.03338 4.13958 -1.65639
v -2.27955 4.07858 -0.746325
v -2.2711 4.16616 -0.728342
v -2.30431 4.14354 -0.612277
v -2.15198 4.08272 -0.849364
v -2.22031 4.15627 -0.75035
v -2.21858 4.07926 -0.726594
v -2.69494 4.17628 -0.421364
v -2.66413 4.17723 -0.52963
v -2.23391 4.12071 -1.79394
v -2.25257 4.12046 -1.87949
v -2.48944 4.20395 -1.26335
v -2.43571 4.18946 -0.357509
v -2.54408 4.23217 -0.26671
v -2.37333 4.20728 -0.387205
v -1.80375 4.11798 -1.58408
v -2.14041 4.29404 0.0913603
v -1.26196 4.14804 -0.656442
v -1.85218 4.06946 -1.08839
v -1.79224 4.20155 -0.995996
v -1.3599 4.16081 -0.59063
v -1.07706 4.12049 -0.763144
v -1.25433 4.05318 -0.813381
v -2.53834 4.17516 -1.17837
v -2.53112 4.18986 -1.28075
v -2.04085 4.16049 -1.00218
v -2.80112 4.16086 -0.0799336
v -2.75537 4.17178 -0.192763
v -2.87723 4.11179 -0.139925
v -2.16386 4.22602 -0.938273
v -1.99897 4.15688 -0.439356
v -2.68324 4.17062 -0.233273
v -2.74135 4.1567 -0.124099
v -1.80165 4.14165 -1.6481
v -1.97488 4.25526 -1.7227
v -2.63269 4.18162 -0.635391
v -2.48978 4.27686 -0.212978
v -2.16275 4.20051 -1.88399
v -1.64742 4.17586 -1.64583
v -1.84692 4.18805 -1.11657
v -2.2656 4.13296 -1.95968
v -2.21937 4.2568 -1.936
v -2.62822 4.18091 -0.341854
v -2.1297 4.21237 -1.84883
v -2.08434 4.16186 -0.929588
v -2.11898 4.26123 -0.91983
v -2.53801 4.20118 -0.813969
v -2.66159 4.1116 -0.740625
v -1.8982 4.15529 -1.65862
v -2.38255 4.20178 -0.636802
v -1.64015 4.06505 -0.987283
v -1.74192 4.10074 -1.06098
v -1.70593 4.17675 -0.963562
v -1.8034 4.17877 -1.03611
v -2.21782 4.19594 -0.832083
v -1.98292 4.21622 0.0758612
v -2.11746 4.24307 0.110933
v -1.76266 4.25214 -0.251631
v -1.92301 4.251 -1.66037
v -2.33744 4.2201 -0.748851
v -1.64514 4.21006 -1.10294
v -2.10978 4.2589 -1.04731
v -2.08299 4.34521 -1.0329
v -2.28164 4.15263 -2.04351
v -2.53595 4.20573 -1.38417
v -2.25579 4.26439 0.108486
v -2.57418 4.18876 -0.152258
v -2.04578 4.32953 -1.75311
v -2.55569 4.19329 -0.256541
v -1.81028 4.17037 0.00346719
v -2.55615 4.34492 -0.183783
v -1.63229 4.20059 -0.211578
v -1.50034 4.21683 -0.315473
v -1.95403 4.19456 -1.09013
v -2.01337 4.2745 -1.11335
v -2.08828 4.21221 -0.992924
v -2.24538 4.2788 -1.96496
v -2.21288 4.23421 -1.91346
v -1.64577 4.16947 -0.867383
v -2.54274 4.29219 -0.264921
v -2.60204 4.28768 -0.0953892
v -2.4817 4.20676 -0.670705
v -2.52858 4.19418 -0.561109
v -2.574 4.20589 -0.845444
v -2.60314 4.19163 -0.740094
v -2.50027 4.23234 -0.805762
v -2.53216 4.21643 -0.696596
v -2.59554 4.20282 -0.483041
v -2.56286 4.20551 -0.588491
v -2.57729 4.18799 -0.451475
v -2.47823 4.18422 -0.414304
v -2.05114 4.2499 -1.8269
v -2.31471 4.10466 -0.491712
v -2.27183 4.14243 -0.618555
v -2.30394 4.19717 -0.661796
v -2.50339 4.2261 -1.05367
v -2.4577 4.23385 -1.02609
v -2.14327 4.2814 -0.671857
v -2.13854 4.16166 -0.673941
v -2.15221 4.31041 -0.803171
v -2.37767 4.1592 -0.439249
v -2.49691 4.2198 -0.919826
v -2.43793 4.22599 -0.780641
v -1.92449 4.23863 0.01842
v -1.81414 4.29274 -0.0881549
v -2.49224 4.24959 -1.48342
v -2.42463 4.24853 -1.13429
v -2.44276 4.20694 -0.486388
v -2.48058 4.19861 -0.386858
v -2.49976 4.21546 -0.538589
v -2.53296 4.30365 -0.24762
v -2.00073 4.29179 -1.67071
v -2.0402 4.27918 -1.75844
v -1.662 4.25976 -1.16674
v -2.40421 4.26713 -1.24516
v -2.34846 4.18057 -0.53828
v -2.35625 4.23324 -0.711423
v -2.04324 4.21935 -0.417444
v -2.05592 4.34926 -0.423524
v -2.47857 4.23761 -1.15872
v -2.40135 4.27914 -1.13631
v -1.75372 4.25481 -0.138984
v -2.46322 4.22526 -0.648404
v -2.15411 4.17668 -0.875265
v -2.24902 4.22236 -0.782596
v -1.79242 4.31459 -0.246076
v -2.47588 4.32774 -0.0134844
v -2.3595 4.30696 0.0592513
v -1.66448 4.17155 -0.0846355
v -2.17209 4.33741 -0.426209
v -1.93594 4.31217 -1.01166
v -2.40102 4.21613 -0.595674
v -2.16909 4.33228 -0.931023
v -2.14176 4.20598 -0.803237
v -2.18909 4.25088 -0.901794
v -2.13316 4.2795 -1.02316
v -2.194 4.29571 -1.92628
v -2.0971 4.26287 -1.91441
v -1.88947 4.34668 -0.0131613
v -1.94804 4.36539 -0.411273
v -2.46599 4.25388 -1.26665
v -2.42482 4.24352 -0.760732
v -2.43032 4.26449 -1.02449
v -1.74659 4.25131 -1.20109
v -1.65702 4.2746 -1.21608
v -1.89317 4.24641 -0.403055
v -1.74336 4.3207 -0.890054
v -1.77337 4.28414 -1.19706
v -2.13044 4.26531 -0.436445
v -2.00037 4.24667 -0.430192
v -2.39566 4.2451 -0.890598
v -2.29536 4.2441 -0.859828
v -2.48421 4.22536 -1.3738
v -2.39171 4.28354 -1.35787
v -1.532 4.26607 -1.15667
v -1.82425 4.31753 -0.969582
v -1.98216 4.32971 0.0591734
v -2.39524 4.30476 -0.380152
v -2.40378 4.29971 0.055656
v -1.69295 4.31013 -0.780852
v -2.3828 4.29605 -1.25095
v -2.46215 4.26911 -1.3772
v -2.05295 4.2804 -1.02679
v -2.38586 4.29729 -1.47133
v -2.0905 4.30974 -1.15328
v -2.49957 4.31268 -0.0686861
v -2.39654 4.32934 -0.35802
v -2.27774 4.19854 -0.407593
v -2.2895 4.3291 -0.407401
v -2.26174 4.28081 -0.948752
v -2.30915 4.2565 -0.829244
v -2.37061 4.21154 -0.369863
v -2.32086 4.27959 -1.11131
v -2.35587 4.2627 -1.0006
v -2.46847 4.28528 -1.48864
v -1.95279 4.29304 -1.03104
v -2.55631 4.34262 -0.276355
v -2.4769 4.33179 -0.273799
v -1.86468 4.30213 -1.22494
v -2.29653 4.29592 -1.22299
v -2.48679 4.29783 -0.303804
v -1.84329 4.2945 -1.00274
v -2.02766 4.34625 -1.59259
v -1.98873 4.38477 0.0428885
v -2.55893 4.36685 -0.102192
v -2.14358 4.29175 -0.950768
v -2.37181 4.31213 -1.367
v -1.81487 4.28705 -1.24347
v -1.81524 4.3581 -0.323865
v -2.11338 4.35682 0.0991657
v -2.5047 4.27335 -1.59259
v -2.38582 4.31424 -1.58404
v -2.35086 4.37774 -2.00505
v -1.79719 4.39088 -0.144497
v -2.55349 4.31917 -0.252246
v -1.92588 4.30142 -1.25963
v -1.95918 4.32106 -1.25413
v -2.27225 4.37318 -1.88847
v -1.77681 4.37543 -0.220371
v -1.86106 4.29836 -0.0135611
v -2.00753 4.37694 -1.04187
v -1.69302 4.28389 -0.855717
v -1.6181 4.16182 -0.763874
v -2.28588 4.31751 -1.22919
v -1.75391 4.29065 -0.943075
v -2.10243 4.4071 0.0776852
v -2.14997 4.37331 -0.554308
v -2.12604 4.25361 -0.534959
v -2.162 4.32005 -1.3139
v -2.18307 4.3056 -1.19583
v -2.05755 4.33465 -1.29198
v -1.84144 4.41869 -0.346372
v -1.95004 4.48862 -0.446378
v -2.15867 4.39644 -1.86834
v -2.09822 4.32045 -1.83816
v -2.23632 4.37572 -1.8044
v -2.01274 4.27093 -0.465071
v -2.04947 4.38945 -0.481984
v -2.26898 4.32158 -1.45438
v -2.28025 4.31202 -1.33784
v -2.48173 4.30688 -1.59979
v -2.36855 4.32447 -1.48593
v -2.04242 4.31387 -1.2868
v -2.07053 4.29096 -1.1635
v -2.26156 4.33099 -1.57094
v -1.60358 4.33107 -1.28547
v -2.0143 4.32888 -1.54572
v -1.89092 4.32441 -1.53215
v -2.3771 4.3422 -1.90986
v -2.18691 4.32254 -1.19716
v -1.72052 4.32216 -1.32243
v -1.82525 4.34303 -1.35841
v -1.8477 4.46027 -0.0496357
v -1.74704 4.31668 -1.3548
v -2.14712 4.32771 -1.4344
v -1.78495 4.48172 -0.211895
v -1.92504 4.34741 -1.40245
v -2.12416 4.34305 -1.66851
v -2.17339 4.38862 -1.05444
v -2.57484 4.41776 -0.930621
v -2.57328 4.34612 -1.04479
v -2.56774 4.4156 -0.857912
v -2.64089 4.31348 -1.08068
v -1.74961 4.3397 -1.59493
v -2.13693 4.32968 -1.55582
v -2.05688 4.47103 -0.44474
v -2.33619 4.43122 0.0391032
v -1.89082 4.34152 -0.396681
v -2.00038 4.35301 -0.434065
v -2.38159 4.41028 0.0353385
v -1.88638 4.30957 -0.46331
v -1.93036 4.4248 -0.48383
v -2.56957 4.41544 -1.24304
v -2.66668 4.34266 -1.22985
v -2.26049 4.34269 -1.47735
v -2.37312 4.34128 -1.6067
v -2.2898 4.45359 -0.405163
v -2.39476 4.4516 -0.331173
v -2.54548 4.37426 -1.10389
v -1.77193 4.43779 -0.88006
v -1.86153 4.525 -0.403527
v -2.37694 4.34831 -1.80817
v -2.39035 4.40466 -0.374533
v -2.53019 4.39313 -0.969063
v -1.79165 4.39856 -0.113139
v -2.46855 4.39965 -0.242222
v -2.22069 4.40063 -0.820514
v -2.17052 4.39372 -0.691847
v -1.94469 4.50116 0.0208006
v -2.11241 4.35683 -1.76026
v -2.25569 4.3834 -0.945868
v -1.9094 4.33361 -1.57876
v -1.79144 4.34913 -1.49404
v -2.51562 4.34241 -1.92341
v -2.50328 4.35046 -2.03751
v -2.26165 4.35566 -1.60953
v -2.14757 4.34718 -1.46314
v -2.14809 4.3546 -1.60294
v -1.80568 4.40503 -0.268372
v -2.42618 4.44666 -0.0521944
v -2.15398 4.38807 -1.07949
v -2.41285 4.36188 -1.92796
v -2.05583 4.39268 -1.08024
v -1.955 4.40606 -1.05296
v -2.51598 4.50442 -0.871936
v -1.83995 4.4448 -0.970971
v -2.25374 4.34883 -1.68572
v -2.15566 4.38185 -1.74611
v -2.3797 4.36068 -1.72973
v -2.267 4.37531 -1.75006
v -2.44856 4.4303 -0.189664
v -2.38065 4.3698 -1.85075
v -1.8612 4.40802 -1.00643
v -2.48681 4.46152 -0.879455
v -2.51073 4.37683 -1.03051
v -2.26545 4.41436 -1.07825
v -1.92242 4.44988 -1.03659
v -2.53529 4.39136 -1.20127
v -2.44987 4.41609 -1.16732
v -1.72631 4.42357 -0.768396
v -2.45459 4.41288 -1.10629
v -2.44059 4.41204 -0.97467
v -2.4247 4.4789 -0.873431
v -2.34494 4.40964 -0.958486
v -2.3073 4.47481 -0.82516
v -2.42546 4.39952 -0.985107
v -2.17988 4.33938 -0.798691
v -2.2386 4.44173 -0.755742
v -2.06123 4.52526 0.0579262
v -2.00334 4.46871 -1.0907
v -2.18085 4.48531 -0.581712
v -2.0961 4.49434 -0.499471
v -2.17483 4.4818 -1.16418
v -1.97313 4.44616 0.0530337
v -1.86368 4.42116 -0.0138479
v -2.35944 4.42038 -1.09607
v -2.08625 4.46925 -1.12747
v -1.79412 4.6019 -0.116475
v -2.32374 4.40027 -0.926051
v -2.35491 4.42036 -1.13559
v -2.07205 4.38667 -0.469222
v -2.03997 4.27234 -0.456108
v -1.92141 4.30512 -0.441794
v -2.21979 4.4911 -0.703622
v -2.27145 4.42834 -1.13403
v -2.71677 4.41079 -1.3275
v -2.70427 4.45602 -1.3405
v -2.82074 4.5147 -1.37535
v -2.04726 4.58399 -0.465522
v -2.17185 4.45955 -0.436068
v -2.42532 4.5262 -0.104222
v -2.37102 4.48064 -1.22242
v -2.47151 4.45896 -1.23752
v -1.78122 4.35631 -0.531607
v -1.82936 4.46708 -0.542518
v -1.72457 4.39761 -0.643049
v -2.31888 4.49933 -0.798699
v -2.27101 4.48839 -1.19733
v -2.02873 4.51253 -1.14446
v -2.20843 4.44513 -1.14349
v -1.97191 4.53159 -0.511187
v -2.50094 4.56292 -1.34299
v -2.60904 4.51886 -1.35208
v -1.98017 4.45902 -0.457725
v -2.50533 4.49724 -1.31093
v -2.39279 4.50875 -1.27881
v -2.39912 4.56333 -0.192043
v -2.38457 4.56686 -0.0663131
v -2.36681 4.57237 -0.317121
v -2.11585 4.50895 -1.18131
v -2.41564 4.48826 -0.850257
v -2.51268 4.60062 -0.873169
v -2.36661 4.51014 -0.369161
v -2.42504 4.51684 -0.245777
v -2.127 4.36792 -0.44537
v -2.10915 4.47253 -0.45783
v -1.76808 4.49716 -0.218074
v -1.7846 4.51907 -0.110035
v -1.85997 4.57021 -0.974416
v -2.60114 4.64751 -0.88342
v -1.80352 4.47453 -0.323057
v -2.28874 4.51644 -1.24807
v -1.87003 4.45762 -0.411787
v -2.19976 4.51802 -1.2179
v -2.18627 4.60636 -1.24481
v -1.80292 4.55486 -0.876811
v -1.78252 4.59603 -0.335812
v -1.87764 4.57008 -0.570082
v -1.82521 4.60709 -0.662613
v -1.77379 4.50485 -0.64638
v -2.19318 4.46772 -0.58364
v -2.21281 4.57798 -0.573697
v -2.26183 4.54653 -0.70301
v -1.79424 4.55079 -0.293342
v -1.9362 4.56158 -0.486841
v -1.94375 4.59647 -0.48526
v -2.02719 4.69116 -0.474302
v -2.19914 4.60163 -0.583599
v -1.7675 4.53371 -0.764944
v -1.82189 4.63778 -0.768125
v -2.10838 4.60727 -0.51056
v -1.99276 4.63677 -0.536635
v -1.84064 4.57408 -0.426209
v -2.35937 4.51867 0.0149166
v -2.38696 4.6281 -0.113168
v -1.85338 4.44163 -0.493401
v -1.77688 4.46263 -0.562264
v -1.89486 4.54883 -0.522419
v -1.95836 4.41359 -0.465616
v -1.99403 4.52324 -0.491982
v -2.10024 4.49643 -0.484521
v -2.11608 4.60715 -0.496465
v -2.24757 4.60615 -0.691367
v -1.85806 4.63133 -0.464739
v -1.83762 4.7124 -0.540158
v -1.92852 4.69709 -0.521783
v -2.09777 4.65042 -1.22993
v -2.30869 4.61039 -0.789901
v -2.4058 4.60488 -0.845893
v -1.75616 4.61829 -0.232088
v -2.30706 4.64322 -1.33031
v -2.19633 4.6528 -1.28236
v -2.39072 4.58808 -1.31803
v -2.28554 4.6076 -1.28827
v -2.43199 4.72049 -1.36424
v -2.32516 4.62335 0.00235175
v -2.19955 4.69733 -0.575847
v -1.76198 4.67674 -0.247105
v -2.4823 4.72297 -0.891598
v -2.58516 4.72644 -0.905415
v -1.82901 4.56485 -0.589241
v -1.73642 4.47831 -0.653757
v -1.74458 4.7118 -0.360161
v -1.79813 4.62834 -0.36552
v -1.78487 4.57656 -0.667262
v -2.33383 4.68757 -0.310551
v -2.2467 4.68639 -0.392461
v -2.30208 4.7973 -0.307203
v -1.73093 4.49291 -0.751618
v -1.90208 4.67675 -0.590973
v -2.47635 4.62169 -0.851809
v -2.18094 4.69022 -0.437656
v -2.21441 4.59226 -0.436241
v -2.33721 4.6137 -0.364732
v -2.25107 4.67952 -0.68286
v -2.56332 4.62388 -0.86197
v -2.63661 4.70644 -0.882276
v -2.65625 4.66345 -0.855523
v -2.38292 4.63461 -0.823515
v -1.85884 4.71544 -0.676815
v -2.12178 4.72188 -0.490463
v -1.77811 4.58945 -0.74956
v -2.70991 4.69737 -0.912542
v -2.00192 4.74948 -0.523478
v -1.90631 4.78657 -0.575994
v -2.11103 4.72236 -0.503689
v -2.22512 4.72532 -0.694178
v -2.18384 4.71813 -0.588577
v -2.0169 4.63612 -0.512126
v -2.20689 4.60289 0.0583616
v -2.17248 4.70772 0.0348467
v -2.39211 4.62366 -0.242316
v -2.36037 4.72608 -0.237921
v -1.87207 4.74622 -0.770471
v -2.28494 4.72464 -0.0109858
v -2.07517 4.57364 -0.475951
v -2.03448 4.67318 -0.491554
v -2.2704 4.75897 -0.784246
v -2.37562 4.72938 -0.8571
v -2.02113 4.73974 -0.499569
v -1.8765 4.82624 -0.67443
v -1.82478 4.78439 -0.615186
v -1.9021 4.79954 -0.53306
v -1.90864 4.85862 -0.772715
v -1.82158 4.67972 -0.727811
v -1.82855 4.66416 -0.667796
v -2.30248 4.79253 -0.0897807
v -2.34029 4.68145 -0.0785964
v -2.36108 4.6829 -0.194471
v -1.92797 4.64812 -0.546432
v -2.32539 4.79506 -0.197538
v -1.87161 4.65346 -0.519434
v -1.92104 4.7669 -0.852111
v -1.85445 4.66407 -0.868996
v -2.2209 4.78417 -0.0163312
v -2.11113 4.79329 -0.431992
v -2.00067 4.79508 -0.470096
v -2.55967 4.83645 -0.940363
v -1.78293 4.7122 -0.449332
v -2.35187 4.73031 -0.112016
v -1.78685 4.68236 -0.448065
v -1.86572 4.70561 -0.87041
v -1.88982 4.78955 -0.813892
v -1.8368 4.69296 -0.797524
v -1.86617 4.66331 -0.604768
v -1.86895 4.75264 -0.603302
v -2.00064 4.77589 -0.495877
v -2.30684 4.64942 -0.765308
v -2.21537 4.81477 -0.700295
v -2.4311 4.81163 -0.893275
v -1.8765 4.872 -0.0809194
v -1.99608 4.76259 -0.00167064
v -1.97746 4.8775 -0.0334807
v -1.99309 4.87196 -0.836503
v -1.85297 4.75614 -0.659562
v -1.81467 4.75463 -0.57202
v -2.25622 4.77727 -0.779049
v -1.86143 4.7799 -0.752507
v -1.85257 4.76633 -0.686623
v -2.54115 4.79946 -0.910606
v -2.3393 4.77756 -0.820752
v -1.90704 4.89896 -0.553785
v -2.6879 4.75107 -0.931886
v -2.64785 4.84386 -0.975077
v -1.94447 4.79937 -0.880535
v -1.90875 4.72353 -0.948518
v -2.63459 4.84082 -0.951424
v -2.72274 4.76501 -0.933441
v -2.01348 4.64697 -1.16686
v -2.02778 4.76527 -1.11505
v -1.94037 4.64388 -1.08741
v -1.96442 4.74435 -1.03244
v -1.97801 4.8974 -0.462296
v -2.08608 4.89712 -0.424517
v -2.18461 4.83244 -0.576841
v -2.19903 4.83853 -0.688753
v -2.75431 4.84791 -1.13581
v -2.72477 4.85596 -1.03893
v -2.77644 4.77603 -0.994558
v -2.19455 4.81765 -0.567958
v -2.11593 4.83651 -0.485016
v -2.12443 4.83262 -0.472822
v -1.96624 4.71145 -1.04723
v -2.04272 4.80999 -0.997395
v -2.03577 4.73255 -1.12963
v -1.88231 4.90459 -0.540927
v -1.86429 4.85101 -0.665128
v -2.31696 4.83064 -0.107089
v -2.33022 4.82647 -0.231252
v -1.89027 4.9407 -0.662311
v -2.19525 4.89892 -0.385175
v -2.27345 4.90285 -0.304231
v -1.74599 4.74733 -0.34373
v -1.7127 4.81043 -0.43379
v -2.71021 4.88197 -1.01127
v -2.02311 4.79869 0.0113242
v -2.13498 4.81214 0.0118164
v -2.83155 4.78439 -1.09687
v -2.84961 4.76203 -1.217
v -2.11128 4.77267 0.00681044
v -2.19166 4.89455 -0.0302698
v -2.08584 4.88493 -0.0181666
v -2.24084 4.82496 -0.0199169
v -2.73583 4.89722 -1.09748
v -2.78776 4.79884 -1.01398
v -2.15404 4.84951 -0.796435
v -1.69596 4.82594 -0.38401
v -2.27188 4.90159 -0.0966095
v -1.84492 4.83873 -0.673269
v -2.45693 4.83706 -0.925662
v -1.70694 4.79232 -0.470726
v -2.06648 4.84645 -1.02715
v -2.01039 4.81185 -0.951898
v -2.1603 4.86087 -0.808868
v -2.36649 4.86442 -0.872116
v -2.26944 4.87021 -0.808865
v -1.98083 4.78257 -0.919726
v -2.06463 4.8504 -0.860185
v -1.94512 4.97407 -0.764405
v -1.74113 4.73525 -0.259118
v -1.71592 4.84465 -0.29107
v -2.19718 4.8829 -0.836127
v -2.12596 4.8777 -1.09103
v -2.29516 4.90303 -0.199074
v -2.12711 4.90464 -0.94105
v -2.75607 4.8179 -1.24231
v -2.65127 4.86616 -1.25563
v -1.88151 4.87326 -0.743067
v -2.28515 4.89325 -0.787561
v -2.18379 4.89431 -0.861686
v -1.94243 4.89327 -0.821347
v -2.095 4.9581 -0.793886
v -2.39251 4.91989 -0.853608
v -1.96436 4.99082 -0.055046
v -1.85611 4.96594 -0.588883
v -2.12174 4.74794 -1.20061
v -2.30269 4.88774 -1.15464
v -2.22056 4.7562 -1.26288
v -2.32194 4.74902 -1.31514
v -1.85754 4.94763 -0.66524
v -1.81565 4.86701 -0.73125
v -1.86657 4.97795 -0.727874
v -2.10808 4.84542 -1.07596
v -2.05611 4.87695 -0.854326
v -2.10294 4.77919 -1.18685
v -2.21515 4.87846 -1.16281
v -2.67499 4.92091 -1.16403
v -2.72387 4.75327 -1.34082
v -2.60672 4.79812 -1.34217
v -1.92835 4.81597 -0.650715
v -1.8643 4.89867 -0.716117
v -2.38478 4.86224 -1.25244
v -1.91603 4.78357 -0.0182076
v -1.99548 4.90794 -0.0175009
v -1.89555 4.8943 -0.0537492
v -2.21855 4.88999 -1.12672
v -2.427 5.03001 -0.981714
v -2.16733 4.96 -1.03906
v -2.12932 4.94895 -0.462302
v -2.10892 4.89541 -0.934287
v -2.20575 4.78632 -1.25465
v -2.54459 4.91542 -1.24148
v -2.48924 4.83556 -1.31502
v -2.20301 4.95489 -0.678261
v -2.36163 4.90095 -1.21577
v -1.71805 4.8761 -0.328707
v -2.15395 4.79419 -0.434079
v -2.28117 4.81363 -0.355567
v -2.14214 4.89344 -0.424464
v -2.70188 4.95529 -1.07199
v -1.75543 4.93515 -0.257381
v -1.75257 4.81427 -0.238866
v -1.80163 4.89552 -0.159542
v -1.68663 4.93251 -0.425325
v -2.31846 4.92569 -1.06134
v -2.43018 4.93697 -0.972769
v -2.55253 4.94167 -0.940222
v -2.65443 4.95096 -0.979083
v -1.90862 4.94033 -0.710526
v -1.90431 5.0194 -0.647116
v -2.0677 4.99758 -0.0291624
v -2.2537 5.01054 -0.0978045
v -2.17289 5.00555 -0.0325072
v -2.20536 4.94397 -0.556307
v -2.69237 4.83768 -1.29679
v -2.59014 4.95455 -1.229
v -2.5282 4.87649 -1.30218
v -2.71922 4.88108 -1.19412
v -2.27607 5.0099 -0.200419
v -2.06384 5.001 -0.41783
v -2.17427 5.00171 -0.383168
v -2.10225 4.91839 -0.00666386
v -2.20734 4.92676 -0.0240035
v -2.28648 4.93131 -0.104093
v -2.30458 4.92707 -0.223951
v -2.39262 4.9886 -0.923648
v -1.97842 4.92199 -0.505756
v -1.91042 4.83822 -0.521659
v -2.17897 5.00858 -0.860212
v -2.37411 5.01706 -0.796429
v -2.35015 4.97725 -0.810088
v -2.14076 5.03275 -0.942315
v -2.12148 4.97291 -0.990492
v -2.25741 5.00487 -0.781528
v -1.75171 4.86016 -0.200641
v -1.75195 4.96891 -0.245717
v -2.44368 4.94208 -1.19098
v -1.8873 5.01187 -0.750332
v -2.05164 4.99198 -0.808835
v -2.59517 5.00923 -1.19119
v -1.93 4.99513 -0.7613
v -1.76205 4.84212 -0.692117
v -1.73954 4.83556 -0.761247
v -2.16271 4.96823 -0.766635
v -1.84963 5.05033 -0.562832
v -2.20026 5.08882 -1.02211
v -2.39223 5.04295 -1.01683
v -2.30985 4.94198 -1.09595
v -2.384 4.94762 -1.10063
v -2.20211 4.96897 -1.08593
v -1.95288 5.10368 -0.0611549
v -1.87037 4.98752 -0.105844
v -1.68387 4.93933 -0.385836
v -1.71813 4.95836 -0.318066
v -1.86208 5.10157 -0.115784
v -2.05381 5.1104 -0.0310013
v -1.80346 5.00009 -0.188304
v -1.87528 5.00956 -0.0858717
v -1.9711 5.01975 -0.0380079
v -1.81145 4.87822 -0.116677
v -2.65607 5.00265 -1.17301
v -2.56355 4.96462 -0.921384
v -2.70539 5.01487 -1.08727
v -1.65217 4.91717 -0.475246
v -1.73022 5.02171 -0.391833
v -1.90514 5.05563 -0.646719
v -1.90992 5.01167 -0.530385
v -1.91601 5.12403 -0.512788
v -1.80031 4.99087 -0.156629
v -2.66998 5.06217 -1.11519
v -2.15798 5.10377 -0.382257
v -2.2412 5.11023 -0.307271
v -1.86049 5.05286 -0.609449
v -2.67232 4.99042 -0.969262
v -1.90048 5.05862 -0.513132
v -1.9869 5.08463 -0.74278
v -1.9154 5.17581 -0.633018
v -2.01731 5.20256 -0.715423
v -1.74271 4.99327 -0.344252
v -2.15899 5.11571 -0.0325072
v -2.44868 5.04304 -0.953156
v -2.34036 5.00332 -1.01676
v -2.07783 5.02728 -0.0139703
v -2.33295 5.03827 -1.06957
v -2.66918 5.05568 -0.98687
v -2.5672 5.04464 -0.927769
v -2.49063 5.04837 -1.17564
v -1.95837 5.00271 -0.44793
v -1.91065 5.10704 -0.41643
v -2.2627 4.91482 -0.345114
v -2.25452 5.01796 -0.335394
v -1.99532 4.88006 -0.473923
v -1.96671 5.00973 -0.484023
v -2.03049 5.00247 -0.443077
v -1.92737 5.08251 -0.434207
v -2.03279 5.10097 -0.432638
v -2.16989 5.08574 -0.739409
v -2.0493 5.11149 -0.766718
v -2.40824 5.04932 -1.07312
v -2.14868 5.00463 -0.410442
v -2.0458 5.10581 -0.413757
v -2.15293 5.15211 -0.94393
v -1.82169 5.06049 -0.476352
v -1.68968 5.03462 -0.472604
v -1.91692 5.11178 -0.685204
v -2.25418 4.99312 -0.80213
v -2.24723 5.11415 -0.792425
v -2.174 5.12388 -0.855987
v -2.20667 5.06981 -1.05049
v -2.13495 5.09434 -0.965544
v -2.12678 5.08269 -0.745485
v -1.78449 5.0369 -0.292388
v -1.83914 5.046 -0.398713
v -1.85191 5.10029 -0.737131
v -2.26289 4.99525 -1.08464
v -1.8667 5.02563 -0.484907
v -1.75087 5.01571 -0.335276
v -1.80664 5.11426 -0.205692
v -1.79663 5.10861 -0.18498
v -2.0212 5.08761 -0.458274
v -1.92004 5.22821 -0.503862
v -2.58501 5.16304 -1.16922
v -1.78382 5.07705 -0.290792
v -1.82249 5.1266 -0.317906
v -2.4599 5.14288 -0.936486
v -2.05973 5.13992 -0.0136498
v -2.15939 5.10749 -0.853047
v -2.24384 5.1164 -0.776829
v -2.1643 4.99266 -0.852492
v -2.47545 5.08375 -1.14765
v -2.24233 5.21744 -0.207901
v -2.26003 5.11472 -0.202817
v -2.22617 5.21234 -0.308902
v -2.28753 5.02906 -0.217249
v -2.24597 5.11949 -0.328163
v -2.42221 5.15424 -1.05949
v -2.6049 5.15116 -1.17717
v -2.14665 5.20541 -0.378852
v -2.6748 5.15233 -1.00057
v -2.68662 5.1273 -0.988653
v -2.40333 5.12984 -1.05797
v -1.83958 5.22893 -0.314912
v -2.05001 5.2274 -0.735887
v -1.85152 5.06724 -0.649007
v -1.7458 5.15874 -0.787038
v -1.74801 5.10257 -0.651648
v -1.67201 4.99784 -0.739756
v -2.22021 5.22191 -0.108028
v -2.23765 5.11742 -0.100713
v -2.14951 5.19633 -0.714805
v -1.93085 5.24383 -0.664339
v -2.40772 5.11274 -0.866221
v -2.37124 5.11843 -0.971247
v -2.42072 5.25208 -0.837554
v -2.3464 5.10596 -0.775497
v -2.35058 5.23377 -0.752669
v -2.24475 5.23198 -0.78218
v -2.44074 5.24089 -1.03891
v -2.38752 5.25109 -0.941821
v -2.57953 5.22428 -1.12286
v -2.57794 5.14204 -0.918437
v -2.65996 5.22481 -0.999863
v -2.58093 5.2351 -0.918912
v -2.47604 5.23949 -0.929291
v -2.15087 5.16337 -0.417974
v -2.0175 5.16743 -0.436086
v -2.16047 5.2875 -0.413734
v -2.15108 5.17404 -0.432148
v -2.24084 5.28344 -0.496661
v -2.20574 5.32318 -0.122689
v -2.14501 5.33745 -0.0451181
v -2.23376 5.32081 -0.218643
v -2.03003 5.29154 -0.432466
v -2.22585 5.18089 -0.626759
v -2.16988 5.31306 -0.690443
v -2.23404 5.29404 -0.60374
v -2.21746 5.31844 -0.315122
v -2.14226 5.30519 -0.382385
v -1.92688 5.21823 -0.392546
v -1.92681 5.33306 -0.375081
v -2.03486 5.31592 -0.391384
v -1.84307 5.33956 -0.308905
v -2.15113 5.22427 -0.948605
v -2.23399 5.22478 -1.00843
v -2.05056 5.33286 -0.701377
v -2.33714 5.25611 -1.03184
v -1.80865 5.22671 -0.211318
v -1.80022 5.34527 -0.213389
v -1.93607 5.3088 -0.626997
v -1.85413 5.21243 -0.116559
v -1.85166 5.31152 -0.11672
v -1.93985 5.31967 -0.051905
v -1.9383 5.27318 -0.0392931
v -1.84309 5.27361 -0.103572
v -2.68065 2.64267 -0.722746
v -2.60845 2.50688 -0.773937
v -2.58861 2.61712 -0.79266
v -2.20409 3.12635 -1.27755
v -2.39615 2.97397 -1.37403
v -1.99014 3.39842 -1.74804
v -2.03092 3.36673 -1.6913
v -1.91794 3.45492 -1.76796
v -2.10992 4.13642 0.132826
v -0.724582 1.49171 -2.01413
v -0.776874 1.52019 -2.16825
v -0.662466 1.52504 -2.11043
v -0.830909 1.50281 -2.06707
v -0.339037 3.32142 -1.37276
v -0.338697 3.39057 -1.27585
v -0.290698 3.30002 -1.20853
v -0.24527 3.1312 -1.2428
v -0.255493 3.20336 -1.13843
v -0.309217 3.37123 -1.1073
v -1.47047 3.76137 -1.75441
v -1.67109 3.71637 -1.48068
v -2.39423 3.88935 -0.440318
v -2.36729 3.97554 -0.408687
v -1.61573 3.76774 -1.23304
v -1.52412 3.59968 -2.01892
v -1.53704 3.49225 -2.13292
v -0.829931 1.60852 -2.28408
v -1.00079 1.63888 -2.25638
v -0.938726 1.68227 -2.33031
v -0.648611 3.86917 -1.23849
v -0.688168 3.90963 -1.14644
v -0.631274 3.84297 -1.10031
v -0.591856 3.00999 -0.456305
v -0.725263 2.99508 -0.352147
v -0.624262 2.89855 -0.402649
v -0.796958 2.58536 -0.288418
v -0.821674 2.78561 -0.274326
v -0.888437 2.68808 -0.252432
v -0.807824 3.54816 -0.603637
v -0.837457 3.49749 -0.554203
v -0.646811 3.47954 -0.640823
v -0.672724 3.40634 -0.584767
v -0.530995 3.31914 -0.634287
v -0.509381 3.40852 -0.693862
v -0.586591 3.80166 -1.18659
v -0.533607 3.70902 -0.98051
v -0.505178 3.64143 -0.907603
v -0.470495 3.66351 -1.06279
v -0.431472 3.58976 -0.990107
v -1.68965 3.03549 -2.40136
v -1.58986 3.0603 -2.42725
v -1.65949 2.92583 -2.45043
v -1.76219 2.89728 -2.42369
v -1.81076 3.12244 -2.309
v -1.72605 3.2367 -2.27244
v -1.7112 3.13982 -2.34123
v -1.97064 2.13763 -1.87927
v -1.86462 2.05292 -1.8401
v -1.99991 2.15125 -1.7689
v -2.06961 2.23454 -1.91489
v -2.0315 2.23046 -2.02485
v -2.19178 2.35437 -1.83842
v -2.16038 2.34277 -1.946
v -2.1024 2.24508 -1.80601
v -2.27953 2.50504 -1.76225
v -2.29375 2.53406 -1.66613
v -2.33693 2.68101 -1.69436
v -2.40769 2.81984 -1.7229
v -2.32209 2.65169 -1.78355
v -2.30168 2.62868 -1.87972
v -2.25731 2.48387 -1.8632
v -1.94078 3.31636 -2.11634
v -1.83709 3.31271 -2.15133
v -1.62106 2.27832 -0.603444
v -0.773393 1.6639 -2.33661
v -0.876923 1.73682 -2.38449
v -0.816698 1.79599 -2.42589
v -0.642041 1.52222 -1.97089
v -0.57124 1.56591 -1.93067
v -0.560811 1.58098 -1.8554
v -0.579196 1.56294 -2.04484
v -0.522846 1.61067 -1.9655
v -0.476002 1.67974 -1.99649
v -0.495815 1.64148 -1.86627
v -0.444649 1.71494 -1.89132
v -0.528963 1.63149 -2.0897
v -0.683167 1.79626 -2.40408
v -0.647246 1.87458 -2.40645
v -0.592197 1.80484 -2.34408
v -0.617625 1.71613 -2.32242
v -0.723851 1.72568 -2.38249
v -0.526589 1.75032 -2.2541
v -0.557929 1.66344 -2.21798
v -0.583245 1.89819 -2.37162
v -0.332154 2.3116 -2.03395
v -0.316763 2.21193 -1.98791
v -0.347009 2.26531 -2.14802
v -0.413765 2.3152 -2.2973
v -0.377608 2.36523 -2.19001
v -0.523439 2.35892 -2.42149
v -0.317321 2.11364 -1.93996
v -0.333677 2.16671 -2.10089
v -0.375721 2.12076 -2.20445
v -0.511634 1.84286 -2.28334
v -0.507569 1.93837 -2.31708
v -0.412016 1.84392 -2.06908
v -0.38145 1.88768 -1.96123
v -0.409318 1.79913 -1.92432
v -0.437321 1.75749 -2.03318
v -0.738074 3.66531 -0.719896
v -0.709588 3.71795 -0.782851
v -0.833607 3.74937 -0.750448
v -0.795823 3.79341 -0.806243
v -0.699817 3.77228 -0.848026
v -0.699274 3.32578 -0.522398
v -0.59823 3.68143 -0.838697
v -0.605799 3.6186 -0.768273
v -0.771032 3.60777 -0.660436
v -0.623441 3.55122 -0.702862
v -0.942552 3.66138 -0.640913
v -0.984465 3.6195 -0.607553
v -0.8942 3.83905 -0.805442
v -0.956193 3.79608 -0.748744
v -0.721282 3.92811 -1.28416
v -0.709808 3.87871 -1.37775
v -0.80564 3.97608 -1.31975
v -0.803007 3.92954 -1.4162
v -0.748231 3.93424 -1.05799
v -0.807548 3.98427 -1.09026
v -0.823985 3.94013 -0.974502
v -0.827039 4.01273 -1.21771
v -0.866732 4.02803 -1.11764
v -0.754431 3.96397 -1.18662
v -0.842988 3.8825 -0.878131
v -0.76766 3.8906 -0.951334
v -0.959937 3.96185 -0.910215
v -0.930048 4.02177 -1.01795
v -1.01133 3.99341 -0.928054
v -1.11162 3.94791 -0.866928
v -1.04929 4.01637 -0.943007
v -1.16593 3.96917 -0.890922
v -1.00977 4.09665 -1.05725
v -0.974691 4.05503 -1.03808
v -0.925741 4.06928 -1.14211
v -0.972907 4.10682 -1.13734
v -0.830909 3.80801 -1.57825
v -0.8106 3.87283 -1.50333
v -0.711702 3.82056 -1.46429
v -0.350376 3.44008 -1.0084
v -0.351519 3.45928 -1.17825
v -0.382832 3.52535 -1.08167
v -0.395495 3.47661 -1.33971
v -0.403219 3.40763 -1.43107
v -0.726966 3.75636 -1.54292
v -0.654622 3.62667 -1.57313
v -0.751675 3.68775 -1.61272
v -0.404076 3.54249 -1.24551
v -0.320992 3.25353 -0.861622
v -0.281005 3.27667 -1.0348
v -0.330821 3.34919 -0.934882
v -0.577737 3.77484 -1.04624
v -0.642826 3.80887 -0.97142
v -0.525837 3.73201 -1.12961
v -0.479805 3.48627 -1.48306
v -0.547142 3.62735 -1.44992
v -0.46765 3.55431 -1.3969
v -0.293685 3.1592 -1.40911
v -0.287497 3.22883 -1.30935
v -0.35416 3.25078 -1.46609
v -0.4018 3.33181 -0.77016
v -0.399541 3.42315 -0.841701
v -0.496091 3.49125 -0.760999
v -0.494057 3.56974 -0.832378
v -0.2643 3.17715 -0.961349
v -0.25869 3.07301 -0.887695
v -0.230729 3.10168 -1.06647
v -0.224241 2.99446 -0.9941
v -0.720526 3.8312 -0.909415
v -0.691421 3.8742 -1.02122
v -0.409197 3.50904 -0.915388
v -0.623667 3.75893 -1.41658
v -0.632614 3.69554 -1.49923
v -0.316758 3.0891 -1.504
v -0.382145 3.17971 -1.55425
v -0.564043 3.55931 -1.53016
v -0.260318 2.9931 -1.44857
v -0.245259 3.06139 -1.34705
v -0.355669 3.01876 -1.59145
v -0.295388 2.92493 -1.54288
v -0.220373 2.89068 -1.38688
v -0.209432 2.95839 -1.28117
v -0.202006 2.92041 -1.10285
v -0.213849 3.02845 -1.17344
v -0.415448 3.23499 -0.70428
v -0.325692 3.15157 -0.791901
v -0.82675 3.19914 -0.375657
v -0.833464 3.31743 -0.434078
v -0.218478 2.6118 -1.36489
v -0.210117 2.50095 -1.30569
v -0.766057 2.88835 -0.307331
v -0.227699 2.33473 -1.36461
v -0.220343 2.38846 -1.24823
v -0.250641 2.27654 -1.19461
v -0.254809 2.22507 -1.31281
v -0.23288 2.5103 -1.01692
v -0.22237 2.44676 -1.13201
v -0.209425 2.56117 -1.19225
v -0.340896 2.73603 -0.693627
v -0.376424 2.62131 -0.631104
v -0.290262 2.65402 -0.795403
v -0.408741 2.82276 -0.602302
v -0.447271 2.70975 -0.542782
v -0.53011 2.80271 -0.466169
v -0.323622 2.53828 -0.732871
v -0.431386 2.50978 -0.579454
v -0.380224 2.42665 -0.681921
v -0.497607 2.59936 -0.489296
v -0.564522 2.49158 -0.449335
v -0.639474 2.58641 -0.373306
v -0.577131 2.69334 -0.413563
v -0.726701 2.68499 -0.316547
v -0.668208 2.79045 -0.353739
v -0.296358 2.1167 -1.26554
v -0.362924 2.11196 -0.98293
v -0.296556 2.16646 -1.14614
v -0.350129 2.05654 -1.10221
v -0.411801 2.24268 -0.750498
v -0.384557 2.17462 -0.865882
v -0.451145 2.31858 -0.64137
v -0.502972 2.40222 -0.541025
v -0.580984 2.29686 -0.50722
v -0.642249 2.38775 -0.418519
v -0.713266 2.48409 -0.342765
v -0.799864 2.38956 -0.327024
v -0.877561 2.49253 -0.271416
v -0.966101 2.40861 -0.267772
v -1.12853 2.44351 -0.240035
v -1.06091 2.33601 -0.27784
v -0.894582 2.3043 -0.322196
v -0.996813 2.23197 -0.33244
v -0.730286 2.29017 -0.397326
v -0.617225 2.11153 -0.578563
v -0.52822 2.21209 -0.605264
v -0.669118 2.19701 -0.481371
v -0.487095 2.13533 -0.713206
v -0.57369 2.03314 -0.684305
v -0.429098 2.00205 -0.943802
v -0.454564 2.0655 -0.826823
v -0.411002 1.94642 -1.06358
v -0.346406 1.96573 -1.34317
v -0.402872 1.90018 -1.18632
v -0.359888 1.92597 -1.8493
v -0.33288 2.01852 -1.89284
v -0.460296 1.79668 -2.16776
v -0.44658 1.88956 -2.20316
v -0.433196 1.74792 -1.78143
v -0.393574 1.83573 -1.81101
v -0.397925 1.85936 -1.30844
v -0.477876 1.79968 -1.16029
v -0.473288 1.76443 -1.28491
v -0.508669 1.89706 -0.913599
v -0.488931 1.84298 -1.03568
v -0.538697 1.96246 -0.797255
v -0.644821 1.87738 -0.786445
v -0.772749 2.11033 -0.473814
v -0.841691 1.96048 -0.581545
v -0.722481 2.02467 -0.568835
v -0.886952 2.04097 -0.483984
v -0.939176 2.13199 -0.400558
v -0.830104 2.20361 -0.39047
v -1.30757 2.34112 -0.30001
v -1.26004 2.24062 -0.344027
v -1.16017 2.27999 -0.303904
v -1.2174 2.38641 -0.263825
v -0.559631 1.60225 -1.75006
v -0.568183 1.63993 -1.51816
v -0.718902 1.71441 -1.03701
v -0.702408 1.6775 -1.1613
v -0.581428 1.72387 -1.1515
v -0.593967 1.76206 -1.02565
v -0.615561 1.81451 -0.903649
v -0.769001 1.82069 -0.798724
v -0.741575 1.76439 -0.916566
v -0.802629 1.88694 -0.686939
v -0.680436 1.94755 -0.674459
v -1.0078 2.00169 -0.520356
v -0.967009 1.92558 -0.617078
v -1.10436 2.17893 -0.359723
v -1.05401 2.086 -0.433748
v -1.21215 2.14838 -0.406688
v -1.31571 2.13755 -0.465236
v -1.16687 2.06588 -0.483989
v -1.44923 2.22354 -0.464438
v -1.35638 2.22299 -0.400947
v -1.39779 2.31283 -0.348496
v -0.873682 1.75093 -0.95139
v -0.85079 1.71057 -1.07155
v -0.9004 1.79952 -0.834294
v -1.02657 1.81594 -0.888221
v -0.931383 1.85742 -0.722095
v -1.23833 1.99934 -0.636959
v -1.27617 2.0631 -0.545347
v -1.37934 2.08167 -0.613859
v -1.41364 2.14754 -0.532579
v -1.11786 1.81844 -1.06091
v -1.05583 1.86656 -0.777994
v -1.17184 1.89821 -0.841293
v -1.14326 1.85636 -0.949696
v -0.99901 1.77707 -1.00334
v -0.975344 1.7434 -1.12089
v -1.47575 2.12045 -0.685136
v -1.4463 2.07181 -0.77417
v -1.3441 2.02883 -0.705744
v -1.57043 2.17017 -0.753695
v -1.59438 2.22283 -0.675081
v -1.60943 2.02987 -1.17604
v -1.47529 1.94115 -1.22559
v -1.49284 1.98198 -1.12319
v -1.84036 2.14552 -1.27453
v -1.82974 2.10047 -1.3716
v -1.71113 2.04349 -1.32568
v -1.72392 2.08618 -1.22712
v -1.94882 2.16217 -1.41391
v -2.07493 2.33565 -1.26998
v -1.96787 2.31236 -1.13912
v -2.17199 2.43106 -1.31782
v -2.25105 2.54591 -1.36962
v -0.881887 1.55668 -1.83029
v -1.79942 2.02428 -1.57764
v -1.77808 1.99853 -1.68692
v -1.67932 1.96921 -1.53388
v -1.93479 2.12247 -1.51512
v -2.04733 2.19894 -1.55531
v -1.91514 2.09101 -1.62036
v -2.25182 2.48803 -1.44813
v -2.30957 2.61692 -1.49423
v -2.24586 2.43933 -1.53642
v -2.45115 2.7472 -1.45787
v -2.39802 2.73485 -1.53667
v -2.22591 2.47199 -1.96612
v -2.26931 2.6174 -1.97543
v -2.22572 2.61666 -2.06967
v -2.18396 2.47129 -2.06891
v -2.1178 2.34209 -2.05284
v -2.06214 2.35492 -2.15523
v -1.83643 2.15632 -2.20716
v -1.92075 2.26197 -2.23352
v -1.98222 2.23927 -2.13226
v -1.7414 2.06535 -2.17165
v -0.944722 1.54767 -2.11527
v -0.97603 1.56216 -1.99714
v -2.36362 2.70957 -1.6123
v -2.46662 2.81368 -1.65579
v -2.30047 2.57144 -1.57641
v -2.21663 2.37446 -1.73355
v -2.23564 2.40202 -1.63235
v -2.02478 2.17252 -1.66066
v -2.1496 2.29103 -1.59473
v -2.12853 2.26442 -1.69891
v -1.89346 2.06648 -1.72902
v -0.895071 1.55908 -2.21982
v -1.15333 1.69505 -2.19504
v -1.19247 1.68783 -2.08494
v -1.05396 1.6131 -2.15873
v -1.67916 2.09548 -2.27046
v -1.76789 2.18996 -2.30228
v -1.84789 2.2961 -2.32521
v -1.99554 2.37909 -2.25171
v -1.91812 2.41315 -2.3382
v -2.12918 2.48315 -2.1687
v -2.17123 2.62661 -2.16247
v -2.10205 2.6453 -2.2471
v -2.06006 2.50623 -2.26071
v -2.12631 2.79513 -2.2132
v -1.97588 2.5399 -2.33712
v -1.76147 2.34171 -2.39919
v -1.82646 2.45801 -2.40472
v -1.03156 1.7723 -2.36242
v -1.09741 1.72634 -2.28888
v -1.59821 2.28364 -2.45172
v -1.66703 2.39085 -2.46124
v -2.04737 2.81421 -2.28164
v -1.92535 2.70862 -2.37684
v -2.01784 2.6741 -2.31771
v -1.88142 2.58084 -2.39795
v -2.0629 2.95458 -2.22377
v -2.07042 3.08665 -2.14823
v -1.02216 2.07154 -2.50915
v -0.954882 1.97909 -2.4851
v -1.03859 1.92047 -2.44513
v -1.49949 2.33756 -2.50193
v -1.56497 2.44254 -2.50648
v -1.45919 2.49338 -2.54113
v -1.35405 2.14163 -2.46751
v -1.18669 2.10396 -2.49534
v -1.27654 2.04863 -2.44275
v -1.72816 2.50454 -2.45956
v -1.78257 2.62292 -2.44967
v -1.62517 2.55185 -2.50273
v -1.95847 2.83964 -2.33971
v -1.86263 2.86805 -2.38736
v -1.82749 2.74489 -2.42592
v -1.88849 2.99011 -2.33433
v -1.98133 2.97054 -2.28627
v -1.99185 3.09162 -2.21114
v -0.807033 1.95211 -2.47806
v -0.756264 1.86324 -2.44596
v -0.679736 1.9312 -2.43608
v -0.720198 2.0155 -2.46693
v -0.986319 2.22243 -2.54687
v -0.924458 2.13164 -2.52685
v -1.08984 2.16302 -2.53136
v -1.15689 2.25505 -2.55018
v -1.22305 2.34919 -2.56092
v -1.04982 2.31369 -2.56223
v -1.11399 2.40577 -2.57353
v -1.3506 2.54337 -2.56423
v -1.24079 2.59313 -2.57405
v -1.28769 2.44536 -2.56543
v -1.39534 2.39164 -2.53936
v -1.51892 2.59807 -2.53471
v -1.41087 2.64349 -2.5568
v -1.57339 2.70577 -2.5193
v -1.51653 2.84988 -2.51234
v -1.46683 2.74568 -2.54016
v -1.62077 2.81561 -2.49141
v -1.72534 2.78064 -2.46392
v -1.90484 3.10463 -2.26546
v -1.7899 3.01211 -2.371
v -1.91595 3.20776 -2.18317
v -1.8233 3.2208 -2.23156
v -1.51316 3.18342 -2.39584
v -1.61172 3.16048 -2.37002
v -1.6259 3.2542 -2.30574
v -1.52458 3.27232 -2.33191
v -1.73836 3.32511 -2.19951
v -1.49194 3.08547 -2.44965
v -1.55792 2.9551 -2.47364
v -1.45844 2.98444 -2.49379
v -1.41392 2.88351 -2.52807
v -1.30222 2.68835 -2.56709
v -1.13102 2.64312 -2.57907
v -0.822198 2.19135 -2.52289
v -0.86481 2.04127 -2.50427
v -0.768444 2.10241 -2.4965
v -0.717666 2.24809 -2.50943
v -0.880403 2.28136 -2.54359
v -0.773266 2.33855 -2.53524
v -0.957628 2.60812 -2.57752
v -0.894464 2.51914 -2.57014
v -1.00428 2.46235 -2.57371
v -1.0676 2.55287 -2.57987
v -1.02161 2.69526 -2.57936
v -1.08667 2.77997 -2.57295
v -1.19409 2.73335 -2.57312
v -1.15192 2.86369 -2.56243
v -1.21583 2.94637 -2.5419
v -1.25567 2.8241 -2.56105
v -1.31362 2.91676 -2.54005
v -1.26476 3.03404 -2.50859
v -1.36079 3.01168 -2.50593
v -1.3196 3.28919 -2.3546
v -1.41559 3.2014 -2.41011
v -1.42222 3.28624 -2.3481
v -1.42346 3.36104 -2.28065
v -1.53013 3.35182 -2.2626
v -1.31565 3.35981 -2.28952
v -0.894875 3.26137 -2.20673
v -0.823797 3.14321 -2.2854
v -0.908078 3.21245 -2.29169
v -0.809109 3.18943 -2.19367
v -0.685585 2.9759 -2.25117
v -0.624049 2.8859 -2.22819
v -0.550777 2.83704 -2.09816
v -0.804655 3.22899 -2.10003
v -0.401321 2.50981 -2.11459
v -0.478894 2.55835 -2.25433
v -0.452245 2.60589 -2.14727
v -0.494498 2.74351 -2.06869
v -0.564922 2.79391 -2.20318
v -0.508331 2.70009 -2.17624
v -0.390128 2.55389 -2.00205
v -0.360319 2.41147 -2.07672
v -0.852973 3.08812 -2.37013
v -0.781766 3.01001 -2.36085
v -0.899965 3.02753 -2.4451
v -0.830442 2.95325 -2.44177
v -0.579911 2.60128 -2.37851
v -0.535863 2.65265 -2.28048
v -0.424955 2.46255 -2.22477
v -0.715697 2.92589 -2.34581
v -0.751269 3.06242 -2.2706
v -1.01966 3.21479 -2.36132
v -1.00186 3.27189 -2.29215
v -0.932613 3.15543 -2.36925
v -0.971629 3.09118 -2.43876
v -0.96742 2.96609 -2.50445
v -1.03904 3.03102 -2.49412
v -0.896648 2.89201 -2.50768
v -1.05115 2.90791 -2.54492
v -0.828908 2.812 -2.50529
v -0.983739 2.83208 -2.55215
v -0.852934 2.66664 -2.5521
v -0.765196 2.72671 -2.49594
v -0.703133 2.63764 -2.483
v -0.640484 2.69297 -2.39818
v -0.581051 2.45358 -2.4464
v -0.66975 2.39599 -2.5067
v -0.728436 2.48798 -2.52892
v -0.641738 2.54647 -2.4666
v -0.614524 2.30325 -2.48015
v -0.832682 2.42908 -2.55585
v -0.7899 2.57844 -2.54369
v -0.917663 2.75177 -2.55516
v -1.21091 3.13386 -2.46198
v -1.14727 3.14068 -2.45311
v -1.17823 3.05471 -2.50247
v -1.30107 3.12162 -2.46518
v -1.10266 3.08905 -2.47717
v -1.12918 3.1944 -2.4128
v -1.03956 3.15111 -2.42108
v -1.21833 3.27779 -2.35877
v -1.11735 3.25845 -2.35979
v -1.22471 3.2069 -2.41348
v -1.10349 3.31768 -2.29441
v -1.30763 3.47599 -2.14847
v -1.3122 3.42084 -2.21937
v -1.42196 3.49023 -2.1453
v -1.42353 3.42936 -2.21262
v -1.49256 3.69615 -1.89348
v -0.245103 2.28604 -1.48019
v -0.584383 3.26711 -1.70148
v -0.629905 3.41336 -1.66674
v -0.685925 3.55433 -1.63825
v -0.860717 3.73676 -1.63865
v -0.735257 3.10774 -2.17503
v -0.670114 3.05617 -2.04971
v -0.487833 2.78511 -1.96074
v -0.349621 2.45616 -1.96267
v -2.78141 3.23315 -0.174497
v -2.55626 3.91937 -0.57483
v -2.57373 3.9077 -0.470652
v -2.6735 3.90281 -0.286251
v -2.006 4.12103 -1.68538
v -1.84311 3.93256 -1.53395
v -2.04422 3.77668 -1.14516
v -2.11972 4.14344 -1.8496
v -2.77577 3.19677 -0.240964
v -2.8291 3.19887 -0.262846
v -2.77248 2.91737 -0.628132
v -2.81309 2.94548 -0.622261
v -2.80055 3.02159 -0.472241
v -2.525 2.76139 -0.9789
v -2.54719 2.75792 -1.07085
v -2.64385 2.78844 -0.984933
v -2.43102 2.73223 -1.24815
v -2.58088 2.75395 -1.28251
v -2.9235 3.24591 -0.315423
v -2.88356 3.21139 -0.294922
v -2.85779 3.0464 -0.492162
v -2.81324 3.12152 -0.349851
v -2.9223 3.07601 -0.508075
v -2.8803 3.13851 -0.381058
v -2.93798 3.16989 -0.40971
v -2.97948 3.12461 -0.529426
v -2.92665 2.97643 -0.768631
v -2.89862 2.93558 -0.891045
v -2.81703 2.86976 -0.883981
v -2.76043 2.82672 -0.992934
v -2.72835 2.83098 -0.882367
v -2.80604 2.86758 -1.10921
v -2.69669 2.79081 -1.09232
v -2.93841 3.02013 -0.638423
v -2.87416 2.97581 -0.629439
v -2.99449 3.08404 -0.653419
v -2.97618 3.21963 -0.425893
v -3.02085 3.18977 -0.540741
v -2.96429 3.01974 -0.898524
v -2.98548 3.05158 -0.777934
v -3.01639 3.1133 -0.902763
v -2.91743 3.05588 -1.23884
v -2.95382 3.30086 -0.326793
v -3.00085 3.2832 -0.433976
v -3.03625 3.26692 -0.546569
v -3.03969 3.34904 -0.547985
v -3.05545 3.25063 -0.665298
v -3.05538 3.23355 -0.784713
v -3.03456 3.16347 -0.662357
v -3.00687 3.18315 -1.13415
v -3.03051 3.19861 -1.01952
v -3.04786 3.21582 -0.903021
v -3.0296 3.13865 -0.78353
v -3.04815 3.31128 -1.01574
v -3.05372 3.42422 -1.00812
v -3.03036 3.30094 -1.13153
v -3.06404 3.33188 -0.781362
v -3.05841 3.34092 -0.663258
v -3.04857 3.43385 -0.658462
v -3.00658 3.51942 -0.538409
v -3.02787 3.52731 -0.651133
v -3.02905 3.43386 -0.544482
v -2.97623 3.60596 -0.528826
v -3.05707 3.43155 -0.77444
v -3.03927 3.53114 -0.76478
v -3.05833 3.42848 -0.891462
v -3.01026 3.62981 -0.751768
v -3.01577 3.63572 -0.864408
v -2.99676 3.62039 -0.639967
v -2.97155 3.72619 -0.734007
v -2.97281 3.73343 -0.845293
v -2.96333 3.71486 -0.624194
v -2.94506 3.69599 -0.515799
v -2.91183 3.80202 -0.603985
v -2.68187 3.8918 -0.17457
v -2.87825 3.04066 -1.34623
v -2.75769 2.90934 -1.43363
v -2.84587 2.94435 -1.2275
v -2.65331 2.80765 -1.40786
v -3.00883 3.29146 -1.24653
v -3.01436 3.64034 -0.978509
v -3.00698 3.64468 -1.09468
v -3.03302 3.53536 -1.11271
v -2.94365 3.1582 -1.35733
v -2.97633 3.17007 -1.24638
v -2.71031 2.89656 -1.53274
v -2.79657 3.01515 -1.55564
v -2.83945 3.02583 -1.45222
v -2.53513 2.80264 -1.58269
v -2.65937 2.88898 -1.62722
v -2.59999 2.89277 -1.71382
v -2.5959 2.79827 -1.50009
v -2.98423 3.53626 -1.46475
v -3.00339 3.40986 -1.35754
v -3.00259 3.5354 -1.34777
v -2.98003 3.40652 -1.47264
v -3.01853 3.53491 -1.22992
v -2.98261 3.65467 -1.33002
v -2.96626 3.66041 -1.44765
v -2.99548 3.64928 -1.21186
v -2.93853 3.76112 -1.3034
v -2.88529 3.84076 -1.15674
v -2.87279 3.85179 -1.27069
v -2.71365 3.95555 -1.57966
v -2.74051 3.94057 -1.4626
v -2.76196 3.92559 -1.34687
v -2.92347 3.77252 -1.42039
v -2.85647 3.86527 -1.38621
v -2.90057 3.78062 -1.53815
v -2.835 3.87726 -1.50381
v -2.9425 3.66455 -1.56465
v -2.95793 3.53745 -1.57977
v -2.92017 3.53898 -1.69143
v -2.90565 3.66644 -1.67924
v -2.75156 3.00716 -1.65635
v -2.86741 3.14036 -1.5729
v -2.82457 3.13587 -1.67728
v -2.88002 3.26936 -1.69087
v -2.9204 3.27066 -1.58328
v -2.53655 2.90581 -1.79039
v -2.6427 3.01056 -1.84448
v -2.46478 2.92548 -1.85184
v -2.71833 3.1433 -1.87404
v -2.77522 3.13689 -1.77838
v -2.83388 3.27255 -1.79567
v -2.68182 3.96743 -1.70012
v -2.80242 3.88458 -1.62182
v -2.57074 3.02578 -1.92223
v -2.48933 3.04444 -1.98074
v -2.40635 3.06793 -2.02461
v -2.05683 3.83341 -2.07146
v -1.49985 3.79486 -1.77872
v -1.49769 3.70921 -1.87922
v -1.52952 4.15325 -1.6314
v -1.65552 4.16045 -1.65562
v -1.78095 4.18219 -1.7653
v -1.6556 4.1951 -1.78231
v -1.2965 4.09225 -1.76987
v -1.40035 3.60788 -2.11766
v -1.79192 4.15609 -1.90146
v -1.80403 4.08452 -2.0079
v -1.66845 4.16375 -1.91635
v -1.53149 4.17591 -1.7759
v -1.41005 4.14418 -1.77182
v -1.42659 3.74872 -2.13856
v -1.43356 3.6803 -2.18595
v -1.65406 3.58238 -2.13103
v -2.95329 3.33815 0.0436622
v -2.93682 3.42207 -0.0812584
v -2.73819 3.84726 -0.0517152
v -2.80408 3.81609 -0.0687825
v -2.6707 3.90113 -1.9345
v -2.00271 3.89603 0.227572
v -2.06113 3.79184 0.262008
v -1.81449 3.81999 0.268968
v -1.87315 3.71666 0.302615
v -1.78303 2.65509 0.12975
v -1.69577 2.58882 0.0615628
v -1.70622 2.73934 0.186832
v -1.53694 2.75522 0.148999
v -1.1622 3.26333 0.127842
v -1.08357 3.1608 0.0290639
v -1.10387 3.37116 0.0844801
v -1.21095 3.47455 0.170922
v -1.25184 3.8901 0.0578518
v -1.40017 3.87147 0.173515
v -1.26021 3.78925 0.127976
v -1.43379 3.77022 0.234054
v -1.28905 3.68299 0.19078
v -1.54531 3.94671 0.201995
v -1.58743 3.85053 0.257709
v -2.62564 3.39927 0.0481472
v -1.33259 4.06771 -0.758007
v -1.47758 3.03845 0.253012
v -1.40089 3.14396 0.251899
v -0.835684 3.35569 -0.270571
v -0.95499 3.36882 -0.0714939
v -1.01325 3.26563 -0.011501
v -1.07917 4.0015 -0.82191
v -1.17119 4.04585 -0.838741
v -1.0134 4.05162 -0.818899
v -0.983773 3.97627 -0.75345
v -0.905785 3.64651 -0.504658
v -1.05983 3.93312 -0.760591
v -0.878962 3.44597 -0.515143
v -1.38474 3.96631 0.106457
v -1.41742 4.21082 -0.226976
v -1.34714 4.147 -0.153273
v -1.81173 2.81401 0.244865
v -2.76973 2.75384 -0.611052
v -2.76991 2.81973 -0.312135
v -2.48771 3.56272 0.173672
v -1.80514 2.39689 -0.330293
v -2.38021 2.6739 0.0318675
v -2.58396 2.97906 0.0487767
v -2.47561 2.82369 0.0641083
v -2.55709 3.06582 0.104256
v -2.64176 3.22778 0.0273567
v -2.50422 3.18489 0.172808
v -1.99482 2.80316 0.212374
v -2.05235 2.72735 0.132512
v -1.86235 2.42585 -0.26498
v -1.9253 2.54152 -0.0480238
v -1.85227 2.48158 -0.1037
v -1.70394 2.47364 -0.0879893
v -1.7846 2.43677 -0.17065
v -1.62159 2.52999 -0.0207806
v -1.883 2.72633 0.181593
v -1.94876 2.65713 0.0979076
v -1.85713 2.58821 0.0497275
v -1.93358 2.89148 0.279663
v -1.77586 2.52583 -0.0122741
v -1.61605 2.66542 0.115858
v -2.0917 3.26274 0.344231
v -2.24647 3.33268 0.312352
v -2.39338 3.3971 0.255406
v -2.44288 3.28887 0.224065
v -2.30137 3.22132 0.286582
v -2.35906 3.11355 0.245135
v -2.55946 3.35226 0.132759
v -2.51845 3.45231 0.166546
v -1.38222 4.19615 -0.404354
v -2.29246 3.74988 0.240581
v -2.26968 3.8684 0.210439
v -2.10688 3.67932 0.291554
v -1.62438 4.17013 -0.0141353
v -2.03416 3.3762 0.351979
v -2.19548 3.44784 0.321947
v -1.05676 3.47972 0.0277499
v -1.87838 3.2972 0.363765
v -1.94163 3.18437 0.351247
v -1.23005 3.15575 0.155637
v -1.33322 3.25292 0.238635
v -1.52523 3.23611 0.313967
v -1.45845 3.34801 0.300835
v -1.75725 3.52717 0.35173
v -1.81703 3.41229 0.365093
v -1.66388 3.32679 0.354399
v -1.9272 3.6057 0.328299
v -1.9798 3.49143 0.347708
v -2.15022 3.56391 0.315467
v -1.69949 3.64039 0.331584
v -1.59992 3.44044 0.343163
v -1.39487 3.46036 0.275851
v -1.53919 3.55356 0.317711
v -1.26854 3.36319 0.211856
v -1.33691 3.57265 0.239093
v -1.15277 3.90312 -0.0870454
v -1.55936 4.21565 -0.14673
v -1.55824 4.18775 -0.0549503
v -1.66563 4.13154 0.0343873
v -1.67366 4.07027 0.112615
v -1.51994 4.10745 0.0610854
v -1.7523 3.91189 0.2304
v -1.70294 3.99741 0.179736
v -1.4822 3.6639 0.28247
v -1.64169 3.74844 0.300825
v -1.52397 4.03309 0.133508
v -1.46925 4.188 -0.0842009
v -1.16289 3.5854 0.120196
v -1.13518 3.69578 0.0570749
v -1.1313 3.80326 -0.0128385
v -1.41452 4.1259 -0.028824
v -1.26341 3.98488 -0.0135552
v -1.38784 4.0524 0.037807
v -2.40114 2.41844 -0.814257
v -2.18019 2.39616 -0.690044
v -2.36286 2.52288 -0.834239
v -2.50829 2.46966 -0.814627
v -2.83132 2.23176 -0.463968
v -2.619 2.21306 -0.144874
v -2.70975 2.24447 -0.186925
v -2.80835 2.30451 -0.570599
v -2.6903 2.25096 -0.758091
v -2.62233 2.10585 -0.7915
v -1.70069 3.38803 -0.894935
v -1.77334 3.26728 -1.00464
v -1.81437 3.36426 -0.930868
v -1.89698 3.38892 -1.01772
v -1.92927 3.49496 -0.955243
v -1.84995 3.47098 -0.868639
v -1.95577 3.54773 -1.05102
v -1.9789 3.65526 -1.00158
v -1.73773 3.49089 -0.83108
v -1.79826 3.19221 -1.16942
v -1.85822 3.28635 -1.08899
v -1.52124 3.58928 -0.85548
v -1.62642 3.53478 -0.829878
v -1.48631 3.49404 -0.927001
v -1.58984 3.43697 -0.895168
v -2.60881 4.35731 -1.21756
v -2.10222 4.00511 -0.670144
v -2.10595 3.98167 -0.790101
v -2.13801 4.08247 -0.817698
v -2.14587 4.10407 -0.682099
v -2.07901 4.06775 -0.950551
v -2.03054 3.96218 -0.583747
v -2.06753 4.04512 -0.557277
v -1.85626 4.10078 -0.472287
v -2.11419 4.1356 -0.542061
v -1.78184 4.21397 -0.487603
v -1.88558 4.19667 -0.447735
v -2.148 4.24195 -0.552505
v -2.00067 4.15741 -0.460337
v -2.42384 5.13568 -0.868348
v -2.38751 5.14774 -0.971465
v -2.35956 5.12238 -0.763625
v -2.17534 5.20224 -0.71777
v -2.24326 5.17863 -0.621365
v -2.24271 5.16385 -0.502471
v -2.01258 5.05889 -0.446738
v -2.00521 4.95438 -0.464319
v -2.1331 4.94006 -0.449401
v -1.89737 5.15759 -0.512877
v -1.78402 4.40536 -0.939129
v -1.80374 4.51718 -0.935844
v -1.72604 4.39792 -0.851377
v -1.865 4.52172 -1.01935
v -1.87647 4.63655 -1.00353
v -2.33113 4.78122 -1.32192
v -2.57596 4.61778 -1.40272
v -2.64264 4.75071 -1.38579
v -2.48409 4.77595 -1.37345
v -2.43704 4.63684 -1.37611
v -1.9395 4.51987 -1.09298
v -2.61834 4.46508 -1.33735
v -2.71252 4.58273 -1.39966
v -1.75279 4.09691 -0.509641
v -1.68313 4.12367 -0.571449
v -1.70652 4.23518 -0.556445
v -1.73792 4.35228 -0.552705
v -1.81604 4.32924 -0.480202
v -1.63428 4.14218 -0.658157
v -1.66348 4.25845 -0.651277
v -2.78767 4.70465 -1.36005
v -1.82641 4.62121 -0.918758
v -1.69586 4.38653 -0.752502
v -1.75669 4.5062 -0.846992
v -1.65996 4.2744 -0.755927
v -1.69776 4.3717 -0.649033
v -2.15905 4.21787 -0.717264
v -2.16832 4.35636 -0.577728
v -2.16062 5.22839 -0.846004
v -2.21985 5.17259 -1.03061
v -2.3156 5.15383 -1.04021
v -2.58043 5.10538 -0.905147
v -2.45428 5.10589 -0.923256
v -2.41106 5.05608 -0.915316
v -2.22996 5.04773 -0.518715
v -2.21348 4.93303 -0.541362
v -2.84705 4.71523 -0.932752
v -2.82606 4.81026 -1.12474
v -2.90948 4.72283 -1.05943
v -1.77225 3.94922 -0.561299
v -1.80855 4.06519 -0.510372
v -2.04856 4.01805 -0.585502
v -1.93551 4.02517 -0.512678
v -2.09393 4.13134 -0.545888
v -1.97602 4.14552 -0.474821
v -2.12391 4.09766 -0.824443
v -1.84546 4.18653 -0.473109
v -2.23165 5.16942 -0.515265
v -2.01191 4.97569 -0.474175
v -1.68637 4.28414 -0.65606
v -1.90491 4.68825 -0.960415
v -2.66706 4.64475 -1.39287
v -2.55155 4.69076 -1.38929
v -2.08949 4.59919 -1.19783
v -1.92646 4.58278 -1.06096
v -2.00241 4.59415 -1.13636
v -1.74105 4.23887 -0.542993
v -2.8239 4.69522 -1.32388
v -2.76305 4.5888 -1.37658
v -2.29829 5.11564 -1.0359
v -2.21981 5.05636 -0.534743
v -2.21473 5.06786 -0.652847
v -2.14192 5.06143 -0.444025
v -2.93059 4.70073 -1.20053
v -2.6361 3.3514 -1.84652
v -2.38858 3.36372 -0.572936
v -1.87498 3.92825 -1.95818
v -2.45797 3.33764 -1.96495
v -2.5614 3.9806 -1.89482
v -2.92557 3.31081 -0.711211
v -2.8966 3.53927 -0.625951
v -2.91256 3.35161 -0.597953
v -2.83666 3.09889 -0.67276
v -2.92551 3.27073 -0.844023
v -2.79769 3.27293 -1.43631
v -2.84532 3.25922 -1.28723
v -2.70517 3.03354 -1.27747
v -2.6477 3.06529 -1.43543
v -2.87001 3.23124 -0.460126
v -2.94377 3.50131 -0.858905
v -2.8591 3.70752 -0.988801
v -2.86548 3.69951 -0.86338
v -2.91321 3.2462 -0.984132
v -2.92594 3.4963 -1.13641
v -2.8817 3.25007 -1.13333
v -2.75734 3.01296 -1.10883
v -2.17825 3.40841 -1.96488
v -2.29411 3.42056 -2.01208
v -2.19967 3.31047 -1.91347
v -2.32182 3.30235 -1.94861
v -2.49607 3.23656 -1.87192
v -2.68636 3.31376 -1.71738
v -2.53627 3.15405 -1.73496
v -2.28462 3.10862 -1.69446
v -2.5888 3.10184 -1.58771
v -2.74103 3.29024 -1.57826
v -2.34517 3.02443 -1.52972
v -2.10336 3.73276 -1.15299
v -2.29353 3.83761 -1.05238
v -2.14208 3.70647 -1.02554
v -2.19223 3.68985 -0.907856
v -1.78299 2.96992 -1.4082
v -2.50852 4.01505 -2.00227
v -2.21946 4.30345 -1.07084
v -2.34568 4.28185 -0.990116
v -1.15948 4.22175 -1.42181
v -1.05705 4.17148 -1.38234
v -1.07122 4.07934 -1.48552
v -1.17567 4.12208 -1.52122
v -2.68662 3.92612 0.0227785
v -2.64403 4.05053 0.0535108
v -2.57994 4.06045 -0.0603805
v -2.16117 4.01569 -1.26384
v -2.51594 4.01507 -1.90246
v -2.68621 4.0473 -1.9192
v -2.37135 4.05213 -1.8866
v -2.63894 4.1787 -0.140483
v -2.72267 4.17595 -0.309109
v -2.55621 4.20375 -0.345397
v -2.37579 4.05587 -1.97619
v -1.22914 4.16894 -1.03341
v -1.47559 4.32359 -1.26357
v -1.41927 4.24974 -1.12659
v -1.35811 4.29761 -1.2253
v -1.31953 4.21467 -1.0818
v -1.25007 4.26107 -1.1821
v -1.06624 4.15607 -1.09697
v -1.08977 4.21822 -1.26163
v -1.15184 4.21299 -1.13825
v -1.1929 4.26846 -1.30113
v -1.30366 4.31026 -1.3425
v -1.26982 4.26273 -1.46226
v -1.42198 4.33944 -1.3828
v -1.39162 4.29836 -1.49803
v -1.5217 4.32105 -1.52289
v -1.5498 4.35078 -1.4115
v -1.67869 4.35225 -1.44338
v -2.03594 4.3489 -1.43673
v -2.62565 4.20013 -0.376439
v -2.64337 4.19964 -0.273173
v -2.88024 4.13994 0.10143
v -2.84618 4.14916 0.024645
v -2.71437 4.19527 -1.79227
v -2.74137 4.2114 -1.91042
v -2.62691 4.30053 -1.80362
v -2.64395 4.32365 -1.91548
v -2.68018 4.16564 -1.68645
v -2.60595 4.27541 -1.69521
v -2.64353 4.3137 -2.03708
v -2.50884 4.36356 -1.92712
v -2.50536 4.34896 -1.8225
v -2.49527 4.32887 -1.71194
v -2.63877 4.14268 -1.58558
v -2.26906 4.33392 -1.35076
v -2.83058 4.12145 -0.246628
v -2.98643 4.01846 -0.0896728
v -2.55665 3.96521 -0.822427
v -2.47595 3.97004 -0.935747
v -2.4372 4.06341 -1.67602
v -2.2761 4.00979 -1.15449
v -2.35771 4.12706 -0.504869
v -2.46992 4.08913 -0.296715
v -2.02341 4.32923 -1.41427
v -2.25189 4.26656 -0.971137
v -2.21021 4.28832 -1.08254
v -2.58328 4.15859 -0.197316
v -2.70256 4.13689 -1.82741
v -2.65221 4.26313 -1.81263
v -2.62931 4.23298 -1.70307
v -2.66242 4.11903 -1.71836
v -2.66025 4.29257 -1.9255
v -2.38441 4.33552 -1.69569
v -2.5196 4.3232 -1.81218
v -2.80421 4.14041 -0.0134403
v -2.2921 3.5745 -0.515829
v -2.34266 3.36369 -0.605818
v -2.66258 2.75916 -0.726992
v -2.56445 2.73239 -0.804115
v -2.53338 2.85044 -0.802581
v -2.63666 2.87544 -0.719449
v -2.40881 2.80603 -0.843517
v -2.36904 2.92145 -0.824209
v -2.49222 2.96326 -0.775109
v -2.40608 3.03956 0.0308928
v -2.509 2.84769 -0.0621197
v -2.51877 2.954 -0.0319918
v -2.39526 2.93197 0.00379399
v -2.52933 3.06582 -0.00315884
v -2.5213 3.26553 -0.457946
v -2.63572 3.0932 -0.0570986
v -2.71141 2.93665 -0.329834
v -2.70106 2.87649 -0.604527
v -2.66924 2.98405 -0.580722
v -2.71954 2.76351 -0.616282
v -2.47839 2.57662 -0.830646
v -2.44499 2.68928 -0.839987
v -2.32212 2.63299 -0.845538
v -2.15471 2.68141 -0.80442
v -2.27828 2.74821 -0.847219
v -2.07157 2.61041 -0.69177
v -2.59523 2.98452 -0.691087
v -2.23567 2.86412 -0.824222
v -2.10943 2.7981 -0.776211
v -2.02186 2.72235 -0.667385
v -1.992 2.83308 -0.622363
v -1.98208 2.64591 -0.517415
v -2.03166 2.53984 -0.543838
v -1.9941 2.5668 -0.366147
v -1.98522 2.83552 -0.106509
v -1.94034 2.75127 -0.486357
v -2.13752 2.5968 -0.102653
v -2.39653 2.62348 -0.0850046
v -2.26991 2.6082 -0.076504
v -2.11637 2.6986 -0.0465274
v -1.98978 2.71905 -0.136918
v -2.01845 2.61085 -0.186833
v -2.11255 2.80827 -0.00944996
v -2.38792 2.7241 -0.0521711
v -2.25697 2.70726 -0.0319024
v -2.12078 2.91547 0.0157878
v -2.61877 2.86819 -0.110325
v -2.63016 2.97709 -0.0804024
v -2.42327 3.24647 -0.528157
v -2.68346 2.90034 -0.205768
v -2.18959 3.72591 0.150672
v -2.22232 3.60626 0.172845
v -2.04817 3.68834 0.133659
v -2.48057 3.54892 0.0888912
v -2.38342 3.51544 0.156067
v -2.25134 3.48429 0.17699
v -2.57695 3.45388 -0.0148083
v -2.54934 3.58239 -0.0967192
v -2.58676 3.46612 -0.112537
v -2.61851 3.34965 -0.129431
v -2.18397 3.85216 -0.47416
v -1.75505 3.93506 -0.510546
v -1.83571 3.5945 -0.744586
v -1.84276 3.81198 -0.590764
v -0.781921 3.72571 -0.987409
v -1.32108 3.796 -1.46159
v -0.989992 2.41019 -1.0218
v -1.29307 2.32634 -0.920545
v -1.25473 2.30174 -0.824989
v -1.16599 2.29652 -0.87061
v -1.27165 2.36282 -0.669243
v -1.35807 2.40631 -0.598544
v -1.35583 2.33087 -0.75473
v -1.41997 2.34872 -0.861381
v -1.33461 2.52419 -0.493161
v -1.62735 2.93298 -0.963147
v -1.21926 3.13959 -0.919578
v -1.15801 3.10155 -0.891434
v -0.7467 3.73699 -1.10276
v -0.624411 3.38669 -1.16433
v -1.37216 3.75004 -1.36721
v -1.31168 3.67276 -1.35351
v -0.808717 3.84471 -1.11523
v -0.882603 3.94949 -1.11737
v -0.846112 3.69689 -0.893526
v -0.80401 3.70066 -1.34308
v -0.705509 3.61636 -1.20897
v -0.75531 3.72828 -1.22688
v -0.9039 3.79313 -0.923256
v -0.968294 3.88844 -0.947703
v -0.846532 3.82711 -1.00892
v -0.922346 3.92626 -1.02361
v -1.01018 3.5927 -1.41765
v -1.0334 3.84327 -0.883659
v -1.10074 3.93255 -0.90879
v -1.02771 3.94888 -0.958953
v -0.995271 4.0318 -1.10346
v -0.983579 4.03451 -1.20573
v -2.15973 5.24613 -0.0252045
v -2.04769 5.25296 -0.0130493
v -2.04469 5.34895 -0.0282833
v -2.23309 5.2416 -0.108433
v -2.25516 5.23262 -0.2156
v -2.23491 5.21993 -0.322635
v -2.14499 5.20873 -0.396405
v -2.23676 4.29359 0.0921249
v -2.22416 4.4172 0.0798348
v -1.72995 4.81992 -0.645438
v -1.75226 4.77326 -0.546697
v -1.6465 5.03247 -0.665513
v -1.67219 4.88855 -0.655099
v -1.74709 5.06432 -0.540803
v -1.65888 4.9959 -0.535715
v -1.67444 4.86442 -0.541414
v -2.25751 4.67225 0.00371373
v -2.29866 4.55623 0.0236355
v -2.14789 5.22586 -0.0355534
v -2.04434 5.22513 -0.0295035
v -1.90497 4.62489 -0.0100308
v -1.88773 4.75905 -0.047011
v -2.02335 4.64454 0.0308784
v -2.14411 4.65889 0.0353754
v -2.18352 4.54125 0.0612715
v -1.86473 5.09451 -0.702012
v -1.89368 5.18662 -0.395928
v -2.02173 5.20752 -0.419059
v -2.1479 5.1077 -0.404265
v -1.8093 5.21285 -0.301781
v -1.62948 5.03917 -0.699653
v -1.74875 5.12896 -0.683196
v -1.76723 5.0937 -0.576546
v -1.64739 5.04257 -0.576414
v -1.65303 4.87799 -0.579571
v -1.71036 4.8289 -0.663116
v -2.2654 4.28289 -0.429238
v -2.25711 4.18232 -0.426344
v -2.27257 5.13078 -0.213323
v -2.2512 5.13917 -0.0997901
v -1.79396 5.2363 -0.2016
v -1.75956 4.75093 -0.159625
v -1.77135 4.63721 -0.127001
v -1.95121 5.14017 -0.0412421
v -1.8562 5.13292 -0.0978806
v -2.17098 5.14114 -0.019592
v -2.26743 5.03534 -0.0991554
v -2.18528 5.03294 -0.0218433
v -1.82429 4.76749 -0.0771732
v -1.83714 4.65603 -0.0402306
v -1.8528 4.54017 -0.0198091
v -2.0788 4.58199 0.0670986
v -1.93727 4.6735 0.0158998
v -2.05212 4.69138 0.0434971
v -1.95699 4.56111 0.0396028
v -2.09966 4.47103 0.0877206
v -2.23406 4.49508 0.0784744
v -0.486846 3.68037 -1.21725
v -0.467431 3.62022 -1.30791
v -0.553519 3.75139 -1.27598
v -0.428376 3.60565 -1.15216
v -1.48121 3.73071 -1.82168
v -1.98613 3.76793 -1.10959
v -1.14544 3.68544 -1.77706
v -0.459956 2.41359 -2.33173
v -0.99067 3.32293 -2.21461
v -0.628331 3.81789 -1.32927
v -0.96079 1.82835 -2.41723
v -0.785644 3.83698 -0.863545
v -0.902297 3.92331 -0.890092
v -0.879008 3.98293 -0.996707
v -1.11764 3.98401 -1.56082
v -0.924701 2.8827 -0.249905
v -0.541969 3.6921 -1.36453
v -0.423652 3.33663 -1.51793
v -0.610465 3.7447 -0.908583
v -0.503043 3.41587 -1.56407
v -0.592942 3.48725 -1.60183
v -0.540506 3.34161 -1.63494
v -0.25353 2.33289 -1.07627
v -0.255899 2.57924 -0.90427
v -0.317504 2.05792 -1.77849
v -0.489181 1.71037 -2.13013
v -1.12628 1.99048 -0.573273
v -1.08896 1.92405 -0.672224
v -0.570314 1.66428 -1.39843
v -1.86131 2.34886 -0.930594
v -0.804278 1.63049 -1.43915
v -1.96356 2.25912 -1.22592
v -2.17366 2.37386 -1.402
v -2.0713 2.28307 -1.35936
v -1.57572 1.95465 -1.38133
v -2.16652 2.32557 -1.49457
v -1.52295 2.18301 -2.43282
v -1.44256 2.08816 -2.40682
v -1.52164 2.04126 -2.33008
v -1.42883 2.23756 -2.48758
v -1.25825 2.19756 -2.51483
v -0.886182 1.88779 -2.45753
v -1.11677 1.86447 -2.39008
v -1.11328 2.01207 -2.47128
v -1.32827 2.29294 -2.53045
v -1.67935 2.66481 -2.48992
v -1.1778 2.49899 -2.5761
v -1.63532 3.3385 -2.236
v -0.941531 2.37178 -2.56177
v -1.20176 3.40205 -2.2242
v -0.733728 3.14479 -2.07637
v -0.518297 2.50846 -2.35736
v -0.594654 2.7456 -2.30397
v -1.20921 3.34315 -2.2949
v -1.19505 3.45362 -2.14876
v -0.343113 2.85735 -1.63079
v -0.722656 3.48094 -1.69711
v -2.12985 4.11234 -1.72093
v -1.99723 3.82065 -1.25828
v -2.5824 3.94907 -1.0344
v -2.59774 3.94156 -0.925907
v -2.65836 3.91969 -0.509545
v -2.78747 2.88402 -0.759221
v -2.63687 2.76927 -1.18786
v -2.85685 2.92164 -0.763063
v -3.02191 3.41423 -1.24101
v -3.03848 3.41902 -1.12432
v -3.06063 3.32192 -0.899076
v -2.96932 3.73958 -0.957859
v -2.7486 3.90558 -0.546447
v -2.5175 2.74665 -1.3736
v -2.79339 3.90133 -1.12024
v -2.77948 3.91244 -1.23254
v -2.90786 3.14762 -1.4664
v -2.98479 3.28257 -1.36081
v -2.95564 3.27539 -1.47338
v -2.86405 3.78353 -1.65546
v -1.5974 3.12631 0.313815
v -2.33642 2.61422 -0.965666
v -2.06033 4.03636 0.168107
v -2.44749 2.91704 0.129658
v -2.41093 3.01017 0.191578
v -2.10874 2.64956 0.0594981
v -1.54003 2.59714 0.0308933
v -1.86896 2.99527 0.314905
v -1.80041 3.10336 0.33688
v -2.46673 3.68251 0.163084
v -2.35036 3.51118 0.264954
v -2.31833 3.62994 0.259067
v -1.19339 3.99439 -0.16077
v -1.2979 4.06929 -0.0856063
v -1.53739 4.16134 -0.00755283
v -2.30304 2.3577 -0.77093
v -1.94981 4.01457 -1.10249
v -2.13946 4.18323 -0.878906
v -2.23491 5.06115 -0.63958
v -1.90292 5.2898 -0.508421
v -2.02088 4.85983 -0.476749
v -2.82887 4.78352 -1.25207
v -1.79472 4.60582 -0.8331
v -2.45587 4.96009 -0.932033
v -2.90706 4.63346 -1.33109
v -2.92975 3.51874 -0.733002
v -2.86233 3.70157 -0.745458
v -2.49047 3.80996 -0.511531
v -2.70002 3.83572 -0.974531
v -2.68286 3.85023 -1.09685
v -2.48765 3.88539 -1.07455
v -2.33353 3.81868 -0.932479
v -2.38508 4.2628 -0.874577
v -2.46573 4.24954 -0.914862
v -1.65873 4.27082 -1.61719
v -2.69733 4.0474 -0.818028
v -2.65357 3.94856 -0.828341
v -2.42012 4.02013 -1.49945
v -2.44212 3.95941 -0.997586
v -2.38351 4.08532 -0.470542
v -2.30086 4.08233 -0.603071
v -2.48685 4.18151 -0.303862
v -2.43936 4.15602 -0.390474
v -1.65109 4.32588 -1.54678
v -1.72058 4.2765 -1.62102
v -2.31156 4.30039 -1.10824
v -2.53883 4.21797 -0.949698
v -2.63014 4.14502 -0.88278
v -2.66236 4.13428 -0.781526
v -2.92571 4.09922 -0.0389673
v -1.89044 4.12406 -1.58118
v -2.65556 4.03728 -0.86674
v -2.95701 4.01838 -0.0899026
v -2.67265 3.06898 -0.42965
v -1.94479 2.66836 -0.322763
v -1.56516 3.50774 -0.7794
v -0.811744 3.8398 -1.23674
v -1.37864 2.97034 -0.959852
v -1.01622 4.02269 -1.02423
v -2.03838 5.21022 -0.401318
v -2.27292 4.57294 -0.39923
v -2.15823 4.57601 -0.436548
v -2.13658 4.68699 -0.436125
v -1.94334 5.21498 -0.0581748
v -2.25103 4.38297 0.0950522
v -2.26183 4.38542 -0.43218
v -1.82915 3.7449 -1.62792
v -2.21463 3.25183 -1.86308
v -1.79384 3.15387 -1.4025
v -1.86509 3.13589 -1.3203
v -1.91966 3.19848 -1.40193
v -1.8384 3.44434 -1.58818
v -1.83334 3.56323 -1.63617
v -1.85795 3.64185 -1.61714
v -1.78171 3.49403 -1.64162
v -1.84792 3.21666 -1.4965
v -1.84162 3.32921 -1.54401
v -1.88895 3.4177 -1.50631
v -1.78 3.70085 -1.60461
v -1.13427 3.96199 -0.971002
v -1.11663 3.96877 -1.05799
v -1.66247 3.44651 -1.26997
v -2.17331 3.16918 -1.42179
v -2.00397 3.38775 -1.46773
v -2.14826 3.21397 -1.53632
v -1.78232 3.26137 -1.57317
v -1.76618 3.14807 -1.53568
v -2.0374 3.35078 -1.35012
v -2.07044 3.31738 -1.21313
v -2.15497 3.26754 -1.80825
v -2.07667 3.34424 -1.84099
v -1.10174 3.97285 -1.1562
v -3.04496 3.53353 -0.879517
v -3.04443 3.53533 -0.995966
v -1.7249 3.32045 -1.23841
v -1.82866 3.2306 -1.25942
v -1.75244 1.98101 -1.7985
v -1.72147 1.97285 -1.91112
v -0.671353 3.09279 -1.9491
v -0.734662 3.18095 -1.97897
v -0.662737 3.13666 -1.85317
v -1.841 3.71838 -1.65399
v -1.87347 3.52848 -1.55941
v -1.79572 3.59339 -1.54689
v -2.08985 3.29084 -1.61868
v -1.97193 3.42551 -1.56208
v -1.8362 3.25848 -1.38787
v -1.90473 3.30991 -1.45044
v -1.82621 3.3738 -1.43807
v -1.80996 3.48472 -1.48943
v -1.32727 3.84131 -1.38938
v -1.93843 3.46589 -1.65375
v -1.33609 1.86521 -1.28174
v -1.2253 3.88533 -1.43438
v -0.607748 3.00458 -1.91853
v -0.593669 3.05199 -1.82103
v -2.73007 3.81862 -0.543892
v -2.84774 3.71946 -1.1196
v -2.94052 3.49293 -0.9936
v -2.9337 4.03531 -0.188696
v -1.97106 3.41927 -1.83644
v -1.98786 3.35269 -1.75931
v -1.22167 3.91747 -1.10332
v -1.09609 1.78429 -1.17436
v -2.18935 3.21274 -1.70465
v -2.09904 3.29854 -1.738
v -1.24442 1.71608 -1.85065
v -2.71074 4.16018 -0.00526532
v -2.5346 4.21102 -0.43367
v -2.06221 3.39765 -1.90121
v -2.8162 3.88772 -0.900689
v -2.80548 3.89438 -1.00957
v -1.83198 2.04547 -1.95253
v -2.51377 4.29857 -1.70227
v -1.86848 3.84874 -1.95298
v -1.87191 3.90447 -1.96339
v -1.66321 3.70492 -1.57034
v -2.69949 4.12605 0.0127497
v -2.66361 3.86515 -1.22259
v -1.28006 1.77372 -1.61902
v -2.31978 4.03117 -0.748619
v -2.58227 4.25073 -1.58951
v -1.21605 1.82509 -1.22864
v -1.04337 1.69399 -1.52378
v -1.45632 1.90709 -1.3322
v -2.67214 4.15579 -0.489831
v -1.724 4.1916 -1.39695
v -1.70247 4.1578 -1.29001
v -1.59391 1.98893 -1.27662
v -1.69608 2.00479 -1.42817
v -1.6225 2.07757 -1.08011
v -1.85835 3.00911 -1.46082
v -1.86145 3.13022 -1.45498
v -2.67328 3.94319 -1.19093
v -2.06235 2.2366 -1.45439
v -2.95061 3.75189 -1.18633
v -2.82595 3.88221 -0.793008
v -2.83265 3.87541 -0.68592
v -2.69354 3.9924 -0.763727
v -2.59599 3.96176 -0.702946
v -1.20377 1.94524 -0.736588
v -1.2842 1.93954 -0.905344
v -2.5346 3.92902 -0.673966
v -2.4519 3.88904 -0.624466
v -2.83045 4.11323 -0.161838
v -1.31274 1.9823 -0.803685
v -1.81688 2.05911 -1.47242
v -2.43057 4.192 -0.525536
v -2.14908 3.34319 0.14717
v -1.60674 2.13504 -2.3591
v -2.91384 3.81263 -0.711922
v -2.67561 3.83719 -0.245755
v -2.25505 2.81086 -0.000590145
v -2.96676 3.42896 -0.318152
v -0.551908 3.11715 -1.74129
v -2.51003 2.64167 -0.11952
v -2.30634 2.5338 -0.0429894
v -0.440052 2.64929 -2.03692
v -1.94676 3.49989 -1.89634
v -1.67226 4.11044 -1.23084
v -2.89467 3.83214 -1.04394
v -2.96094 3.74482 -1.07119
v -1.39626 3.108 -2.46256
v -1.16174 1.73262 -1.57134
v -2.90935 3.81856 -0.821097
v -2.75454 4.12327 -0.463215
v -2.38234 3.9918 -1.09249
v -2.55717 4.22748 -1.48631
v -1.47981 4.16874 -1.06388
v -1.86123 4.83945 -0.705654
v -1.3281 1.76346 -2.01116
v -1.61748 4.09686 -0.839115
v -0.345735 2.00847 -1.22288
v -1.8441 3.89518 -1.95094
v -2.68896 3.93372 -1.07951
v -1.69134 3.28778 -1.18289
v -1.86818 4.10168 -1.49685
v -2.01355 4.11364 -1.56307
v -2.00483 4.8629 -0.498324
v -1.66496 2.2263 -0.817773
v -2.22333 4.94065 -0.662483
v -0.985526 2.78893 -0.227915
v -1.83 3.68309 -1.68212
v -1.79069 3.61212 -1.68754
v -2.24373 4.49019 -0.435508
v -2.62683 2.69558 -0.114766
v -1.98969 4.09262 -1.47302
v -1.36081 2.78509 -2.5533
v -2.61449 3.93585 -0.82107
v -2.00633 3.07544 0.328076
v -2.5276 4.17406 -0.303884
v -1.68828 2.23347 -2.38511
v -2.30852 4.71465 -0.361365
v -0.78442 3.35281 -1.83539
v -1.48089 3.47697 -1.29952
v -2.16169 4.33911 -1.32823
v -2.42017 3.89121 -0.715082
v -0.304222 2.15605 -1.82521
v -1.24452 3.88144 -1.55498
v -1.73118 3.21407 0.354582
v -2.02797 5.19444 -0.447286
v -1.1191 2.98023 -2.5288
v -0.45672 3.26419 -1.59826
v -0.487774 1.66835 -1.75755
v -2.45691 4.07268 -0.269667
v -2.61941 4.13546 -0.845583
v -2.516 4.0647 -0.168524
v -2.90301 3.82533 -0.931818
v -2.00238 3.91803 0.103554
v -2.46367 3.80363 0.131061
v -1.27282 4.16092 -1.5486
v -1.46446 1.8401 -1.93866
v -1.53441 3.42575 -2.19601
v -1.6437 3.41479 -2.16742
v -2.08511 2.43378 -0.561294
v -2.99899 3.43193 -0.431627
v -2.70012 3.00645 -1.75296
v -1.85769 2.29824 -1.01031
v -1.5283 3.49594 -1.28857
v -2.22067 4.79474 -0.389108
v -1.9572 2.20987 -1.318
v -1.78003 3.37786 -1.60855
v -1.89351 4.32736 -1.39212
v -3.00781 3.35651 -0.435933
v -1.81191 3.05691 -1.51296
v -1.50564 2.17741 -0.604555
v -2.72132 2.7257 -0.375102
v -2.70297 3.92578 -0.970436
v -2.95035 3.40487 -1.58549
v -1.84846 2.19422 -1.18137
v -2.25503 5.00737 -0.305239
v -2.53339 3.96448 -0.54898
v -1.78174 2.39236 -0.538181
v -2.14152 5.04872 -0.430143
v -1.31894 3.20792 -2.41239
v -1.6483 3.7189 -1.54762
v -2.32611 2.66671 -1.41759
v -0.9617 2.59745 -0.234559
v -1.32923 4.08968 -0.975048
v -2.12296 4.16771 -0.437076
v -2.77261 2.86158 -0.625431
v -0.2957 2.44751 -1.69106
v -1.96445 2.37026 -1.05991
v -0.88546 3.7045 -0.695164
v -1.65997 3.82523 -0.612491
v -2.38752 2.82732 -0.0239664
v -2.02654 2.41463 -0.525251
v -1.46813 3.55337 -1.19196
v -1.49802 3.51346 -1.25104
v -1.78016 3.05948 -1.40983
v -1.81815 3.05488 -1.32469
v -1.41327 3.48558 -1.0717
v -1.57175 3.29013 -1.10866
v -1.41031 3.48571 -1.07101
v -1.40993 3.48442 -1.09145
v -1.42738 3.53377 -1.1114
v -1.83366 3.86713 -1.72352
v -2.24347 3.79935 -0.798179
v -2.11524 4.0897 0.14262
v -1.70007 4.12044 -1.60592
v -2.55472 4.16101 -0.220096
v -1.78297 4.1712 -1.62435
v -2.53296 4.30365 -0.24762
v -1.4121 3.51732 -1.09019
v -1.81341 3.74863 -1.72819
v -2.57776 4.21819 -0.269387
v -2.57032 4.2893 -0.26689
v -2.33001 4.10828 -0.399114
v -1.93249 4.74479 -0.543281
v -1.90996 4.09344 -1.0732
v -1.77456 3.78669 -1.73044
v -1.92151 3.87632 -1.0361
v -2.34121 4.8951 -0.991038
v -2.59641 4.57299 -0.830057
v -1.79376 3.84606 -1.92112
v -2.61295 3.76293 -2.08298
v -1.7481 3.78896 -1.52352
v -1.54464 3.50321 -1.26038
v -0.992948 2.64708 -0.504721
v -2.02431 2.39604 -0.360899
v -1.74969 4.22041 -1.65703
v -2.14603 3.86029 -0.638163
v -1.83146 3.07394 -1.39279
v -1.81688 5.0771 -0.385947
v -2.43907 4.99586 -1.16785
v -1.75007 5.03067 -0.439395
v -1.79528 4.76953 -0.130265
v -2.23821 4.36521 -0.989256
v -2.0667 4.2617 -1.81857
v -2.45357 4.4161 -0.092023
v -1.81211 4.24099 -0.340907
v -2.35757 4.17116 0.0491093
v -1.89718 4.18034 -1.72636
v -1.67848 4.02076 -0.592146
v -1.42203 3.87348 -0.976347
v -1.217 4.00623 -1.59826
v -2.33076 3.85965 -1.88825
v -2.70949 3.51724 -0.174975
v -2.69005 3.55331 -0.0368501
v -2.04598 3.22246 -0.605021
v -2.7362 3.1885 -0.139389
v -1.16575 3.18233 -0.967403
v -1.24465 2.95716 -0.413822
v -0.736928 2.62044 -1.14165
v -0.791207 2.48437 -0.96802
v -2.3392 4.06487 -0.432756
v -2.07707 4.10517 -0.979743
v -1.90698 5.00552 -0.511714
v -2.47967 4.05576 -0.1184
v -1.78113 3.77034 -1.65051
v -1.52763 3.55466 -1.28428
v -1.69234 4.85836 -0.76493
v -2.26382 4.32002 -1.89947
v -1.83333 4.27825 -1.6526
v -1.5281 3.95216 -0.862347
v -2.57272 3.67882 -1.9836
v -0.861724 2.66508 -0.499849
v -0.819682 2.63524 -1.03949
v -2.36978 4.05964 -0.375026
v -1.63591 3.7115 -1.52506
v -2.3696 4.13507 -0.37547
v -1.96384 4.09475 -1.06163
v -1.85185 4.84636 -0.623086
v -2.47702 4.19214 -0.124038
v -1.65039 3.76291 -1.10031
v -0.753717 2.50354 -1.06735
v -2.47897 4.15622 -0.26215
v -1.88152 4.81868 -0.591741
v -1.97373 4.07043 -1.1214
v -2.31453 4.05861 -0.426245
v -1.75794 3.77435 -1.27883
v -0.718572 2.5243 -1.19695
v -2.46705 4.21167 -0.347806
v -1.99966 4.06144 -1.03539
v -2.28995 3.98731 -0.453195
v -2.42608 4.04901 -0.36481
v -2.37392 4.04049 -0.359083
f 4 2 1 5
f 3 1 2 3451
f 8 3451 2 13
f 2 4 16 13
f 7 3474 3 3451
f 3 3136 3133 1
f 17 16 4 3398
f 5 1 3133 3201
f 5 3201 3202 3203
f 5 3203 3398 4
f 6 8 9 18
f 8 6 7 3451
f 30 19 7 6
f 15 9 8 13
f 9 15 4336 27
f 10 11 12 3216
f 3204 3135 10 3209
f 4331 3209 10 3216
f 11 10 3135 3134
f 3150 3198 12 11
f 14 15 13 16
f 15 14 25 4336
f 3399 14 16 17
f 18 9 27 4526
f 18 31 30 6
f 19 21 3474 7
f 19 30 4509 20
f 21 19 20 3486
f 47 3486 20 4573
f 3473 3474 21 3487
f 21 3486 3485 3487
f 23 24 22 3401
f 28 24 23 33
f 23 3401 3400 3420
f 3433 33 23 3420
f 25 22 24 4336
f 24 28 27 4336
f 26 22 25 4334
f 25 14 3399 4334
f 3401 22 26 3402
f 27 28 29 4526
f 29 28 33 34
f 29 34 43 45
f 30 31 32 4509
f 31 4566 4522 32
f 4526 4566 31 18
f 36 4509 32 37
f 42 37 32 4522
f 34 33 3433 4506
f 36 37 35 4614
f 65 64 35 60
f 74 4614 35 64
f 60 35 37 42
f 38 39 40 41
f 38 41 46 57
f 38 51 50 39
f 39 50 4334 3399
f 3379 41 40 4606
f 3398 4606 40 17
f 40 39 3399 17
f 44 54 42 4522
f 44 45 43 61
f 4495 61 43 4525
f 43 34 4506 4525
f 4522 4566 45 44
f 4526 29 45 4566
f 3379 3380 46 41
f 58 48 47 4573
f 49 47 48 52
f 48 59 78 52
f 49 3485 3486 47
f 3381 3383 50 51
f 57 62 51 38
f 3373 3381 51 62
f 53 49 52 63
f 3485 49 53 3502
f 3501 3502 53 4348
f 54 56 60 42
f 61 55 54 44
f 56 54 55 66
f 4340 66 55 4527
f 57 46 72 76
f 57 76 87 62
f 59 48 58 73
f 58 4614 74 73
f 60 56 67 65
f 61 4495 4527 55
f 62 87 88 3373
f 78 79 63 52
f 4348 53 63 80
f 65 4479 4480 64
f 67 56 66 3454
f 3452 3453 67 3454
f 67 3453 4479 65
f 69 70 68 71
f 68 70 4495 4525
f 69 96 95 3441
f 3441 3440 70 69
f 71 4544 96 69
f 71 68 3428 3431
f 3430 4544 71 3431
f 72 4330 125 76
f 72 3375 3376 4330
f 72 46 3380 3375
f 73 75 77 59
f 75 73 74 84
f 74 64 4480 84
f 93 87 76 125
f 78 59 77 4344
f 77 75 3472 3488
f 80 63 79 3519
f 4344 4343 79 78
f 3513 4348 80 4349
f 80 3519 3518 4349
f 83 81 82 3226
f 82 114 113 3226
f 3228 89 82 81
f 86 85 83 92
f 83 85 3378 81
f 84 101 3472 75
f 4515 101 84 4480
f 3230 3229 85 86
f 3375 3230 86 3376
f 87 93 128 88
f 89 91 114 82
f 91 89 90 107
f 90 89 3228 3217
f 91 107 108 111
f 91 111 112 114
f 3219 3224 92 3225
f 3226 3225 92 83
f 92 3224 3376 86
f 93 125 124 127
f 94 95 96 97
f 94 97 3435 117
f 94 118 4533 95
f 95 4533 3439 3441
f 97 4548 3436 3435
f 97 96 4544 4548
f 98 116 115 99
f 100 98 99 110
f 99 115 160 109
f 122 106 100 110
f 167 98 100 126
f 102 103 101 4515
f 3181 3180 102 4515
f 103 102 3184 3471
f 3470 3469 103 3471
f 3472 101 103 3469
f 122 159 104 106
f 131 105 104 162
f 106 104 105 145
f 126 100 106 145
f 3531 3532 107 90
f 3532 3568 108 107
f 108 3568 3566 3569
f 110 99 109 164
f 109 160 161 206
f 158 122 110 164
f 3223 112 111 3634
f 111 108 3569 3634
f 4313 3221 112 3223
f 113 3220 3225 3226
f 114 112 3221 113
f 115 141 119 160
f 141 115 116 191
f 116 98 167 190
f 118 94 117 123
f 117 3437 4582 123
f 138 4533 118 136
f 119 120 121 172
f 119 141 148 120
f 150 3937 121 120
f 121 3937 188 186
f 136 118 123 139
f 123 4582 184 139
f 124 177 178 127
f 204 177 124 4600
f 4600 124 125 4330
f 126 145 146 147
f 128 93 127 3654
f 3346 88 128 3327
f 130 131 129 134
f 129 132 133 134
f 129 131 162 218
f 135 105 131 130
f 132 129 218 3933
f 3934 140 132 3933
f 133 132 140 149
f 189 130 134 192
f 134 133 193 192
f 145 105 135 146
f 189 151 135 130
f 138 136 137 4632
f 137 136 139 4620
f 137 3448 4337 4632
f 137 4620 4645 3448
f 3442 3445 138 4632
f 140 165 166 149
f 227 148 141 191
f 142 143 144 3932
f 208 3935 142 3932
f 143 142 152 214
f 143 213 175 144
f 146 135 151 235
f 229 147 146 235
f 167 126 147 222
f 4617 222 147 229
f 150 120 148 174
f 243 174 148 227
f 193 133 149 223
f 150 154 153 3937
f 251 238 151 189
f 152 153 154 214
f 3935 231 152 142
f 3936 153 152 231
f 154 150 174 267
f 212 214 154 267
f 3347 156 155 3351
f 3350 3351 155 203
f 157 155 156 4328
f 3349 3348 156 3347
f 203 155 157 215
f 3329 3328 157 4328
f 159 122 158 236
f 158 164 220 261
f 288 236 158 261
f 159 163 162 104
f 159 236 237 163
f 160 119 172 161
f 161 172 173 233
f 270 206 161 233
f 162 163 181 218
f 164 109 206 220
f 185 166 165 176
f 209 176 165 246
f 3934 246 165 140
f 223 149 166 228
f 166 185 343 228
f 167 222 3929 190
f 169 170 168 171
f 168 226 211 171
f 194 170 169 180
f 169 171 210 179
f 170 194 221 168
f 186 173 172 121
f 173 186 187 200
f 176 144 175 185
f 3932 144 176 209
f 177 204 205 216
f 4644 178 177 216
f 291 290 178 4644
f 178 290 3654 127
f 180 169 179 202
f 201 202 179 210
f 180 255 256 194
f 181 163 237 277
f 296 219 181 277
f 182 183 184 4582
f 3197 250 182 3438
f 250 240 183 182
f 4335 184 183 239
f 184 4335 4620 139
f 281 343 185 175
f 187 186 188 242
f 195 196 187 242
f 187 196 234 200
f 191 116 190 4398
f 190 3929 420 4398
f 3928 227 191 4398
f 192 262 251 189
f 262 192 193 263
f 194 256 284 221
f 195 311 312 196
f 195 287 446 311
f 375 234 196 312
f 197 198 199 3197
f 217 198 197 3416
f 197 4628 3427 3416
f 199 198 225 244
f 233 173 200 286
f 285 286 200 234
f 201 211 282 294
f 255 180 202 297
f 202 201 294 297
f 3337 3339 203 215
f 203 3339 3352 3350
f 3218 205 204 3219
f 3606 3662 205 3218
f 207 257 355 208
f 209 207 208 3932
f 241 3935 208 355
f 209 246 245 207
f 210 171 211 201
f 211 226 305 282
f 214 212 213 143
f 269 283 213 212
f 281 175 213 283
f 215 157 3328 4329
f 3333 3337 215 4329
f 216 205 3662 391
f 217 224 225 198
f 218 181 219 3933
f 220 206 4682 404
f 226 168 221 340
f 353 340 4707 366
f 263 193 223 302
f 224 217 3418 332
f 260 244 225 280
f 225 224 289 280
f 302 223 228 345
f 231 232 230 3936
f 241 232 231 3935
f 287 230 232 424
f 232 241 327 424
f 233 286 328 270
f 373 285 234 375
f 235 151 238 308
f 235 308 320 229
f 288 301 237 236
f 237 301 363 277
f 239 183 240 342
f 271 4335 239 272
f 248 249 240 250
f 316 342 240 249
f 287 195 242 230
f 242 188 3936 230
f 243 268 267 174
f 3928 3931 243 227
f 248 199 244 4635
f 257 207 245 350
f 247 245 246 3934
f 296 304 247 219
f 350 245 247 304
f 247 3934 3933 219
f 3197 199 248 250
f 315 316 249 298
f 249 248 4635 298
f 309 238 251 330
f 252 253 254 4218
f 276 278 252 4220
f 4217 253 252 278
f 4219 4220 252 4218
f 356 254 253 412
f 4734 256 255 357
f 257 258 259 355
f 257 350 505 258
f 258 444 445 259
f 258 505 504 444
f 260 280 303 3855
f 4635 244 260 299
f 404 372 261 220
f 330 251 262 358
f 358 262 263 400
f 271 273 264 4645
f 3448 4645 264 266
f 266 264 265 336
f 273 354 265 264
f 3449 3447 266 336
f 267 268 269 212
f 360 269 268 3125
f 268 243 3931 3125
f 306 323 4682 307
f 4682 323 3864 405
f 4620 4335 271 4645
f 273 271 272 381
f 342 341 272 239
f 272 341 349 381
f 367 354 273 381
f 293 275 274 4221
f 4223 4221 274 4219
f 276 274 275 331
f 275 313 314 331
f 279 278 276 331
f 4219 274 276 4220
f 277 363 443 296
f 339 4217 278 279
f 314 326 279 331
f 282 402 396 294
f 283 269 360 378
f 283 378 379 281
f 284 256 305 4728
f 284 4728 401 435
f 284 435 463 4707
f 285 329 328 286
f 372 362 288 261
f 289 365 303 280
f 332 334 289 224
f 3324 3654 290 292
f 292 290 291 295
f 346 347 291 4644
f 3325 3324 292 3322
f 293 388 313 275
f 293 4221 4222 386
f 347 452 295 291
f 513 3321 295 452
f 295 3321 3322 292
f 397 304 296 443
f 357 255 297 382
f 396 382 297 294
f 299 300 298 4635
f 3855 324 299 260
f 300 322 315 298
f 300 299 324 321
f 301 288 362 4559
f 442 363 301 4559
f 400 263 302 411
f 302 345 414 411
f 303 3868 3864 3855
f 305 226 340 4728
f 4734 4706 402 282
f 324 323 306 321
f 306 307 4649 321
f 307 270 328 4649
f 309 310 308 238
f 308 310 4184 320
f 4192 310 309 4187
f 4437 4184 310 4192
f 311 446 447 408
f 374 375 312 4384
f 312 311 408 4384
f 429 314 313 427
f 433 427 313 388
f 364 326 314 429
f 315 322 329 352
f 351 316 315 352
f 341 342 316 351
f 317 319 398 4222
f 4221 4223 317 4222
f 319 317 318 325
f 318 370 409 325
f 318 317 4223 4224
f 399 398 319 470
f 466 470 319 325
f 320 4183 4617 229
f 322 300 321 4649
f 328 329 322 4649
f 3864 323 324 3855
f 325 409 410 466
f 339 279 326 361
f 327 241 355 259
f 327 259 445 425
f 329 285 373 352
f 4187 309 330 4189
f 4188 4189 330 358
f 334 332 333 335
f 3397 359 333 3394
f 333 332 3418 3394
f 365 289 334 416
f 415 416 334 335
f 335 333 359 371
f 336 265 337 338
f 336 338 3450 3449
f 337 265 354 384
f 385 338 337 3679
f 337 384 507 3679
f 348 349 341 351
f 343 344 345 228
f 379 344 343 281
f 345 344 432 414
f 395 347 346 390
f 347 395 451 452
f 348 351 352 373
f 349 380 367 381
f 349 348 374 380
f 397 505 350 304
f 354 367 383 384
f 368 254 356 439
f 4706 4734 357 436
f 357 382 438 436
f 3360 377 359 3397
f 460 378 360 3124
f 364 423 361 326
f 406 339 361 462
f 362 455 456 4559
f 364 429 428 493
f 365 3867 3868 303
f 365 416 3869 3867
f 366 440 441 353
f 463 440 366 4707
f 367 380 419 383
f 369 370 368 439
f 4218 254 368 4224
f 369 468 409 370
f 454 453 369 439
f 498 468 369 453
f 4224 368 370 318
f 377 376 371 359
f 415 335 371 450
f 372 448 455 362
f 374 348 373 375
f 419 380 374 4384
f 392 458 376 377
f 450 371 376 461
f 377 3360 393 392
f 378 460 434 379
f 379 434 432 344
f 382 396 467 438
f 383 419 485 3676
f 507 384 383 3677
f 3450 338 385 4639
f 3461 4639 385 4376
f 3680 4376 385 3679
f 386 387 388 293
f 386 4222 398 4225
f 407 387 386 4225
f 433 388 387 540
f 389 3605 4560 431
f 391 389 390 346
f 390 389 431 473
f 390 473 474 395
f 391 3662 3605 389
f 391 346 4644 216
f 394 392 393 4640
f 393 3359 3358 4640
f 393 3360 3361 3359
f 394 459 458 392
f 592 459 394 4584
f 3161 4584 394 4640
f 395 474 4361 451
f 504 505 397 4588
f 515 4225 398 399
f 400 4558 4188 358
f 401 353 441 486
f 491 4720 4706 436
f 467 396 402 484
f 486 484 402 401
f 449 448 403 3865
f 405 403 404 4682
f 448 372 404 403
f 3865 403 405 3866
f 437 417 406 457
f 491 457 406 4720
f 406 417 4217 339
f 515 537 407 4225
f 540 387 407 537
f 408 447 517 485
f 409 468 469 410
f 410 469 496 465
f 411 476 4558 400
f 413 356 412 418
f 4217 417 412 253
f 439 356 413 454
f 413 524 522 454
f 523 524 413 418
f 476 411 414 499
f 3869 416 415 4389
f 418 412 417 437
f 418 437 509 523
f 421 422 420 3929
f 421 4617 4183 4176
f 422 4173 3930 420
f 422 4174 4175 4173
f 422 421 4176 4174
f 462 361 423 464
f 423 364 475 483
f 425 426 424 327
f 424 426 446 287
f 425 445 506 3852
f 3852 549 426 425
f 428 429 427 430
f 472 430 4681 503
f 4681 577 481 4719
f 428 430 472 477
f 499 414 432 4629
f 432 434 510 4629
f 577 4681 433 541
f 462 463 4720 406
f 502 491 436 518
f 438 467 508 535
f 438 535 518 436
f 440 464 487 495
f 538 441 440 495
f 529 486 441 538
f 443 363 442 531
f 4588 397 443 531
f 605 3853 444 504
f 3853 506 445 444
f 446 426 549 447
f 455 448 449 4388
f 449 3871 3863 4388
f 450 525 4389 415
f 451 512 513 452
f 3312 512 451 4361
f 522 521 453 454
f 582 456 455 4388
f 584 3856 456 582
f 457 491 502 511
f 457 511 509 437
f 461 376 458 492
f 492 458 459 534
f 460 4170 510 434
f 460 3124 4153 4170
f 461 526 525 450
f 464 440 463 462
f 483 487 464 423
f 466 410 465 500
f 471 470 466 500
f 556 469 468 498
f 470 471 482 399
f 471 500 519 530
f 473 527 528 474
f 3661 527 473 431
f 493 494 475 364
f 503 4681 4719 494
f 571 572 4719 481
f 476 542 543 4558
f 476 499 544 542
f 493 428 477 494
f 477 472 503 494
f 479 480 478 490
f 488 490 478 3330
f 4329 3328 478 480
f 3300 520 479 3315
f 480 479 520 552
f 3333 4329 480 552
f 515 399 482 516
f 482 471 530 548
f 572 585 483 475
f 599 487 483 585
f 484 539 508 467
f 4384 408 485 419
f 486 529 539 484
f 487 599 631 495
f 489 490 488 497
f 513 497 488 3321
f 3313 3314 489 497
f 3316 3315 489 3314
f 3315 479 490 489
f 526 461 492 574
f 573 574 492 534
f 496 614 501 465
f 556 656 496 469
f 496 656 657 614
f 498 453 521 4226
f 498 4226 734 556
f 500 465 501 519
f 561 511 502 575
f 502 518 598 575
f 506 3853 701 703
f 506 703 4643 3852
f 3680 3679 507 4369
f 628 627 508 539
f 593 523 509 557
f 510 690 689 4629
f 4168 690 510 4170
f 557 509 511 561
f 512 3312 3309 3313
f 3313 497 513 512
f 515 516 514 537
f 514 516 560 684
f 597 536 514 684
f 548 560 516 482
f 549 550 517 447
f 517 609 3676 485
f 595 530 519 629
f 519 501 635 629
f 520 3300 3298 551
f 521 693 694 4226
f 4440 693 521 522
f 660 4440 522 524
f 660 524 523 593
f 525 526 669 3822
f 525 3822 3875 4389
f 526 574 643 669
f 558 559 527 3661
f 559 615 528 527
f 528 673 4361 474
f 596 548 530 595
f 531 532 533 4588
f 3856 532 531 442
f 584 3858 532 3856
f 532 3858 622 533
f 604 605 533 622
f 592 591 534 459
f 535 662 598 518
f 535 508 627 662
f 537 514 536 540
f 536 597 603 541
f 538 495 631 664
f 641 529 538 664
f 539 529 641 628
f 540 536 541 433
f 576 577 541 603
f 542 4197 4161 543
f 543 4194 4188 4558
f 543 4161 4648 4194
f 4167 4200 544 689
f 4197 542 544 4200
f 4629 689 544 499
f 545 547 4358 3629
f 547 545 546 3614
f 3622 3610 546 3624
f 546 545 3627 3624
f 547 3614 3595 3596
f 607 560 548 596
f 550 608 609 517
f 3852 4643 550 549
f 552 520 551 594
f 581 594 551 619
f 551 3298 3318 619
f 554 555 553 567
f 553 589 565 567
f 554 578 596 595
f 606 555 554 595
f 589 553 555 600
f 556 734 709 656
f 659 593 557 646
f 638 640 558 3597
f 558 3661 3602 3597
f 640 4497 559 558
f 559 4497 4498 615
f 561 645 646 557
f 563 564 562 3784
f 3193 3192 562 564
f 569 564 563 587
f 563 3784 3790 3791
f 3792 587 563 3791
f 3464 3193 564 569
f 567 565 566 601
f 588 637 566 565
f 566 625 602 601
f 578 554 567 601
f 570 568 569 587
f 569 568 3465 3464
f 570 624 623 568
f 570 900 707 624
f 3792 900 570 587
f 577 576 571 481
f 626 725 571 576
f 571 725 674 572
f 572 674 675 585
f 573 534 591 705
f 573 644 643 574
f 645 561 575 738
f 663 738 575 598
f 576 603 4705 626
f 578 601 602 610
f 581 579 580 3334
f 650 3156 580 579
f 3158 3336 580 3156
f 618 579 581 619
f 581 3334 3331 594
f 583 584 582 586
f 583 586 686 685
f 583 4386 3858 584
f 676 599 585 675
f 4388 3863 586 582
f 589 590 588 565
f 588 590 661 680
f 677 637 588 680
f 590 589 600 661
f 613 634 591 592
f 594 3331 3333 552
f 635 606 595 629
f 610 607 596 578
f 600 555 606 630
f 602 625 658 617
f 702 701 604 761
f 3853 605 604 701
f 604 622 3857 761
f 605 504 4588 533
f 711 630 606 635
f 607 636 684 560
f 608 3673 3674 4368
f 608 4368 3693 609
f 608 550 4643 3673
f 609 3693 3678 3676
f 617 616 610 602
f 610 616 636 607
f 611 612 613 4321
f 3157 665 611 3323
f 611 4321 3160 3323
f 634 613 612 713
f 612 611 665 736
f 714 713 612 736
f 613 592 4584 4321
f 635 501 614 708
f 614 657 678 708
f 673 528 615 671
f 615 4498 4557 671
f 667 636 616 668
f 617 695 668 616
f 618 679 650 579
f 618 3317 3166 679
f 619 3318 3317 618
f 620 621 4078 4534
f 621 620 642 666
f 4078 621 666 771
f 4386 3857 622 3858
f 633 3497 623 624
f 623 3494 3465 568
f 623 3497 3495 3494
f 632 633 624 707
f 637 706 625 566
f 700 658 625 706
f 626 4705 692 699
f 731 688 627 628
f 654 719 630 711
f 661 600 630 719
f 676 808 631 599
f 733 664 631 808
f 766 3510 632 1123
f 632 707 1071 1123
f 633 3509 3505 3497
f 3510 3509 633 632
f 634 3824 705 591
f 712 711 635 708
f 640 638 639 3660
f 3596 3595 639 638
f 731 628 641 740
f 666 642 4653 771
f 642 620 4534 4685
f 670 669 643 3836
f 644 573 705 3894
f 644 3837 3836 643
f 710 646 645 718
f 645 738 739 718
f 646 710 4228 659
f 647 3851 3821 648
f 3873 3851 647 4390
f 647 649 4391 4390
f 649 647 648 670
f 648 3822 669 670
f 649 4383 4602 4391
f 650 651 652 3156
f 651 650 679 3238
f 665 3157 652 3319
f 3320 3319 652 651
f 4185 654 653 4191
f 653 655 4186 4437
f 653 4437 4192 4191
f 655 653 654 722
f 720 719 654 4185
f 655 722 723 727
f 4181 4186 655 727
f 657 656 709 721
f 746 678 657 721
f 658 756 695 617
f 660 593 659 681
f 4227 681 659 4228
f 660 681 682 4440
f 661 719 720 680
f 663 598 662 683
f 662 627 688 683
f 758 757 663 683
f 664 733 740 641
f 737 736 665 3319
f 684 636 667 597
f 692 4705 667 831
f 668 695 775 825
f 831 667 668 825
f 670 3836 4383 649
f 754 672 671 4557
f 673 671 672 3311
f 755 675 674 724
f 676 675 755 787
f 706 637 677 779
f 720 698 677 680
f 712 708 678 793
f 678 746 822 793
f 750 682 681 4227
f 682 752 693 4440
f 682 750 804 752
f 683 688 773 758
f 685 686 687 745
f 3881 4387 685 745
f 685 4387 4386 583
f 3863 3862 686 586
f 686 3862 3873 687
f 744 745 687 4592
f 783 773 688 731
f 689 690 691 4167
f 690 4168 4169 691
f 691 4169 792 4436
f 772 699 692 780
f 752 753 694 693
f 697 698 696 743
f 696 698 720 4196
f 742 741 696 4196
f 779 677 698 697
f 725 626 699 726
f 756 658 700 760
f 703 701 702 704
f 702 761 762 763
f 3675 704 702 763
f 704 3673 4643 703
f 705 3824 3823 3894
f 788 700 706 779
f 902 1071 707 900
f 774 721 709 735
f 710 4704 4227 4228
f 722 654 711 712
f 713 3840 3824 634
f 713 714 3839 3840
f 714 736 737 3838
f 716 717 715 3740
f 3680 4369 715 717
f 716 3739 3741 717
f 4704 710 718 768
f 4193 4196 720 4185
f 722 712 793 723
f 4702 767 723 793
f 725 726 724 674
f 726 699 772 794
f 798 724 726 794
f 728 4181 727 729
f 767 729 727 723
f 730 728 729 759
f 769 770 730 759
f 730 4178 4179 728
f 731 740 801 783
f 1401 1402 732 1422
f 4722 1445 1446 1422
f 966 4621 4651 4650
f 735 709 734 751
f 737 3319 3320 1101
f 757 739 738 663
f 768 718 739 882
f 811 882 739 757
f 810 801 740 733
f 743 696 741 795
f 741 4160 812 795
f 741 742 4163 4160
f 807 697 743 797
f 744 3876 3877 3880
f 744 3880 3881 745
f 744 4592 3893 3876
f 774 828 746 721
f 748 749 747 3694
f 803 802 747 749
f 747 802 3704 3740
f 749 748 3690 3701
f 749 3701 3703 803
f 751 694 753 953
f 751 953 833 735
f 4226 694 751 734
f 753 752 804 954
f 754 4557 817 3655
f 3307 672 754 4605
f 755 724 798 842
f 830 787 755 842
f 775 695 756 806
f 811 757 758 823
f 759 729 767 815
f 760 700 788 847
f 806 756 760 936
f 4703 3860 911 868
f 4703 868 3663 3671
f 3857 3859 762 761
f 763 4703 3671 3684
f 3683 3675 763 3684
f 764 765 766 1125
f 922 3195 764 1315
f 3553 765 764 3195
f 765 3528 3510 766
f 765 3553 3551 3528
f 931 4704 768 883
f 769 759 815 838
f 844 782 769 838
f 782 781 770 769
f 4159 4158 770 781
f 4178 730 770 4158
f 772 780 826 839
f 823 758 773 829
f 827 828 774 841
f 774 735 833 841
f 824 825 775 867
f 775 806 885 867
f 777 778 776 4436
f 777 4436 792 805
f 777 892 857 778
f 778 814 813 776
f 779 697 807 788
f 831 832 780 692
f 781 790 4177 4159
f 790 781 782 791
f 4450 837 789 4472
f 783 843 829 773
f 783 801 848 843
f 785 786 784 799
f 784 786 850 4062
f 863 834 785 800
f 786 785 834 889
f 851 850 786 889
f 787 809 808 676
f 788 807 849 847
f 789 837 4070 4507
f 789 4507 4508 4472
f 792 790 791 805
f 791 782 844 4199
f 4177 790 792 4169
f 839 854 794 772
f 794 854 858 798
f 795 796 797 743
f 796 795 812 866
f 992 840 796 866
f 797 796 840 4551
f 849 807 797 4551
f 800 785 799 4049
f 4059 4050 799 784
f 819 821 800 4049
f 803 3713 3712 802
f 804 750 931 947
f 805 4165 892 777
f 805 791 4199 4165
f 810 733 808 809
f 809 787 830 874
f 810 886 848 801
f 810 809 874 886
f 4166 4198 813 814
f 4167 776 813 4200
f 857 856 814 778
f 4702 908 815 767
f 815 908 909 838
f 873 872 816 4596
f 903 4596 816 818
f 818 816 817 4483
f 817 816 872 3655
f 4498 4483 817 4557
f 818 4482 879 903
f 820 821 819 4055
f 871 821 820 897
f 1076 932 820 4055
f 863 800 821 871
f 828 855 822 746
f 822 855 929 1047
f 950 908 4702 1047
f 870 811 823 877
f 824 832 831 825
f 824 867 939 888
f 826 780 832 917
f 904 839 826 926
f 918 855 828 827
f 829 905 877 823
f 832 824 888 917
f 895 841 833 896
f 845 836 835 3663
f 3672 835 836 3682
f 837 4066 4044 4067
f 838 909 4152 844
f 942 854 839 904
f 1056 4551 840 4206
f 4205 4206 840 992
f 925 827 841 895
f 858 884 842 798
f 928 830 842 884
f 905 829 843 938
f 977 4199 844 4152
f 846 836 845 865
f 868 869 845 3663
f 845 869 876 865
f 846 865 916 927
f 846 3681 3682 836
f 936 760 847 969
f 847 849 968 969
f 938 843 848 4230
f 848 886 1084 4230
f 1056 968 849 4551
f 852 850 851 878
f 851 889 890 891
f 973 878 851 891
f 3127 3128 852 878
f 4062 850 852 4053
f 1402 4519 853 732
f 894 4210 856 857
f 856 4210 921 920
f 4166 814 856 920
f 857 892 893 894
f 858 854 942 972
f 860 861 859 3939
f 859 3947 3948 3939
f 861 934 864 4578
f 935 934 861 860
f 861 4578 3947 859
f 862 834 863 4042
f 889 834 862 890
f 952 951 862 4042
f 1158 4042 863 871
f 864 4464 4477 4578
f 4680 967 966 4713
f 1149 4464 4680 4713
f 967 4680 1157 4597
f 4651 1157 4680 1175
f 865 876 907 916
f 919 941 866 812
f 1032 939 867 885
f 875 876 869 910
f 869 868 911 910
f 882 811 870 887
f 870 962 971 887
f 871 897 1014 1158
f 873 1036 1038 4362
f 873 4362 3656 872
f 874 830 928 1034
f 1084 886 874 1034
f 912 1041 875 910
f 906 907 876 875
f 877 961 962 870
f 1017 961 877 905
f 878 973 4471 3127
f 880 881 879 3598
f 903 879 881 958
f 881 880 964 959
f 883 768 882 887
f 989 931 883 975
f 884 858 972 1027
f 885 806 936 943
f 885 943 1018 1032
f 975 883 887 971
f 890 862 951 982
f 891 890 982 1075
f 892 4165 979 893
f 893 979 983 997
f 996 894 893 997
f 894 996 4209 4210
f 895 4213 1016 925
f 895 896 1192 4213
f 896 833 953 955
f 932 933 897 820
f 1015 1014 897 933
f 899 4654 898 4657
f 4656 898 4654 956
f 901 902 900 3792
f 1005 902 901 987
f 901 3792 3791 984
f 1070 1071 902 1005
f 1007 4596 903 958
f 904 926 1026 1043
f 1061 942 904 1063
f 904 1043 1062 1063
f 914 930 906 1055
f 906 1133 1093 1055
f 1132 1133 906 875
f 907 906 930 3810
f 991 909 908 950
f 912 910 911 3834
f 1042 1041 912 3834
f 930 914 913 940
f 913 915 981 1004
f 915 913 914 945
f 1054 945 914 1055
f 916 907 3810 974
f 917 946 926 826
f 1021 946 917 888
f 918 827 925 957
f 929 855 918 1002
f 919 920 921 941
f 919 812 4160 4164
f 919 4164 4166 920
f 1013 941 921 4207
f 923 924 922 1411
f 949 924 923 1078
f 1079 1078 923 1106
f 3195 922 924 3196
f 1003 957 925 1016
f 926 946 1022 1026
f 927 916 974 976
f 999 3705 927 976
f 3681 846 927 3705
f 928 884 1027 1033
f 929 1002 1040 1047
f 930 940 1009 3810
f 932 944 948 933
f 933 948 1044 1015
f 935 860 3938 3952
f 3951 937 935 3952
f 4655 934 935 937
f 937 3951 1247 956
f 1017 905 938 1020
f 1045 1020 938 4230
f 1021 888 939 1039
f 1004 1008 940 913
f 992 866 941 1013
f 969 980 943 936
f 943 980 1087 1018
f 944 915 945 948
f 981 915 944 990
f 944 932 1076 990
f 954 804 947 4438
f 947 931 989 1011
f 1310 4438 947 1110
f 948 945 4700 1044
f 949 3559 3196 924
f 4353 3559 949 4616
f 1040 1059 950 1047
f 1085 991 950 1059
f 1509 982 951 1182
f 952 4042 1158 1159
f 1182 951 952 1326
f 954 955 953 753
f 1192 896 955 1193
f 4438 1193 955 954
f 956 1247 1249 4658
f 1002 918 957 1052
f 1199 1052 957 1003
f 959 960 958 881
f 959 1030 1031 960
f 960 1006 1007 958
f 962 961 1035 1051
f 1136 1030 963 4360
f 4355 4360 963 965
f 965 963 964 4314
f 964 963 1030 959
f 964 880 3591 4314
f 3617 3648 965 4314
f 4597 4621 966 967
f 1057 980 969 968
f 970 1402 1364 1738
f 1444 1443 4679 1482
f 1445 4722 970 3144
f 4679 1443 1457 3144
f 1588 1482 4679 1807
f 970 4722 4519 1402
f 971 962 1051 1095
f 971 1095 1068 975
f 1061 1072 972 942
f 1126 1027 972 1072
f 973 891 1075 1091
f 973 1091 1092 4471
f 3811 998 976 974
f 1019 978 977 4152
f 979 977 978 983
f 978 1253 1109 983
f 978 1019 4151 1253
f 4199 977 979 4165
f 1164 1087 980 1057
f 1097 1088 981 990
f 984 985 986 988
f 987 901 984 988
f 984 3791 3790 985
f 985 3790 3783 3785
f 986 1028 1029 1060
f 1067 988 986 1060
f 3785 1028 986 985
f 1104 987 988 1067
f 989 1113 1064 1011
f 989 975 1068 1113
f 990 1076 1077 1097
f 4152 909 991 1019
f 993 995 1024 4478
f 4477 4464 993 4478
f 995 993 994 1046
f 994 993 4464 1149
f 1114 1025 995 1046
f 4208 4209 996 1274
f 1109 1108 997 983
f 1274 996 997 1108
f 999 976 998 4556
f 1000 1001 998 3811
f 3706 3705 999 4626
f 1000 3811 1009 1073
f 1082 1001 1000 1074
f 1001 1090 4556 998
f 1168 1169 1003 1016
f 1004 981 1088 1093
f 1004 1093 1133 1008
f 1005 987 1104 1121
f 1144 1070 1005 1121
f 1006 960 1031 1181
f 1036 1007 1006 1037
f 1006 1181 1160 1037
f 1009 940 1008 1073
f 1062 1162 1010 1012
f 1010 1162 1320 1388
f 1010 1388 1389 1011
f 1012 1010 1011 1064
f 1110 947 1011 1389
f 1063 1062 1012 1065
f 4205 992 1013 4204
f 1150 1014 1015 1167
f 1184 1168 1016 4213
f 1035 961 1017 1081
f 1017 1020 1105 1081
f 1018 1087 1170 1191
f 1085 4151 1019 991
f 1020 1045 4237 1105
f 1022 946 1021 1120
f 1202 1120 1021 1039
f 1043 1026 1022 1122
f 3948 1024 1023 3941
f 1025 1023 1024 995
f 1024 3948 3947 4478
f 1138 1139 1025 1114
f 1025 1139 3944 1023
f 1028 3787 1129 1029
f 1028 3785 3786 3787
f 1029 1198 1173 1060
f 1135 1031 1030 1136
f 1039 939 1032 1094
f 1191 1094 1032 1018
f 1034 928 1033 1058
f 1033 1027 1126 1189
f 1115 1051 1035 4243
f 4596 1007 1036 873
f 1038 1036 1037 1143
f 1037 1160 1161 1143
f 1141 1142 1038 1143
f 1039 1094 1265 1202
f 1040 1002 1052 1200
f 1188 1059 1040 1200
f 1132 875 1041 1148
f 4701 1042 1178 1183
f 3854 1178 1042 3883
f 1162 1062 1043 1171
f 1043 1122 1245 1171
f 1167 1015 1044 1197
f 1045 4230 1084 1083
f 1046 994 1149 1155
f 1046 1155 1201 1114
f 1048 1163 1118 1117
f 1185 1163 1048 1050
f 1050 1048 1049 1053
f 1116 1053 1049 4044
f 1049 1048 1117 4041
f 1049 4041 4067 4044
f 1050 1069 1219 1185
f 1096 1095 1051 1115
f 1069 1050 1053 1080
f 4700 1220 1197 1044
f 1210 1211 1054 1140
f 1140 1054 1055 1093
f 1057 968 1056 1086
f 1056 4206 4202 1086
f 1058 1083 1084 1034
f 1058 1033 1189 1195
f 1061 1063 1065 1128
f 1227 1072 1061 1128
f 1065 1012 1064 1066
f 1113 1174 1066 1064
f 1128 1065 1066 1154
f 1271 1154 1066 1223
f 1067 1060 1173 1225
f 1067 1225 1226 1104
f 1174 1113 1068 1134
f 1069 1080 1121 1104
f 1070 1124 1123 1071
f 1277 1124 1070 1270
f 1255 1126 1072 1227
f 1074 1000 1073 1132
f 1133 1132 1073 1008
f 1074 1132 1148 1176
f 1074 1176 1177 1082
f 1509 4077 1075 982
f 1107 1077 1076 4055
f 1077 1107 1237 1238
f 1077 1238 1254 1097
f 1078 1079 1098 1099
f 4616 949 1078 1099
f 1263 1098 1079 1260
f 1079 1106 1354 1260
f 1080 1053 1116 1127
f 1144 1121 1080 1127
f 1081 1256 4243 1035
f 1082 1089 1090 1001
f 1172 1089 1082 1177
f 1195 1196 1083 1058
f 1083 1196 4237 1045
f 1188 1236 1085 1059
f 1085 1236 1264 4151
f 1164 1057 1086 4203
f 1088 1203 1140 1093
f 1089 1112 1111 1090
f 4074 1092 1091 4076
f 1091 1075 4077 4076
f 1250 1251 1092 4074
f 1092 1251 4470 4471
f 1094 1191 1440 1265
f 1134 1068 1095 1096
f 1097 1254 1203 1088
f 3149 1099 1098 1204
f 1099 3149 4615 4616
f 1100 1101 1102 1103
f 1145 3838 1100 1146
f 3838 737 1101 1100
f 3847 1102 1101 3320
f 3845 1337 1102 3847
f 1103 1299 1146 1100
f 1337 1338 1103 1102
f 1219 1069 1104 1226
f 1256 1081 1105 4236
f 1352 1353 1106 923
f 1273 1274 1108 1234
f 1109 1233 1234 1108
f 1309 1310 1110 1707
f 1608 1707 1110 1389
f 1111 3722 3724 4618
f 3725 3722 1111 1112
f 1111 4618 4556 1090
f 1112 1089 1172 1224
f 1112 1224 3735 3725
f 1222 1096 1115 1244
f 1117 1119 4068 4041
f 1119 1117 1118 1477
f 1118 1163 1300 1447
f 1723 1477 1118 1925
f 4072 4068 1119 1463
f 1122 1022 1120 1313
f 1120 1202 1376 1313
f 1123 1124 1125 766
f 1277 1314 1125 1124
f 1125 1314 1315 764
f 1127 1186 1187 1243
f 1242 1144 1127 1243
f 4064 1186 1127 1116
f 1334 1227 1128 1154
f 1198 1029 1129 1131
f 1129 3787 3780 1130
f 1131 1129 1130 3775
f 3774 3775 1130 4631
f 1318 1198 1131 1491
f 1131 3775 3776 1491
f 1217 1174 1134 1246
f 1134 1096 1222 1246
f 1135 1136 1137 1156
f 1135 1180 1181 1031
f 1257 1180 1135 1156
f 1136 4360 3649 1137
f 1137 1165 1166 1156
f 1138 1114 1201 1241
f 1138 1241 1240 1139
f 1339 1340 1140 1203
f 1141 3658 3279 1142
f 3278 3657 1142 3279
f 1142 3657 4362 1038
f 1143 1161 1235 1141
f 1144 1242 1270 1070
f 1147 1145 1146 1368
f 3839 1145 1147 3891
f 3922 3891 1147 3923
f 3924 3923 1147 1368
f 1148 4701 1179 1176
f 1149 4713 1190 1252
f 1149 1252 1306 1155
f 1150 1159 1158 1014
f 1307 1159 1150 1342
f 1150 1167 1341 1342
f 1151 1153 4063 4512
f 1153 1151 1152 1275
f 4561 1228 1152 1151
f 1155 4733 1312 1201
f 1156 1166 1276 1257
f 1326 952 1159 1307
f 4312 1161 1160 1259
f 1161 4312 1621 1235
f 1164 1286 1170 1087
f 1287 1286 1164 4203
f 1165 3651 3149 1204
f 1165 1137 3649 3651
f 1166 1165 1204 3148
f 1167 1197 1344 1341
f 1169 1460 1199 1003
f 1555 1566 1169 1168
f 1170 1569 1440 1191
f 1171 1245 1320 1162
f 1172 1177 1292 1371
f 1174 1217 1223 1066
f 4666 4658 1190 4650
f 1176 1179 1267 1291
f 1177 1176 1291 1292
f 1178 1281 1280 1183
f 1179 4701 1183 1205
f 1179 1205 1206 1208
f 1266 1267 1179 1208
f 1180 1257 1258 1259
f 1259 1160 1181 1180
f 1498 1499 1182 1326
f 1192 1194 1184 4213
f 1555 1168 1184 4214
f 1300 1163 1185 1410
f 1275 1187 1186 1153
f 1186 4064 4063 1153
f 1188 1200 1459 1449
f 1255 4235 1189 1126
f 4215 1195 1189 4235
f 1194 1192 1193 1216
f 1310 1216 1193 4438
f 4214 1184 1194 1293
f 4215 4229 1196 1195
f 4238 4237 1196 4229
f 1197 1220 1346 1344
f 1345 1173 1198 1318
f 1200 1052 1199 1459
f 1201 1312 1489 1241
f 1203 1254 1383 1339
f 1263 3148 1204 1098
f 1205 1183 1280 1303
f 1303 1304 1206 1205
f 1308 1209 1206 1304
f 1221 1211 1207 1209
f 1209 1207 1208 1206
f 1212 1266 1208 1207
f 1523 1221 1209 1308
f 1327 1212 1210 1335
f 1340 1335 1210 1140
f 1212 1207 1211 1210
f 1220 4700 1211 1221
f 1213 3943 3942 1282
f 1215 1213 1214 1218
f 1214 1213 1282 1519
f 1521 1420 1214 1519
f 1215 3946 3943 1213
f 1293 1194 1216 4647
f 1216 1310 1309 4647
f 1217 1246 1325 1297
f 1218 1357 1356 1215
f 1420 1421 1218 1214
f 1219 1226 1351 1429
f 1410 1185 1219 1429
f 1523 1346 1220 1221
f 1222 4232 1325 1246
f 1272 1271 1223 1289
f 1223 1217 1297 1289
f 1371 1372 1224 1172
f 1224 1372 1695 3735
f 1345 1380 1225 1173
f 1225 4678 1351 1226
f 1229 1152 1228 1239
f 3131 1228 4561 4503
f 1275 1152 1229 1311
f 1229 1239 1305 1319
f 1229 1319 1366 1311
f 1231 1232 1230 3809
f 1230 1332 1328 3809
f 1467 1453 1231 3809
f 3808 3801 1231 1453
f 1232 3795 1350 1230
f 3801 1296 1232 1231
f 1233 1109 1253 1268
f 1234 1233 1433 1439
f 1639 1638 1235 1621
f 3658 1141 1235 1638
f 1236 1188 1449 1450
f 1236 1450 1451 1264
f 1635 1637 1237 4047
f 1237 1107 4048 4047
f 1637 1384 1238 1237
f 1239 1285 1284 1305
f 3131 4494 1239 1228
f 1240 1359 1409 3945
f 3944 1139 1240 3945
f 1359 1240 1241 1489
f 1423 1270 1242 1424
f 1243 1382 1424 1242
f 1578 1381 1243 1187
f 4232 1222 1244 1396
f 4243 1395 1244 1115
f 1245 1122 1313 1377
f 1517 1320 1245 1377
f 1247 3951 3949 1248
f 1249 1247 1248 1321
f 1248 1579 1431 1321
f 1252 1190 1249 1321
f 1251 1250 1269 1283
f 1251 1283 4466 4470
f 1363 1306 4727 3147
f 4727 1321 1431 1510
f 1264 1268 1253 4151
f 1384 1383 1254 1238
f 1255 1227 1334 1394
f 1256 1680 1395 4243
f 1775 1680 1256 4236
f 1257 1276 1348 1258
f 1259 1258 1298 4312
f 1260 1261 1262 1263
f 1261 1278 1279 1262
f 1261 1260 1354 1329
f 3653 1349 1262 1279
f 1263 1262 1349 3148
f 1376 1202 1265 1441
f 1266 1212 1327 1343
f 1267 1266 1343 1407
f 1433 1233 1268 1452
f 1451 1452 1268 1264
f 1400 1284 1269 1914
f 1841 1913 1269 1250
f 1271 1367 1334 1154
f 1485 1367 1271 1272
f 1272 1289 1290 1331
f 1430 1288 1273 1476
f 1439 1476 1273 1234
f 1274 1273 1288 4208
f 1578 1187 1275 1311
f 1276 1166 3148 1349
f 1423 1448 1277 1270
f 1277 1448 1507 1314
f 1278 1316 1317 1322
f 1278 1261 1329 1316
f 1322 1324 1279 1278
f 1533 1303 1280 1554
f 1554 1280 1281 1794
f 3854 4392 1281 1178
f 1409 1519 1282 3945
f 1284 1285 1283 1269
f 4488 4466 1283 1285
f 1419 1305 1284 1400
f 4494 4488 1285 1239
f 1286 1408 1569 1170
f 1408 1286 1287 4611
f 1287 1646 1647 4611
f 1288 1302 1301 4208
f 1297 1369 1290 1289
f 1291 1267 1407 1438
f 1292 1291 1438 1487
f 1293 4212 1556 4214
f 2169 4212 1293 4647
f 1295 1296 1294 1360
f 1361 1294 1405 1625
f 3794 3795 1295 1469
f 1404 1294 1296 3801
f 3795 1232 1296 1295
f 1297 1325 1497 1369
f 1348 1399 1298 1258
f 1298 1545 1621 4312
f 1338 1502 1299 1103
f 1368 1146 1299 1403
f 1300 1410 1392 1391
f 1434 4204 1301 1302
f 1302 1288 1430 1490
f 1304 1303 1533 1494
f 1397 1319 1305 1419
f 4733 1363 1457 1443
f 1504 4410 1307 1342
f 1308 1304 1494 1501
f 1527 1523 1308 1501
f 1309 1824 2169 4647
f 1577 1578 1311 1514
f 1443 1444 1312 4733
f 1312 1659 1488 1489
f 1709 1659 1312 1444
f 1418 1315 1314 1507
f 1315 1418 1411 922
f 1316 1332 1333 1317
f 1323 1322 1317 1370
f 1318 1491 1492 1522
f 1319 4677 1398 1366
f 1593 1388 1320 1517
f 1324 1322 1323 1336
f 1324 4310 3653 1279
f 4231 1497 1325 4232
f 1326 1307 4410 1498
f 1327 1573 1597 1343
f 1328 1329 1330 1465
f 1329 1328 1332 1316
f 1329 1354 1355 1330
f 1466 1465 1330 1508
f 1330 1355 1528 1508
f 1331 1290 1442 1474
f 1331 1595 1485 1272
f 1350 1333 1332 1230
f 1370 1317 1333 1481
f 1573 1327 1335 3813
f 1336 1323 1347 1365
f 1582 3143 1336 1365
f 1336 3143 4310 1324
f 1337 3845 1432 1902
f 1902 1787 1338 1337
f 1340 1339 1541 1565
f 1340 1565 3813 1335
f 1342 1341 1503 1504
f 1503 1341 1344 1676
f 1524 1676 1344 1346
f 1522 1380 1345 1318
f 1347 1323 1370 4673
f 1347 4673 1437 4712
f 1348 1276 1349 3653
f 1350 1480 1481 1333
f 1351 1464 1428 1429
f 1411 1412 1352 923
f 1518 1353 1352 3793
f 1353 1355 1354 1106
f 1353 1518 1528 1355
f 3946 1215 1356 3950
f 1358 1356 1357 1415
f 1421 1615 1357 1218
f 1614 1415 1357 1615
f 1358 3949 3950 1356
f 1359 1489 1488 4311
f 1544 1672 1359 4311
f 4674 1672 1828 1776
f 1361 1362 1360 1294
f 1360 1362 1456 1468
f 1360 1468 1469 1295
f 1361 1625 1627 1362
f 1706 1456 1362 1627
f 1475 1457 1363 3147
f 1365 1347 1364 1390
f 1401 1390 1364 1402
f 4712 1735 1736 1738
f 4712 1437 4449 4484
f 1366 1398 1500 1513
f 1514 1311 1366 1513
f 1394 1334 1367 4244
f 1368 1403 3910 3924
f 1369 1493 1442 1290
f 1370 1481 1740 4673
f 1371 1292 1487 1534
f 1791 1372 1371 1534
f 1696 1695 1372 1791
f 1374 1375 1373 1471
f 1472 1471 1373 3262
f 3261 3262 1373 3259
f 1374 1379 1378 3246
f 1470 1379 1374 1471
f 3245 1375 1374 3246
f 3259 1373 1375 4318
f 1377 1313 1376 1414
f 1376 1441 1600 1414
f 1377 1414 1724 1517
f 1378 1574 3243 4646
f 1379 1575 1574 1378
f 1605 1575 1379 1470
f 1464 1351 4678 1479
f 1511 1479 4678 1542
f 1380 1522 1749 1769
f 1382 1243 1381 1413
f 1382 1483 1484 4718
f 1382 1413 1486 1483
f 1541 1339 1383 1572
f 1572 1383 1384 1701
f 1587 1628 1385 1387
f 1596 1432 1385 1628
f 1387 1385 1386 3244
f 1386 1385 1432 3845
f 1386 3845 3847 3163
f 1387 1574 1764 1797
f 1608 1389 1388 1593
f 1582 1365 1390 1583
f 1390 1401 1591 1583
f 4718 1393 1424 1382
f 1447 1300 1391 3814
f 1393 4718 1392 1428
f 1429 1428 1392 1410
f 1394 4239 4235 1255
f 1396 1244 1395 1416
f 4677 4517 1500 1398
f 4576 4677 2252 4043
f 4677 4576 4518 4517
f 1545 1298 1399 1586
f 3143 1586 1399 4310
f 1399 1348 3653 4310
f 2251 1419 1400 1953
f 1403 1299 1502 1729
f 1405 1294 1404 1406
f 1404 3807 1632 1406
f 3808 3807 1404 3801
f 1406 1631 1625 1405
f 1630 1631 1406 1632
f 1407 1343 1597 1618
f 1617 1438 1407 1618
f 1570 1569 1408 1744
f 1743 1744 1408 4611
f 1409 4674 1526 1520
f 1417 1412 1411 1418
f 3793 1352 1412 1641
f 4699 1381 1578 1577
f 1413 1657 1658 1486
f 4699 1800 1801 1657
f 1415 1580 1579 1358
f 1680 1682 1416 1395
f 4216 1396 1416 4601
f 1416 1966 4496 4601
f 1417 1418 1507 1506
f 1417 1506 1529 1594
f 1417 1594 1641 1412
f 1694 1700 1421 1420
f 1422 1446 1525 1629
f 1422 1629 1591 1401
f 1505 1448 1423 1478
f 1478 1423 1424 1393
f 1425 1426 1427 1462
f 1667 4521 1426 1425
f 4060 1427 1426 4500
f 1428 1464 1478 1393
f 1703 1704 1430 1476
f 1430 1704 1713 1490
f 1773 1714 1431 1581
f 1903 1902 1432 1596
f 1739 1439 1433 1755
f 1754 1755 1433 1452
f 1434 1302 1490 1435
f 1436 1434 1435 1473
f 1683 1473 1435 1712
f 1436 4205 4204 1434
f 1439 1739 1703 1476
f 1441 1265 1440 1537
f 1440 1569 1570 1537
f 1441 1771 1772 1600
f 1441 1537 1793 1771
f 1495 1496 1442 1493
f 1540 1474 1442 1496
f 1445 3144 1515 1446
f 1446 1515 1516 1525
f 1925 1118 1447 1931
f 1447 3814 4045 1931
f 1449 1459 1458 4211
f 1450 1449 4211 1971
f 1451 1973 1754 1452
f 1451 1450 1971 1973
f 1454 1455 1453 1467
f 3807 3808 1453 1455
f 1455 1454 1779 1859
f 1589 1468 1456 1706
f 1568 1668 1458 1460
f 1460 1458 1459 1199
f 1460 1169 1566 1568
f 1461 1425 1462 1463
f 1667 1425 1461 1870
f 1461 1477 1723 1870
f 1462 1427 4052 4051
f 1463 1119 1477 1461
f 4051 4072 1463 1462
f 3809 1328 1465 1467
f 1467 1465 1466 1454
f 1466 1508 1741 1778
f 1466 1778 1779 1454
f 1469 1468 1589 1685
f 1469 1685 1686 3794
f 1470 1471 1472 1571
f 1473 1683 1646 4201
f 1473 4201 4202 1436
f 1595 1331 1474 1633
f 1548 1547 1475 3147
f 1475 1515 3144 1457
f 1478 1464 1479 1505
f 1479 1511 1512 1529
f 3795 3794 1480 1350
f 1481 1480 1653 1740
f 1709 1444 1482 3668
f 2025 3668 1482 1588
f 1484 1483 1576 1612
f 1484 1612 1753 1946
f 3814 1391 1484 1946
f 1485 4245 4244 1367
f 1485 1595 4462 4245
f 1576 1483 1486 1634
f 1487 1438 1617 1727
f 1488 1659 1660 4364
f 1488 4364 3669 4311
f 1712 1435 1490 1713
f 1492 1784 1749 1522
f 1492 1491 3776 4382
f 1492 4382 3789 1784
f 1493 1369 1497 1535
f 1494 1533 1619 1598
f 1535 1585 1495 1493
f 1495 1585 1560 1558
f 1558 1540 1496 1495
f 1497 4231 1536 1535
f 1655 1499 1498 1732
f 1509 1182 1499 1546
f 1679 1546 1499 1655
f 1500 4517 4518 1767
f 1598 1654 1501 1494
f 1501 1654 3812 1527
f 1502 1338 1787 1852
f 2109 1729 1502 1852
f 1503 1677 1702 1504
f 1505 1506 1507 1448
f 1505 1479 1529 1506
f 1508 1528 1734 1741
f 4414 4077 1509 1546
f 1510 1642 1643 1644
f 1510 1431 1714 1642
f 3147 4727 1510 1548
f 1623 1512 1511 1624
f 1511 1542 1671 1624
f 1512 1623 1687 1688
f 1512 1688 2078 1814
f 1513 1500 1767 1806
f 1514 1513 1806 1884
f 1831 1577 1514 1884
f 1515 1475 1547 1516
f 1516 1552 1590 1525
f 1517 1724 1608 1593
f 1734 1528 1518 2257
f 1518 3793 2152 2257
f 1520 1521 1519 1409
f 1766 1521 1520 1803
f 1520 1526 1840 1803
f 1694 1420 1521 1766
f 1524 1346 1523 1527
f 3812 1678 1524 1527
f 1525 1590 1616 1629
f 1526 4674 1725 1726
f 1814 1594 1529 1512
f 1530 1710 1538 1531
f 1532 1530 1531 1543
f 1532 3669 1810 1530
f 1533 1554 1620 1619
f 1727 1728 1534 1487
f 1792 1791 1534 1728
f 1585 1535 1536 4493
f 4216 4493 1536 4231
f 1538 4660 1539 1531
f 1538 1758 1603 4660
f 1539 1599 1543 1531
f 1540 1558 1559 4505
f 1540 4505 1633 1474
f 1677 4554 1541 1572
f 1678 1565 1541 4554
f 1542 4678 1769 1826
f 1815 1671 1542 1826
f 1544 1532 1543 1553
f 1602 1553 1543 1599
f 1544 1553 1601 1672
f 3669 1532 1544 4311
f 1547 1548 1549 1550
f 1547 1550 1552 1516
f 1548 1510 1644 1549
f 1551 1550 1549 1670
f 1549 1644 1645 1670
f 1550 1551 1705 1552
f 1798 1705 1551 1837
f 1553 1602 1656 1601
f 1554 1794 1770 1620
f 1556 1557 1555 4214
f 1555 1557 1567 1566
f 1556 1951 1956 1557
f 1560 1561 1559 1558
f 4474 4505 1559 1932
f 1966 1561 1560 4496
f 1560 1585 4493 4496
f 1561 1564 1932 1559
f 1562 1682 1681 1563
f 1564 1562 1563 1932
f 1774 4248 1563 1681
f 4474 1932 1563 4248
f 1564 1561 1966 1562
f 3812 3813 1565 1678
f 1568 1566 1567 1760
f 1956 1958 1567 1557
f 1567 1958 1975 1760
f 1793 1537 1570 1897
f 1571 1606 1605 1470
f 1610 1609 1571 1472
f 1598 1597 1573 1654
f 1795 1764 1574 1575
f 1574 1387 3244 3243
f 1575 1605 1607 1692
f 1575 1692 1782 1795
f 1623 1624 1576 1634
f 1800 4699 1577 1831
f 1579 1580 1581 1431
f 3949 1358 1579 1248
f 1580 1415 1614 1829
f 1581 1580 1829 2081
f 1952 1773 1581 2081
f 1582 1583 1584 1662
f 1586 3143 1582 1662
f 1583 1591 1592 1584
f 1622 1662 1584 1804
f 1622 1545 1586 1662
f 1587 1387 1797 1816
f 3846 1628 1587 1816
f 1588 1807 1736 4659
f 1590 1552 1705 1719
f 1616 1592 1591 1629
f 4698 4320 1804 1584
f 4698 4085 4084 4320
f 4463 4462 1595 1633
f 1596 3844 2159 1903
f 1596 1628 3846 3844
f 1597 1598 1619 1618
f 1691 1602 1599 1720
f 4684 1720 1599 1539
f 1724 1414 1600 1756
f 1911 1912 1600 1772
f 1933 1756 1600 1912
f 1828 1672 1601 1885
f 1863 1604 1603 1823
f 1661 1983 1604 1652
f 4660 1603 1604 1983
f 1606 1613 1607 1605
f 1609 1611 1606 1571
f 1693 1692 1607 1613
f 1611 1609 1648 4697
f 1610 1649 1648 1609
f 1822 1649 1610 3264
f 1610 1472 3262 3264
f 1613 1606 4717 2185
f 1714 1715 1611 4697
f 4717 2183 2184 2185
f 1612 1576 1624 1671
f 1891 1693 1613 2185
f 1614 1615 4016 2243
f 1615 1421 1700 4016
f 1616 1590 1719 1748
f 1592 1616 1825 2004
f 1617 1620 1770 1727
f 1618 1619 1620 1617
f 1621 1545 1622 1639
f 1626 1627 1625 1631
f 1706 1627 1626 1796
f 1626 1830 3800 1796
f 1859 1860 1630 1632
f 1867 1830 1630 1860
f 1830 1626 1631 1630
f 4474 4463 1633 4505
f 1634 1486 1658 1745
f 1687 1623 1634 1745
f 1635 4409 1731 1636
f 1637 1635 1636 4499
f 1718 4499 1636 1732
f 1701 1384 1637 4499
f 1638 1639 1640 1669
f 1638 1669 3269 3658
f 1804 1640 1639 1622
f 1640 1804 4320 1819
f 1641 1594 1814 1853
f 4697 1648 1649 1733
f 1721 1643 1642 1733
f 1645 1644 1643 1699
f 1643 1721 1919 1699
f 1645 1892 1836 1670
f 1893 1892 1645 1699
f 4203 4201 1646 1287
f 1647 1646 1683 1708
f 1743 4611 1647 1899
f 1900 1899 1647 1708
f 1649 1822 1821 1733
f 1690 1689 1650 4546
f 3145 1651 1650 1689
f 1650 1652 4599 4546
f 1652 1650 1651 1661
f 1980 1661 1651 2020
f 1651 3145 3146 2020
f 1863 4599 1652 1604
f 1910 1965 1653 1686
f 1653 1480 3794 1686
f 1654 1573 3813 3812
f 1655 1731 1786 1679
f 1656 1602 1691 1761
f 1885 1601 1656 3955
f 1657 1801 1931 4045
f 1938 1658 1657 4045
f 1660 1659 1709 1762
f 1660 1812 1808 4364
f 1997 1812 1660 1762
f 1982 1983 1661 4737
f 1666 1664 1663 1711
f 1663 1689 1690 1711
f 1665 1663 1664 1765
f 1664 1666 1684 1765
f 1689 1663 1665 3145
f 1759 1684 1666 1805
f 1868 1869 1667 1870
f 1668 1568 1760 1968
f 4211 1458 1668 1970
f 1669 1640 1819 1818
f 1670 1836 1837 1551
f 1753 1612 1671 1815
f 1673 1674 1675 1716
f 1674 1673 1730 1746
f 1747 1790 1675 1674
f 1781 1716 1675 4086
f 1855 4086 1675 1790
f 1677 1503 1676 4554
f 1678 4554 1676 1524
f 1677 1572 1701 1702
f 1679 1785 4414 1546
f 1681 1682 1680 1775
f 1682 1562 1966 1416
f 1685 1909 1910 1686
f 2117 1909 1685 1589
f 1939 1977 1687 1745
f 2010 1872 1687 1977
f 1872 1871 1688 1687
f 1690 3664 3665 1711
f 1698 1692 1693 1891
f 1783 1782 1692 1698
f 1694 1766 1850 4018
f 1695 1696 1697 3736
f 1696 1834 4375 1697
f 1697 4375 1882 4540
f 1700 1694 4018 4019
f 1718 1702 1701 4499
f 4410 1504 1702 1718
f 1960 2273 1704 1703
f 2023 1713 1704 2273
f 1886 1719 1705 1798
f 2117 1589 1706 1796
f 1724 1756 1707 1608
f 1707 1756 1824 1309
f 1708 1683 1712 2036
f 1710 1757 1758 1538
f 1810 1809 1710 1530
f 1805 1666 1711 3665
f 1712 1713 2023 2036
f 1780 1715 1714 1773
f 1715 2380 2183 4717
f 1717 1673 1716 1722
f 1730 1673 1717 1742
f 1788 1742 1717 1817
f 1719 1886 1936 1748
f 1827 1691 1720 1844
f 1720 4684 1877 1844
f 1721 1733 1821 4641
f 1721 4641 2214 1919
f 1722 1716 1781 1802
f 1722 1848 1817 1717
f 1868 1870 1723 1926
f 1725 4674 1776 4399
f 1726 1725 1768 2348
f 1840 1526 1726 2302
f 1728 1727 1770 3737
f 1728 3737 3666 1792
f 2216 4395 1729 2109
f 1729 4395 3910 1403
f 4132 1746 1730 1898
f 1732 1636 1731 1655
f 1731 4409 4058 1786
f 4410 1718 1732 1498
f 1734 2257 2258 2272
f 1734 2272 3803 1741
f 4484 4585 1735 4712
f 1736 1735 1737 4667
f 4449 1437 1737 4461
f 1737 4586 4486 4461
f 1737 1735 4585 4586
f 1737 1437 4673 4667
f 1807 4679 1738 1736
f 1739 1954 1960 1703
f 1965 1964 1740 1653
f 1740 1964 2024 4659
f 1898 1730 1742 4435
f 1896 1744 1743 1985
f 2233 1985 1743 1899
f 1744 1896 1897 1570
f 1938 1939 1745 1658
f 1747 1674 1746 1763
f 1845 1789 1747 1763
f 1825 1616 1748 1861
f 1748 1936 2085 1861
f 1751 1752 1750 4571
f 1894 1893 1750 1752
f 1750 1919 2214 4571
f 2289 1752 1751 2390
f 2443 2390 1751 2484
f 2058 1894 1752 2289
f 1938 1946 1753 1939
f 1954 1739 1755 1989
f 1755 1754 1988 1989
f 1757 1710 1809 1920
f 1757 1920 1921 1874
f 1823 1603 1758 1839
f 1874 1839 1758 1757
f 1777 1684 1759 1799
f 3737 1799 1759 3666
f 1761 1691 1827 3959
f 1761 3954 3955 1656
f 3960 3954 1761 3959
f 3668 1998 1762 1709
f 4132 4502 1763 1746
f 2352 1797 1764 3835
f 1777 2070 4711 1684
f 1765 1832 1833 1665
f 1806 1767 4043 2252
f 1767 4518 4576 4043
f 4399 1890 1768 1725
f 2044 1979 1769 1749
f 1770 1794 1799 3737
f 1771 1793 1959 2015
f 1772 1771 2015 1911
f 1773 1952 1889 1780
f 1774 1681 1775 4439
f 4233 4234 1774 4439
f 1774 4234 4247 4248
f 2146 2136 1776 1828
f 1776 2136 2155 4399
f 1794 4612 1777 1799
f 2071 2070 1777 3886
f 3885 3886 1777 4612
f 3803 2199 1778 1741
f 2199 2198 1779 1778
f 1780 1890 2327 2381
f 2380 1715 1780 2381
f 2039 1795 1782 2072
f 1782 1783 2114 2072
f 1891 2205 4696 1698
f 2201 2114 1783 2179
f 4696 3991 3990 2179
f 1784 3788 2044 1749
f 1785 1679 1786 4411
f 4075 4414 1785 4413
f 1786 4058 4057 4411
f 1787 1902 1903 1918
f 1955 1852 1787 1918
f 1788 2026 4435 1742
f 1790 1747 1789 1813
f 1838 1813 1789 1847
f 1834 1696 1791 1792
f 1835 1834 1792 3666
f 1794 1281 4392 4612
f 1795 2039 3835 1764
f 1796 3800 2118 2117
f 3842 1816 1797 2352
f 1798 1993 2210 1886
f 1904 1801 1800 1905
f 1916 1905 1800 1831
f 1801 1904 1925 1931
f 1802 2037 1848 1722
f 1802 1942 1943 2037
f 1802 1781 2163 1942
f 1850 1766 1803 4022
f 3666 1759 1805 1835
f 4367 1835 1805 3665
f 1806 2251 1953 1884
f 1809 1810 1808 1811
f 1808 1810 3669 4364
f 1811 1808 1812 1901
f 1920 1809 1811 2006
f 1813 1854 1855 1790
f 1813 1838 1906 1854
f 1939 1753 1815 1977
f 1815 1826 2010 1977
f 1817 1848 1849 1851
f 1817 1851 1865 1788
f 1818 3270 3269 1669
f 1820 1818 1819 1856
f 1819 4320 4084 1856
f 1820 3250 3270 1818
f 2045 2046 1821 1822
f 1821 2046 4097 4641
f 1917 1888 1823 1839
f 1824 1756 1933 1967
f 1826 1769 1979 2010
f 1828 1885 3958 4736
f 2243 2080 1829 1614
f 1953 1916 1831 1884
f 1832 4729 2193 2041
f 2041 2040 1833 1832
f 1833 3146 3145 1665
f 1835 4367 4375 1834
f 1907 1908 1837 1836
f 1993 1798 1837 1908
f 1927 1906 1838 1875
f 1840 2302 2304 2374
f 1840 2374 4022 1803
f 1841 1842 1843 1869
f 1841 1869 1868 1913
f 1841 1250 4074 1842
f 4076 4075 1842 4074
f 4413 1843 1842 4075
f 2003 2156 1844 1877
f 2089 1827 1844 2156
f 1845 1846 1847 1789
f 1845 1763 4502 2255
f 1846 1857 1858 1847
f 1846 1845 2255 2108
f 1875 1838 1847 1858
f 1944 1849 1848 2037
f 1849 1944 1945 1924
f 1850 4022 2463 2428
f 1924 1866 1851 1849
f 2110 2109 1852 1955
f 1853 1814 2078 2151
f 3793 1641 1853 2152
f 4088 1855 1854 4609
f 4607 4609 1854 1906
f 1856 2013 2014 1820
f 1857 1878 1876 1858
f 1857 1846 2108 2125
f 2198 1860 1859 1779
f 3807 1455 1859 1632
f 2200 1867 1860 2198
f 1861 2005 2004 1825
f 1863 1864 1862 4599
f 1862 4591 1881 4545
f 1862 1864 4366 4591
f 1863 1823 1888 1864
f 4365 4366 1864 1888
f 1865 1851 1866 1873
f 2026 1788 1865 2027
f 1923 1922 1866 1924
f 2113 1873 1866 1922
f 1867 3806 3800 1830
f 1915 1913 1868 1926
f 4521 1667 1869 1843
f 1940 1941 1871 1872
f 2078 1688 1871 2107
f 2106 2107 1871 1941
f 1872 2010 1979 1940
f 2027 1865 1873 2271
f 1874 1937 1917 1839
f 1875 1858 1876 4634
f 1990 1927 1875 4634
f 1876 1887 1991 4634
f 1877 4684 1983 1982
f 1887 1876 1878 1987
f 1986 1987 1878 2166
f 2125 2166 1878 1857
f 1879 1880 1881 4591
f 1879 4591 4366 4630
f 4514 4513 1879 4630
f 4539 1880 1879 4513
f 1882 1883 1881 1880
f 1881 1883 3664 4545
f 4539 4540 1882 1880
f 1883 4367 3665 3664
f 1883 1882 4375 4367
f 1886 2210 2249 1936
f 1890 1780 1889 1768
f 1889 1952 2190 2287
f 2348 1768 1889 2287
f 4731 2327 1890 4399
f 2184 2205 1891 2185
f 1894 1895 1892 1893
f 1892 1895 1907 1836
f 1893 1699 1919 1750
f 2042 1895 1894 2058
f 1895 2042 2043 1907
f 1959 1793 1897 2030
f 2132 2030 1897 1896
f 2140 2141 1898 4435
f 4432 4132 1898 2141
f 1900 1708 2036 4694
f 1900 2232 2233 1899
f 1997 2034 1901 1812
f 2006 1811 1901 2172
f 2173 2172 1901 2034
f 1915 1926 1904 1905
f 4738 4607 1906 1927
f 1908 1907 2043 2079
f 1910 1909 2119 3796
f 2121 1912 1911 2244
f 1911 2015 2207 2244
f 1914 1269 1913 1915
f 1914 1916 1953 1400
f 1915 1905 1916 1914
f 4365 1888 1917 1994
f 2159 2158 1918 1903
f 2203 1955 1918 2158
f 1920 2006 2001 1921
f 1937 1874 1921 2002
f 2111 2113 1922 1948
f 1923 1924 1945 2062
f 1923 1947 1948 1922
f 1926 1723 1925 1904
f 4422 4738 1927 1990
f 1929 1930 1928 4421
f 1928 1934 4419 2057
f 1929 2007 2009 2031
f 2028 1930 1929 2031
f 1930 1935 1934 1928
f 1930 2028 4523 1935
f 1933 1912 2121 1967
f 1987 4419 1934 1887
f 1991 1887 1934 1935
f 1992 1991 1935 4523
f 1937 1995 1994 1917
f 1999 1995 1937 2002
f 1940 1979 2044 2011
f 2011 2012 1941 1940
f 1944 2037 1943 2274
f 2165 4520 1943 1942
f 1943 4520 2275 2274
f 1945 1944 2274 2276
f 1945 2276 4138 2062
f 1946 1938 4045 3814
f 2062 2061 1947 1923
f 2073 4542 1948 1947
f 1948 4542 4541 2111
f 1950 1951 1949 2207
f 2169 2170 1949 4212
f 1951 1950 1957 1956
f 4212 1949 1951 1556
f 1952 2081 4574 2190
f 1958 1956 1957 2038
f 2305 2301 1957 1950
f 1976 1975 1958 2038
f 2207 2015 1959 2224
f 1960 1954 2194 2237
f 1962 1963 1961 2105
f 2008 2007 1961 1963
f 2103 2105 1961 4421
f 1962 2105 2104 2115
f 1963 1962 1978 2016
f 2018 2008 1963 2016
f 3797 2234 1964 1965
f 3796 3797 1965 1910
f 2169 1824 1967 2170
f 2244 2170 1967 2121
f 1968 1969 1970 1668
f 1975 1974 1968 1760
f 1969 2067 1972 1970
f 1969 1968 1974 1981
f 1971 4211 1970 1972
f 1973 1971 1972 1984
f 1988 1754 1973 1984
f 1974 1975 1976 2197
f 1976 2283 2497 2197
f 2035 2016 1978 2196
f 2115 2116 1978 1962
f 1982 4737 4708 2051
f 1981 1980 2020 1969
f 1981 1974 2197 4670
f 2003 1877 1982 2051
f 4739 1988 1984 2040
f 2067 2040 1984 1972
f 2132 1896 1985 2433
f 1985 2233 2309 2433
f 2229 2230 1986 2166
f 1986 4418 4419 1987
f 1986 2230 4431 4418
f 4721 1989 1988 4739
f 1989 4721 2194 1954
f 1991 1992 1990 4634
f 1992 4523 2336 4423
f 1992 4423 4422 1990
f 1993 1908 2079 2192
f 2211 2210 1993 2192
f 1994 4536 4577 4365
f 1995 2000 4536 1994
f 1996 3667 2034 1997
f 2053 2171 1996 1998
f 2234 3798 4695 2171
f 4695 2294 2293 3667
f 1998 1996 1997 1762
f 2025 2053 1998 3668
f 2000 1995 1999 2017
f 2022 2032 1999 2002
f 1999 2032 2033 2017
f 3767 3768 2000 2017
f 2002 1921 2001 2022
f 2003 4642 2360 2156
f 4286 4642 2003 2051
f 2004 2005 2316 4613
f 4085 4698 2004 4613
f 2005 1861 2085 2315
f 2054 2001 2006 2172
f 2007 1929 4421 1961
f 2009 2007 2008 2029
f 2008 2018 4089 2029
f 2009 2029 2155 2136
f 2019 2012 2011 2021
f 2011 2044 3788 2021
f 2012 2019 2052 2127
f 2012 2127 2106 1941
f 2013 1856 4084 4083
f 2059 2060 2014 2013
f 3250 1820 2014 3249
f 2088 2018 2016 2035
f 2017 2033 3766 3767
f 2067 1969 2020 3146
f 2021 2033 2032 2019
f 2022 2001 2054 2052
f 2023 2273 2285 2328
f 2456 2457 4694 2328
f 4694 2457 4256 1900
f 2053 2025 2024 2171
f 2024 1964 2234 2171
f 4659 2024 2025 1588
f 2026 4547 2140 4435
f 2027 2270 4547 2026
f 2028 2031 4709 2334
f 2029 4089 2129 2155
f 2224 1959 2030 2250
f 2030 2132 2434 2250
f 2031 2009 2136 4709
f 2032 2022 2052 2019
f 3788 3766 2033 2021
f 2035 2196 2063 4420
f 2087 2088 2035 4420
f 2283 1976 2038 2447
f 2038 1957 2301 2447
f 3146 1833 2040 2067
f 2122 2043 2042 2126
f 3264 3263 2045 1822
f 3266 3265 2045 3263
f 2045 3265 4103 2046
f 4105 4097 2046 4103
f 2047 2048 2049 2050
f 2047 2093 4569 2048
f 2069 2068 2049 2048
f 2049 2068 2096 2066
f 2050 2049 2066 2168
f 2094 2047 2050 2180
f 2050 2168 2186 2180
f 2051 4723 2344 4286
f 2128 2127 2052 2054
f 2054 2172 2173 2128
f 2324 2056 2055 4430
f 4419 4418 2055 2057
f 2057 2055 2056 2103
f 2323 2104 2056 2324
f 2057 2103 4421 1928
f 2126 2042 2058 2157
f 2058 2289 2290 2157
f 4083 4104 2059 2013
f 2060 3254 3249 2014
f 3268 3267 2060 2059
f 2073 1947 2061 2254
f 2062 4138 2253 2061
f 2063 2064 2065 4420
f 2064 2063 2217 4129
f 2064 4129 4123 2086
f 2065 2064 2086 2091
f 2066 2096 2195 2167
f 2068 2120 2139 2096
f 2120 2068 2069 2154
f 4569 4136 2069 2048
f 2161 2070 2071 2160
f 4726 2366 2343 4729
f 2400 2366 4726 2495
f 4726 2161 2488 2495
f 2071 3886 3816 3815
f 2071 4385 4661 2160
f 2072 2114 2306 2312
f 2072 2312 2350 2039
f 2073 2149 4133 4542
f 2074 2075 2076 2077
f 2137 2076 2075 2138
f 2222 4562 2075 2074
f 2075 4562 4530 2138
f 2076 2137 2209 2226
f 2222 2074 2077 2277
f 2226 2236 2077 2076
f 2286 2277 2077 2236
f 2122 2191 2079 2043
f 2081 1829 2080 4574
f 2082 2083 2084 4136
f 2082 2097 2099 2182
f 2082 2182 2181 2083
f 2082 4136 4569 2097
f 2145 2084 2083 2208
f 2083 2181 2219 2208
f 2153 2154 2084 2145
f 2249 2284 2085 1936
f 2187 2088 2087 2188
f 2259 2188 2087 2162
f 4089 2018 2088 2187
f 2177 3961 2089 2156
f 3959 1827 2089 3960
f 3962 3960 2089 3966
f 2091 2086 2090 2092
f 2090 2086 4123 4119
f 2091 2124 2162 2065
f 2092 2123 2124 2091
f 4091 4090 2092 2090
f 2093 2047 2094 2095
f 2261 4134 2093 2095
f 2295 2095 2094 2307
f 2262 2261 2095 2295
f 2096 2139 2176 2195
f 2098 2099 2097 4134
f 2098 2149 2150 2331
f 2206 2099 2098 2331
f 2223 2182 2099 2206
f 3914 2280 2100 3917
f 2102 2100 2101 4385
f 2280 2268 2101 2100
f 3817 3916 2102 3815
f 2102 3916 3917 2100
f 2104 2105 2103 2056
f 2107 2235 2151 2078
f 2225 2235 2107 2106
f 2109 2110 2215 2216
f 2110 1955 2203 2264
f 2112 2113 2111 2318
f 2111 4541 2377 2318
f 2269 2271 2112 4528
f 2113 2112 2271 1873
f 2114 2201 2314 2306
f 2115 2104 2323 2353
f 2196 1978 2116 2218
f 2353 2354 2116 2115
f 2117 2118 2119 1909
f 2118 3800 3806 2119
f 2119 3806 3805 3796
f 2153 2213 2120 2154
f 2204 2191 2122 2130
f 2123 2339 2227 2124
f 2123 4092 2340 2339
f 4090 4092 2123 2092
f 2229 2166 2125 4568
f 2125 2108 2256 4568
f 2126 2131 2130 2122
f 4672 2131 2126 2157
f 2127 2128 2225 2106
f 2128 2173 4363 2225
f 2129 2130 2131 4731
f 2187 2189 2129 4089
f 2129 2189 2204 2130
f 2133 2142 2144 2134
f 2133 2247 4143 2142
f 2135 2133 2134 4079
f 2247 2133 2135 2263
f 2135 4079 4090 4091
f 2137 2138 2221 2245
f 2137 2245 2246 2209
f 4529 2221 2138 4530
f 2213 2212 2139 2120
f 4118 4432 2141 4117
f 4150 4117 2141 2140
f 4146 2143 2142 4143
f 2144 2142 2143 2147
f 2174 2134 2144 2175
f 4736 3958 2355 4724
f 2369 2403 2146 4672
f 2147 2143 2148 4135
f 2175 2144 2147 2231
f 2228 2231 2147 4135
f 2195 4135 2148 2167
f 4146 2310 2148 2143
f 2149 2073 2254 2150
f 4134 4133 2149 2098
f 2152 1853 2151 2202
f 2152 2202 2258 2257
f 2153 2145 2209 2246
f 4136 2084 2154 2069
f 2326 2327 4724 2355
f 2178 2177 2156 2360
f 2369 4672 2157 2290
f 2158 2159 2351 2322
f 2159 3844 3843 2351
f 2161 2160 2395 2488
f 2162 2124 2227 2259
f 4420 2065 2162 2087
f 2163 2164 2165 1942
f 4086 4087 2163 1781
f 2356 4118 2164 4510
f 2164 2163 4087 4510
f 4117 2165 2164 4118
f 4150 4520 2165 4117
f 2168 2066 2167 2260
f 2167 2148 2310 2260
f 2170 2244 2207 1949
f 3667 4363 2173 2034
f 2174 2175 2248 2393
f 2174 2393 2370 4096
f 4079 2134 2174 4096
f 2176 2139 2212 2282
f 3990 3961 2177 2179
f 2179 2177 2178 2201
f 4693 2475 2577 2518
f 2307 2094 2180 2341
f 2181 2182 2223 2265
f 2313 2219 2181 2265
f 2382 2408 2183 2380
f 2184 2183 2408 2532
f 3995 2205 2184 2532
f 2186 2168 2260 2288
f 2341 2180 2186 2482
f 2189 2187 2188 2239
f 2278 2279 2190 4574
f 2192 2079 2191 2220
f 2238 2220 2191 2204
f 2317 2194 4670 2501
f 2193 4729 4735 2342
f 4721 4422 2422 4732
f 2195 2176 2228 4135
f 2217 2063 2196 2218
f 2197 2497 2501 4670
f 2200 2198 2199 3804
f 3806 1867 2200 3805
f 2387 2314 2201 4693
f 2235 3670 2202 2151
f 2203 2158 2322 2347
f 2239 2238 2204 2189
f 3991 4696 2205 3995
f 2206 2331 2332 2384
f 2207 2224 2305 1950
f 2209 2145 2208 2226
f 2210 2211 4662 2249
f 2211 2192 2220 2240
f 2212 4580 2330 2282
f 2246 4589 2213 2153
f 2213 4589 4580 2212
f 2215 2110 2264 3884
f 2215 3849 3850 2216
f 2216 3850 4396 4395
f 2218 2116 2354 2394
f 2218 2394 4570 2217
f 2219 2236 2226 2208
f 2298 2266 2221 4529
f 2473 2474 2222 2277
f 2222 2474 4530 4562
f 2223 2206 2384 2359
f 3670 2235 2225 4363
f 2325 2297 2227 2339
f 2282 2281 2228 2176
f 2337 2338 2229 4568
f 2365 2230 2229 2338
f 2248 2175 2231 2308
f 2231 2228 2281 2308
f 4256 2346 2232 1900
f 2233 2232 2346 2309
f 2236 2219 2313 2286
f 2273 1960 2237 2285
f 2237 2194 2317 2398
f 2396 2285 2237 2398
f 2238 2291 2240 2220
f 2238 2239 2296 2291
f 2239 2188 2259 2296
f 2240 2291 2292 2363
f 2240 2363 4662 2211
f 4016 4017 2241 2243
f 4023 4033 2241 4017
f 2243 2241 2242 2080
f 2489 2278 2242 4026
f 2242 2241 4033 4026
f 4574 2080 2242 2278
f 2245 2221 2266 4579
f 2246 2245 4579 4589
f 4144 4143 2247 4147
f 2248 2308 2373 2407
f 2406 2393 2248 2407
f 2250 2455 2305 2224
f 2252 1397 2251 1806
f 2254 2061 2253 4137
f 4593 2420 2253 4138
f 2254 4137 2333 2150
f 2256 2108 2255 4131
f 2337 4568 2256 4094
f 3670 2293 2258 2202
f 2297 2296 2259 2227
f 4133 4134 2261 4434
f 2262 2295 2426 2431
f 4434 2261 2262 4608
f 2263 2135 4091 4120
f 2263 4120 4122 4125
f 4147 2247 2263 4125
f 2312 3884 2264 2350
f 2347 2350 2264 2203
f 2265 2223 2359 2391
f 4433 4579 2266 2345
f 2267 2101 2268 3132
f 2267 4661 4385 2101
f 2268 2385 2386 3132
f 2268 2280 2399 2385
f 2271 2269 2270 2027
f 2270 2361 2362 4547
f 2270 2269 2372 2361
f 2272 2258 2293 2294
f 2276 2274 2275 4142
f 2275 2362 2361 4142
f 2517 2473 2277 2286
f 2476 2279 2278 2489
f 2287 2190 2279 2349
f 2485 2349 2279 2476
f 2373 2308 2281 2329
f 2282 2330 2329 2281
f 2283 2447 2448 2459
f 2498 2497 2283 2459
f 2315 2085 2284 2368
f 2284 2249 4662 2368
f 2288 2260 2310 2311
f 2288 2435 2482 2186
f 2289 2390 2443 2290
f 2292 2291 2296 2297
f 2294 4695 3798 3802
f 2294 3802 3803 2272
f 2364 2292 2297 2325
f 2298 2299 2300 4664
f 2345 2266 2298 4664
f 2298 4529 2563 2299
f 2299 2557 2388 2300
f 2302 1726 2348 2303
f 2304 2302 2303 2460
f 2303 2349 2485 2460
f 2375 2374 2304 2392
f 2305 2541 2469 2301
f 2305 2455 2608 2541
f 2306 2314 2401 2402
f 2426 2295 2307 2436
f 2307 2341 2444 2436
f 2309 2513 2468 2433
f 2310 4146 4145 2311
f 2435 2288 2311 2520
f 2402 3884 2312 2306
f 2313 2265 2391 2553
f 2517 2286 2313 2525
f 2316 2005 2315 2321
f 2316 4110 4108 4613
f 2317 2501 2496 2507
f 2319 2320 2318 2377
f 4528 2112 2318 2320
f 2319 2411 2412 2320
f 2432 2411 2319 2376
f 2321 2315 2368 4417
f 4110 2316 2321 4111
f 2449 2353 2323 2425
f 2425 2323 2324 4429
f 2325 2339 2340 2367
f 2397 2364 2325 2421
f 2326 2355 2492 2505
f 2383 2381 2327 2326
f 2328 2285 2396 2410
f 2329 2330 2378 2388
f 4433 2378 2330 4580
f 2333 2332 2331 2150
f 2332 2333 2379 2389
f 2335 2336 2334 2453
f 2334 4709 2405 2453
f 2334 2336 4523 2028
f 2424 2423 2335 2454
f 2423 4423 2336 2335
f 2338 2417 2418 2365
f 4115 2417 2338 2337
f 2340 2370 2371 2367
f 4723 2342 4735 2344
f 2342 4723 2430 4425
f 2342 4424 4607 2193
f 2487 2344 4735 2510
f 2343 2409 2506 2510
f 2378 4433 2345 4664
f 2513 2309 2346 2535
f 2346 4256 4257 2535
f 2352 3835 2347 2322
f 2349 2303 2348 2287
f 3835 2039 2350 2347
f 2352 2322 2351 3842
f 3841 3842 2351 3843
f 2449 2470 2354 2353
f 2491 2394 2354 2470
f 2515 2492 2355 4400
f 2355 3958 3956 4400
f 2358 2356 2357 4131
f 4510 4093 2357 2356
f 4118 2356 2358 4432
f 2359 4140 4141 2391
f 2475 2178 2360 2479
f 2478 2479 2360 4642
f 4520 4150 2362 2275
f 2363 2292 4716 4683
f 2364 2397 2512 2601
f 4683 4716 2573 4427
f 4716 2601 2602 2573
f 2365 2418 2416 2414
f 2365 2414 4431 2230
f 2409 2343 2366 2440
f 2421 2325 2367 2467
f 2466 2467 2367 2371
f 4427 4417 2368 4683
f 2369 2290 2443 2477
f 2369 2477 2508 2403
f 4092 4096 2370 2340
f 2371 2370 2393 2406
f 2371 2406 2522 2527
f 2543 2466 2371 2527
f 2372 2419 2420 4593
f 4142 2361 2372 4593
f 4528 2419 2372 2269
f 2373 2329 2442 4691
f 2373 2467 2466 2407
f 2375 2463 4022 2374
f 2376 2319 2377 4608
f 4137 4550 2379 2333
f 2382 2380 2381 2383
f 2382 2383 2511 2534
f 2382 2534 2531 2408
f 2383 2326 2505 2511
f 2384 2332 2389 2481
f 2384 2481 4140 2359
f 2386 2385 2486 2519
f 4447 2395 2386 2519
f 2401 2314 2387 2451
f 2387 4693 2518 2528
f 2329 2388 2441 2442
f 2556 2441 2388 2557
f 2388 2378 4664 2300
f 2389 2379 2411 2432
f 2480 2481 2389 2432
f 2460 2530 2392 2304
f 2462 2375 2392 2568
f 2639 2646 2392 2530
f 2642 2568 2392 2646
f 2394 2491 2504 4570
f 2579 2488 2395 4447
f 3132 2386 2395 2160
f 2397 2544 2543 2617
f 2607 2512 2397 2617
f 4669 2396 2398 2524
f 2398 2317 2507 2524
f 2451 2529 2399 2458
f 2486 2385 2399 2529
f 3888 2458 2399 3913
f 2399 2280 3914 3913
f 2440 2366 2400 2506
f 2510 2506 2400 2595
f 2683 2595 4692 2660
f 2401 2451 2458 3911
f 2402 2401 3911 3849
f 2403 2404 2405 4709
f 2465 2405 2404 2494
f 2404 2403 2508 2526
f 2522 2406 4715 2558
f 4095 4668 4663 4424
f 4093 4663 4668 4116
f 4115 4116 4668 4095
f 2456 2328 2410 2514
f 4550 2412 2411 2379
f 2420 2419 2412 4550
f 4528 2320 2412 2419
f 4416 4429 2413 2415
f 2413 4430 4431 2414
f 2415 2413 2414 2416
f 2416 2418 2439 2452
f 2416 2452 2471 2415
f 2439 2418 2417 4511
f 2417 4115 4095 4511
f 4137 2253 2420 4550
f 2544 2397 2421 4691
f 2422 2423 2424 2445
f 2430 4708 2422 2445
f 2422 4422 4423 2423
f 2450 2449 2425 2472
f 4416 2472 2425 4429
f 2502 2503 2426 2436
f 2536 2537 2427 2597
f 2596 2597 2427 2429
f 2429 2427 2428 2463
f 2428 2427 2537 4020
f 4018 1850 2428 4020
f 2429 2462 2600 2596
f 2430 2437 2438 4425
f 2432 2376 2431 2480
f 2503 2480 2431 2426
f 4608 2262 2431 2376
f 2434 2132 2433 2468
f 2455 2250 2434 2523
f 2562 2523 2434 2468
f 2483 2482 2435 2493
f 2509 2502 2436 2444
f 2445 2461 2437 2430
f 2437 2461 2452 2439
f 2438 2437 2439 4511
f 2438 4511 4095 4424
f 2514 2410 4669 2524
f 2441 2567 2599 2442
f 2482 2483 2444 2341
f 2444 2483 2549 2509
f 2445 2424 2446 2461
f 2454 2500 2446 2424
f 2446 2500 4415 2471
f 2447 2301 2469 2448
f 2450 2490 2470 2449
f 2533 2490 2450 4428
f 2451 2387 2528 2594
f 2451 2594 2644 2529
f 2454 2335 2453 2464
f 2465 2464 2453 2405
f 2454 2464 2499 2500
f 2455 2523 2565 2608
f 2576 2457 2456 2609
f 2456 2514 2620 2609
f 2457 2576 4257 4256
f 3912 2458 3888 4397
f 2459 2448 2575 2659
f 2460 2485 2615 2626
f 2471 2452 2461 2446
f 2463 2375 2462 2429
f 4080 2499 2464 2465
f 2545 4715 2466 2543
f 4691 2442 2599 2544
f 2468 2513 2598 2562
f 2469 2542 2575 2448
f 2471 4415 4416 2415
f 4428 2450 2472 4081
f 2473 2517 2563 2474
f 2477 2443 2555 2560
f 2478 2684 2578 2479
f 2478 4642 4286 4285
f 2577 2475 2479 2578
f 2503 4140 2481 2480
f 2548 2549 2483 2493
f 2484 4098 2555 2443
f 2484 1751 4571 4099
f 2485 2476 2589 2615
f 2487 4285 4286 2344
f 4448 4285 2487 2592
f 2489 2629 2589 2476
f 2491 2470 2490 2516
f 4130 2516 2490 2533
f 2492 2515 2610 2612
f 2520 2521 2493 2435
f 2493 2521 2554 2548
f 2494 2404 2526 2540
f 2494 2559 4080 2465
f 2495 2488 2579 4692
f 2497 2498 2496 2501
f 2586 2587 2496 2498
f 2659 2586 2498 2459
f 2499 4081 4415 2500
f 2539 4141 2502 2509
f 2503 2502 4141 4140
f 2504 2491 2516 2551
f 2504 2550 4524 4570
f 2505 2492 2612 2613
f 2622 2511 2505 2613
f 4665 2440 2506 2409
f 2507 2620 2514 2524
f 2507 2496 2587 2620
f 2560 2561 2508 2477
f 2508 2561 2566 2526
f 2538 2539 2509 2549
f 2592 2487 2510 2595
f 2512 2607 2606 4114
f 2513 2535 2638 2598
f 4690 2636 2637 2648
f 4690 2648 2649 2654
f 4003 2636 2515 4400
f 2516 4130 2584 2551
f 4625 2563 2517 2525
f 2518 2577 2692 2690
f 2519 2486 2643 4304
f 2519 4304 4305 4447
f 2520 2311 4145 4516
f 2521 4148 2616 2554
f 2521 2520 4516 4148
f 2527 2522 2611 2621
f 2603 2604 2522 2558
f 2647 2565 2523 2562
f 2553 2552 2525 2313
f 2527 2619 2617 2543
f 2528 2686 2687 2594
f 2528 2518 2690 2686
f 2529 2644 2643 2486
f 2530 2460 2626 2639
f 2532 2408 2531 4001
f 3999 4001 2531 3979
f 2532 4001 3996 3995
f 4080 2559 2533 4428
f 4598 4130 2533 2559
f 2534 2511 2622 3977
f 2534 3977 3979 2531
f 2536 2547 2546 2537
f 2536 2640 2641 2547
f 4021 4020 2537 2546
f 2548 2564 2538 2549
f 2538 2552 2553 2539
f 4139 2552 2538 2564
f 2559 2494 2540 4598
f 2566 4114 2540 2526
f 2606 4598 2540 4114
f 2542 2469 2541 2590
f 2541 2608 2565 2703
f 2599 2545 2543 2544
f 2545 2591 2558 4715
f 2547 2581 2580 2546
f 2670 2581 2547 2641
f 2574 2564 2548 2554
f 2550 2504 2551 2585
f 2550 4128 4124 4524
f 4625 2525 2552 4139
f 4141 2539 2553 2391
f 2554 2616 2567 2574
f 2564 2574 2556 4139
f 2567 2441 2556 2574
f 4625 4139 2556 2557
f 2557 2299 2563 4625
f 2560 4113 2602 2561
f 4112 4113 2560 2555
f 4269 2647 2562 2598
f 4530 2474 2563 4529
f 2737 2703 2565 2647
f 2566 2561 2602 2601
f 2600 2462 2568 2625
f 2568 2642 2667 2625
f 2570 2571 2569 2572
f 2588 2572 2569 2593
f 2569 4676 2614 2593
f 2623 2571 2570 2624
f 2570 3953 2627 2624
f 4676 2755 2756 2757
f 4676 2757 2762 2689
f 2582 2583 2572 2588
f 2572 2583 3953 2570
f 4113 4426 2573 2602
f 2575 2542 2705 2658
f 2576 4266 4273 4257
f 2577 2578 2673 2692
f 2660 4692 2579 2713
f 2579 4447 4305 2713
f 4021 2546 2580 4023
f 4033 4023 2580 2663
f 2581 2664 2663 2580
f 2582 2588 2630 2662
f 2582 2662 2671 2672
f 2583 2656 2655 3953
f 2583 2582 2672 2656
f 2585 2551 2584 2605
f 2619 2618 2585 2605
f 2585 2618 4128 2550
f 2678 2587 2586 4443
f 2631 2630 2588 2593
f 2688 2615 2589 2695
f 2708 2695 2589 2629
f 2590 2541 2703 2743
f 2590 2723 2705 2542
f 2798 2723 2590 2743
f 2591 4149 2603 2558
f 2591 2545 2616 4148
f 2683 2682 2592 2595
f 4587 4448 2592 2682
f 2632 2631 2593 2614
f 2597 2596 2634 2653
f 2640 2536 2597 2653
f 2616 2545 2599 2567
f 2600 2633 2634 2596
f 4114 2566 2601 2512
f 2611 2522 2604 4126
f 4147 4125 2604 2603
f 2605 2584 2606 2607
f 2606 2584 4130 4598
f 2607 2617 2619 2605
f 2609 2677 4266 2576
f 2669 2610 4690 2654
f 2693 2679 2610 2669
f 2679 2668 2612 2610
f 2613 2612 2668 3987
f 3980 2622 2613 3987
f 2689 2681 2614 4676
f 2615 2688 4031 2626
f 2619 2527 2621 2618
f 2620 2676 2677 2609
f 2620 2587 2678 2676
f 4126 4127 2621 2611
f 2621 4127 4128 2618
f 2623 2624 2635 2680
f 2755 2571 2623 2750
f 2624 2627 2628 2635
f 2633 2600 2625 2645
f 2625 2667 2661 2645
f 2674 2628 2627 3988
f 2628 2649 2648 2635
f 2629 2489 4026 2665
f 2630 2631 2633 2645
f 2630 2645 2661 2662
f 2634 2633 2631 2632
f 2632 2614 2681 2728
f 2722 2653 2634 2727
f 2634 2632 2728 2727
f 2635 2648 2666 2680
f 2636 4003 3965 4004
f 2666 2648 2637 2702
f 2637 2700 2701 2702
f 2637 2636 4004 2700
f 2638 2535 4257 4273
f 2638 4271 4269 2598
f 4272 4271 2638 4273
f 4030 2646 2639 4032
f 2639 2626 4031 4032
f 2707 2710 2641 2640
f 2641 2710 2711 2670
f 2643 2644 4299 4303
f 2643 4303 4300 4304
f 2687 4299 2644 2594
f 2646 4030 2694 2642
f 2674 2675 2649 2628
f 2649 2675 2691 2654
f 2650 2651 2652 2718
f 2650 2720 2700 4004
f 2650 2718 2719 2720
f 3965 2651 2650 4004
f 3962 3966 2651 3965
f 3964 2652 2651 3966
f 2652 3964 3963 3994
f 2707 2640 2653 2722
f 2657 2655 2656 4035
f 2657 3989 3988 2655
f 3997 3989 2657 4407
f 4034 4407 2657 4035
f 2659 2575 2658 4444
f 4443 2586 2659 4444
f 2771 2683 2660 2714
f 2671 2662 2661 2732
f 2661 2667 2733 2732
f 2665 2663 2664 2699
f 2670 2697 2664 2581
f 2664 2697 2698 2699
f 2665 2699 2708 2629
f 4033 2663 2665 4026
f 2758 2680 2666 2807
f 2667 2642 2694 2733
f 2726 2828 2668 2679
f 2669 2654 2691 2693
f 2734 4029 2671 2732
f 4028 2672 2671 4029
f 4035 2656 2672 4028
f 2673 2578 2684 2685
f 2775 2704 2673 2685
f 2674 3983 3986 2675
f 2787 2677 2676 2788
f 2746 2745 2678 4443
f 2678 2745 2788 2676
f 2750 2623 2680 2758
f 2778 2728 2681 2738
f 2752 4587 2682 2753
f 2683 2771 2753 2682
f 2684 2478 4285 4448
f 2685 4587 2752 2775
f 2685 2684 4448 4587
f 2686 2690 2696 2729
f 2687 2686 2729 4291
f 2793 4027 2688 2695
f 2688 4027 2842 4031
f 2738 2681 2689 2739
f 2689 2762 2822 2739
f 2691 2730 2731 2693
f 3986 2730 2691 2675
f 2696 2690 2692 2712
f 2692 2673 2704 2712
f 2726 2679 2693 2731
f 2711 2749 2697 2670
f 2749 2759 2698 2697
f 2709 2708 2699 2698
f 2700 2720 2721 2701
f 2702 2701 2736 2754
f 2702 2754 2807 2666
f 2704 2775 2776 2791
f 2706 2658 2705 2725
f 2706 2725 2782 2796
f 2706 2796 2795 4445
f 2706 4445 4444 2658
f 2766 2767 2707 2722
f 2708 2709 2793 2695
f 2709 2698 2759 2773
f 2710 2707 2767 2765
f 2711 2763 2764 2749
f 2711 2710 2765 2763
f 2742 2696 2712 2800
f 2712 2704 2791 2800
f 2714 2660 2713 2735
f 2717 2715 2716 2740
f 2716 2715 3994 3993
f 2717 2719 2718 2715
f 2768 2719 2717 2789
f 2804 2789 2717 2740
f 3994 2715 2718 2652
f 2721 2720 2719 2768
f 2736 2701 2721 2760
f 2721 2768 2779 2760
f 2777 2766 2722 2727
f 2723 2724 2725 2705
f 2724 2723 2798 4259
f 2725 2724 2781 2782
f 2920 2904 2726 2731
f 2777 2727 2728 2778
f 2742 2879 2729 2696
f 4290 4291 2729 2879
f 3982 2920 2731 2730
f 2734 2732 2733 2898
f 2733 2694 2897 2898
f 2735 2769 2770 2774
f 2735 2774 2799 2714
f 2735 2713 4305 2769
f 2808 2754 2736 2839
f 2743 2703 2737 2852
f 2810 2932 4689 4270
f 4269 4270 4689 2647
f 2738 2739 2797 2869
f 2740 2716 2741 2744
f 2740 2744 2785 2804
f 3993 4002 2741 2716
f 2744 2741 2748 2761
f 2790 2788 2745 2747
f 2747 2745 2746 4622
f 4444 4445 2746 4443
f 2850 2851 2747 4622
f 2748 2741 4002 3999
f 2819 2755 2750 2809
f 2751 2752 2753 4595
f 2775 2752 2751 2776
f 2806 2776 2751 2926
f 2753 2771 2772 4595
f 2826 2756 2755 2819
f 2762 2757 2756 2827
f 2809 2750 2758 2820
f 2759 2749 2764 2780
f 2783 2773 2759 2780
f 2839 2736 2760 2841
f 2760 2779 4403 2841
f 2761 2784 2785 2744
f 2803 2784 2761 4405
f 4000 4405 2761 2748
f 2762 4013 2838 2822
f 2821 2764 2763 4581
f 2849 2780 2764 2821
f 2765 2767 2834 2840
f 4581 2763 2765 2840
f 2834 2767 2766 2835
f 2766 2777 2865 2835
f 4302 2770 2769 4300
f 2855 2856 2770 4302
f 2770 2856 2862 2774
f 2771 2714 2799 2772
f 2773 2792 2793 2709
f 2847 2799 2774 2862
f 2777 2778 2874 2875
f 2777 2875 2889 2865
f 2778 2738 2869 2874
f 2789 4671 2779 2768
f 2957 4403 2779 4671
f 2845 2782 2781 2846
f 2781 4258 2971 2846
f 4259 4258 2781 2724
f 2783 2813 2792 2773
f 2783 2780 2849 2878
f 2814 2785 2784 2818
f 2817 2818 2784 2803
f 2805 2804 2785 2814
f 2786 2787 2788 2790
f 2860 2794 2786 2867
f 2787 2786 2794 4265
f 2787 4265 4266 2677
f 2790 2747 2851 2883
f 2867 2786 2790 2883
f 2806 2815 2791 2776
f 2791 2815 2870 2800
f 4027 2793 2792 2876
f 2795 2833 2850 4622
f 2796 2832 2833 2795
f 2845 2832 2796 2782
f 2822 2823 2797 2739
f 2935 2869 2797 2936
f 2797 2823 2937 2936
f 2852 2853 2798 2743
f 2799 2847 2848 2772
f 2866 2742 2800 2870
f 2801 3998 3981 2825
f 2803 2801 2802 2817
f 2825 2824 2802 2801
f 2802 2824 2890 2887
f 2803 4405 3998 2801
f 2804 2805 4671 2789
f 2814 2868 4725 2805
f 2806 2926 2928 3021
f 2956 2957 4730 3021
f 4725 2868 2972 4284
f 2807 2754 2808 2816
f 2807 2816 2820 2758
f 2973 2873 2808 4583
f 4012 4583 2808 2839
f 2809 2820 2888 2892
f 2809 2892 2916 4406
f 2809 4406 2991 2819
f 2811 2812 2810 4270
f 2810 2812 2893 2981
f 2811 2859 2861 2812
f 2811 4271 4272 2859
f 2813 2877 2876 2792
f 2813 2783 2878 2891
f 2815 4730 4284 4283
f 2816 2808 2873 2881
f 2817 2802 2887 4572
f 2909 2818 2817 4572
f 2868 2814 2818 2909
f 2881 2888 2820 2816
f 2821 2996 2995 2849
f 2822 2838 2837 2823
f 2825 2831 2872 2824
f 2827 2756 2826 2854
f 2826 2819 2991 3003
f 2863 2864 2827 2854
f 2827 2864 4013 2762
f 2904 2829 2828 2726
f 3987 2668 2828 2830
f 2830 2828 2829 2831
f 2882 2871 2829 2904
f 3980 3987 2830 3981
f 2871 2872 2831 2829
f 3981 2830 2831 2825
f 2832 3017 2949 2833
f 3045 3017 2832 2845
f 2833 2949 2950 2850
f 2918 2840 2834 2943
f 2834 2835 2923 2943
f 2836 2837 2838 2857
f 2836 2857 2858 2885
f 2836 2885 2886 2906
f 2837 2836 2906 2929
f 2937 2823 2837 2929
f 4015 2857 2838 4013
f 4025 4581 2840 2918
f 3974 3975 2841 4403
f 2841 3975 4012 2839
f 2844 2842 2843 2902
f 2843 2876 2877 2884
f 2843 2842 4027 2876
f 2844 4032 4031 2842
f 2894 2845 2846 2899
f 2845 2894 2974 3045
f 2846 2900 2901 2899
f 2846 2971 4714 2900
f 2847 2953 2954 2848
f 4595 2772 2848 2927
f 2849 2995 3005 2878
f 4633 2851 2850 2950
f 2931 2925 2852 2737
f 2853 2852 2925 2933
f 2853 4264 4259 2798
f 2854 2826 3003 2992
f 4301 2912 2855 4302
f 2856 2855 2913 2951
f 2856 2951 2952 2862
f 2857 4015 4040 2858
f 2859 2794 2860 2861
f 2859 4272 4265 2794
f 2861 2940 2893 2812
f 2861 2860 2942 2940
f 2953 2847 2862 2952
f 2863 2854 2992 2990
f 2863 2947 4014 2864
f 2864 4014 4015 4013
f 2884 2877 2865 2889
f 2865 2891 2923 2835
f 2866 2880 2879 2742
f 2866 2982 2983 2880
f 2866 2870 2993 2982
f 2867 2941 2942 2860
f 2868 2910 2900 2972
f 2915 2934 4675 2896
f 2870 2815 4283 2993
f 2903 2872 2871 2919
f 2872 2903 2890 2824
f 2873 2973 2968 2903
f 2874 4675 2955 2960
f 2958 2889 2875 3035
f 2875 2874 2960 3035
f 2877 2813 2891 2865
f 2965 2964 2880 2983
f 2880 2964 4290 2879
f 2881 2873 2903 2919
f 2881 2919 2962 3058
f 2963 2888 2881 3058
f 2919 2871 2882 2962
f 2883 2948 2941 2867
f 2883 2851 4633 2948
f 2902 2843 2884 2917
f 2884 2889 2958 2961
f 2884 2961 2975 2917
f 4034 2907 2885 2858
f 2907 2908 2886 2885
f 2969 2906 2886 2921
f 2970 2938 2887 2890
f 2888 2963 2959 2892
f 2890 2903 2968 2970
f 3005 3040 2891 2878
f 2891 3040 4038 2923
f 2985 2980 2893 2940
f 2896 2897 2895 2915
f 2895 2844 2902 2915
f 4032 2844 2895 4030
f 2898 2897 2896 2911
f 2935 2978 2896 4675
f 2966 2911 2896 2978
f 2897 2694 4030 2895
f 2898 2911 2922 2734
f 2974 2894 2899 3073
f 2967 2901 2900 2910
f 3073 2899 2901 3043
f 2905 2882 2904 2920
f 2962 2882 2905 2979
f 2905 2924 2977 2979
f 2999 2929 2906 2969
f 2907 4028 4029 2908
f 2907 4034 4035 4028
f 2921 2886 2908 2922
f 2910 2868 2909 4572
f 2910 2938 2939 2967
f 2913 2855 2912 2914
f 2914 2987 2988 2913
f 2914 2912 4297 2989
f 2915 2902 2917 3044
f 3011 2934 2915 3044
f 2916 2892 2959 4010
f 2976 3059 2916 4010
f 4009 4406 2916 3070
f 3049 4025 2918 4039
f 4037 4039 2918 2943
f 2924 2905 2920 3982
f 3016 2969 2921 2966
f 2966 2921 2922 2911
f 4029 2734 2922 2908
f 2977 2924 4687 3013
f 2925 2931 2930 3008
f 4595 2927 2926 2751
f 2928 2926 2927 3019
f 2927 2848 2954 3019
f 2928 3019 3020 3029
f 3023 3021 2928 3029
f 2986 3041 2930 2932
f 2930 3041 3042 3008
f 2932 2930 2931 4689
f 2932 2810 2981 2986
f 2933 2925 3008 4688
f 4264 2853 2933 4263
f 2955 4675 2934 3011
f 2936 3015 3010 2935
f 2937 2929 2999 3014
f 2937 3014 3015 2936
f 2938 2970 3034 2939
f 4572 2887 2938 2910
f 2941 3078 3009 2942
f 2985 2940 2942 3009
f 4038 4037 2943 2923
f 2945 2946 2944 2947
f 2944 3984 3997 4404
f 2944 4404 4014 2947
f 4687 2924 2946 2945
f 3982 3985 2946 2924
f 2946 3985 3984 2944
f 2947 2863 2990 2945
f 3001 3061 2948 4633
f 2948 3061 3078 2941
f 2949 3017 3018 3030
f 2950 3000 3001 4633
f 2950 2949 3030 3000
f 2951 2913 2988 3012
f 2952 2951 3012 4296
f 4296 4295 2953 2952
f 2954 3063 3020 3019
f 4295 3063 2954 2953
f 4710 3022 3024 3032
f 3973 3974 4710 3004
f 2956 3974 4403 2957
f 3031 2961 2958 3037
f 2960 3084 3036 3035
f 2960 2955 3081 3084
f 3056 3058 2962 3039
f 2963 3057 3969 2959
f 2964 2965 2998 2989
f 4297 4290 2964 2989
f 2965 2983 3046 3052
f 3048 2998 2965 3052
f 2967 2939 3002 4274
f 3043 2901 2967 4274
f 2969 3016 3051 2999
f 3027 3034 2970 2968
f 4258 4261 4714 2971
f 4260 3076 4714 4261
f 2972 3076 4279 4284
f 2973 3026 3027 2968
f 4401 3026 2973 4583
f 3042 3045 4688 3008
f 2974 3073 3075 4262
f 4263 2933 4688 4262
f 2975 2961 3031 3113
f 3044 2917 2975 4036
f 2975 3113 3115 4036
f 4687 2945 2990 3059
f 3038 2979 2977 3013
f 2978 2935 3010 3028
f 2978 3028 3016 2966
f 2979 3038 3039 2962
f 2981 2893 2980 2984
f 3046 2983 2982 2994
f 2986 2981 2984 3047
f 2984 2980 4446 3119
f 2985 4268 4446 2980
f 2987 2914 2989 2998
f 2987 2998 3048 4293
f 3055 3012 2988 4292
f 2988 2987 4293 4292
f 2990 2992 3066 3059
f 3069 3066 2992 3003
f 2994 2982 2993 3033
f 4282 3033 2993 4283
f 3032 4686 2994 3033
f 2995 2996 2997 3006
f 4581 4025 2996 2821
f 2997 3050 3118 3006
f 2997 2996 4025 3049
f 3000 3067 3062 3001
f 3000 3030 4442 3067
f 3002 2939 3004 4710
f 3002 4710 3032 4281
f 3002 4281 4280 4274
f 4008 3069 3003 2991
f 3034 3976 3004 2939
f 3006 3007 3005 2995
f 3079 3040 3005 3007
f 3007 3114 3104 3079
f 3118 3114 3007 3006
f 3009 3078 3077 4267
f 3009 4267 4268 2985
f 3090 3054 3010 3015
f 3011 3082 3081 2955
f 4036 3082 3011 3044
f 4294 4296 3012 3055
f 3013 2976 3968 4007
f 4006 3038 3013 4007
f 3014 2999 3051 3068
f 3068 3090 3015 3014
f 3016 3028 3065 3051
f 3018 3042 3041 3053
f 3045 3042 3018 3017
f 3018 3053 3071 3108
f 3018 3108 4442 3030
f 3022 2956 3021 3023
f 3024 3022 3023 3025
f 4277 3025 3023 3029
f 3046 2994 4686 3052
f 4276 4275 3024 3025
f 4686 4275 4278 3052
f 4255 4276 3025 4277
f 3072 3027 3026 3970
f 3080 3034 3027 3072
f 3028 3010 3054 3065
f 3064 4277 3029 3020
f 3032 3033 4282 4281
f 3034 3080 4402 3976
f 3035 3036 3037 2958
f 3037 3036 3086 4005
f 3037 4005 3112 3031
f 3112 3039 3038 4006
f 3041 2986 3047 3053
f 3071 3053 3047 3116
f 3119 3116 3047 2984
f 3048 3052 4278 4289
f 3050 2997 3049 4603
f 3049 4039 3097 4603
f 3087 3089 3051 3065
f 3087 3065 3054 3093
f 3092 3093 3054 3090
f 3055 4292 3122 4250
f 3055 4250 4249 4294
f 3056 4005 3086 3057
f 3056 3039 3112 4005
f 3058 3056 3057 2963
f 3057 3086 3085 3969
f 3059 3066 3070 2916
f 3060 3077 3078 3061
f 3106 3101 3060 3062
f 3062 3060 3061 3001
f 3064 3020 3063 4287
f 3064 4287 4253 4254
f 3091 3089 3066 3069
f 3106 3062 3067 3107
f 3110 3107 3067 4442
f 3068 3051 3089 3091
f 3089 3087 3070 3066
f 3070 3087 3093 4009
f 3071 3111 3109 3108
f 3071 3116 3117 3111
f 3072 3970 3104 3114
f 3073 3043 3074 3075
f 3074 3043 4274 4280
f 3075 3074 3076 4260
f 4263 4262 3075 4260
f 3076 3074 4280 4279
f 3077 3099 3100 4267
f 3101 3099 3077 3060
f 3079 3103 4038 3040
f 3080 3072 3114 3118
f 3083 3081 3082 3088
f 3082 4036 3115 3088
f 3084 3081 3083 3085
f 3968 3967 3083 3088
f 3083 3967 3969 3085
f 3084 3085 3086 3036
f 3091 3092 3090 3068
f 3091 3069 4008 3092
f 3092 4008 4009 3093
f 3094 3096 3098 3972
f 3094 3972 4011 4636
f 3096 3094 3095 3102
f 3095 3976 4402 3102
f 3095 3094 4636 3973
f 3098 3096 3097 4024
f 3097 3096 3102 4603
f 4037 4024 3097 4039
f 3103 3105 3098 4024
f 4249 3100 3099 4252
f 3099 3101 4253 4252
f 4254 4253 3101 3106
f 3104 3105 3103 3079
f 3970 3971 3105 3104
f 3972 3098 3105 3971
f 4254 3106 3107 4255
f 3108 3109 3110 4442
f 3109 3111 4278 4275
f 3110 4276 4255 3107
f 4275 4276 3110 3109
f 4289 4278 3111 3117
f 3113 3031 3112 4006
f 3113 4006 4007 3115
f 3968 3088 3115 4007
f 3119 3120 3117 3116
f 3123 4289 3117 3120
f 4402 3080 3118 3050
f 3121 3120 3119 4446
f 3120 3121 3122 3123
f 4268 4251 3121 4446
f 4251 4250 3122 3121
f 3122 4292 4293 3123
f 3125 3126 3124 360
f 3125 3931 4171 3126
f 3126 4154 4153 3124
f 4073 3128 3127 4465
f 3127 4471 4470 4465
f 4053 852 3128 4054
f 4508 3130 3129 4504
f 3131 3129 3130 4494
f 3129 3131 4503 4504
f 2267 3132 2160 4661
f 3134 3135 3133 3136
f 3204 3201 3133 3135
f 3150 11 3134 3484
f 3136 3 3474 3473
f 3484 3134 3136 3473
f 3137 3138 3139 3291
f 3137 3291 3290 3292
f 3137 3292 4323 3276
f 3142 3139 3138 3273
f 3276 3275 3138 3137
f 3280 3273 3138 3275
f 3139 3141 3140 3291
f 3290 3291 3140 3310
f 3299 3316 3140 3141
f 3140 3316 3314 3310
f 3141 3139 3142 3282
f 3141 3282 3297 3299
f 3652 4615 3149 3651
f 3151 3152 3150 3484
f 3199 3198 3150 3152
f 3473 3487 3151 3484
f 3501 3152 3151 3502
f 3153 3154 3155 3168
f 4308 4315 3153 3168
f 3154 3153 3247 3256
f 3302 3155 3154 3251
f 3155 3302 3285 3284
f 3157 3158 3156 652
f 3345 3158 3157 3323
f 3158 3345 3343 3336
f 3160 3161 3159 3344
f 3357 3356 3159 3358
f 3358 3159 3161 4640
f 4321 4584 3161 3160
f 3243 3244 3162 3241
f 3164 3162 3163 3165
f 3238 3165 3163 3847
f 3163 3162 3244 1386
f 3166 3167 3164 3165
f 3164 3242 3241 3162
f 3164 3167 3295 3242
f 3238 679 3166 3165
f 3293 3167 3166 3317
f 3167 3293 3294 3295
f 3284 3286 3168 3155
f 3169 4324 3239 3170
f 3169 3284 3285 4324
f 3286 3284 3169 3171
f 3171 3169 3170 3172
f 3170 3296 3303 3172
f 3171 3172 3274 4309
f 3272 3274 3172 3303
f 3173 3175 3176 3552
f 3177 3179 3173 3552
f 3556 3174 3173 3179
f 3175 3173 3174 3561
f 3175 3549 3550 3176
f 3176 3524 3526 3552
f 3178 3179 3177 3554
f 3526 3551 3177 3552
f 3553 3554 3177 3551
f 3556 3179 3178 3557
f 3180 3183 3184 102
f 3182 3180 3181 3483
f 4480 4479 3181 4515
f 3183 3180 3182 3187
f 3457 3480 3182 3483
f 3182 3480 3482 3187
f 3184 3183 3186 3467
f 3185 3478 3188 3194
f 3185 3194 3463 3186
f 3187 3185 3186 3183
f 3187 3482 3478 3185
f 3188 3189 3190 3192
f 3188 3478 3479 3189
f 3460 3477 3189 3479
f 3189 3477 3475 3190
f 3190 3475 3476 3191
f 3192 3190 3191 562
f 3784 562 3191 3782
f 3192 3193 3194 3188
f 3463 3194 3193 3464
f 3554 3553 3195 3196
f 4628 197 3197 3438
f 3198 3199 3200 3214
f 3198 3214 3213 12
f 3501 4316 3199 3152
f 3210 3214 3200 3530
f 3529 3530 3200 4347
f 3200 3199 4316 4347
f 3204 3205 3202 3201
f 3207 3203 3202 3205
f 3203 3207 4606 3398
f 3209 3206 3205 3204
f 3207 3205 3206 3208
f 3206 3232 3231 3208
f 3207 3208 3379 4606
f 3380 3379 3208 3231
f 3232 3206 3209 4331
f 3212 3210 3211 3217
f 3211 3210 3530 3531
f 3212 3213 3214 3210
f 3215 3213 3212 3227
f 3228 3227 3212 3217
f 3213 3215 3216 12
f 3378 3377 3215 3227
f 3215 3377 4331 3216
f 3531 90 3217 3211
f 3222 3606 3218 3220
f 3220 3218 3219 3225
f 3219 204 4600 3224
f 3220 113 3221 3222
f 3613 3222 3221 4313
f 3222 3613 3599 3606
f 3228 81 3378 3227
f 3229 3230 3231 3232
f 3229 3377 3378 85
f 3231 3230 3375 3380
f 3377 3229 3232 4331
f 3233 3234 3235 4646
f 3243 3241 3233 4646
f 3236 3235 3234 3237
f 3240 3239 3234 3233
f 3246 3235 3236 3245
f 3257 3245 3236 4317
f 3236 3237 3301 4317
f 3239 4324 3237 3234
f 3237 4324 3285 3301
f 3320 651 3238 3847
f 3239 3240 3296 3170
f 3241 3242 3240 3233
f 3296 3240 3242 3295
f 4318 1375 3245 3257
f 3246 1378 4646 3235
f 3254 3256 3247 3249
f 4315 3248 3247 3153
f 3249 3247 3248 3250
f 3248 3271 3270 3250
f 3304 3271 3248 4315
f 3251 3154 3256 3252
f 3258 3302 3251 3253
f 3253 3251 3252 4319
f 3254 3255 3252 3256
f 3260 4319 3252 3255
f 3257 3258 3253 4318
f 3259 4318 3253 4319
f 3267 3255 3254 2060
f 4317 3301 3258 3257
f 3260 3261 3259 4319
f 3260 3255 3267 3266
f 3266 3263 3261 3260
f 3262 3261 3263 3264
f 3265 3266 3267 3268
f 3268 2059 4103 3265
f 3269 3270 3271 3277
f 3279 3658 3269 3277
f 3305 3277 3271 3304
f 3272 3142 3273 3274
f 3282 3142 3272 3283
f 3272 3303 3294 3283
f 3274 3273 3280 4309
f 3275 3289 4307 3280
f 3276 3287 3289 3275
f 3276 4323 4325 3287
f 3278 3279 3277 3305
f 3278 3308 4326 3657
f 4306 4309 3280 4307
f 3282 3283 3281 3297
f 3294 3293 3281 3283
f 3298 3297 3281 3318
f 3317 3318 3281 3293
f 3286 4306 4308 3168
f 3286 3171 4309 4306
f 3288 3289 3287 3308
f 3288 3305 3304 4322
f 3288 4322 4307 3289
f 3309 3306 3290 3310
f 3306 3307 3292 3290
f 3294 3303 3296 3295
f 3299 3297 3298 3300
f 3300 3315 3316 3299
f 3302 3258 3301 3285
f 3304 4315 4308 4322
f 3305 3288 3308 3278
f 3311 672 3307 3306
f 4323 3292 3307 4605
f 4325 4326 3308 3287
f 3311 3306 3309 3312
f 3314 3313 3309 3310
f 3311 3312 4361 673
f 3321 488 3330 3322
f 3323 3160 3344 3345
f 3324 3325 3326 3327
f 3325 3322 3330 3329
f 3325 3329 4328 3326
f 3346 3327 3326 3348
f 3327 128 3654 3324
f 3328 3329 3330 478
f 3333 3331 3332 3337
f 3334 3335 3332 3331
f 3332 3338 3339 3337
f 3340 3338 3332 3335
f 3334 580 3336 3335
f 3343 3340 3335 3336
f 3338 3340 3341 3353
f 3353 3352 3339 3338
f 3340 3343 3342 3341
f 3354 3353 3341 3355
f 3342 3356 3355 3341
f 3344 3342 3343 3345
f 3344 3159 3356 3342
f 3349 4575 3346 3348
f 3346 4575 3373 88
f 3371 3370 3347 3351
f 3372 3349 3347 3370
f 3348 3326 4328 156
f 3349 3372 3374 4575
f 3351 3350 3368 3371
f 3352 3353 3354 3366
f 3352 3366 3368 3350
f 3354 3355 3364 3367
f 3356 3357 3364 3355
f 3357 3358 3359 3362
f 3363 3362 3359 3361
f 3361 3360 3397 3396
f 3364 3357 3362 3393
f 3363 3392 3393 3362
f 3396 3411 3363 3361
f 3364 3393 3388 3367
f 3365 3367 3388 3390
f 3408 3369 3365 3390
f 3367 3365 3366 3354
f 3369 3368 3366 3365
f 3369 3386 3371 3368
f 3370 3371 3386 3384
f 3382 3374 3372 3385
f 3384 3385 3372 3370
f 3374 3381 3373 4575
f 3376 3224 4600 4330
f 3381 3374 3382 3383
f 3403 3402 3382 3385
f 3383 3382 3402 26
f 4334 50 3383 26
f 3384 3386 3387 3404
f 3385 3384 3404 3403
f 3386 3369 3408 3387
f 3387 3405 3406 3404
f 3389 3390 3388 3391
f 3392 3391 3388 3393
f 3409 3410 3389 3391
f 3390 3389 3407 3408
f 3392 3412 3409 3391
f 3411 3412 3392 3363
f 3394 3395 3396 3397
f 3394 3418 3417 3395
f 3411 3396 3395 3413
f 3400 3401 3402 3403
f 3400 3403 3404 3406
f 3405 3387 3408 3407
f 3423 3421 3405 3407
f 3406 3419 3420 3400
f 3406 3405 3421 3419
f 3410 3423 3407 3389
f 3415 4332 3409 3412
f 4332 4333 3410 3409
f 3415 3412 3411 3413
f 3417 3414 3413 3395
f 3415 3413 3414 3425
f 3426 3425 3414 3427
f 3416 3417 3418 217
f 3417 3416 3427 3414
f 3420 3419 3432 3433
f 3421 3422 3432 3419
f 3422 3421 3423 3429
f 3422 3431 3428 3432
f 3423 3410 4333 3429
f 3424 3425 3426 3436
f 3424 4543 4333 4332
f 4548 4543 3424 3436
f 4332 3415 3425 3424
f 3426 3434 3435 3436
f 3426 3427 4628 3434
f 3428 4506 3433 3432
f 3428 68 4525 4506
f 3429 3430 3431 3422
f 3429 4333 4543 3430
f 3438 3437 3434 4628
f 3437 117 3435 3434
f 4582 3437 3438 182
f 3440 3441 3439 4531
f 3439 3445 3444 4531
f 4495 70 3440 4527
f 3442 3443 3444 3445
f 3446 3443 3442 4623
f 3442 4632 4337 4623
f 3443 4549 4532 3444
f 4533 138 3445 3439
f 4339 4537 3446 4623
f 3446 3455 4549 3443
f 3448 266 3447 4337
f 4338 4339 3447 3449
f 3458 4338 3449 3450
f 3450 4639 3459 3458
f 3455 3457 3452 4549
f 3457 3483 3453 3452
f 3454 66 4340 4532
f 3454 4532 4549 3452
f 4537 3456 3455 3446
f 3457 3455 3456 3480
f 4341 3481 3456 4537
f 3460 3458 3459 3477
f 3461 3462 3459 4639
f 3481 4341 3460 3479
f 3460 4341 4338 3458
f 3461 4376 3741 3754
f 3751 3462 3461 3754
f 3462 3751 3476 3475
f 3462 3475 3477 3459
f 3463 3464 3465 3466
f 3467 3186 3463 3466
f 3468 3467 3466 3493
f 3494 3493 3466 3465
f 3471 3184 3467 3468
f 3468 3491 3470 3471
f 3488 3472 3469 3489
f 3489 3469 3470 3490
f 3782 3191 3476 3753
f 3479 3478 3482 3481
f 3481 3482 3480 3456
f 4479 3453 3483 3181
f 3502 3151 3487 3485
f 3488 4552 4344 77
f 3489 3490 3499 4594
f 3489 4594 4552 3488
f 3491 3492 3490 3470
f 3491 3468 3493 3496
f 3491 3496 3498 3492
f 3499 3490 3492 3500
f 3492 3498 3508 3500
f 3493 3494 3495 3496
f 3495 3507 3498 3496
f 3495 3497 3505 3507
f 3499 3504 3503 4594
f 3500 3520 3504 3499
f 3501 4348 3513 4316
f 3503 3514 4345 4342
f 3504 3515 3514 3503
f 3506 3507 3505 3523
f 3527 3523 3505 3509
f 3521 3508 3506 3525
f 3507 3506 3508 3498
f 3508 3521 3520 3500
f 3528 3527 3509 3510
f 3511 3512 3513 4349
f 3511 3534 3567 3512
f 3512 3567 3529 4347
f 3512 4347 4316 3513
f 3514 3515 3516 3543
f 3520 3522 3515 3504
f 3522 3544 3516 3515
f 3542 3543 3516 3540
f 3516 3544 3545 3540
f 3518 3519 3517 4346
f 3517 4343 4342 4345
f 3536 3535 3518 4346
f 3519 79 4343 3517
f 3522 3520 3521 4351
f 3521 3525 3550 4351
f 3523 3524 3525 3506
f 3526 3524 3523 3527
f 3524 3176 3550 3525
f 3551 3526 3527 3528
f 3531 3530 3529 3532
f 3529 3567 3568 3532
f 3533 3535 3536 3538
f 4354 3570 3533 3538
f 3535 3533 3534 3511
f 3534 3533 3570 3566
f 4349 3518 3535 3511
f 3538 3536 3537 3539
f 3543 3542 3537 4350
f 4346 4350 3537 3536
f 3539 3537 3542 4352
f 3575 3574 3539 4352
f 3539 3574 4354 3538
f 3542 3540 3541 4352
f 3541 3540 3545 3564
f 3575 4352 3541 3565
f 3543 4350 4345 3514
f 4351 3546 3544 3522
f 3545 3544 3546 3548
f 3547 3548 3546 3549
f 3546 4351 3550 3549
f 3563 4590 3548 3547
f 3564 3545 3548 4590
f 3561 3547 3549 3175
f 3554 3196 3559 3178
f 3555 3556 3557 3558
f 3555 3558 3587 3586
f 4565 3560 3555 3586
f 3556 3555 3560 3174
f 3559 4353 3557 3178
f 3557 4353 3589 3558
f 3560 3562 3561 3174
f 3560 4565 3584 3562
f 3561 3562 3563 3547
f 3563 3562 3584 3582
f 3565 3541 3564 3578
f 3565 3576 3572 3575
f 3567 3534 3566 3568
f 3566 3570 3571 3569
f 3635 3571 3570 4354
f 3571 3635 3632 3631
f 3571 3631 3634 3569
f 3572 3573 3574 3575
f 3572 3626 3636 3573
f 3637 3626 3572 3576
f 3573 3636 3632 3635
f 3573 3635 4354 3574
f 3578 3577 3576 3565
f 3623 3625 3577 3579
f 3637 3576 3577 3625
f 3579 3577 3578 3581
f 4590 3581 3578 3564
f 3580 3579 3581 3582
f 3584 3583 3580 3582
f 3623 3579 3580 4604
f 3640 4604 3580 3583
f 4590 3563 3582 3581
f 4565 3641 3583 3584
f 3586 3587 3585 4637
f 3585 3590 4359 3645
f 3586 4637 3641 4565
f 3589 3588 3587 3558
f 3590 3585 3587 3588
f 3652 3588 3589 4615
f 4616 4615 3589 4353
f 3590 3588 3652 3650
f 3590 3650 4355 4359
f 3592 3593 3591 3594
f 3598 3594 3591 880
f 3607 3618 3593 3592
f 4314 3591 3593 3617
f 3615 3592 3594 3659
f 4356 3659 3594 3598
f 3608 3615 3595 3614
f 3595 3615 3659 639
f 3596 638 3597 3603
f 3596 3603 4358 547
f 3598 879 4482 4356
f 3600 3601 3599 3613
f 3604 3601 3600 3612
f 3611 3612 3600 4357
f 3605 3599 3601 4560
f 3603 3597 3602 3604
f 3612 4358 3603 3604
f 4560 3601 3604 3602
f 3606 3599 3605 3662
f 3607 3592 3615 3608
f 3609 3607 3608 3610
f 3609 3619 3618 3607
f 3614 546 3610 3608
f 3620 3609 3610 3622
f 3628 3629 3611 3633
f 3611 4357 3630 3633
f 3612 3611 3629 4358
f 3613 4313 4357 3600
f 3616 3618 3619 3644
f 3643 3646 3616 3644
f 3618 3616 3617 3593
f 3646 3648 3617 3616
f 3620 3621 3619 3609
f 3623 4604 3621 3620
f 3621 3642 3644 3619
f 3623 3620 3622 3625
f 3625 3622 3624 3637
f 3624 3627 3626 3637
f 3626 3627 3628 3636
f 3627 545 3629 3628
f 3628 3633 3632 3636
f 3630 3631 3632 3633
f 3630 3223 3634 3631
f 4313 3223 3630 4357
f 3640 3638 3639 3642
f 3639 3643 3644 3642
f 3639 3638 3647 3643
f 3641 3638 3640 3583
f 3647 3638 3641 4637
f 3642 3621 4604 3640
f 4637 3585 3645 3647
f 3647 3645 3646 3643
f 4359 3648 3646 3645
f 4355 965 3648 4359
f 3649 4360 4355 3650
f 3651 3649 3650 3652
f 3655 872 3656 4327
f 4605 754 3655 4327
f 3656 4326 4325 4327
f 3660 639 3659 4356
f 3660 4481 4497 640
f 3661 431 4560 3602
f 3672 3671 3663 835
f 4546 4545 3664 1690
f 3667 2293 3670 4363
f 3684 3671 3672 3686
f 3672 3682 3687 3686
f 3675 3674 3673 704
f 3674 3675 3683 3697
f 3674 3697 4370 4368
f 3677 383 3676 3678
f 4369 507 3677 3695
f 3678 3692 3695 3677
f 3680 717 3741 4376
f 3681 3699 3687 3682
f 3683 3685 3696 3697
f 3685 3683 3684 3686
f 3685 3686 3687 3688
f 3698 3696 3685 3688
f 3700 3688 3687 3699
f 3688 3700 3711 3698
f 3689 3690 3691 4370
f 3697 3696 3689 4370
f 3689 3696 3698 3702
f 3690 748 3692 3691
f 3702 3701 3690 3689
f 3693 3691 3692 3678
f 3692 748 3694 3695
f 3693 4368 4370 3691
f 3694 747 3740 715
f 4369 3695 3694 715
f 3705 3706 3699 3681
f 3700 3699 3706 3707
f 3709 3711 3700 3707
f 3703 3701 3702 3715
f 3711 3715 3702 3698
f 3713 803 3703 3714
f 3712 3747 3704 802
f 3704 3747 3746 3738
f 3708 3707 3706 4626
f 3709 3707 3708 3720
f 3719 3710 3709 3720
f 3711 3709 3710 3715
f 3712 3718 3742 3747
f 3718 3712 3713 3716
f 3715 3710 3714 3703
f 3714 4373 3716 3713
f 3719 4373 3714 3710
f 3716 4373 3728 3717
f 3718 3716 3717 4372
f 3745 4372 3717 4476
f 4475 4476 3717 3728
f 3718 4372 4371 3742
f 3719 3720 3721 3726
f 3720 3708 3724 3721
f 3721 3723 3727 3726
f 3724 3722 3723 3721
f 3723 3722 3725 3731
f 3729 3727 3723 3731
f 4626 4618 3724 3708
f 3734 3731 3725 3735
f 3726 3728 4373 3719
f 3728 3726 3727 4475
f 3727 3729 3730 4475
f 3729 3732 3733 3730
f 4374 3743 3730 3733
f 3730 3743 4476 4475
f 3732 3729 3731 3734
f 4553 4567 3733 3732
f 3733 4567 4610 4374
f 3734 3736 4553 3732
f 3735 1695 3736 3734
f 4540 4553 3736 1697
f 3739 716 3738 3750
f 3740 3704 3738 716
f 3738 3746 4379 3750
f 3749 3748 3739 3750
f 3741 3739 3748 3754
f 3742 4380 3746 3747
f 3743 3744 3745 4476
f 3744 3743 4374 4564
f 4538 3762 3744 4564
f 3745 3744 3762 3759
f 3748 3752 3751 3754
f 3752 3748 3749 3777
f 3778 3749 3750 4379
f 3751 3752 3753 3476
f 3777 4619 3753 3752
f 3756 3757 3755 3758
f 3760 3761 3755 3757
f 3755 3761 3773 3774
f 4381 4380 3756 3758
f 3757 3756 4371 3759
f 3774 4631 3758 3755
f 3760 3757 3759 3762
f 3759 4371 4372 3745
f 3760 3763 3769 3761
f 3771 3773 3761 3769
f 3763 3760 3762 4538
f 3764 3765 3763 4538
f 3764 4377 4378 3765
f 3764 4563 4514 4377
f 4564 4563 3764 4538
f 3768 3770 3765 4378
f 3765 3770 3769 3763
f 3766 3789 3772 3767
f 3767 3772 3770 3768
f 3768 4378 4536 2000
f 3771 3769 3770 3772
f 3772 3789 4382 3771
f 3773 3776 3775 3774
f 4382 3776 3773 3771
f 3777 3749 3778 3779
f 3786 4619 3777 3779
f 3780 3779 3778 3781
f 3778 4379 4381 3781
f 3787 3786 3779 3780
f 3780 3781 4631 1130
f 3782 3753 4619 3783
f 3784 3782 3783 3790
f 4619 3786 3785 3783
f 3789 3766 3788 1784
f 3799 3797 3796 3805
f 3798 2234 3797 3799
f 3804 3802 3798 3799
f 3803 3802 3804 2199
f 3805 2200 3804 3799
f 3810 1009 3811 974
f 3815 2102 4385 2071
f 3817 3815 3816 3818
f 3904 3919 3817 3818
f 3887 3901 3818 3816
f 3898 3904 3818 3901
f 3851 3870 3819 3821
f 3819 3870 3871 3872
f 3819 3872 3874 3820
f 3821 3819 3820 3875
f 3820 3874 3867 3869
f 3820 3869 4389 3875
f 3822 648 3821 3875
f 3823 3825 3826 3908
f 3825 3823 3824 3840
f 3825 3891 3922 3826
f 3906 3908 3826 3909
f 3828 3829 3827 3848
f 3827 3829 3923 3924
f 3830 3831 3829 3828
f 3832 3833 3830 3828
f 3831 3830 3918 3909
f 3831 3922 3923 3829
f 3832 3828 3848 3920
f 3914 3917 3832 3920
f 3916 3833 3832 3917
f 3918 3830 3833 3919
f 3834 911 3860 3882
f 3834 3882 3883 1042
f 3896 4383 3836 3837
f 3894 3895 3837 644
f 3839 714 3838 1145
f 3840 3839 3891 3825
f 3844 3846 3841 3843
f 3842 3841 3846 1816
f 3848 3927 3915 3920
f 3926 3927 3848 3827
f 3884 2402 3849 2215
f 3849 3911 3921 3850
f 3850 3921 3925 4396
f 3854 3883 3878 4393
f 4559 456 3856 442
f 3860 762 3859 3861
f 3859 3857 4386 4387
f 3861 3879 3882 3860
f 4387 3881 3861 3859
f 3870 3862 3863 3871
f 3866 405 3864 3868
f 3865 3872 3871 449
f 3866 3868 3867 3874
f 3872 3865 3866 3874
f 3870 3851 3873 3862
f 4592 687 3873 4390
f 3876 3889 3890 3877
f 3877 3890 4393 3878
f 3878 3879 3880 3877
f 3881 3880 3879 3861
f 3883 3882 3879 3878
f 3886 3885 3887 3816
f 4394 3903 3887 3885
f 3893 3892 3889 3876
f 3890 3889 3902 3903
f 3890 3903 4394 4393
f 3892 3899 3902 3889
f 3892 3893 4391 4602
f 4390 4391 3893 4592
f 3908 3895 3894 3823
f 3895 3897 3896 3837
f 3895 3908 3906 3897
f 3905 3900 3896 3897
f 3898 3899 3900 3905
f 3898 3901 3902 3899
f 4602 3900 3899 3892
f 4383 3896 3900 4602
f 3901 3887 3903 3902
f 3905 3907 3904 3898
f 3904 3907 3918 3919
f 3906 3907 3905 3897
f 3909 3918 3907 3906
f 3909 3826 3922 3831
f 3911 2458 3912 3921
f 3913 3915 4397 3888
f 3915 3913 3914 3920
f 3915 3927 3925 4397
f 3919 3833 3916 3817
f 3921 3912 4397 3925
f 3924 3910 3926 3827
f 3925 3927 3926 4396
f 4395 4396 3926 3910
f 4617 421 3929 222
f 3931 3928 3930 4171
f 4172 4171 3930 4173
f 3930 3928 4398 420
f 3937 153 3936 188
f 3939 3940 3938 860
f 3939 3948 3941 3940
f 3940 3943 3946 3938
f 3941 3942 3943 3940
f 3944 3942 3941 1023
f 3942 3944 3945 1282
f 3952 3938 3946 3950
f 3949 3951 3952 3950
f 3988 2627 3953 2655
f 3957 3956 3955 3954
f 3955 3956 3958 1885
f 3960 3962 3957 3954
f 3957 3962 3965 4003
f 3957 4003 4400 3956
f 3963 3964 3961 3990
f 3961 3964 3966 2089
f 3991 3992 3963 3990
f 3963 3992 3993 3994
f 4010 3967 3968 2976
f 3969 3967 4010 2959
f 4401 3971 3970 3026
f 4401 4011 3972 3971
f 3973 4636 3975 3974
f 3976 3095 3973 3004
f 4011 4012 3975 4636
f 3977 2622 3980 3978
f 3979 3977 3978 4000
f 3978 3980 3981 3998
f 3982 2730 3986 3985
f 3983 3984 3985 3986
f 3988 3989 3983 2674
f 3983 3989 3997 3984
f 3991 3995 3996 3992
f 3993 3992 3996 4002
f 4000 3978 3998 4405
f 4000 2748 3999 3979
f 4001 3999 4002 3996
f 4008 2991 4406 4009
f 4401 4583 4012 4011
f 4014 4404 4040 4015
f 4019 4017 4016 1700
f 4021 4023 4017 4019
f 4019 4018 4020 4021
f 4038 3103 4024 4037
f 4034 2858 4040 4407
f 4041 4068 4069 4067
f 4064 1116 4044 4066
f 4047 4048 4046 4408
f 4046 4050 4056 4408
f 4409 1635 4047 4408
f 4048 819 4049 4046
f 4048 1107 4055 819
f 4049 799 4050 4046
f 4051 4052 4053 4054
f 4052 1427 4060 4061
f 4061 4062 4053 4052
f 4054 4071 4072 4051
f 4054 3128 4073 4071
f 4056 4050 4059 4501
f 4056 4058 4409 4408
f 4057 4500 4412 4411
f 4501 4057 4058 4056
f 4059 4061 4060 4501
f 4062 4061 4059 784
f 4065 4063 4064 4066
f 4512 4063 4065 4473
f 4450 4065 4066 837
f 4070 837 4067 4069
f 4068 4072 4071 4069
f 4071 4073 4070 4069
f 4487 4507 4070 4467
f 4073 4465 4467 4070
f 4077 4414 4075 4076
f 4078 4652 4627 4534
f 4081 2499 4080 4428
f 4416 4415 4081 2472
f 4082 4083 4084 4085
f 4104 4083 4082 4106
f 4085 4613 4108 4082
f 4088 4087 4086 1855
f 4087 4088 4093 4510
f 4663 4093 4088 4609
f 4090 4079 4096 4092
f 4091 2090 4119 4120
f 4094 2357 4093 4116
f 4094 4116 4115 2337
f 4094 2256 4131 2357
f 4102 4101 4097 4105
f 4098 2484 4099 4100
f 4098 4109 4112 2555
f 4101 4102 4100 4099
f 4100 4107 4109 4098
f 4571 2214 4101 4099
f 4641 4097 4101 2214
f 4102 4106 4107 4100
f 4103 2059 4104 4105
f 4106 4102 4105 4104
f 4106 4082 4108 4107
f 4109 4107 4108 4110
f 4111 4112 4109 4110
f 4417 4426 4111 2321
f 4112 4111 4426 4113
f 4121 4122 4120 4119
f 4123 4124 4121 4119
f 4121 4127 4126 4122
f 4121 4124 4128 4127
f 4524 4124 4123 4129
f 4126 2604 4125 4122
f 4570 4524 4129 2217
f 4502 2358 4131 2255
f 4541 4542 4133 4434
f 4569 2093 4134 2097
f 4138 2276 4142 4593
f 4144 4145 4146 4143
f 4144 4149 4516 4145
f 4147 2603 4149 4144
f 4149 2591 4148 4516
f 4150 2140 4547 2362
f 4154 4155 4156 4153
f 4154 3126 4171 4172
f 4155 4154 4172 4157
f 4155 4159 4177 4156
f 4156 4177 4169 4168
f 4170 4153 4156 4168
f 4157 4158 4159 4155
f 4157 4172 4173 4175
f 4178 4158 4157 4175
f 4162 4164 4160 4163
f 4161 4162 4163 4648
f 4198 4162 4161 4197
f 4555 4648 4163 742
f 4198 4166 4164 4162
f 4167 691 4436 776
f 4178 4175 4174 4179
f 4174 4176 4180 4179
f 4182 4180 4176 4183
f 4179 4180 4181 728
f 4180 4182 4186 4181
f 4182 4184 4437 4186
f 4184 4182 4183 320
f 4185 4191 4190 4193
f 4188 4194 4195 4189
f 4190 4187 4189 4195
f 4190 4191 4192 4187
f 4193 4190 4195 4555
f 4555 4195 4194 4648
f 4196 4193 4555 742
f 4200 813 4198 4197
f 4202 4201 4203 1086
f 4202 4206 4205 1436
f 4204 1013 4207 1301
f 4207 4209 4208 1301
f 4210 4209 4207 921
f 4233 4229 4215 4241
f 4239 4241 4215 4235
f 4232 1396 4216 4231
f 4496 4493 4216 4601
f 4219 4218 4224 4223
f 4238 4229 4233 4439
f 4241 4242 4234 4233
f 4441 4247 4234 4242
f 4237 4238 4236 1105
f 4439 1775 4236 4238
f 4244 4240 4239 1394
f 4241 4239 4240 4242
f 4240 4244 4245 4246
f 4240 4246 4441 4242
f 4462 4441 4246 4245
f 4462 4463 4247 4441
f 4248 4247 4463 4474
f 4249 4250 4251 3100
f 4249 4252 4288 4294
f 4251 4268 4267 3100
f 4253 4287 4288 4252
f 4254 4255 4277 3064
f 4258 4259 4264 4261
f 4261 4264 4263 4260
f 4273 4266 4265 4272
f 4271 2811 4270 4269
f 4281 4282 4279 4280
f 4279 4282 4283 4284
f 4287 3063 4295 4288
f 4289 3123 4293 3048
f 4297 4298 4291 4290
f 4291 4298 4299 2687
f 4294 4288 4295 4296
f 4301 4298 4297 2912
f 4301 4303 4299 4298
f 4301 4302 4300 4303
f 4305 4304 4300 2769
f 4308 4306 4307 4322
f 4327 4325 4323 4605
f 4362 3657 4326 3656
f 4337 3447 4339 4623
f 4338 4341 4537 4339
f 4342 4343 4344 4552
f 4342 4552 4594 3503
f 4346 3517 4345 4350
f 4356 4482 4481 3660
f 4366 4365 4577 4630
f 4371 3756 4380 3742
f 4374 4610 4563 4564
f 4377 4577 4536 4378
f 4379 3746 4380 4381
f 4631 3781 4381 3758
f 4393 4394 4392 3854
f 4394 3885 4612 4392
f 4603 3102 4402 3050
f 4404 3997 4407 4040
f 4411 4412 4413 1785
f 4521 1843 4413 4412
f 4418 4431 4430 2055
f 4425 2438 4424 2342
f 4609 4607 4424 4663
f 4427 2573 4426 4417
f 4430 2413 4429 2324
f 4432 2358 4502 4132
f 4445 2795 4622 2746
f 4456 4484 4449 4461
f 4450 4472 4473 4065
f 4451 4452 4453 4489
f 4451 4469 4627 4652
f 4535 4453 4452 4685
f 4652 4653 4452 4451
f 4454 4455 4456 4485
f 4457 4455 4454 4624
f 4454 4459 4468 4624
f 4484 4456 4455 4585
f 4456 4461 4486 4485
f 4457 4586 4585 4455
f 4458 4459 4460 4490
f 4458 4469 4468 4459
f 4485 4460 4459 4454
f 4460 4492 4491 4490
f 4466 4467 4465 4470
f 4488 4487 4467 4466
f 4469 4451 4489 4468
f 4535 4627 4469 4458
f 4503 4512 4473 4504
f 4473 4472 4508 4504
f 4578 4477 4478 3947
f 4483 4481 4482 818
f 4497 4481 4483 4498
f 4485 4486 4492 4460
f 4494 3130 4487 4488
f 4487 3130 4508 4507
f 4490 4491 4489 4453
f 4624 4468 4489 4491
f 4535 4458 4490 4453
f 4492 4486 4586 4457
f 4492 4457 4624 4491
f 4501 4060 4500 4057
f 4500 1426 4521 4412
f 4573 20 4509 36
f 4512 4503 4561 1151
f 4567 4539 4513 4610
f 4577 4377 4514 4630
f 4514 4563 4610 4513
f 4638 853 4519 4722
f 4531 4340 4527 3440
f 4532 4340 4531 3444
f 4535 4685 4534 4627
f 4539 4567 4553 4540
f 4608 2377 4541 4434
f 4544 3430 4543 4548
f 4599 1862 4545 4546
f 4556 4618 4626 999
f 4614 58 4573 36
f 4579 4433 4580 4589
f 4597 1157 4651 4621
f 4658 4666 4656 956
f 771 4653 4652 4078
f 4721 4739 4738 4422
f 4725 4284 4730 2957
f 4724 2327 4731 2131
f 4673 1740 4659 4667
f 4674 1409 1359 1672
f 4675 2874 2869 2935
f 4676 2569 2571 2755
f 4677 1319 1397 2252
f 4678 1225 1380 1769
f 4679 3144 970 1738
f 4680 4464 864 1175
f 4681 430 427 433
f 4682 206 270 307
f 4683 2368 4662 2363
f 4684 1539 4660 1983
f 4685 4452 4653 642
f 4686 3032 3024 4275
f 4687 3059 2976 3013
f 4688 3045 2974 4262
f 4689 2931 2737 2647
f 4690 2610 2515 2636
f 4691 2421 2467 2373
f 4692 2595 2400 2495
f 4693 2201 2178 2475
f 4694 2036 2023 2328
f 4695 3667 1996 2171
f 4696 2179 1783 1698
f 4697 1733 1642 1714
f 4698 1584 1592 2004
f 4699 1657 1413 1381
f 4700 945 1054 1211
f 4701 1148 1041 1042
f 4702 793 822 1047
f 4703 763 762 3860
f 4704 931 750 4227
f 4705 603 597 667
f 4706 435 401 402
f 4707 340 221 284
f 4708 4737 4732 2422
f 4709 2136 2146 2403
f 4710 3974 2956 3022
f 4711 1832 1765 1684
f 4712 1738 1364 1347
f 4713 966 4650 1190
f 4714 3076 2972 2900
f 4715 2406 2407 2466
f 4716 2292 2364 2601
f 4717 1606 1611 1715
f 4718 1484 1391 1392
f 4719 572 475 494
f 4720 463 435 4706
f 4721 4732 4670 2194
f 4722 1422 732 4638
f 4723 2051 4708 2430
f 4724 2131 4672 4736
f 4725 2957 4671 2805
f 4726 4711 2070 2161
f 4727 1306 1252 1321
f 4728 340 353 401
f 4729 1832 4711 4726
f 4730 2815 2806 3021
f 4731 4399 2155 2129
f 4732 1980 1981 4670
f 4733 1155 1306 1363
f 4734 282 305 256
f 4735 4729 2343 2510
f 4736 4672 2146 1828
f 4737 1661 1980 4732
f 4738 2041 2193 4607
f 4739 2040 2041 4738
