v -0.00828609 -0.170989 -2.35082
v -0.0144771 -0.166704 -2.42083
v -0.00941447 -0.114876 -2.34918
v 0.0223539 -0.33013 -1.97971
v -0.00576471 -0.274134 -2.02483
v 0.0752788 -0.27624 -1.98987
v -0.00196017 -0.0545077 -2.01611
v -0.0107796 0.000563467 -2.00586
v 0.0473045 -0.0586071 -1.95933
v -0.0869884 0.478233 -1.95477
v -0.0700336 0.486081 -1.88912
v -0.0466456 0.423707 -1.87767
v -0.0246225 0.0615502 -2.40494
v -0.0393268 0.0650456 -2.47085
v -0.0441566 0.123057 -2.46427
v 0.0369751 4.49932e-05 -1.95063
v 0.0240166 0.0580901 -1.94313
v 0.0468674 -0.0122941 -1.88477
v -0.446609 -0.369231 -2.25112
v -0.374452 -0.365381 -2.18459
v -0.446084 -0.38288 -2.20354
v -0.0647103 -0.259005 -2.21679
v -0.0429247 -0.271297 -2.27173
v -0.034217 -0.223313 -2.2807
v -0.262273 -0.251142 -2.08191
v -0.253733 -0.246846 -2.03667
v -0.3244 -0.314093 -2.06578
v 0.0543765 -0.116729 -1.96716
v 0.0060575 -0.108611 -2.02467
v -0.0945731 0.549802 -1.89621
v -0.114012 0.53722 -1.96192
v -0.292287 0.723342 -1.99029
v -0.351856 0.75244 -2.00385
v -0.278033 0.746691 -1.9233
v -0.540711 0.792816 -2.53959
v -0.598537 0.80065 -2.57015
v -0.615148 0.817496 -2.50077
v -0.305538 0.616362 -2.07918
v -0.271871 0.648818 -2.02988
v -0.226916 0.609684 -2.0201
v -0.0560358 0.112142 -2.2732
v -0.0650269 0.169862 -2.26995
v -0.100698 0.106235 -2.22012
v -0.146626 0.594221 -1.9666
v -0.123265 0.612591 -1.90061
v -0.0540426 -0.611416 -1.55935
v -0.129605 -0.59745 -1.61015
v -0.0344531 -0.586452 -1.60752
v -0.140155 -0.0709463 -2.09107
v -0.126142 -0.0668318 -2.16695
v -0.142884 -0.0120925 -2.08989
v -0.0348041 0.00738623 -2.47734
v -0.0575186 0.0696736 -2.5357
v -0.630741 0.828188 -2.429
v -0.691061 0.835903 -2.46087
v -0.64803 0.815813 -2.36038
v -0.0647363 0.41835 -1.94487
v -0.0309011 0.35904 -1.8722
v -0.100626 0.467311 -2.43019
v -0.113486 0.525334 -2.37467
v -0.097404 0.467535 -2.37409
v -0.253121 0.52 -2.11497
v -0.202757 0.488311 -2.05266
v -0.230385 0.47255 -2.11017
v -0.0845675 0.40801 -2.31656
v -0.124473 0.457685 -2.26317
v -0.109629 0.40023 -2.26207
v -0.138073 0.581168 -2.38133
v -0.140823 0.576736 -2.43415
v -0.166849 0.633977 -2.39726
v -0.0980778 0.466836 -2.31637
v -0.321244 0.599052 -2.14002
v -0.362858 0.627914 -2.156
v -0.348484 0.648115 -2.09413
v -0.210227 0.688682 -2.36085
v -0.227779 0.680686 -2.29997
v -0.175336 0.636394 -2.3399
v -0.17614 0.620703 -2.45103
v -0.184401 0.599326 -2.50605
v -0.215513 0.626142 -2.5324
v -0.321283 0.682617 -2.04176
v -0.376673 0.708188 -2.05647
v -0.0964892 -0.541208 -1.69726
v -0.109966 -0.565667 -1.65259
v -0.213803 -0.558716 -1.69837
v -0.0815265 0.410451 -2.37547
v -0.0883546 0.411117 -2.43318
v -0.11307 -0.0319781 -2.6766
v -0.0837714 0.0175353 -2.60529
v -0.0827954 -0.0384967 -2.6129
v -0.571836 0.80954 -2.40114
v -0.55652 0.807233 -2.4706
v -0.634429 0.701963 -2.21623
v -0.615061 0.738365 -2.28138
v -0.689968 0.741388 -2.24093
v -0.537416 0.846514 -1.77203
v -0.537226 0.843884 -1.8473
v -0.606335 0.856781 -1.87054
v -0.327763 0.744916 -2.35251
v -0.35055 0.724704 -2.29135
v -0.274262 0.71918 -2.32558
v -0.749349 0.824054 -2.0592
v -0.679946 0.828713 -2.03898
v -0.68869 0.780081 -2.09853
v -0.212984 -0.179889 -2.05458
v -0.228285 -0.248687 -1.98837
v -0.135579 -0.16274 -1.99885
v -0.0893321 -0.241555 -1.95141
v -0.0493748 0.181499 -2.45743
v -0.0547369 0.239955 -2.45103
v -0.0369541 0.178927 -2.39378
v -0.377559 -0.353518 -2.23073
v -0.380876 -0.339381 -2.27595
v -0.316328 -0.322399 -2.25349
v -0.117262 -0.305551 -2.45929
v -0.142314 -0.28292 -2.52433
v -0.0702102 -0.302612 -2.48585
v -0.114515 0.21905 -2.03313
v -0.154621 0.15481 -2.08619
v -0.162366 0.209887 -2.08786
v -0.0296827 0.120312 -2.39926
v 0.004806 -0.55975 -1.65143
v -0.228702 -0.218448 -2.08499
v 0.0938223 -0.386995 -1.73351
v 0.0973396 -0.364451 -1.79417
v 0.0936913 -0.300326 -1.78608
v 0.0211183 0.108651 -1.87292
v 0.0259182 0.0975476 -1.80772
v 0.0381149 0.0346828 -1.81277
v -0.922145 0.866057 -2.34606
v -0.904407 0.875637 -2.41691
v -0.96702 0.880546 -2.44463
v -0.165745 0.322615 -2.15942
v -0.180962 0.319686 -2.09601
v -0.159177 0.267614 -2.16038
v -0.116771 -0.127717 -2.16585
v -0.0841578 -0.0636915 -2.22735
v -1.02956 0.88496 -2.0105
v -1.02639 0.83977 -2.07804
v -1.10038 0.875564 -2.02967
v -0.827263 0.858967 -2.45729
v -0.750111 0.842227 -2.49535
v -0.809303 0.848619 -2.52858
v -1.04865 0.851598 -2.6498
v -0.989373 0.854401 -2.62049
v -1.02527 0.835448 -2.72424
v -1.04792 0.89067 -2.39661
v -0.98394 0.883535 -2.37118
v -1.02978 0.881463 -2.47177
v -1.18094 0.905086 -1.98214
v -1.10826 0.912478 -1.96139
v -1.17547 0.884873 -2.44949
v -1.25877 0.873852 -2.397
v -1.19464 0.887017 -2.37077
v -0.939629 0.830558 -2.28168
v -1.01639 0.814047 -2.23528
v -0.953897 0.797006 -2.20926
v -1.00116 0.856148 -2.30215
v -1.47666 0.74487 -2.24689
v -1.41908 0.778425 -2.21448
v -1.41101 0.796082 -2.29397
v -1.42619 0.76322 -2.13205
v -1.29851 0.846382 -2.50335
v -1.37526 0.807866 -2.45087
v -1.31894 0.846655 -2.4242
v -1.21851 0.934897 -1.75965
v -1.22841 0.933039 -1.68414
v -1.1497 0.923744 -1.65973
v -1.42791 0.246669 -2.98638
v -1.38808 0.191234 -3.0745
v -1.40722 0.182905 -3.0005
v -1.53551 0.033414 -2.30604
v -1.53194 0.0401848 -2.37567
v -1.51066 -0.0397615 -2.32145
v -1.50034 -0.0291731 -2.38944
v -1.48537 -0.0171427 -2.45724
v -1.51463 0.13843 -2.5688
v -1.49826 0.14626 -2.63933
v -1.46896 0.0806071 -2.65172
v -1.73359 0.0866728 -1.83247
v -1.69961 -0.00478659 -1.77615
v -1.73171 0.0732619 -1.7586
v -1.75419 0.442988 -1.80432
v -1.73118 0.525069 -1.77153
v -1.75375 0.459691 -1.8827
v -1.42057 -0.150906 -2.41315
v -1.43193 -0.163767 -2.34629
v -1.47889 -0.107713 -2.33615
v -1.51737 0.0508643 -2.444
v -1.54562 0.12136 -2.43035
v -1.50135 0.0616387 -2.5123
v -1.61479 0.409661 -2.16455
v -1.61702 0.489836 -2.21225
v -1.62013 0.41469 -2.23364
v -1.53173 0.0126831 -2.09901
v -1.56224 0.0880261 -2.08963
v -1.50961 0.0258292 -2.1684
v -1.3391 -0.2792 -2.22762
v -1.27978 -0.318551 -2.23285
v -1.3475 -0.29289 -2.16275
v -1.52963 -0.162934 -2.01058
v -1.54165 -0.176225 -1.94622
v -1.58 -0.101033 -2.00383
v -1.6521 -0.0631891 -1.86117
v -1.65008 -0.0715031 -1.79005
v -1.69854 0.00762429 -1.84895
v -1.52394 0.695199 -2.27787
v -1.56179 0.636333 -2.30655
v -1.57216 0.631237 -2.23214
v -1.7556 0.286307 -1.94502
v -1.76201 0.373638 -1.91818
v -1.73881 0.387189 -1.99167
v -1.69979 0.216782 -2.03292
v -1.66357 0.137226 -2.0394
v -1.73785 0.200051 -1.96764
v -1.76187 0.325666 -1.68091
v -1.74654 0.408065 -1.65129
v -1.75118 0.425652 -1.7272
v -1.74671 0.142306 -1.66118
v -1.76194 0.241623 -1.70921
v -1.75128 0.157343 -1.73519
v -1.61203 0.500187 -2.35651
v -1.62182 0.495995 -2.28395
v -1.59167 0.571172 -2.33298
v -1.7329 0.543235 -1.84801
v -1.6553 0.695905 -1.78203
v -1.60603 0.786284 -1.82292
v -1.65522 0.715036 -1.85701
v -1.70165 0.56777 -1.99584
v -1.7289 0.559695 -1.92348
v -1.68165 0.650128 -1.96585
v -1.29618 -0.222076 -2.49014
v -1.33865 -0.168202 -2.55314
v -1.28243 -0.208829 -2.55713
v -1.4461 0.90773 -1.91255
v -1.53876 0.865677 -1.86541
v -1.46295 0.907343 -1.83663
v -1.4462 0.757852 -2.40151
v -1.46416 0.753314 -2.32484
v -1.39461 0.803615 -2.37286
v -1.48355 -0.11662 -2.268
v -1.06492 0.875782 -2.32359
v -1.13011 0.891086 -2.34567
v -1.14561 0.855383 -2.27537
v -1.38822 0.832 -2.03876
v -1.48246 0.832546 -2.00345
v -1.41825 0.87936 -1.98099
v -1.34628 0.910301 -1.95807
v -1.36582 0.925864 -1.88505
v -1.26959 0.923323 -1.93304
v -1.60181 0.56086 -2.18699
v -1.57862 0.627712 -2.15891
v -1.30877 -0.236525 -2.42391
v -1.36719 -0.19776 -2.41991
v -1.35432 -0.183829 -2.4867
v -1.49607 0.734265 -2.09151
v -1.44507 0.78403 -2.05696
v -1.60474 0.764417 -1.74787
v -1.54651 0.825833 -1.71467
v -1.69241 -0.293881 -0.402025
v -1.6784 -0.386869 -0.368521
v -1.6905 -0.320272 -0.342674
v -0.244159 -0.103487 -0.602637
v -0.24338 -0.20973 -0.559468
v -0.225573 -0.174458 -0.621015
v -0.232053 0.102627 -2.82905
v -0.2698 0.171351 -2.87265
v -0.229702 0.161699 -2.81828
v -1.12483 -0.0509688 -3.00308
v -1.21575 -0.0607848 -2.95301
v -1.18886 -0.033402 -3.01665
v -0.423535 -1.56295 -0.199812
v -0.491364 -1.56774 -0.201555
v -0.456342 -1.542 -0.270392
v -0.180565 0.395955 -1.24232
v -0.165588 0.422912 -1.31134
v -0.221422 0.453879 -1.24487
v -0.740005 -0.165851 0.0562344
v -0.702093 -0.124185 0.0118589
v -0.747618 -0.0691038 0.00777288
v -0.640972 -0.779747 0.235786
v -0.600697 -0.84573 0.229201
v -0.59571 -0.742113 0.205647
v -1.29717 0.651208 -3.26503
v -1.25401 0.695497 -3.2491
v -1.27687 0.658001 -3.33902
v -0.925089 0.38782 -3.54587
v -0.927372 0.456486 -3.509
v -0.871052 0.368833 -3.50296
v -1.18926 0.40429 -3.67411
v -1.24208 0.439507 -3.67519
v -1.19531 0.505784 -3.6763
v -1.13976 0.367974 -3.65052
v -1.09911 0.441845 -3.6514
v -1.06949 0.349535 -3.63056
v -0.865015 -1.11334 -0.328928
v -0.915501 -1.04277 -0.379844
v -0.866665 -1.10794 -0.401516
v -0.696502 -0.739869 -1.7006
v -0.781247 -0.72626 -1.68794
v -0.687711 -0.724896 -1.75836
v -1.70499 -0.132327 -0.404201
v -1.70287 -0.172158 -0.492061
v -1.70217 -0.19966 -0.433382
v -1.64556 -0.447228 -0.390515
v -1.64094 -0.420028 -0.450894
v -1.60728 -0.482117 -0.473224
v -1.35094 -0.53831 0.18805
v -1.30696 -0.589276 0.206858
v -1.25918 -0.544977 0.213963
v -0.120094 -0.138824 -2.68984
v -0.182734 -0.179496 -2.74736
v -0.16454 -0.132609 -2.74905
v -1.38987 0.645843 -0.623076
v -1.38341 0.680688 -0.68246
v -1.45626 0.669397 -0.702664
v -1.41986 0.850116 -1.35683
v -1.42503 0.838579 -1.2806
v -1.34354 0.877608 -1.32847
v -0.116112 0.465033 -2.48289
v -1.33732 0.693356 -2.94781
v -1.31728 0.696602 -3.02311
v -1.37767 0.641673 -2.96685
v -1.09786 0.713867 -3.27089
v -1.12749 0.726411 -3.20098
v -1.03735 0.704631 -3.238
v -1.12202 0.549826 -0.413572
v -1.11094 0.590459 -0.46788
v -1.17973 0.605912 -0.496
v -0.330762 0.000879457 -2.96066
v -0.358021 -0.0517802 -2.95223
v -0.383729 0.010012 -3.00829
v -1.47033 0.235144 -0.206222
v -1.43115 0.305934 -0.248777
v -1.47755 0.271503 -0.246882
v -0.279628 -1.2503 -0.628855
v -0.292216 -1.28464 -0.564969
v -0.308916 -1.31167 -0.654349
v -0.52037 0.487241 -3.10215
v -0.578505 0.490359 -3.1393
v -0.542233 0.539199 -3.05693
v -0.802346 -0.925864 -1.0687
v -0.737285 -1.00984 -1.03933
v -0.797913 -0.953718 -1.00932
v -0.464273 0.579028 -2.92799
v -0.539673 0.633558 -2.9167
v -0.48858 0.629138 -2.87939
v -0.948921 0.868955 -2.5178
v -0.843505 0.861484 -2.386
v -0.783936 0.845398 -2.35556
v -0.958242 0.892003 -1.99074
v -0.886512 0.856369 -2.03698
v -0.95694 0.849062 -2.05852
v -0.606428 0.852117 -1.94537
v -0.5379 0.841032 -1.92142
v -0.540719 0.832515 -1.99261
v -0.609862 0.83092 -2.01681
v -0.551981 0.789026 -2.05376
v -0.726069 0.81734 -2.3269
v -0.707138 0.840179 -2.39069
v -0.766827 0.852052 -2.42489
v -0.819094 0.777735 -2.23108
v -0.878795 0.804382 -2.25772
v -0.889873 0.78391 -2.18203
v -1.29342 0.804283 -2.15397
v -1.30351 0.821679 -2.08051
v -1.22755 0.809379 -2.13029
v -0.674391 0.823088 -2.53229
v -0.907935 0.835859 -2.66266
v -0.966625 0.837518 -2.69385
v -1.48298 0.731536 -2.16878
v -0.459406 0.767725 -2.3472
v -0.497958 0.795377 -2.44148
v -0.515965 0.787908 -2.37359
v -0.44 0.781778 -2.41134
v -0.370137 0.757053 -2.4465
v -0.426801 0.769888 -2.47748
v -0.859135 0.802115 -2.8062
v -0.801337 0.799542 -2.7739
v -0.775048 0.774695 -2.84182
v -0.456186 0.675534 -2.13359
v -0.513587 0.682269 -2.15484
v -0.501139 0.731308 -2.08913
v -0.218869 0.710409 -1.83929
v -0.219405 0.710932 -1.914
v -1.53453 0.689404 -2.20199
v -0.568302 0.725419 -2.11163
v -0.574685 0.676453 -2.18586
v -0.501942 0.690798 -2.23332
v -0.559029 0.706261 -2.25888
v -0.211125 0.672866 -2.41979
v -0.263044 0.71636 -2.38863
v -0.263837 0.649188 -2.24982
v -0.228815 0.602469 -2.23449
v -0.195805 0.625977 -2.28401
v -0.899956 0.637946 -3.21969
v -0.933492 0.602462 -3.31242
v -0.955406 0.65118 -3.25769
v -0.289404 0.668179 -2.59855
v -0.245101 0.60304 -2.61241
v -0.279994 0.623603 -2.64685
v -0.336858 0.655015 -2.2176
v -0.380299 0.685961 -2.23966
v -1.6095 0.558232 -2.11616
v -1.59538 0.631531 -2.08862
v -0.303616 0.689477 -2.27017
v -1.43233 0.637315 -2.74337
v -1.47854 0.57342 -2.68935
v -1.45274 0.637751 -2.66973
v -1.25287 0.613684 -3.55616
v -1.22718 0.608493 -3.61364
v -1.2555 0.57191 -3.6182
v -0.179037 0.436967 -2.04654
v -0.208959 0.422631 -2.10505
v -1.36849 0.477476 -3.31404
v -1.35784 0.53932 -3.29656
v -1.35354 0.486734 -3.38921
v -1.61538 0.423711 -2.37527
v -1.59836 0.427623 -2.44591
v -1.59054 0.3513 -2.46019
v -0.132245 0.458277 -2.00192
v -0.0954023 0.34298 -2.26228
v -0.132272 0.332501 -2.21287
v -0.141185 0.329909 -2.03853
v -0.158992 0.384141 -2.04159
v -0.0881298 0.345354 -1.99188
v -1.57089 0.355349 -2.52987
v -1.57495 0.429822 -2.51502
v -1.6704 0.314948 -2.06631
v -1.63931 0.404398 -2.10134
v -1.62021 0.327282 -2.11807
v -1.6027 0.334241 -2.18346
v -1.24218 0.388372 -0.26495
v -1.28881 0.410871 -0.297225
v -1.31498 0.373623 -0.263312
v -0.00542996 0.222796 -1.80254
v -0.00339992 0.232148 -1.86966
v -0.0159257 0.295278 -1.87065
v -0.114236 0.219517 -2.21478
v -0.121923 0.27612 -2.2131
v -0.0595197 0.294399 -2.38276
v -0.047955 0.236725 -2.38848
v -0.0639401 0.297459 -2.44389
v -1.52104 0.291286 -2.68442
v -1.5012 0.222039 -2.69624
v -1.5407 0.286108 -2.61381
v -1.58313 0.25804 -2.19996
v -1.56149 0.182072 -2.21311
v -1.59519 0.25097 -2.13363
v -1.60788 0.159684 -2.08685
v -1.56895 0.174436 -2.14696
v -1.6451 0.234898 -2.08203
v -1.37935 0.315326 -0.236359
v -1.29721 0.309212 -0.202614
v -1.3375 0.338266 -0.241031
v 0.00892167 0.170115 -1.86951
v 0.0102155 0.159864 -1.80391
v -1.74932 0.186187 -1.88928
v -1.75389 0.17224 -1.81154
v -1.7012 0.254798 -1.08985
v -1.69697 0.331702 -1.05585
v -1.70046 0.353994 -1.12236
v -0.0604925 0.1276 -2.52874
v -0.0154492 0.194058 -1.66849
v -0.0200434 0.176613 -1.60168
v -0.00290166 0.111146 -1.60664
v -0.0958756 0.0495644 -2.22275
v -1.6862 0.182099 -0.53685
v -1.69039 0.150347 -0.481115
v -1.67129 0.245801 -0.503005
v -0.135478 -0.0107587 -2.16699
v -0.146698 0.0437889 -2.0872
v 0.0505027 -0.0277605 -1.81922
v 0.0616258 -0.0719159 -1.89253
v -0.031921 -0.0499399 -2.48316
v -0.0195865 -0.0545435 -2.41506
v -0.0298693 -0.105922 -2.4878
v -0.0905063 -0.00704961 -2.22508
v -0.0464272 -0.00343801 -2.28092
v -0.0547097 -0.0444231 -2.54879
v -0.0825654 -0.093275 -2.61994
v 0.0522415 -0.151131 -1.63583
v 0.0570874 -0.129475 -1.69851
v 0.0437474 -0.0649147 -1.69082
v -1.54836 -0.0807144 -2.05981
v -1.62169 -0.0310063 -1.99431
v -1.57821 -0.00693123 -2.04482
v -0.0763306 -0.119992 -2.22801
v -0.108094 -0.179274 -2.1697
v -1.06291 0.00155734 0.0762451
v -1.10809 -0.0347708 0.113672
v -1.0613 -0.0855053 0.124131
v 0.0825501 -0.192082 -1.90808
v 0.0934458 -0.277947 -1.85024
v 0.0903031 -0.252614 -1.91557
v -1.55003 -0.189614 -1.88063
v -1.60731 -0.132591 -1.87177
v -1.59757 -0.117612 -1.93938
v -1.457 -0.198405 -2.1472
v -1.48893 -0.126742 -2.20071
v -1.44933 -0.188274 -2.21322
v -1.6403 -0.0904992 -1.65338
v -1.64906 -0.082108 -1.7211
v -1.58922 -0.149031 -1.66938
v -0.0952592 -0.260254 -2.28108
v -0.107604 -0.239828 -2.22056
v -0.154057 -0.250225 -2.29198
v -0.22278 -0.224555 -2.16014
v -0.227957 -0.213365 -2.12215
v -0.262823 -0.257204 -2.12895
v -0.33115 -0.182987 -2.80807
v -0.361491 -0.151537 -2.87741
v -0.298998 -0.162977 -2.83891
v -0.100329 -0.219077 -2.15708
v -0.0687886 -0.217951 -2.2194
v -0.594494 -0.189859 -2.76538
v -0.55776 -0.219693 -2.6937
v -0.617614 -0.213048 -2.71842
v -1.54434 -0.191619 -1.81391
v -1.48451 -0.242717 -1.82405
v -1.32004 -0.25096 -2.35819
v -1.37851 -0.211386 -2.35357
v -1.33004 -0.265231 -2.29277
v -1.38894 -0.22555 -2.28778
v -1.39865 -0.239659 -2.22231
v -1.47843 -0.221985 -2.01911
v -1.46716 -0.209656 -2.08288
v -1.42337 -0.2746 -2.02728
v -0.132242 -0.294725 -2.40224
v -0.0641888 -0.298507 -2.40662
v -0.143398 -0.272082 -2.34731
v -1.4147 -0.263069 -2.0916
v -1.40778 -0.252539 -2.15695
v -0.250618 -0.281106 -2.46244
v -0.317414 -0.286975 -2.43763
v -0.307222 -0.269102 -2.4779
v 0.101239 -0.345287 -1.86019
v 0.0580626 -0.427324 -1.8771
v 0.0979848 -0.315008 -1.92553
v -0.320029 -0.32125 -2.30126
v -0.322319 -0.311009 -2.34784
v -0.270521 -0.28031 -2.32345
v -1.42183 -0.288341 -1.83379
v -1.42743 -0.287751 -1.89788
v -1.36687 -0.334901 -1.9059
v -1.40171 -0.28391 -1.70801
v -1.4587 -0.248695 -1.63241
v -1.46407 -0.239936 -1.69613
v -1.34092 -0.328941 -1.71831
v -1.41304 -0.286773 -1.77048
v -1.35341 -0.334227 -1.7797
v -0.568831 -0.329473 -2.43329
v -0.505379 -0.327948 -2.41286
v -0.575968 -0.350992 -2.38535
v -1.31718 -0.341926 -1.52941
v -1.32476 -0.335857 -1.59357
v -1.24889 -0.370752 -1.541
v -1.29358 -0.345397 -2.10423
v -1.35575 -0.30687 -2.09849
v -1.28733 -0.332477 -2.16842
v -0.262327 -0.267982 -2.176
v -0.314143 -0.320638 -2.2054
v -1.18001 -0.398904 -1.55155
v -1.11955 -0.423866 -1.62756
v -1.11114 -0.425696 -1.56015
v -0.227063 -0.491248 -1.77914
v -0.144288 -0.413697 -1.80303
v -0.112975 -0.471666 -1.77978
v -1.16656 -0.415579 -2.11408
v -1.22469 -0.367297 -2.1728
v -1.16199 -0.40111 -2.17685
v -0.371948 -0.373461 -2.13844
v -1.09663 -0.429119 -2.17939
v -0.517952 -0.417659 -2.17363
v -0.517634 -0.436956 -2.12762
v -0.591805 -0.433927 -2.18982
v -0.219823 -0.590994 -1.66014
v -1.0041 -0.531426 -1.57988
v -0.958836 -0.592723 -1.5859
v -1.00093 -0.545189 -1.518
v -0.141729 -0.632329 -1.57012
v -0.148087 -0.668102 -1.5265
v -0.424507 -0.47532 -2.03243
v -0.507085 -0.49947 -2.04263
v -0.434731 -0.441797 -2.0734
v -0.314254 -0.580369 -1.76874
v -0.322564 -0.545424 -1.81005
v -0.21342 -0.529791 -1.74176
v -0.317657 -0.782208 -1.46329
v -0.402467 -0.803471 -1.47329
v -0.32537 -0.749472 -1.50714
v -0.103714 -0.739937 -0.935396
v -0.109233 -0.80802 -0.963531
v -0.0943959 -0.773164 -1.02175
v -1.25432 -0.784126 -0.500546
v -1.18205 -0.796968 -0.577065
v -1.18611 -0.823023 -0.514737
v -0.641958 -1.03204 -1.05651
v -0.740822 -0.97944 -1.09815
v -1.03836 -0.801117 -0.793654
v -0.971164 -0.869645 -0.749533
v -1.03921 -0.826933 -0.731896
v -0.814095 -1.18253 -0.277114
v -0.863869 -1.11759 -0.254371
v -0.856042 -1.09947 0.0596696
v -0.913674 -1.05567 -0.00407371
v -0.868928 -1.12077 -0.0212699
v -0.0310213 -0.419193 -1.83804
v 0.0150236 -0.470896 -1.79671
v -0.125453 -0.286276 -0.861211
v -0.125028 -0.183427 -0.905339
v -0.141135 -0.215784 -0.843398
v -0.572091 -1.52639 -0.112684
v -0.6103 -1.4701 -0.166641
v -0.562624 -1.54279 -0.195816
v -0.657149 0.385237 -3.30419
v -0.607052 0.374392 -3.25524
v -0.664797 0.315436 -3.32271
v -1.00497 -0.89562 0.249524
v -1.08785 -0.88636 0.191325
v -1.01972 -0.921059 0.183402
v -0.0532282 -0.0315495 -1.21821
v -0.0400719 -0.101097 -1.23134
v -0.0264284 -0.0731248 -1.29295
v -0.845096 -0.669045 -1.7913
v -0.916856 -0.636429 -1.77673
v -0.838617 -0.649439 -1.85103
v -0.690024 0.248504 -3.32533
v -0.61733 0.305173 -3.27273
v -0.638891 0.238571 -3.27905
v -0.128203 -0.565948 -0.803929
v -0.13567 -0.671239 -0.767672
v -0.11986 -0.636477 -0.826593
v -1.58694 -0.305013 0.0846869
v -1.53662 -0.347237 0.111867
v -1.54458 -0.258757 0.102866
v -0.475002 0.340434 -0.555459
v -0.526656 0.391638 -0.56356
v -0.537389 0.360828 -0.491218
v -0.774925 -0.692858 0.265421
v -0.77202 -0.592604 0.243962
v -0.821896 -0.634835 0.258369
v -0.725106 -0.651203 0.250588
v -0.68082 -0.613298 0.217188
v -0.530258 -0.463295 0.0432553
v -0.570013 -0.401094 0.0487142
v -0.60682 -0.440974 0.0943942
v -1.42445 0.517042 -3.00087
v -1.40407 0.580514 -2.98382
v -1.40563 0.520993 -3.07435
v -0.333683 -1.41315 -0.230128
v -0.381506 -1.51248 -0.185709
v -0.361273 -1.47133 -0.24877
v -0.827746 -0.833534 0.288599
v -0.874152 -0.775669 0.279033
v -0.873033 -0.873491 0.277148
v -0.503947 0.45548 -0.705458
v -0.54313 0.539891 -0.784153
v -0.554823 0.508566 -0.71377
v -0.605698 0.561987 -0.722638
v -0.594182 0.593584 -0.793197
v -0.658559 0.613455 -0.733059
v -1.07303 -0.255163 -2.60706
v -1.02571 -0.292429 -2.5384
v -1.09119 -0.277729 -2.54678
v -0.299016 -1.19149 -1.00717
v -0.265945 -1.16824 -0.909234
v -0.315222 -1.2326 -0.942367
v -0.161635 -0.812532 -0.673922
v -0.145148 -0.776879 -0.732732
v -0.151507 -0.706407 -0.708721
v -1.54221 -0.0696605 -0.0286456
v -1.59167 -0.111471 -0.0320686
v -1.50672 -0.104724 0.0159525
v -0.533125 -0.359379 0.00348061
v -0.572831 -0.297956 0.00930849
v -0.978989 -1.01732 -0.0641898
v -0.91374 -1.05966 -0.0813921
v -0.629313 -1.37101 -0.433492
v -0.568533 -1.4435 -0.388598
v -0.638205 -1.38535 -0.360005
v -0.479756 0.810577 -1.5176
v -0.487076 0.804843 -1.44109
v -0.419071 0.777802 -1.50006
v -0.744636 0.795782 -2.74121
v -0.665361 0.762721 -2.77403
v -0.719667 0.76819 -2.80791
v -0.765038 0.872804 -1.61543
v -0.758235 0.880385 -1.69081
v -0.831147 0.892816 -1.7145
v -0.272973 -1.23526 -0.391588
v -0.261233 -1.16889 -0.367158
v -0.288653 -1.27203 -0.33043
v -1.35322 -0.258131 0.163432
v -1.40084 -0.303272 0.158271
v -1.35375 -0.351073 0.17821
v -1.28792 -0.125361 -2.75547
v -1.24365 -0.168475 -2.68641
v -1.30413 -0.138557 -2.68698
v -1.17743 -0.104117 -2.87941
v -1.24127 -0.0837355 -2.88745
v -0.736765 -1.16649 -0.656221
v -0.796749 -1.10623 -0.628827
v -0.794443 -1.08226 -0.694323
v -1.71309 0.0320431 -1.54558
v -1.72167 0.0925058 -1.44975
v -1.73069 0.111102 -1.51893
v -0.339599 -0.718804 -0.150394
v -0.319078 -0.680845 -0.207385
v -0.337864 -0.611631 -0.184852
v -1.00396 0.709335 -0.692575
v -1.01149 0.679866 -0.624724
v -0.940608 0.663359 -0.596279
v -1.13072 0.165661 -3.34911
v -1.09027 0.205255 -3.40348
v -1.07092 0.151738 -3.32384
v -0.627993 0.497805 -0.58104
v -0.639342 0.465604 -0.50974
v -0.577428 0.444561 -0.571978
v -1.37665 -0.62452 -0.659876
v -1.37009 -0.593979 -0.718471
v -1.31078 -0.666415 -0.673549
v -0.778907 -0.794067 0.278438
v -0.729243 -0.753343 0.268772
v -0.824912 -0.734663 0.273822
v -1.61852 -0.270311 0.0322793
v -1.57707 -0.223908 0.0527467
v -1.64764 -0.237553 -0.0203995
v -1.50973 -0.588841 -0.509004
v -1.51044 -0.612941 -0.447301
v -1.57016 -0.569473 -0.432141
v -0.0326991 0.259153 -1.66682
v -0.0382819 0.24239 -1.59858
v -0.418148 0.316559 -0.622653
v -0.36689 0.285654 -0.69403
v -0.407123 0.346398 -0.694043
v -1.70029 0.235412 -0.802416
v -1.70245 0.161748 -0.837649
v -1.69778 0.207005 -0.742814
v -0.584918 -0.667287 -1.86918
v -0.680216 -0.703029 -1.81531
v -0.673787 -0.673943 -1.86878
v -0.189689 -0.106622 -0.74539
v -0.190904 -0.211306 -0.701563
v -0.173886 -0.17796 -0.763495
v -0.87208 -0.677316 0.266938
v -0.115947 0.148696 -1.11992
v -0.124343 0.120969 -1.05288
v -0.0970636 0.0793541 -1.13042
v -1.63592 -0.477767 -0.0792883
v -1.6188 -0.537329 -0.091418
v -1.60536 -0.538604 -0.0375867
v -0.298686 0.00102616 -0.503869
v -0.320178 -0.0375656 -0.442516
v -0.295835 -0.10647 -0.458985
v -0.195604 -0.243899 -2.65993
v -0.163154 -0.225761 -2.68191
v -0.146419 -0.263 -2.612
v -1.71394 0.00926916 -1.47825
v -1.67235 -0.0554102 -1.50205
v -1.68967 -0.00176426 -1.41194
v -1.6426 0.405601 -0.790686
v -1.67471 0.33413 -0.827694
v -1.67612 0.306399 -0.766644
v -1.10872 -0.599247 -1.13748
v -1.11002 -0.572608 -1.19636
v -1.04671 -0.641812 -1.15266
v -0.621807 -0.307956 -2.50227
v -0.684947 -0.30802 -2.52291
v -0.608998 -0.285319 -2.55096
v -0.0460373 -0.676841 -1.19189
v -0.0300427 -0.646767 -1.24716
v -0.0385879 -0.608978 -1.16485
v -0.0164484 0.0694552 -1.47563
v 0.00571437 0.0247046 -1.54798
v -0.00748608 0.0915295 -1.54064
v -0.80023 -1.12898 -0.562237
v -0.858112 -1.0704 -0.537511
v -0.854493 -1.0479 -0.603249
v -1.65936 -0.450634 -0.188955
v -1.67638 -0.388564 -0.167618
v -1.67232 -0.433334 -0.247196
v -0.495824 -0.841809 0.129532
v -0.528965 -0.878371 0.176802
v -0.465079 -0.909263 0.113774
v -0.121745 0.195321 -2.63964
v -0.160403 0.260106 -2.68574
v -0.127838 0.251994 -2.62896
v -1.70162 0.11332 -0.932241
v -1.70269 0.0885925 -0.87137
v -1.70043 0.187139 -0.898682
v -0.777163 -0.202709 0.103323
v -0.820568 -0.243739 0.139184
v -0.730623 -0.258776 0.107613
v -0.785876 -0.110513 0.0522459
v -0.832954 -0.0584694 0.0438195
v -0.826481 -0.151562 0.0919826
v -0.503604 0.149916 -3.14512
v -0.488286 0.21341 -3.13498
v -0.452555 0.142696 -3.09715
v -1.10985 -0.797624 0.234987
v -1.14362 -0.836051 0.192098
v -1.26579 0.733485 -3.00339
v -1.29827 0.698543 -3.09884
v -0.67725 -0.512483 0.19004
v -0.636626 -0.576032 0.182679
v -0.641228 -0.477606 0.143207
v -1.27974 0.176965 -0.0789968
v -1.23949 0.149519 -0.0399168
v -1.24378 0.217524 -0.102804
v -1.03431 0.414515 -0.252119
v -1.06505 0.366432 -0.208259
v -1.014 0.33378 -0.183558
v -0.690909 -0.0925843 -2.98895
v -0.751954 -0.0813045 -3.01764
v -0.719489 -0.0582906 -3.06686
v -0.0968145 -0.803883 -1.11087
v -0.109511 -0.838243 -1.0526
v -0.119039 -0.86441 -1.14478
v -0.890435 0.0792067 -0.0248726
v -0.930284 0.0352287 0.0146709
v -0.882015 -0.0114273 0.029112
v -1.52963 -0.326157 -0.968293
v -1.53848 -0.309282 -1.02873
v -1.48203 -0.378971 -0.989177
v -1.36693 -0.566956 -0.779099
v -1.30222 -0.608751 -0.793473
v -1.7301 0.353325 -1.43145
v -1.74341 0.272996 -1.46167
v -1.7251 0.334618 -1.36082
v 0.0216464 0.0819505 -1.74277
v -0.865815 -0.382761 0.201154
v -0.915303 -0.425928 0.221115
v -0.81801 -0.437652 0.208381
v -1.03838 -0.774937 -0.854836
v -1.1065 -0.760407 -0.777749
v -1.10608 -0.734496 -0.839031
v -1.1077 -0.786003 -0.715945
v -1.17534 -0.745332 -0.700771
v -1.1739 -0.719903 -0.762581
v -1.71045 0.449928 -1.47276
v -1.68069 0.525687 -1.44134
v -1.71534 0.468638 -1.5461
v -1.50185 -0.62411 0.0158554
v -1.54894 -0.578923 0.0163866
v -1.55917 -0.583141 -0.0427042
v -1.27697 0.698137 -3.1745
v -1.19044 0.710664 -3.22555
v -0.388901 -0.15585 -0.262385
v -0.417174 -0.088548 -0.2464
v -0.413514 -0.196514 -0.205185
v -1.55444 0.661793 -1.0522
v -1.49943 0.725471 -1.01595
v -1.553 0.681276 -1.12372
v -1.69425 -0.124643 -0.255552
v -1.70281 -0.188366 -0.286718
v -1.68521 -0.152049 -0.195654
v -1.70549 -0.0377692 -0.430215
v -1.70443 0.0262222 -0.3977
v -1.70627 0.0567511 -0.45548
v -0.00792505 -0.310175 -1.27626
v -0.0185178 -0.339627 -1.21655
v 0.00088706 -0.379675 -1.29341
v -0.991259 -0.661788 -1.22737
v -0.934713 -0.709765 -1.24552
v -0.929702 -0.735717 -1.18927
v -0.183098 -0.941935 -1.11583
v -0.170228 -0.903573 -1.17493
v -0.131675 -0.899357 -1.08612
v -0.686298 0.364199 -0.304697
v -0.663684 0.403902 -0.367376
v -0.712561 0.456064 -0.378266
v -1.39418 -0.700025 0.0811166
v -1.33623 -0.738788 0.0741743
v -1.37658 -0.671281 0.141032
v -0.326537 0.225032 -0.69521
v -0.30018 0.133792 -0.628187
v -0.286181 0.165252 -0.6975
v -0.556931 0.15717 -3.19134
v -0.581701 0.0971699 -3.1908
v -0.613048 0.164309 -3.23515
v -1.25511 -0.823401 -0.371575
v -1.32496 -0.769555 -0.425242
v -1.25862 -0.810038 -0.438184
v -0.450691 0.732678 -1.35697
v -0.399246 0.683515 -1.34634
v -0.384066 0.706505 -1.41781
v 0.0175046 0.0646952 -1.6777
v 0.0116965 0.0454993 -1.61279
v 0.0251258 -0.0203265 -1.61971
v -0.968711 -0.216907 -2.71161
v -1.03265 -0.206156 -2.72588
v -1.01049 -0.181592 -2.78505
v -1.11714 -0.212694 -2.6751
v -1.09633 -0.189464 -2.73648
v -1.48782 -0.393706 0.131547
v -1.48426 -0.485138 0.139017
v -1.44134 -0.441163 0.150644
v -0.139347 -0.112765 -0.888235
v -1.69372 0.309425 -0.990624
v -1.69793 0.233534 -1.02471
v -1.69761 0.2107 -0.961124
v -0.891128 0.496113 -3.4191
v -0.816177 0.42114 -3.43149
v -0.871549 0.438368 -3.47052
v -1.63646 -0.396481 0.0238439
v -1.61588 -0.350832 0.0516979
v -1.65379 -0.367255 -0.0299398
v -1.36042 0.392321 -0.299095
v -1.67311 0.00922988 -1.1168
v -1.65548 -0.0648624 -1.14462
v -1.66574 -0.00884843 -1.0531
v -0.438555 0.624541 -2.84176
v -0.462984 0.669007 -2.78914
v -0.391326 0.616594 -2.80237
v -0.275418 -1.06802 -0.260599
v -0.274402 -1.13711 -0.283586
v -0.259949 -1.03094 -0.319998
v -0.844508 -0.0247696 -3.11647
v -0.940813 -0.0333548 -3.08611
v -0.906402 -0.00556917 -3.1382
v -0.983961 0.47678 -3.54582
v -0.982546 0.407254 -3.58294
v -0.412824 0.661693 -1.27449
v -0.463956 0.711885 -1.28463
v -0.917386 -0.523103 0.244005
v -0.869434 -0.578298 0.251036
v -0.86735 -0.480357 0.228305
v -0.393096 -0.0477452 -0.305453
v -0.423937 0.0182472 -0.293665
v -0.451299 -0.0237047 -0.235893
v -1.60622 0.00489678 -0.118951
v -1.55978 0.0454881 -0.115137
v -1.62733 0.0388252 -0.172455
v -1.5579 -0.147533 0.0135833
v -1.61103 -0.188274 0.00556764
v -1.52424 -0.181284 0.0612247
v -0.332244 -1.37749 -0.523655
v -0.317793 -1.35576 -0.437902
v -0.345298 -1.41248 -0.458754
v -1.10704 -0.123598 0.156839
v -1.15658 -0.169448 0.169565
v -1.05909 -0.172877 0.171717
v -0.591227 -1.49693 -0.0299755
v -0.650616 -1.41463 0.0765664
v -0.639476 -1.43467 -0.000429707
v -0.879269 0.586867 -3.2734
v -0.825297 0.572916 -3.23456
v -0.860072 0.531606 -3.32505
v -0.655053 0.805118 -2.60308
v -0.711524 0.809365 -2.63705
v -0.3111 0.367513 -2.87768
v -0.27415 0.354739 -2.82771
v -0.310603 0.304332 -2.89478
v -0.246144 -0.638113 -0.403737
v -0.23383 -0.70891 -0.426477
v -0.227858 -0.60127 -0.462249
v -0.331502 -1.39283 -0.374638
v -0.345827 -1.43124 -0.311514
v -0.36099 -1.44776 -0.393756
v -1.22892 -0.838603 -0.0887411
v -1.28865 -0.796258 -0.0785277
v -1.2976 -0.800438 -0.15017
v 0.0352631 -0.294352 -1.46855
v 0.0267475 -0.225839 -1.4546
v 0.0148062 -0.253188 -1.39526
v 0.0666751 -0.307797 -1.59711
v 0.0783346 -0.282007 -1.65474
v 0.065622 -0.21659 -1.64509
v 0.0552419 -0.335013 -1.53998
v 0.0587288 -0.241056 -1.58501
v 0.0469545 -0.267178 -1.52679
v -0.513057 -0.466273 -2.08564
v -1.31573 0.603055 -3.35343
v -1.54531 0.746797 -1.41868
v -1.5423 0.762126 -1.49336
v -1.59621 0.700283 -1.5253
v -0.761455 -1.25376 -0.227014
v -0.814414 -1.1849 -0.201019
v -0.761153 -1.25155 -0.302676
v -1.71624 0.137777 -1.28459
v -1.72253 0.15616 -1.35263
v -1.70242 0.0592839 -1.31442
v -1.2081 -0.310067 0.194013
v -1.20649 -0.215317 0.177611
v -1.25619 -0.261127 0.179472
v -0.171856 0.373025 -2.66158
v -0.139998 0.363623 -2.60777
v -0.166286 0.316845 -2.67387
v -1.29788 0.0931223 -3.17385
v -1.31018 0.161149 -3.23694
v -1.26448 0.118758 -3.24211
v -0.0892138 0.226052 -1.32174
v -0.0794833 0.249276 -1.38994
v -0.11148 0.29272 -1.31668
v -1.15098 0.479755 -3.66277
v -0.419771 -0.130724 -2.91148
v -0.477443 -0.11577 -2.9462
v -0.384634 -0.104919 -2.94365
v -0.962335 0.865178 -1.11978
v -1.03817 0.870925 -1.14564
v -0.969255 0.855639 -1.04118
v -0.476652 -0.834462 -1.41484
v -0.575333 -0.877147 -1.3471
v -0.587178 -0.829065 -1.38755
v -1.219 0.431504 -0.305722
v -0.403563 -0.24773 -2.56705
v -0.347667 -0.250323 -2.54018
v -0.418447 -0.266299 -2.5248
v -0.845698 -0.73766 -1.44013
v -0.850515 -0.720003 -1.49336
v -0.808855 -0.792461 -1.45664
v -1.0882 0.435833 -0.287414
v -1.01031 0.463823 -0.300358
v -1.07066 0.483616 -0.334945
v -0.647669 -1.3966 -0.286379
v -0.707736 -1.32535 -0.255602
v -0.699765 -1.31709 -0.330146
v -0.691241 -1.30473 -0.403495
v -0.969064 -0.0966279 0.0992175
v -0.924643 -0.0548202 0.0651585
v -1.01703 -0.0481735 0.0868575
v -0.646779 0.643064 -2.98721
v -0.703244 0.646099 -3.01934
v -0.671523 0.688287 -2.92977
v -1.6749 -0.359302 -0.428231
v -0.729087 -0.910489 -1.34511
v -0.447011 -0.130955 -0.192598
v -0.480241 -0.0655827 -0.179792
v -0.476593 -0.172737 -0.139367
v -1.16877 0.132608 -3.2891
v -1.14611 0.0840134 -3.21017
v -1.20599 0.0994315 -3.2288
v -0.66844 -1.19736 -0.750459
v -0.592968 -1.26382 -0.706339
v -0.674532 -1.22694 -0.685123
v -0.258603 -0.567263 -0.380739
v -0.274556 -0.497117 -0.358791
v -0.277637 -0.604922 -0.322244
v -0.296022 -0.535346 -0.300741
v -0.290849 -0.427465 -0.33629
v -0.429392 -1.48973 0.0871323
v -0.411844 -1.43154 0.109599
v -0.458698 -1.51713 0.141614
v -0.841961 0.0325476 -0.0107049
v -0.793316 -0.0155368 0.00238816
v -1.15096 0.748407 -0.737465
v -1.21952 0.776823 -0.832063
v -1.22498 0.750477 -0.763155
v -0.625788 -1.25518 0.265008
v -0.572156 -1.2067 0.260669
v -0.589119 -1.13156 0.26923
v -1.49761 -0.644517 -0.317274
v -1.50418 -0.629054 -0.382789
v -1.43813 -0.689018 -0.33102
v -0.231789 -0.988811 -1.14911
v -0.195781 -0.980464 -1.05551
v -0.233391 -1.03656 -1.08974
v -1.39175 -0.124339 0.113651
v -1.29989 -0.120755 0.142991
v -1.34071 -0.0830043 0.103845
v -0.862475 0.748067 -2.97095
v -0.917818 0.756417 -3.0087
v -0.947443 0.779141 -2.9409
v -0.280631 0.0382507 -0.567624
v -0.259631 0.0749125 -0.632046
v -0.313694 0.101863 -0.55923
v -0.152437 -0.529603 -0.722115
v -0.144088 -0.600558 -0.744758
v -1.35138 -0.164139 0.150434
v -1.40103 -0.210075 0.147594
v -1.32613 0.0711922 -0.000176172
v -1.2863 0.0378014 0.0384585
v -1.28095 0.109716 -0.0188014
v -1.55475 -0.23247 -1.28194
v -1.49573 -0.275426 -1.29977
v -1.4931 -0.295247 -1.23735
v -0.387272 0.226705 -0.55031
v -0.423562 0.289857 -0.548349
v -0.435989 0.258071 -0.476407
v -0.49768 -0.317807 -0.0433529
v -0.536284 -0.255271 -0.0357751
v -1.7067 -0.00885602 -0.488119
v -1.70712 -0.0762306 -0.520359
v -1.70607 -0.104282 -0.462417
v -0.734528 0.607135 -3.11022
v -0.791524 0.613337 -3.14404
v -0.816404 0.656921 -3.08591
v -0.418479 0.0753198 -3.05368
v -0.366134 0.0679558 -3.00518
v -0.414313 0.663583 -2.75252
v -0.349716 0.607275 -2.76122
v -0.630073 0.502276 -3.1827
v -0.618647 0.438427 -3.2203
v -0.669501 0.451163 -3.26505
v -0.942787 -0.412744 -2.29265
v -0.874112 -0.425528 -2.28816
v -0.951526 -0.438772 -2.23606
v -0.921888 -0.646566 -1.71391
v -0.987932 -0.601885 -1.70117
v -0.774631 0.70426 -0.759066
v -0.766381 0.733297 -0.831079
v -0.837845 0.7551 -0.853485
v -0.570162 0.160838 -0.222643
v -0.61613 0.216566 -0.227785
v -0.648709 0.16967 -0.17714
v -0.825687 -1.17771 0.0408428
v -0.822979 -1.16413 0.127688
v -0.46556 -0.383391 -0.0555987
v -0.494049 -0.421562 -0.00157101
v -0.540664 -0.149846 -0.074623
v -0.504797 -0.213764 -0.0856497
v -0.977732 0.0815324 0.00123596
v -0.97261 -0.00723689 0.0518623
v -0.439181 -0.345084 -0.11176
v -0.432693 -0.448983 -0.0688907
v -0.349403 0.761408 -1.63758
v -0.342722 0.775209 -1.71254
v -0.402963 0.807942 -1.72949
v -0.316387 -0.144866 -0.398083
v -0.343274 -0.0766138 -0.381972
v -0.338942 -0.183931 -0.338514
v -0.289406 -0.320422 -0.37432
v -0.311779 -0.251807 -0.355304
v -0.307021 -0.358388 -0.313856
v -1.60972 -0.165373 -1.3281
v -1.66149 -0.0940575 -1.3721
v -1.61303 -0.146285 -1.39268
v -1.55766 -0.215267 -1.3472
v -1.559 -0.195575 -1.41079
v -1.04235 -0.970308 -0.125066
v -0.977286 -1.01382 -0.140252
v -0.691554 -0.92113 0.278285
v -0.733971 -0.855881 0.279664
v -0.781818 -0.894482 0.288666
v -0.584298 -0.0914211 -0.0744861
v -0.576305 -0.194076 -0.029615
v -0.599256 -1.29359 -0.640201
v -0.525914 -1.3649 -0.594853
v -0.607933 -1.32385 -0.573967
v -0.963337 -0.372387 0.214183
v -1.01356 -0.415563 0.230234
v -0.965503 -0.468839 0.237139
v -0.159962 -0.635629 -0.68558
v -0.347284 0.63564 -1.33593
v -0.309676 0.564533 -1.25492
v -0.295585 0.5882 -1.32595
v -0.441859 0.11853 -0.351897
v -0.479299 0.18127 -0.346975
v -0.502943 0.141303 -0.284941
v -0.289537 -1.17382 -0.223703
v -0.266856 -1.10038 -1.12958
v -0.260694 -1.0507 -1.19338
v -1.70211 -0.144504 -0.550552
v -0.145085 -0.936068 -1.02669
v -0.406026 -0.939922 0.0501928
v -0.437289 -0.977338 0.100512
v -1.24429 -0.385017 -1.47742
v -1.30979 -0.350737 -1.46543
v -0.0428098 -0.682517 -1.33221
v -0.0144648 -0.617878 -1.30197
v -0.057293 -0.708754 -1.27734
v -1.67203 -0.347604 -0.0845408
v -1.66922 -0.291067 -0.0522026
v -1.69038 -0.328065 -0.139686
v -1.54071 0.313646 -0.33095
v -1.48368 0.386572 -0.361906
v -1.54492 0.350927 -0.374147
v -1.22837 0.151097 -3.30551
v -1.42356 0.578291 -2.91017
v -1.44253 0.513547 -2.92733
v -1.29873 0.749588 -0.787698
v -1.22997 0.719498 -0.698564
v -0.646394 -1.06507 -0.996546
v -0.545421 -1.07113 -1.09197
v -0.554023 -1.10509 -1.02812
v -0.686389 -0.81701 0.264048
v -0.645501 -0.883305 0.257182
v -0.731871 0.827562 -2.56635
v -0.13369 -0.810749 -0.818407
v -0.148405 -0.846606 -0.759406
v -0.139354 -0.87993 -0.846382
v -0.199118 -1.02386 -0.608108
v -0.210968 -1.09183 -0.635841
v -0.195113 -1.05625 -0.696306
v 0.0325269 -0.391164 -1.42579
v 0.0365644 -0.460841 -1.44298
v 0.0479376 -0.431854 -1.49876
v -0.587518 -1.46573 -0.319345
v -0.605686 -1.48365 -0.24946
v -1.38228 0.0473628 -2.87635
v -1.41716 0.105515 -2.86653
v -1.39596 0.114926 -2.93877
v -1.58639 0.467915 -0.593595
v -1.58683 0.511277 -0.645708
v -1.62731 0.452788 -0.683655
v -0.477309 -0.202113 -2.71013
v -0.420123 -0.208863 -2.68007
v -0.499434 -0.222419 -2.66607
v -0.785191 0.461507 -3.33786
v -0.762388 0.404169 -3.39141
v -0.805665 0.517722 -3.28599
v -0.749455 0.508143 -3.24852
v -0.920574 0.896534 -1.58683
v -0.838289 0.887716 -1.63885
v -0.912534 0.89891 -1.6628
v -0.721601 0.834783 -1.28428
v -0.641803 0.824759 -1.33605
v -0.714033 0.842546 -1.36152
v -0.706965 0.847127 -1.4386
v -0.464895 -0.699101 0.0486298
v -0.495788 -0.63267 0.0663585
v -0.495315 -0.737161 0.0981038
v -0.464561 -0.804441 0.0808101
v -0.494318 -0.678321 -1.81444
v -0.588228 -0.698668 -1.81865
v -0.118392 0.137982 -2.64901
v -0.154913 0.202875 -2.6972
v -0.808308 -0.89686 -1.12619
v -0.858998 -0.869543 -1.04069
v -0.863963 -0.842018 -1.0989
v -0.297244 -0.842011 -1.37446
v -0.231215 -0.791836 -1.4041
v -0.225238 -0.824407 -1.35777
v -0.158952 -0.763191 -1.38297
v -0.0822641 -0.693919 -1.40587
v -0.0941049 -0.726278 -1.35795
v -1.30615 -0.399914 0.194382
v -1.25731 -0.355393 0.194282
v -1.30527 -0.306468 0.179337
v -0.768905 0.501919 -0.394071
v -0.755851 0.534904 -0.462944
v -0.833041 0.531973 -0.419481
v -0.540846 0.840965 -1.69576
v -0.609774 0.859629 -1.7191
v -0.308182 -0.812857 -1.41903
v -1.72399 0.21685 -1.25382
v -1.7125 0.296213 -1.2229
v -1.73058 0.235908 -1.32194
v -0.899839 -1.00506 0.236636
v -0.957777 -0.967421 0.172752
v -0.898558 -1.01733 0.156003
v -0.733779 -1.11667 -0.787076
v -0.793081 -1.05753 -0.758942
v -0.734354 -1.09094 -0.851046
v -0.863852 -1.1204 -0.178231
v -1.60374 -0.455166 -0.534024
v -1.56517 -0.515135 -0.555686
v -1.57052 -0.543768 -0.494836
v -1.29625 -0.501249 -1.03478
v -1.29605 -0.526717 -0.974122
v -1.35864 -0.459988 -1.02027
v -1.12516 -0.910415 -0.400943
v -1.05693 -0.951249 -0.415918
v -1.04966 -0.954159 -0.34508
v -0.708158 -0.762847 -1.64441
v -0.713979 -0.767428 -1.58681
v -0.786444 -0.73414 -1.62861
v -1.5462 -0.405878 -0.793233
v -1.49265 -0.456522 -0.81139
v -1.55082 -0.432752 -0.734299
v -1.67371 0.469345 -1.22696
v -1.67474 0.48871 -1.29771
v -1.70172 0.393818 -1.25938
v -0.0817376 -0.190668 -1.04598
v -0.0536051 -0.230061 -1.12287
v -0.0670288 -0.160128 -1.10768
v -0.513517 0.674087 -2.82526
v -0.31699 -0.573507 -0.242686
v -0.695607 -1.00928 -1.19166
v -0.747279 -0.947545 -1.15486
v -0.754294 -0.916086 -1.20961
v -0.782439 -0.799458 -1.40871
v -0.777363 -0.825408 -1.36225
v -0.839409 -0.758902 -1.39044
v -1.14053 -0.442568 -1.68787
v -1.16438 -0.46356 -1.74336
v -1.08286 -0.487704 -1.69589
v -1.49721 -0.256308 -1.36283
v -1.37438 0.749869 -2.62618
v -1.35259 0.74713 -2.7015
v -1.39721 0.696006 -2.7231
v -0.930498 0.0459996 -3.21083
v -0.893211 0.0777462 -3.26044
v -0.870535 0.0244243 -3.18803
v -0.33499 0.516525 -1.11275
v -0.323079 0.540584 -1.18401
v -0.373899 0.590212 -1.193
v -1.54506 -0.291834 -1.09278
v -1.59046 -0.215186 -1.13192
v -1.54669 -0.269495 -1.15598
v -0.544495 -0.99924 -1.20995
v -0.645211 -0.996344 -1.11273
v -1.05225 0.842454 -0.995124
v -0.97709 0.826525 -0.970631
v -0.938007 0.126078 -0.0372384
v -1.02519 0.120691 -0.0219006
v -0.378815 0.429059 -0.906878
v -0.431536 0.461794 -0.839316
v -0.388452 0.402096 -0.836384
v -0.254693 -1.12588 -0.970158
v -0.20834 -1.02067 -0.995593
v -0.220736 -1.06104 -0.935464
v -0.45815 0.21935 -0.411265
v -0.400215 0.194485 -0.480322
v -0.51662 0.243903 -0.342146
v -0.528483 0.741521 -1.22324
v -0.476745 0.690769 -1.21252
v -0.515157 0.762367 -1.29561
v -1.37348 -0.748192 -0.276917
v -1.37939 -0.735591 -0.344543
v -1.31999 -0.782503 -0.358207
v -1.4912 -0.660075 -0.251297
v -1.54638 -0.613698 -0.237846
v -0.183172 -0.777752 -0.590757
v -0.167342 -0.741927 -0.649745
v -0.175829 -0.671118 -0.626472
v -0.128709 -0.741489 -0.791418
v -0.423704 -1.37147 0.126167
v -0.389159 -1.3427 0.0713815
v -0.328698 -1.26781 -0.876402
v -0.277257 -1.20724 -0.84695
v -0.559743 -0.307492 -2.48098
v -0.54821 -0.285317 -2.52831
v -0.488845 -0.285679 -2.50509
v -0.347955 -0.918936 -1.35826
v -0.43697 -0.951621 -1.37362
v -0.355636 -0.890143 -1.41421
v -0.27437 -0.894435 -1.34553
v -0.321227 -0.300395 -2.39351
v -0.373154 -0.286871 -2.45882
v -0.283715 -0.998586 -0.238969
v -0.26434 -0.961189 -0.296799
v -1.69906 0.261912 -0.863804
v -1.69678 0.176977 -0.685022
v -1.69587 0.146188 -0.627779
v -1.67755 0.246 -0.649512
v -0.526707 -0.566182 0.0822059
v -0.493582 -0.527149 0.0338876
v -1.62629 -0.287112 -0.748105
v -1.66143 -0.22502 -0.724122
v -1.62392 -0.261596 -0.807377
v -0.897849 -0.534647 -2.07032
v -0.902365 -0.562099 -2.01511
v -0.974848 -0.54294 -2.01005
v -0.828617 -0.325882 -2.50513
v -0.841824 -0.35035 -2.45159
v -0.894208 -0.314791 -2.51672
v -0.822543 -0.21726 -2.73568
v -0.842603 -0.240679 -2.68096
v -0.884673 -0.205132 -2.75314
v -0.807705 -1.16526 -0.423852
v -0.74087 -1.20815 -0.519213
v -0.745749 -1.22566 -0.448476
v -0.401991 0.721775 -2.60299
v -0.386612 0.689507 -2.66156
v -0.454202 0.733933 -2.63672
v -0.174828 -0.28237 -0.720564
v -1.39579 -0.489071 0.169517
v -1.30639 -0.493986 0.202916
v -0.313315 -0.465984 -0.278346
v -1.04607 -0.548404 -1.81883
v -1.04854 -0.556764 -1.75662
v -1.11025 -0.508759 -1.81102
v -1.03924 -0.546146 -1.69606
v -0.433349 0.270801 -3.06849
v -0.479395 0.278707 -3.11822
v -0.470943 0.34527 -3.10181
v -0.685806 0.865973 -1.66741
v -0.61486 0.851347 -1.64312
v -0.264684 -0.675212 -0.345535
v -1.63784 -0.393242 -0.511162
v -0.648 0.644518 -0.804319
v -0.670228 -0.641965 -1.91983
v -0.753735 -0.640778 -1.91816
v -0.667073 -0.610053 -1.97059
v -1.67699 0.212096 -0.448793
v -1.68183 0.179633 -0.392368
v -1.65356 0.267921 -0.419397
v -1.22226 -0.819217 0.133539
v -1.21712 -0.820433 0.0579525
v -1.1525 -0.851688 0.124829
v -1.3405 -0.748871 0.00247407
v -0.400867 0.516231 -2.92313
v -0.392163 0.45414 -2.9528
v -0.435112 0.464362 -3.00049
v -0.422204 -0.177107 -2.79881
v -0.451373 -0.187305 -2.75437
v -0.50928 -0.17447 -2.78274
v -0.152934 0.0296755 -2.72598
v -0.193114 0.0366625 -2.78353
v -0.154054 0.0868208 -2.71566
v -0.101918 0.315697 -1.38607
v -0.138678 0.357691 -1.31389
v -1.15677 0.737359 -3.12875
v -0.920112 -0.145161 0.112137
v -1.0137 -0.135625 0.135283
v -0.96481 -0.184876 0.147436
v -0.214643 -0.218075 -2.73376
v -0.30654 -0.20604 -2.73422
v -0.270774 -0.201699 -2.77437
v -1.45095 0.0171838 -0.0280636
v -1.40511 0.0576072 -0.0357424
v -1.48357 0.0492194 -0.0735329
v -1.36203 0.4286 -3.40997
v -0.312474 0.431268 -2.85894
v -0.349142 0.379573 -2.92731
v -1.44576 0.311877 -2.97289
v -1.45237 0.379441 -2.95853
v -1.43522 0.384146 -3.03189
v -1.18491 0.335212 -3.58725
v -1.2303 0.303775 -3.51976
v -1.24048 0.371523 -3.59524
v -1.70486 0.157724 -1.05681
v -1.70172 0.100846 -1.15185
v -1.69142 0.0829246 -1.08733
v -1.64437 0.377969 -0.729415
v -0.854098 0.111159 -3.306
v -0.952755 0.0999545 -3.28464
v -0.913195 0.13481 -3.33208
v -1.34514 0.216292 -3.22366
v -1.36654 0.202344 -3.14901
v -1.38665 0.263731 -3.13367
v -0.597265 -0.641101 0.172446
v -0.601636 -0.541132 0.135086
v -0.351159 0.443635 -2.90581
v -1.05334 -0.230065 -2.66628
v -0.548313 -0.0446724 -0.118389
v -0.51088 -0.107102 -0.125861
v -0.157517 -0.797236 -1.33509
v -1.30944 0.92715 -1.70929
v -1.31716 0.916257 -1.63451
v -0.804029 0.0770893 -0.0533447
v -0.594488 -0.262546 -2.59881
v -0.518533 -0.242731 -2.62092
v -0.534303 -0.263055 -2.57471
v -0.192603 0.15262 -2.76211
v -0.191457 0.211656 -2.75253
v -1.49881 0.572428 -2.61704
v -1.52497 0.5734 -2.54664
v -1.47242 0.637213 -2.59605
v -1.68959 0.0170772 -0.902824
v -1.68401 0.0419149 -0.962818
v -1.69381 -0.0345479 -0.783639
v -1.67844 -0.130324 -0.754942
v -1.69575 -0.0610795 -0.724895
v -1.25108 0.618488 -0.522386
v -1.24243 0.651705 -0.579599
v -1.32428 0.616979 -0.546622
v -1.15628 0.71917 -0.670865
v -1.16135 0.680898 -0.611104
v -1.08289 0.698306 -0.651111
v -1.63928 -0.119631 -1.23719
v -1.63287 -0.135876 -1.17139
v -1.66275 -0.0478184 -1.20994
v -0.524266 -1.58801 -0.127406
v -0.510987 -1.51198 -0.338458
v -0.48884 -1.48658 -0.407395
v -0.446462 -1.40688 0.185928
v -0.441647 -1.4574 0.163791
v -1.34874 0.592175 -3.20584
v -1.36915 0.531632 -3.22162
v 0.00570364 -0.08956 -1.42929
v 0.0259439 -0.132166 -1.50252
v 0.0121434 -0.064973 -1.49224
v -0.0165803 -0.0465358 -1.35588
v -0.00796509 -0.0214131 -1.41931
v -0.0244192 0.157857 -1.53462
v -0.0797877 -0.739553 -1.07953
v -0.780029 -0.250767 -2.66362
v -1.111 0.11529 -0.0148465
v -1.15373 0.0777978 0.0211655
v -1.0661 0.0774763 0.0127343
v -1.17455 0.666568 -3.45649
v -1.08352 0.60527 -3.4769
v -1.14476 0.624795 -3.51124
v -0.658482 0.805639 -1.18177
v -0.650066 0.817124 -1.25868
v -0.555953 0.82096 -1.4652
v -0.549528 0.828415 -1.54227
v -0.572586 0.804363 -1.31122
v -0.426731 -1.07606 -1.20026
v -0.32179 -1.09121 -1.22269
v -0.44402 -1.10976 -1.12827
v -0.377317 -1.48469 -0.329197
v -0.406658 -1.49073 -0.409663
v 0.0459311 -0.174623 -1.57442
v 0.0323032 -0.108174 -1.56448
v -0.0441281 0.339064 -1.73549
v -0.0368747 0.350969 -1.80432
v -0.0634222 0.404196 -1.73783
v -0.332358 0.55287 -2.80082
v -0.306948 0.590978 -2.72417
v -0.913949 -0.871771 -0.896105
v -0.973762 -0.820716 -0.873868
v -0.91629 -0.845512 -0.956904
v -1.50183 0.296284 -2.75576
v -1.48375 0.227704 -2.76835
v -0.50789 -0.72899 -1.71058
v -0.514485 -0.738746 -1.65416
v -0.603819 -0.745313 -1.7098
v -0.255798 -1.17966 -0.753348
v -0.243583 -1.14038 -0.813812
v -0.214844 -1.12219 -0.725396
v -0.219712 -0.858238 -1.31003
v -0.160637 -0.868635 -1.23295
v -0.216812 -0.899488 -1.26074
v -0.302986 -0.0623828 -2.90736
v -0.285809 -0.00680987 -2.90513
v -0.462906 -0.487615 -0.0159703
v -0.434291 -0.554287 -0.0341028
v -1.51255 0.620115 -0.740543
v -1.50795 0.648863 -0.807788
v -1.56402 0.566185 -0.777665
v -1.50491 0.676872 -0.876794
v -1.44512 0.693384 -0.771374
v -1.44308 0.72589 -0.837618
v -1.43627 0.450995 -3.0172
v -1.45435 0.447073 -2.94408
v -0.124667 0.504461 -1.59826
v -0.105383 0.423186 -1.52481
v -0.0991728 0.440168 -1.59677
v -0.383553 -1.46184 -0.47753
v -1.01211 0.665688 -3.29552
v -0.989734 0.618341 -3.3501
v -0.434419 -0.871967 0.0643518
v -1.06495 0.774202 -3.00333
v -1.03639 0.755888 -3.07503
v -1.09663 0.751815 -3.10357
v -1.06147 -0.0687907 -2.9888
v -1.1519 -0.0779573 -2.94152
v -1.0966 -0.0243733 -3.06365
v -0.24093 0.677191 -1.61429
v -0.253594 0.657456 -1.5411
v -0.196932 0.622962 -1.60701
v -1.03913 -0.748502 -0.915419
v -0.205664 0.480563 -1.31427
v -0.19045 0.506325 -1.38433
v -1.36226 0.0992856 -0.0447228
v -1.32017 0.138654 -0.059204
v -0.28323 -0.228868 -2.65887
v -0.23094 -0.247071 -2.62319
v -1.49548 -0.212427 0.114789
v -1.5213 0.215096 -2.62603
v -1.48156 0.15376 -2.71027
v -0.942914 0.818868 -2.76641
v -0.917305 0.800165 -2.83813
v -1.00106 0.816276 -2.79745
v -0.349906 -1.45199 -0.168533
v -0.33913 -1.38385 -0.150534
v -0.11108 -0.0861399 -2.68585
v -0.0963211 -0.222066 -0.984447
v -0.110209 -0.151714 -0.967783
v -1.0599 0.554288 -3.53001
v -1.11901 0.573275 -3.56111
v -0.870511 -0.193954 0.125667
v -0.915341 -0.234404 0.159559
v -0.123996 -0.0811246 -0.951552
v -0.177197 -0.493324 -0.639969
v -0.191345 -0.42223 -0.61905
v -0.194101 -0.528826 -0.580596
v -0.142189 -0.319461 -0.800425
v -0.158716 -0.353168 -0.73977
v -0.128437 -0.390183 -0.819781
v -1.53162 0.511578 -0.564851
v -0.782494 -0.104806 -2.96762
v -0.750137 -0.142147 -2.89225
v -0.811172 -0.129021 -2.91628
v -0.93542 -0.101949 -2.9564
v -0.872644 -0.116322 -2.93793
v -0.899245 -0.142278 -2.88292
v -1.19795 -0.317219 -2.36333
v -1.18579 -0.298136 -2.42655
v -1.13328 -0.341694 -2.36249
v -0.586678 0.783806 -1.23858
v -1.71277 0.0759571 -1.38163
v -0.26538 0.369895 -1.03911
v -0.209409 0.340323 -1.10555
v -0.25133 0.399002 -1.10708
v -0.695913 0.729819 -2.86973
v -0.417261 -0.504896 -1.98452
v -0.500772 -0.536683 -1.99998
v -0.408068 0.797395 -1.65338
v -0.472854 0.821551 -1.67334
v -1.19099 0.845398 -2.6296
v -1.13132 0.858174 -2.60231
v -1.10789 0.845007 -2.67818
v -1.7044 -0.0669221 -0.371956
v -1.70391 -0.160666 -0.34583
v -1.33795 0.496908 -3.46397
v -1.32791 0.558088 -3.44379
v -1.32092 0.510979 -3.53563
v -0.950987 -0.619092 -1.46957
v -0.946554 -0.638129 -1.41247
v -1.00083 -0.56596 -1.45814
v -0.295397 -1.10492 -0.20245
v -0.315048 -1.14158 -0.144015
v -0.330891 -1.31452 -0.128578
v -0.327525 -1.2459 -0.106195
v -0.347393 -1.28053 -0.0479441
v -0.540493 -0.143717 -2.85512
v -0.51026 -0.129808 -2.90138
v -0.480986 -0.160201 -2.82746
v -0.451018 -0.147378 -2.87126
v -0.570174 -0.112865 -2.92959
v -0.399048 -1.27959 0.0921567
v -0.36736 -1.31333 0.0105852
v -0.37512 -1.24676 0.0329437
v -0.351978 -1.0408 -0.0430942
v -0.342603 -1.10943 -0.0638369
v -0.322866 -1.07293 -0.12252
v -0.62489 -1.45408 -0.0819354
v -0.676602 -1.3833 -0.0483868
v -0.821944 -1.18401 -0.04286
v -0.770957 -1.25177 -0.0688255
v -0.51449 -0.362697 -2.31736
v -0.581612 -0.371971 -2.33693
v -0.510902 -0.344655 -2.36507
v -1.67305 0.449213 -1.15736
v -1.70061 0.374816 -1.19025
v -1.73201 0.173942 -1.42135
v -0.733306 0.170088 -0.143503
v -0.699554 0.21787 -0.191422
v -0.782291 0.218845 -0.154574
v -0.195436 0.270318 -2.74034
v -0.715817 -0.944725 -1.2973
v -0.762639 -0.884673 -1.26185
v -1.65316 0.675571 -1.70686
v -0.777552 -1.24564 0.0144792
v -1.35687 -0.758331 -0.139903
v -1.42435 -0.374238 -1.12809
v -1.42161 -0.39509 -1.06595
v -1.48792 -0.336908 -1.11248
v -0.632846 -0.330527 -2.45312
v -0.697146 -0.331749 -2.47255
v -0.642081 -0.35297 -2.40365
v -0.649697 -0.278861 0.0607013
v -0.609975 -0.339532 0.0545911
v -1.15598 0.152225 -0.0418844
v -1.11854 0.192811 -0.0764435
v -1.22312 0.323558 -0.198129
v -1.17697 0.29962 -0.165907
v -1.19299 0.366431 -0.232778
v -1.06522 -0.557856 0.243911
v -1.1136 -0.60331 0.236487
v -1.01646 -0.610724 0.250474
v -0.597786 -0.0819337 -3.00547
v -0.537308 -0.099295 -2.97629
v -1.06 -0.268506 0.196148
v -1.10855 -0.218731 0.182713
v -1.20397 -0.121186 0.155143
v -1.25406 -0.166684 0.164694
v -0.710539 -0.0255663 -0.0368574
v -0.755368 0.0289471 -0.0405232
v -0.767337 0.124266 -0.0956161
v -0.719595 0.0742943 -0.0859054
v -0.600478 -0.13478 -2.88425
v -0.630265 -0.102027 -2.9591
v -0.660891 -0.125898 -2.91286
v -0.60666 -0.950609 0.25135
v -0.561635 -0.912686 0.222831
v -1.11411 0.388583 -0.241962
v -0.682635 -0.714617 0.24328
v -0.637859 -0.677302 0.210921
v -1.20127 -0.12678 -2.81552
v -1.15968 -0.169772 -2.74488
v -1.22315 -0.147468 -2.75084
v -0.899888 0.172773 -0.0764621
v -0.852178 0.125333 -0.0649708
v -0.158866 -0.973534 -0.966931
v -0.14988 -0.947492 -0.876029
v -0.172773 -1.01129 -0.906907
v -0.951145 0.629045 -0.531092
v -1.02042 0.650801 -0.557726
v -0.247266 0.537444 -1.3182
v -0.232612 0.562019 -1.38906
v -1.52872 -0.436589 0.120611
v -1.25924 -0.641537 0.215268
v -1.35221 -0.633978 0.191349
v -1.43891 -0.5322 0.157624
v -1.47475 -0.57423 0.134559
v -1.3947 -0.581364 0.175454
v -1.18404 0.749732 -3.05597
v -1.24291 0.730041 -3.07891
v -0.413611 0.575599 -2.88879
v -0.44159 0.527073 -2.97127
v -0.478101 0.475181 -3.05034
v -0.471799 0.410728 -3.07836
v -1.60436 -0.182169 -0.981179
v -1.6466 -0.145045 -0.899208
v -1.64123 -0.119989 -0.957679
v -0.251317 -0.224836 -2.69842
v -1.66522 -0.0519009 -0.930983
v -1.65875 -0.0277761 -0.990962
v -1.57097 -0.245816 -1.00504
v -1.61169 -0.208051 -0.923467
v -0.108757 -0.0501518 -1.01508
v -0.0953117 -0.120497 -1.03028
v -1.00411 0.903248 -1.53453
v -0.996075 0.905592 -1.61095
v -1.08076 0.912476 -1.55887
v -0.971774 0.162942 -3.3539
v -1.03055 0.188459 -3.37645
v -0.929356 0.196752 -3.40241
v -1.10461 -0.678675 -0.958775
v -1.10606 -0.652662 -1.01892
v -1.04002 -0.721246 -0.975205
v -1.36054 -0.412187 -1.14222
v -1.29671 -0.450315 -1.15558
v -1.29661 -0.475729 -1.09527
v -1.49629 -0.482765 -0.751633
v -1.43151 -0.52512 -0.764987
v -1.30504 -0.636051 -0.732824
v -1.24321 -0.706095 -0.686888
v -0.379986 -0.795176 -0.0377525
v -0.404295 -0.727206 -0.0177708
v -0.404156 -0.833446 0.0149299
v -0.767932 -1.21076 0.189213
v -0.810855 -1.1416 0.214866
v -0.452522 -0.906102 -1.4113
v -0.384188 -0.83869 -1.43531
v -1.734 0.371775 -1.5035
v -1.74936 0.291413 -1.53328
v -0.196516 -0.0197804 -2.79279
v -0.202845 -0.0747722 -2.80042
v -0.240774 -0.0136189 -2.84931
v -1.27444 0.836531 -2.58022
v -1.32715 0.798558 -2.60339
v -1.10563 -0.707353 -0.899493
v -1.17218 -0.692806 -0.823451
v -1.17021 -0.664523 -0.883428
v -1.42498 -0.471757 -0.885143
v -1.42192 -0.444826 -0.945068
v -1.36121 -0.512629 -0.899567
v -0.314163 -0.966521 -0.159555
v -0.30322 -1.03591 -0.18095
v -0.295384 -0.928955 -0.217505
v -0.770626 -0.494127 0.214163
v -0.81956 -0.53588 0.235824
v -0.230634 -0.886787 -0.413742
v -0.246145 -0.923734 -0.354775
v -0.227847 -0.957017 -0.438147
v -0.216059 -0.672208 -0.484905
v -0.207511 -0.743095 -0.508386
v -1.29961 -0.581227 -0.853796
v -1.36401 -0.539878 -0.839462
v -0.941436 0.257206 -3.4747
v -0.898033 0.304678 -3.50154
v -0.844121 0.288574 -3.46075
v -0.31142 0.180652 -2.92615
v -0.316408 0.119831 -2.93831
v -0.880993 -0.759955 -1.26597
v -0.875301 -0.786894 -1.21142
v -0.430617 0.335767 -3.04877
v -0.391934 0.26155 -3.01589
v -0.390173 0.325709 -2.99678
v -1.69593 -0.0156955 -1.70465
v -1.72967 0.0593642 -1.68579
v -0.266937 -1.21591 -0.691881
v -0.298146 -1.27879 -0.719344
v -0.871061 0.168547 -3.3769
v -1.0054 0.729745 -3.1413
v -1.06712 0.730267 -3.17326
v -0.277503 -0.283027 -0.436276
v -1.35803 0.644262 -3.04122
v -1.38656 0.584252 -3.05804
v -0.497357 0.0253933 -3.09681
v -0.556177 0.0357886 -3.13643
v -0.470625 0.081756 -3.10252
v -0.405625 -0.409929 -0.124504
v -0.409471 -0.303769 -0.164732
v -0.361612 -0.223377 -0.279504
v -0.49094 0.0377346 -0.230871
v -0.530453 0.0994101 -0.226343
v -0.520238 -0.00398799 -0.174031
v -0.351159 0.25177 -2.96332
v -0.350236 0.31518 -2.94556
v -0.322182 0.49275 -2.83201
v -0.285156 0.476834 -2.78667
v -0.275932 0.417396 -2.81127
v -1.54792 -0.247955 -1.21793
v -1.60303 -0.202417 -1.19866
v -1.49805 0.761077 -1.16185
v -1.43414 0.812534 -1.1293
v -1.49384 0.774265 -1.23683
v -1.04145 -0.315743 -2.47951
v -1.10753 -0.300702 -2.48622
v -1.2483 -0.734831 0.179853
v -1.3028 -0.68534 0.188747
v -1.27545 -0.768699 0.135491
v -1.32629 -0.719318 0.138825
v -1.60246 0.742549 -1.67314
v -0.721555 -0.117189 -2.94114
v -0.715363 -0.174902 -2.81661
v -0.628672 -0.15832 -2.83833
v -0.654589 -0.182266 -2.79119
v -0.689294 -0.150194 -2.86536
v -0.904887 0.90163 -1.7386
v -0.979109 0.91044 -1.76276
v -1.38214 0.468904 -3.23888
v -1.39901 0.462118 -3.16455
v -1.38617 0.525918 -3.14771
v -0.744362 -1.06805 0.288566
v -0.698757 -1.02777 0.290311
v -0.738726 -0.959991 0.290279
v -0.35229 -0.436129 -0.197407
v -0.37952 -0.369713 -0.180088
v -0.384237 -0.26321 -0.220992
v -1.10937 0.0398626 0.0497351
v -1.15528 0.00655683 0.0883582
v -0.90536 -0.228022 -2.69637
v -0.924834 -0.253121 -2.64035
v -1.10877 0.117393 -3.26786
v -1.04947 0.0933131 -3.25021
v -1.0864 0.0611072 -3.19407
v -0.354726 0.75127 -1.56173
v -0.413317 0.787038 -1.5765
v -0.814902 -0.867698 -1.18208
v -0.869461 -0.814393 -1.15583
v -0.994786 -0.636686 -1.28468
v -1.05413 -0.565356 -1.32806
v -0.99762 -0.612237 -1.34196
v -0.788832 0.460007 -0.332286
v -0.818699 0.40968 -0.279012
v -0.768026 0.363077 -0.265578
v -0.638282 0.311967 -0.295262
v -1.52564 -0.632961 -0.110274
v -1.57438 -0.585685 -0.100862
v -0.185521 0.101217 -0.84299
v -0.217327 0.166243 -0.836595
v -0.205283 0.0697758 -0.777962
v -0.191409 -0.316572 -0.659562
v -0.207697 -0.245475 -0.639966
v -0.207825 -0.351355 -0.598814
v -1.19153 0.183007 -3.36908
v -1.15123 0.216318 -3.4306
v -1.4767 -0.133726 0.0697753
v -0.586712 -1.23407 -0.772238
v -1.40572 0.571774 -0.515326
v -1.47372 0.551527 -0.535812
v -1.41091 0.534128 -0.466855
v -0.71288 0.01065 -3.18471
v -0.685605 -0.0339167 -3.11371
v -0.748465 -0.0191283 -3.14172
v -0.781953 -0.0421103 -3.0926
v -0.354545 0.315591 -0.76387
v -0.344971 0.343013 -0.834378
v -0.398016 0.374463 -0.765529
v -0.616848 0.529972 -0.651961
v -0.566159 0.476699 -0.643045
v -1.51332 0.197324 -0.20511
v -1.40261 0.0371976 -2.80511
v -1.43799 0.0964036 -2.79497
v -1.37459 0.124561 -3.01179
v -1.35352 0.135298 -3.0856
v -1.31925 0.0800288 -3.09711
v -1.33158 0.147183 -3.1606
v -0.580563 0.77737 -2.63832
v -0.52469 0.770184 -2.60626
v -1.41418 0.232708 -0.179794
v -1.3882 0.199174 -0.141028
v -1.38232 0.267265 -0.195722
v -1.60212 0.594643 -1.08795
v -1.60188 0.614841 -1.15849
v -1.33066 0.901997 -1.48186
v -1.40791 0.873617 -1.5091
v -1.41392 0.861496 -1.4332
v -0.961761 -0.129293 -2.90053
v -1.04971 -0.138528 -2.85628
v -1.02475 -0.112748 -2.91535
v -0.9132 -1.04864 -0.307665
v -0.911991 -1.05356 -0.23364
v -0.17958 -1.02047 -0.756552
v -0.18429 -0.987976 -0.668093
v -1.27741 -0.779029 0.0665938
v -1.28174 -0.789016 -0.00602557
v -1.42945 0.268201 -0.216014
v -1.45321 0.197941 -0.167209
v -0.977639 -0.560926 -1.95031
v -1.04568 -0.529257 -1.94256
v -0.884743 0.819095 -2.73484
v 0.0495892 -0.0453014 -1.75456
v -0.699987 0.851688 -1.51524
v -0.62767 0.83629 -1.49051
v -0.692751 0.857984 -1.59146
v -0.620968 0.843186 -1.56699
v -0.270131 -0.278929 -2.37163
v -1.74486 0.191378 -1.49056
v -1.7369 0.254601 -1.39129
v -1.71928 0.315516 -1.29112
v -0.384911 -1.00871 0.0342066
v -0.371109 -1.07737 0.0156462
v -0.363916 -0.971565 -0.0230482
v -0.258038 -0.853711 -0.332846
v -0.239789 -0.816428 -0.390762
v -0.251987 -0.74594 -0.368301
v -1.02676 0.0376911 -3.1773
v -1.00304 -0.0173454 -3.10651
v -1.06263 0.00567982 -3.12188
v -0.967041 0.0148097 -3.15913
v -0.774162 0.0321596 -3.21053
v -0.833821 0.0551001 -3.23566
v 0.0305184 -0.000253754 -1.68381
v -0.970638 0.913079 -1.83865
v -0.897605 0.904285 -1.81447
v -0.963404 0.908699 -1.91493
v -0.951848 0.320026 -3.54695
v -0.468241 0.7634 -2.57493
v -0.414216 0.750268 -2.5419
v -0.00138016 0.00229664 -1.48349
v 0.0189643 -0.0418881 -1.55584
v -1.73903 0.1274 -1.58923
v -1.72389 0.0459613 -1.6147
v -0.607294 0.859558 -1.79498
v -0.715888 0.325823 -3.36798
v -0.764997 0.335944 -3.41528
v -0.706449 0.396229 -3.35112
v -0.421626 0.488777 -0.910161
v -0.988169 -0.992917 -0.432355
v -0.918879 -1.03488 -0.449142
v -0.982003 -0.996849 -0.361658
v -0.979146 -1.00339 -0.289417
v -0.977466 -1.00907 -0.215663
v -1.04509 -0.959361 -0.272847
v -1.11652 -0.912101 -0.329868
v -0.845781 0.624918 -3.1814
v -0.869414 0.670167 -3.12428
v -0.923034 0.683119 -3.16305
v -0.892363 0.715237 -3.0672
v -0.200199 -0.635945 -0.54404
v -1.04389 -0.667918 -1.0939
v -1.04145 -0.6942 -1.03469
v -1.10736 -0.626011 -1.07841
v -0.793448 -1.00602 -0.885401
v -0.850848 -0.948479 -0.857961
v -0.795465 -0.979991 -0.947729
v -0.639767 -1.17481 0.273999
v -0.85049 -0.682144 -1.73027
v -1.44538 -0.348881 0.145016
v -0.536943 -1.39282 -0.526437
v -0.620658 -1.35255 -0.506623
v -1.23313 0.653808 -3.47666
v -1.27523 0.611703 -3.49189
v -1.70387 0.0626442 -0.811443
v -1.70653 0.106888 -0.719252
v -1.70449 0.134951 -0.777892
v -0.207505 -0.457648 -0.559014
v -0.260988 -0.245886 -0.498065
v -0.224421 -0.280363 -0.578641
v -0.225819 -0.0687529 -0.66535
v -0.175099 -0.387421 -0.679318
v -0.160979 -0.458411 -0.699771
v -0.154483 -0.0420782 -0.871801
v -0.156698 -0.145076 -0.825741
v -0.210526 -0.564784 -0.521216
v -1.26537 -0.104407 -2.82119
v -1.60286 0.573196 -1.01844
v -0.792673 -0.738503 -1.56889
v -0.71954 -0.769607 -1.53
v -0.821625 -0.77992 -1.51073
v -0.817628 -0.339043 0.178328
v -1.1552 -0.0746502 0.142055
v -0.583347 -0.59287 -1.9619
v -0.665777 -0.573242 -2.0167
v -0.584418 -0.557258 -2.00831
v -0.195381 0.368538 -1.17373
v -0.156954 0.308806 -1.17384
v -0.236783 0.426815 -1.17571
v -0.293428 0.457911 -1.1095
v -0.352012 0.163036 -0.55447
v -0.380967 0.254101 -0.624439
v -1.16869 -0.636133 -0.943035
v -0.279795 -0.176249 -0.478541
v -0.292822 -0.213561 -0.415866
v -1.10282 -0.449049 -2.1189
v -1.03575 -0.475777 -2.12258
v -0.970998 -0.520276 -2.06785
v -1.04076 -0.497919 -2.06394
v -0.590329 -0.489559 -2.09974
v -1.20925 -0.336707 -2.30032
v -1.26163 -0.289601 -2.36276
v -1.30337 -0.362531 -1.40191
v -1.23833 -0.397669 -1.41375
v -1.49942 -0.238552 -1.42656
v -1.56261 -0.178095 -1.47456
v -1.50841 -0.228299 -1.49048
v -0.72476 -0.354508 0.152292
v -0.679726 -0.414195 0.151666
v -0.645807 -0.378322 0.102349
v -1.35895 0.302479 -0.217905
v -1.32458 0.271917 -0.179429
v -1.60403 0.550539 -0.949902
v -1.64286 0.480569 -0.985966
v -1.68223 0.0266119 -1.18156
v -1.52896 0.00777789 -0.0720307
v -0.862128 -0.180147 -2.80858
v -0.800486 -0.191948 -2.78905
v -0.924194 -0.168855 -2.82705
v -0.044811 -0.259898 -2.49043
v -0.0201335 -0.275608 -2.41794
v -0.74355 -0.516284 -2.11947
v -0.818697 -0.516917 -2.12449
v -0.815508 -0.488042 -2.17663
v -0.822772 -0.546113 -2.07215
v -0.747442 -0.579216 -2.01986
v -0.826294 -0.574869 -2.01945
v -1.70826 -0.0479107 -0.577712
v -1.70886 0.019929 -0.545734
v -0.374687 -0.475219 -0.139577
v -0.377436 -0.581504 -0.104407
v -0.356713 -0.54292 -0.162031
v -0.471995 -0.279635 -0.0987093
v -1.67625 0.276971 -0.706987
v -1.37109 0.274677 -3.20959
v -1.36913 0.347655 -3.26962
v -1.39821 0.398677 -3.17976
v -1.38278 0.407298 -3.25468
v -0.884396 0.230309 -3.44483
v -0.828856 0.214492 -3.406
v -0.813701 0.352038 -3.46329
v -1.10016 0.629885 -0.525157
v -1.57204 -0.167574 -1.53891
v -1.62139 -0.111261 -1.52117
v -1.58004 -0.157195 -1.60361
v -1.6343 0.378231 -0.572318
v -1.63857 0.423057 -0.6208
v -1.65619 0.31473 -0.612429
v -1.58834 0.42599 -0.542573
v -1.59068 0.38483 -0.493176
v -0.863926 0.22128 -0.11713
v -0.831281 0.266972 -0.165404
v -0.880372 0.313263 -0.176922
v -0.540935 0.720109 -1.15108
v -0.4887 0.668968 -1.14054
v -0.0431613 -0.004409 -1.28201
v -0.0616779 0.0640123 -1.27216
v -0.069981 0.03755 -1.20688
v -0.972839 -1.00571 0.0129594
v -1.6783 -0.0175596 -1.3448
v -0.566944 -0.503623 0.087891
v 0.0246629 -0.489797 -1.3871
v 0.0106339 -0.449064 -1.31094
v 0.00602139 -0.518211 -1.33256
v 0.0728071 -0.441095 -1.62222
v 0.0705829 -0.374663 -1.60984
v 0.0592587 -0.403174 -1.55432
v -0.978309 -0.598253 -1.64255
v -0.513598 0.586008 -2.96927
v -0.487061 0.536643 -3.01819
v -0.652207 -0.988649 0.277186
v -0.665795 -1.09968 0.284056
v -0.682833 -1.21839 0.270976
v -0.407329 -0.664367 -1.7488
v -0.402408 -0.636914 -1.79748
v -1.55216 0.431727 -2.58447
v -1.55008 0.358752 -2.59945
v -0.745417 -0.55054 -2.07152
v -0.81009 0.00264338 -3.16499
v -0.688501 -1.32889 0.186012
v -0.696516 -1.35439 0.113244
v -0.621717 -1.43296 0.178487
v -0.618132 -1.45254 0.115617
v -0.586538 -1.48311 0.155352
v -1.12176 -0.322709 -2.42496
v -1.05568 -0.33943 -2.4203
v -1.5937 -0.139485 -1.73556
v -1.53398 -0.190398 -1.74838
v -1.63581 -0.366862 -0.570999
v -0.213525 -0.947819 -1.20798
v -1.62325 -0.151045 -1.10628
v -1.61355 -0.166247 -1.04232
v -1.6484 -0.0816651 -1.08018
v -1.35427 0.856165 -1.17463
v -1.348 0.867242 -1.2514
v -1.52518 -0.529479 0.126399
v -0.269987 0.231769 -2.85877
v -0.272113 0.292816 -2.84345
v -0.234251 0.281172 -2.79175
v -1.23299 -0.568447 -0.988719
v -1.39408 -0.287978 -1.645
v -1.38887 -0.297394 -1.58119
v -1.32963 -0.326673 -1.65664
v -1.6699 -0.0903793 -0.160659
v -1.36039 -0.315851 -2.0337
v -1.34731 -0.754753 -0.0693081
v -0.393724 -0.198682 -2.7236
v 0.0393011 -0.199312 -1.51372
v -0.331024 -0.240612 -2.57934
v -0.276521 -0.255089 -2.55225
v -1.39694 0.301086 -0.230787
v -1.40344 0.316515 -0.246609
v -0.36372 -0.188901 -2.76638
v -1.54247 0.38854 -0.419316
v -1.59345 0.34496 -0.444904
v -0.422298 -1.15005 0.12876
v -0.462551 -1.18897 0.177633
v -0.408775 -1.21576 0.112713
v -0.341146 -0.826266 -0.116276
v -0.320789 -0.788281 -0.172607
v -0.838148 0.477472 -3.37849
v -1.36391 -0.324944 -1.96943
v -0.710528 0.55946 -3.16553
v -0.68993 0.505055 -3.2153
v -0.769671 0.562849 -3.19769
v -1.1978 0.521286 -0.396198
v -1.20645 0.476157 -0.350026
v -1.13331 0.503184 -0.366191
v -1.33658 0.543582 -0.449211
v -1.26547 0.536303 -0.424055
v -1.25864 0.581267 -0.469825
v -0.76496 -1.25429 -0.14929
v -1.43268 -0.703763 -0.264299
v -1.17332 -0.432127 -1.42451
v -1.10977 -0.467326 -1.43439
v -1.1118 -0.4942 -1.37447
v -1.30407 -0.212708 0.164384
v -1.53044 0.130404 -2.49923
v -1.55615 0.201619 -2.4872
v -1.05902 0.813832 -2.82786
v -1.11724 0.803704 -2.8557
v -1.08384 0.830448 -2.75351
v -1.16135 0.702282 -3.29669
v -1.22316 0.685835 -3.32048
v -0.559036 -1.28134 0.253189
v -0.503787 -1.23132 0.228191
v -0.458567 0.570773 -0.987519
v -0.469925 0.544076 -0.916987
v -0.740166 0.258238 -3.3729
v -0.771503 0.197038 -3.36919
v -0.492751 -0.643912 -1.86179
v -1.70147 -0.227137 -0.374638
v -0.120582 0.268627 -1.2473
v -0.147998 0.333669 -1.24382
v -0.129038 0.243422 -1.17863
v -0.0984149 0.201315 -1.25429
v -1.23496 -0.622651 -0.868345
v -1.29731 -0.5536 -0.91389
v -0.334254 -0.290977 -0.296708
v -0.329646 -0.397244 -0.255655
v -0.401791 -1.46907 0.0298144
v -0.423491 -1.53354 0.0144785
v -0.384839 -1.40679 0.0516377
v -0.36659 -1.37985 -0.00983145
v -0.895344 0.835573 -1.01839
v -0.821955 0.81576 -0.995735
v -0.888719 0.846655 -1.09638
v -1.53807 -0.628088 -0.173457
v -1.47293 -0.67761 -0.119577
v -1.59125 -0.534551 0.0156659
v -1.17798 -0.418162 -1.48838
v -1.11011 -0.445883 -1.49663
v -0.769856 -0.395062 0.184351
v -0.771402 -0.296775 0.148911
v -0.150473 0.569443 -2.47956
v -0.13253 0.517618 -2.47755
v -0.158061 0.551156 -2.51924
v -1.12217 0.866726 -1.09553
v -1.20562 0.859354 -1.04419
v -1.12848 0.851168 -1.02046
v -1.20008 0.870245 -1.12083
v -1.28287 0.86576 -1.06845
v -1.19647 0.115955 -0.00780441
v -1.0717 0.156985 -0.050397
v -1.03397 0.202158 -0.0848263
v -0.199006 -0.813788 -0.531732
v -0.194681 -0.884307 -0.556143
v -0.214831 -0.850133 -0.472715
v -0.257403 -1.19902 -0.452911
v -0.270022 -1.26473 -0.478034
v -0.256151 -1.22888 -0.540315
v -0.474276 -1.17546 -0.991456
v -0.460867 -1.14244 -1.05874
v -0.426541 -1.30566 -0.813299
v -0.514044 -1.30392 -0.728706
v -0.507566 -1.27395 -0.795365
v -0.485921 -1.20854 -0.925729
v -0.387052 -1.20884 -1.015
v -0.169491 -0.952043 -0.727841
v -0.164892 -0.984061 -0.816463
v -0.154518 -0.915992 -0.787283
v -1.1937 0.880735 -1.19819
v -1.10941 0.885144 -1.25011
v -1.18766 0.891266 -1.27558
v -0.606112 -1.47234 0.0458356
v -0.656988 -1.39575 0.147749
v -0.553787 -1.53067 0.138586
v -0.531316 -1.5465 0.0747114
v -1.50805 0.36675 -2.7411
v -1.52964 0.362579 -2.67025
v -1.5314 0.434224 -2.6548
v -1.7072 -0.0196348 -0.635469
v -1.70612 0.00850919 -0.693615
v -1.69746 -0.0885252 -0.666563
v -1.53655 -0.353075 -0.910739
v -1.57746 -0.294158 -0.887872
v 0.0324495 -0.542591 -1.59146
v 0.0154007 -0.571983 -1.54035
v -1.64634 -0.10347 -1.30423
v -1.36093 -0.334633 -1.84244
v -1.05323 -0.473496 -1.57082
v -1.64685 -0.494143 -0.267676
v -1.64193 -0.512197 -0.205876
v -1.06488 0.786277 -0.854278
v -1.07047 0.758233 -0.785221
v -0.990517 0.768401 -0.830511
v -1.34661 0.440334 -3.49005
v -1.31928 0.459993 -3.56519
v -1.28693 0.411409 -3.58888
v -0.638164 0.067816 -0.125523
v -0.683156 0.12268 -0.129191
v -1.42016 0.45775 -0.384575
v -1.41747 0.497797 -0.421352
v -1.48268 0.467403 -0.4424
v -1.70122 -0.215213 -0.227635
v -1.69206 -0.241289 -0.169873
v -1.23726 -0.843218 -0.160935
v -1.17186 -0.880304 -0.172489
v -1.16793 -0.881883 -0.0996688
v -0.592585 0.638322 -2.95253
v -0.616858 0.685111 -2.89664
v -0.564754 0.679218 -2.86114
v -0.677867 0.60106 -3.07647
v -0.589582 0.259272 -0.285943
v -0.564868 0.299356 -0.348105
v -0.542909 0.20312 -0.280989
v -1.66065 -0.121003 -0.0987992
v -1.62296 -0.0738826 -0.0791633
v -1.65092 -0.0369661 -0.12993
v -0.0849097 0.0747172 -2.59784
v -0.655843 -1.40214 -0.211981
v -1.29492 0.606619 -3.4237
v -1.34585 0.547827 -3.37139
v -0.266569 -0.275676 -2.41801
v -1.28143 0.343244 -3.518
v -0.738393 -1.18849 -0.588445
v -0.679817 -1.27189 -0.547083
v -1.06321 -0.473634 -1.63566
v -1.01631 -0.533564 -1.64021
v -0.717649 0.314839 -0.25372
v -0.988653 -0.352697 -2.41371
v -1.00068 -0.376278 -2.35552
v -1.06811 -0.363485 -2.36083
v -0.0559838 -0.15314 -2.55872
v -0.0297736 -0.16027 -2.49075
v -0.106902 0.534527 -1.74465
v -0.114193 0.521014 -1.67082
v -0.0923405 0.455455 -1.66905
v -0.31053 0.242008 -2.91091
v -0.615518 -1.33564 0.256144
v -0.589881 -1.39505 0.224323
v -0.90549 -0.584961 -1.95801
v -0.270642 -0.783361 -0.310491
v -0.283435 -0.712821 -0.287652
v -0.302097 -0.750555 -0.229992
v -0.390132 -1.1135 0.0748408
v -0.289294 -0.821023 -0.252872
v -0.276734 -0.891264 -0.275126
v -1.14381 -0.361127 -2.30011
v -0.748554 0.882738 -1.8423
v -0.677704 0.871942 -1.81863
v -0.745371 0.879942 -1.91815
v -1.69438 0.11939 -0.424063
v -1.68918 0.087043 -0.36714
v -1.70324 0.412721 -1.32972
v -0.500153 0.277815 -0.410491
v -1.48886 -0.430512 -0.870898
v -1.42825 -0.498375 -0.825181
v -0.371035 0.565008 -2.8444
v -0.281109 0.612002 -1.39708
v -1.24265 0.0652043 -3.1682
v -0.844387 -0.090552 -2.99172
v -0.814168 -0.0657968 -3.04284
v -0.837654 -0.154316 -2.8629
v -1.38516 -0.679756 -0.538509
v -1.32058 -0.723102 -0.552641
v -1.32317 -0.746936 -0.489027
v -1.15827 0.920491 -1.58342
v -1.0885 0.908483 -1.48209
v -1.64211 0.45663 -0.919457
v -1.6056 0.527112 -0.882426
v -1.44846 -0.657153 -0.461469
v -1.44819 -0.634838 -0.524042
v -1.38601 -0.701956 -0.475069
v -0.675461 0.86998 -1.8945
v -0.745335 0.86127 -1.99154
v -0.688814 0.789835 -2.70705
v -1.01901 0.0400677 0.0392293
v -1.24025 0.0779247 0.0189739
v -0.0268863 -0.269706 -1.19917
v -0.0165756 -0.2405 -1.25993
v 0.0438718 -0.36283 -1.48291
v 0.0236005 -0.322108 -1.41027
v -1.56152 -0.478507 0.100101
v -0.0918853 -0.194619 -2.6296
v -0.111405 -0.234345 -2.62598
v -0.132519 -0.188162 -2.69314
v -0.57095 -1.01964 0.246973
v -0.617275 -1.0587 0.273094
v -0.542871 -1.09083 0.241128
v -0.433271 -1.33573 -0.746156
v -0.611669 -0.750532 -1.65216
v -0.617093 -0.757656 -1.59718
v -0.117997 0.52223 -2.42887
v -1.6023 -0.137095 -1.80267
v -1.03335 0.794831 -2.90083
v -0.975267 0.797317 -2.86977
v -0.358864 0.128179 -2.99314
v -0.403868 0.135705 -3.04666
v -0.46116 -1.58858 -0.130847
v -0.710303 -1.14058 0.282149
v -1.06165 -0.364319 0.217354
v -1.35581 -0.0926904 -2.68153
v -1.33864 -0.080273 -2.75024
v -1.04541 -0.538669 -1.88059
v -0.979587 -0.575926 -1.88979
v -0.913704 -0.328944 0.194122
v -0.961971 -0.275881 0.187614
v -1.48493 0.426416 -0.400098
v -1.49469 -0.0271619 -0.0287286
v -0.168392 -0.564592 -0.66266
v -0.178142 -0.848364 -0.615082
v -0.237216 0.341896 -2.77778
v -0.199164 0.328954 -2.72793
v -1.23794 0.86977 -2.47634
v -1.46101 0.511133 -2.85396
v -1.44182 0.576528 -2.83637
v -1.15752 -0.00598569 -3.07947
v -1.18264 0.0497788 -3.15149
v -1.15836 -0.2644 0.190742
v -0.216167 -0.252225 -2.30443
v -0.210881 -0.267437 -2.35688
v -1.43149 -0.312251 -1.31434
v -0.663921 0.173093 -3.28292
v -0.714216 0.182709 -3.33073
v -0.420869 0.156638 -0.415819
v -1.34385 0.46552 -0.370465
v -1.34128 0.50277 -0.409192
v -0.347105 -1.13508 -1.15151
v -0.165649 0.132101 -0.908066
v -0.271995 0.195919 -0.766147
v -0.312435 0.255958 -0.764027
v -1.10682 0.253464 -3.48915
v -1.04761 0.244588 -3.45631
v -1.17055 -0.430217 -2.05184
v -1.10562 -0.464132 -2.05743
v -1.17253 -0.442046 -1.98948
v -1.55846 0.158165 -0.207499
v -1.58385 0.0813967 -0.16328
v -1.54001 0.122497 -0.15952
v -1.60206 0.116056 -0.21547
v 0.0822474 -0.214523 -1.84229
v 0.071292 -0.152218 -1.8346
v 0.0904145 -0.323348 -1.72475
v 0.0820953 -0.258657 -1.71546
v -1.23765 -0.406057 -1.98313
v -0.666635 -0.44067 -2.20177
v -0.742856 -0.4808 -2.16568
v -0.740378 -0.446093 -2.21288
v -0.10778 0.0507193 -1.06495
v -0.0943235 -0.0197695 -1.07869
v -0.0803442 0.00971116 -1.14221
v -0.0886959 0.106397 -1.19661
v -0.107315 0.175469 -1.187
v -0.0800808 0.132525 -1.26292
v -1.04297 -0.513426 -2.00306
v -0.186434 -1.04867 -0.846467
v -0.891439 0.901495 -1.89061
v -0.81972 0.893259 -1.86619
v -1.76571 0.342279 -1.75773
v -0.666674 -0.538337 -2.06269
v -1.44471 -0.165993 0.1203
v -1.44856 -0.256379 0.138322
v -1.23002 -0.380871 -2.10917
v -1.19371 0.924124 -1.90914
v -1.11874 0.923186 -1.88582
v -0.221297 0.583032 -1.4617
v -0.178979 0.527513 -1.45653
v -0.169629 0.546373 -1.52937
v -0.209489 0.603434 -1.53435
v -0.63419 0.783443 -2.67272
v -0.804292 -0.43023 -2.27944
v -0.810922 -0.453829 -2.22525
v -1.20251 -0.0333636 0.113479
v -1.10924 -0.498889 -1.87234
v -0.910428 0.777124 -0.876638
v -0.903293 0.806361 -0.94741
v -1.3377 0.646342 -3.11579
v -1.55897 0.281173 -2.54358
v -0.593403 0.0119667 -0.121774
v -1.07133 0.68108 -3.33174
v -1.11351 -0.121143 -2.86823
v -1.07358 -0.163825 -2.79652
v -1.02434 0.586741 -3.44153
v -1.00079 0.536496 -3.49637
v -0.267141 0.573385 -2.6869
v -0.292925 0.536601 -2.75976
v -0.0129473 -0.0583618 -2.34623
v -0.0164407 -0.110999 -2.41874
v -0.017011 0.0590376 -2.33794
v -0.0219428 0.00324612 -2.41068
v -1.04439 0.919352 -1.86244
v -1.3724 -0.105426 -2.6135
v -1.39041 -0.121196 -2.54669
v -1.42348 -0.056612 -2.60761
v -0.241905 -1.16299 -0.514021
v -1.2745 0.860349 -2.31665
v -1.33671 0.838589 -2.34397
v -1.28618 0.832912 -2.23526
v -0.156155 -0.0804246 -2.7435
v -1.16616 0.91529 -1.50683
v -1.09587 0.902348 -1.40496
v -0.0104361 -0.227169 -2.34826
v -0.703575 0.693786 -0.81587
v -0.71382 0.662486 -0.744621
v -1.1599 -0.359719 0.207244
v -1.10999 -0.314037 0.203994
v -1.70988 0.0489861 -0.603405
v -0.0629566 -0.118968 -2.0603
v -0.0742279 -0.0605871 -2.05068
v -1.23236 0.765449 -2.9059
v -1.20061 0.801812 -2.80695
v -1.1757 0.789778 -2.88221
v -0.0260756 0.297249 -1.93846
v -0.0422927 0.358265 -1.93905
v -0.321662 0.059897 -2.95046
v -0.152385 -0.0261733 -2.73611
v -0.274182 0.111251 -2.88361
v -1.76525 0.272299 -1.86571
v -1.49403 -0.302687 0.124778
v -0.127512 0.608371 -1.82434
v -0.100513 0.545381 -1.81973
v 0.0386132 -0.0858557 -1.62745
v 0.0704518 -0.193984 -1.70668
v 0.0605489 -0.109128 -1.76198
v -1.1345 0.827225 -0.947834
v -1.21075 0.835308 -0.971259
v -1.13986 0.803419 -0.875928
v -1.14521 0.775568 -0.80637
v -1.08009 0.835402 -2.25518
v -1.29426 0.778353 -0.855539
v -1.3691 0.784037 -0.874754
v -1.01202 0.12505 -3.30559
v -1.42602 0.175215 -2.92709
v -1.46548 0.2336 -2.8406
v -1.44685 0.239952 -2.91325
v -0.710187 -1.25228 0.230672
v -0.749065 -1.18078 0.26999
v -1.40744 0.254336 -3.05974
v -1.64143 0.342255 -0.518433
v -1.41779 0.456056 -3.09088
v -1.41861 0.390697 -3.10619
v -0.280745 -0.0690206 -0.521682
v -1.21082 -0.596619 0.222119
v -1.16243 -0.551266 0.229787
v -1.01382 -0.804426 0.249184
v -0.964008 -0.856878 0.255622
v -1.11266 -0.700971 0.235592
v -1.0634 -0.752732 0.242361
v -1.03246 -0.956593 0.0261806
v -1.09356 -0.909237 0.0377184
v -1.04054 -0.969551 -0.0495865
v -0.649795 -0.375351 -2.35389
v -0.726386 -0.401693 -2.31869
v -0.717976 -0.378402 -2.37039
v -0.783752 -0.999138 0.287796
v -0.826208 -0.933377 0.282993
v -0.436917 0.723409 -2.07257
v -1.71063 0.115634 -1.98269
v -1.056 -0.494647 -1.50888
v -0.278518 -1.20533 -0.306964
v -0.295806 -1.2419 -0.246907
v -1.64117 0.543398 -1.19318
v -1.37074 0.0290061 0.0113235
v -0.736823 0.0715922 -3.24474
v -0.865479 -0.284493 0.173085
v -0.337774 0.679178 -2.62921
v -0.36713 0.655806 -2.71622
v -1.50425 -0.536969 -0.632018
v -1.50691 -0.562841 -0.570791
v -1.55988 -0.486958 -0.615622
v -1.49983 -0.509302 -0.691597
v -1.05387 0.919307 -1.78683
v -1.14021 0.926144 -1.73539
v -1.06338 0.916933 -1.71119
v -0.104484 -0.427675 -0.900955
v -0.0885744 -0.394842 -0.960655
v -0.0964162 -0.324235 -0.940501
v -0.184307 -0.600063 -0.603303
v -0.0404004 -0.299948 -1.13917
v -0.0567643 -0.330949 -1.07985
v -0.0495042 -0.401164 -1.09922
v -0.0651272 -0.432884 -1.04035
v -0.0808502 -0.465234 -0.98136
v -0.0576582 -0.502838 -1.06109
v -0.144442 -0.42401 -0.759626
v -0.104155 -0.602143 -0.885395
v -0.112321 -0.531798 -0.86308
v -0.136025 -0.910481 -0.934992
v -0.193863 -0.95456 -0.581446
v -0.177577 -0.918668 -0.64073
v -0.213998 -1.05987 -0.547915
v -0.361686 0.612194 -1.26483
v -0.435848 0.754525 -1.42899
v -0.186124 -0.294699 -2.45377
v -0.202236 -0.285997 -2.40583
v -0.243888 -1.13271 -0.427294
v -0.242405 -1.19331 -0.602199
v -0.226502 -1.12728 -0.574977
v -0.137626 -0.0104162 -0.935893
v -0.135516 0.0916046 -0.986571
v -0.151075 0.0606239 -0.921088
v -0.122032 0.0205204 -1.00036
v -0.0823467 -0.292219 -1.00148
v -0.110876 -0.253942 -0.922811
v -1.48785 0.370594 -2.81271
v -1.46349 0.306382 -2.89956
v -1.48264 0.300991 -2.82724
v -0.900298 -0.670612 -1.48082
v -0.895538 -0.688616 -1.42586
v -1.30122 -0.382499 -1.34007
v -1.23646 -0.41803 -1.35181
v -1.4286 -0.718316 -0.197249
v -1.4157 -0.717394 -0.129575
v -1.42786 0.344436 -0.284511
v -1.48023 0.350203 -0.324697
v -1.48135 0.309814 -0.286223
v -1.61835 0.152039 -0.266766
v -1.6466 0.0744687 -0.226149
v -1.55596 0.639935 -0.9823
v -1.55724 0.616071 -0.913543
v -1.50395 0.704099 -0.945629
v -1.55932 0.592333 -0.845521
v -1.09184 0.790234 -2.93018
v -0.900826 0.401275 -0.245877
v -0.872549 0.44922 -0.29928
v -0.749871 0.265842 -0.204286
v -0.799331 0.314263 -0.215099
v -0.78515 -1.10768 0.272499
v -0.857533 -1.07427 0.231595
v -0.825711 -1.03808 0.273376
v 0.0822343 -0.347636 -1.66629
v -1.04528 0.863035 -1.06871
v -0.258418 0.70171 -2.44996
v -0.211869 0.653893 -2.47818
v -1.57689 0.275381 -2.47447
v -1.42406 0.318861 -3.04598
v -0.236 0.0441505 -2.83919
v -0.278855 0.0518868 -2.89478
v -1.73951 0.39019 -1.57702
v -1.67876 -0.0631448 -0.22261
v -1.66455 -0.00626413 -0.190472
v -0.527087 -0.774493 0.146014
v -1.63093 -0.437133 -0.00363415
v -1.62055 -0.466563 0.0509696
v 0.0840909 -0.413141 -1.6769
v 0.0746435 -0.505335 -1.63268
v -0.714919 -0.787385 -1.47586
v -0.856121 -0.699328 -1.6107
v -0.853822 -0.709195 -1.55158
v -0.942832 0.884914 -1.35608
v -0.868391 0.869149 -1.33243
v -0.861383 0.873764 -1.40983
v -0.801841 0.844705 -1.23093
v -0.875389 0.862527 -1.25448
v -0.882233 0.854455 -1.17588
v -0.400704 -0.606033 -1.8448
v -1.62665 -0.485443 -0.0310389
v -0.640449 0.105281 -3.23187
v -0.616512 0.0483155 -3.17261
v -0.651576 0.00180864 -3.14837
v -0.677531 0.058797 -3.20837
v -0.977698 0.696582 -3.20208
v -1.6075 0.476779 -0.750707
v -0.711649 -1.326 -0.178688
v -0.239549 0.401791 -2.76309
v -1.36678 0.792053 -2.10641
v -0.307878 -0.858711 -0.195433
v -0.358628 -0.649741 -0.127269
v -0.359963 -0.756804 -0.0937426
v -0.96755 -0.761888 0.256295
v -0.921393 -0.719424 0.268568
v -1.01617 -0.708543 0.249676
v -0.919649 -0.62109 0.260241
v -0.968596 -0.664706 0.258082
v -1.05655 0.531428 -0.383086
v -1.18943 0.566648 -0.44272
v -0.611725 0.756297 -2.73996
v -0.641774 0.724929 -2.83619
v -0.0616254 -0.638916 -1.50734
v -0.203965 0.194819 -0.90405
v -0.246035 0.106368 -0.700547
v -0.231879 0.136754 -0.768764
v -1.20655 0.935302 -1.83482
v -1.28541 0.93189 -1.85934
v -1.29905 0.929833 -1.7845
v -0.990381 0.0670475 -3.23297
v -0.795114 0.087091 -3.27937
v -0.75539 0.13427 -3.30623
v -1.27213 0.275203 -3.449
v -1.1697 0.271895 -3.51108
v -1.70096 0.136343 -0.994077
v -1.6637 0.280189 -0.557093
v -0.514989 0.420956 -3.12987
v -1.69989 -0.30579 -0.198131
v -1.68131 -0.265967 -0.11129
v -1.66557 -0.207239 -0.0774258
v -1.31741 0.648702 -3.19068
v -0.534872 0.220174 -3.18695
v -0.568642 0.427025 -3.17327
v -0.561463 0.362762 -3.20322
v -0.442348 0.205908 -3.08338
v -1.667 0.0402488 -1.99183
v -1.64735 -0.0514351 -1.93155
v -1.13678 -0.235245 -2.61349
v -1.18008 -0.190488 -2.68121
v -0.116481 0.0804925 -2.65817
v -0.114679 0.0236591 -2.66736
v -0.183898 -0.266698 -2.57791
v -0.588818 0.412462 -0.500511
v -0.498713 -0.946714 0.161737
v -0.531904 -0.982651 0.209333
v -0.471332 -1.01483 0.149829
v -1.40311 0.32728 -3.11933
v -0.918111 -0.81731 -1.01613
v -0.976378 -0.795386 -0.934855
v -1.28055 0.0325308 -3.10577
v -0.008561 -0.548141 -1.2771
v -0.0624017 -0.707927 -1.13611
v -0.0539353 -0.640444 -1.1081
v -1.47509 -0.241222 -1.75977
v -1.4723 0.443613 -2.87105
v -0.0582671 -0.203715 -2.56278
v -0.0673405 -0.250609 -2.56486
v -1.06482 -0.655748 0.243128
v -1.51472 -0.0642671 -2.11583
v -1.23462 0.685481 -0.638033
v -0.966347 0.569655 -3.40541
v -0.944878 0.516275 -3.45895
v -0.652784 -1.10035 -0.936673
v -0.0726741 -0.362557 -1.02027
v -0.0965911 -0.49819 -0.92225
v -0.0885623 -0.56831 -0.944063
v -0.758968 -0.666091 -1.86138
v -0.82645 0.817593 -2.70292
v -0.171577 -0.285861 -2.49378
v -0.210333 -0.269104 -2.54785
v -0.124233 -0.843723 -0.905094
v -0.118627 -0.775171 -0.877062
v -1.09219 0.880746 -2.49932
v -1.11179 0.892221 -2.42312
v -0.237057 0.688273 -1.98133
v -0.0354786 0.176396 -2.32885
v -1.70084 -0.254067 -0.315679
v 0.00293171 -0.281353 -1.33595
v 0.0119879 -0.350611 -1.35196
v -1.64871 0.348173 -0.668562
v -0.0769078 -0.28129 -2.33927
v -0.469754 0.827046 -1.74994
v -0.476204 0.816055 -1.59564
v -0.481822 0.73077 -2.29115
v -0.42784 0.712941 -2.26402
v -1.65686 -0.198161 -0.782626
v -1.68027 -0.157281 -0.696335
v -1.3072 0.0130824 -3.03215
v -1.53932 0.428263 -0.466828
v -1.53546 0.469374 -0.515111
v -1.10982 -0.811159 -0.653669
v -1.17817 -0.770911 -0.639123
v -0.912475 -0.991258 -0.579505
v -0.914833 -1.01321 -0.514344
v -0.982 -0.967689 -0.495985
v -0.00568776 -0.211958 -1.32044
v 0.0969224 -0.447423 -1.73953
v 0.101604 -0.424814 -1.79806
v -1.05803 -0.84762 0.239124
v -0.535138 -0.197413 -2.73914
v -1.02541 0.889425 -1.30249
v -1.10279 0.89588 -1.32749
v -1.11578 0.874583 -1.17227
v -1.03185 0.879042 -1.22464
v -1.27151 0.886773 -1.22317
v -1.39661 0.639896 -2.89246
v -1.41406 0.638289 -2.81772
v -1.35777 0.693677 -2.87288
v -1.00216 0.336124 -3.59507
v -1.05797 0.292192 -3.54635
v -1.17211 -0.453544 -1.36276
v -1.23509 -0.44041 -1.29014
v -1.23459 -0.490898 -1.1694
v -1.65232 0.230926 -0.36545
v -1.63224 0.188408 -0.318281
v -1.53497 0.273208 -0.290629
v -1.68754 -0.0344256 -0.282062
v -1.69586 -0.00446418 -0.340189
v -1.70301 -0.0959246 -0.313433
v -0.727983 0.690126 -2.96104
v -0.759999 0.650592 -3.05199
v -0.0842204 0.28532 -2.26433
v -0.073606 0.227657 -2.26626
v -0.165937 0.665636 -1.83012
v -0.225504 0.701123 -1.7647
v -0.174808 0.654185 -1.75503
v -0.460342 -1.56097 0.122499
v -0.512782 -1.56508 0.126485
v -0.449074 -1.54721 0.0711585
v -1.63001 -0.0997861 -1.58661
v -1.52623 -0.194475 -1.68333
v -1.48478 0.0714774 -2.58151
v -1.45397 0.00587432 -2.5945
v -0.887261 -0.477241 -2.17823
v -0.892507 -0.505894 -2.12434
v -0.675039 0.861415 -1.96965
v -0.728748 0.826854 -1.20636
v -0.95578 0.872673 -1.19936
v -0.0704065 0.390165 -1.66708
v -0.117447 0.40245 -1.4545
v -0.142903 0.467726 -1.4538
v -0.128843 0.380588 -1.38417
v -0.0826901 0.357117 -1.52556
v -0.0619092 0.290781 -1.52723
v -0.0564256 0.308533 -1.59672
v -0.330808 -0.114733 -2.89745
v -0.378918 -0.688238 -0.0706435
v -0.38152 -0.902394 -0.00373399
v -0.411028 -1.04544 0.089039
v -0.445143 -1.08257 0.139317
v -0.404062 -0.620775 -0.0509912
v -1.35492 0.287946 -3.28576
v -1.38414 0.336918 -3.19365
v -1.37337 0.417054 -3.3318
v -1.33986 0.374629 -3.42539
v -0.427604 -0.992499 -1.33839
v -0.29916 -1.04138 -1.2968
v -0.411486 -1.02905 -1.26558
v -0.0551788 -0.3667 -1.87757
v -1.57223 0.193782 -2.41832
v -0.916703 -0.656128 -1.59218
v -0.853557 -0.690566 -1.66969
v -1.3856 -0.722733 -0.410989
v 0.0706486 -0.226927 -1.98012
v 0.0603363 -0.173517 -1.97218
v -1.35387 0.236001 -0.158154
v -1.31946 0.204944 -0.118813
v -0.0923791 -0.765578 -1.30953
v -0.157095 -0.832579 -1.2863
v -1.15427 0.872553 -2.52635
v -1.21505 0.857454 -2.55337
v -0.965373 -0.494718 -2.12484
v -1.02946 -0.453014 -2.18151
v -0.959054 -0.466744 -2.1803
v -1.72274 0.301312 -2.01377
v -1.30883 0.681878 -0.66335
v -1.3032 0.715227 -0.724607
v -1.18246 -0.870613 -0.315506
v -1.18934 -0.864783 -0.385982
v -0.853409 0.697403 -0.711095
v -0.795782 0.636071 -0.620679
v -0.785089 0.670057 -0.689798
v -1.37285 0.750437 -0.807776
v -1.44182 0.757575 -0.905375
v -1.43771 0.784199 -0.976593
v -1.36584 0.81374 -0.944482
v -1.6765 -0.0374513 -1.56767
v -1.42086 0.390497 -0.325084
v -0.382626 -1.18063 0.0545611
v -0.354883 -1.21272 -0.0263826
v -0.334797 -1.17767 -0.0852883
v -0.163135 -0.882602 -0.700167
v -1.16179 -0.454879 0.223611
v -1.11182 -0.409922 0.220566
v -1.75591 0.225703 -1.63461
v -1.75017 0.209433 -1.56185
v -1.7556 0.30869 -1.60625
v -0.984043 0.797395 -0.90029
v -0.917425 0.747066 -0.806576
v -0.544572 0.835656 -1.61893
v -0.091702 0.355287 -2.49578
v -0.103032 0.410994 -2.48922
v -0.13411 0.465006 -2.53443
v -0.159068 0.468973 -2.5839
v -0.147792 0.51539 -2.5235
v -0.155463 0.14468 -2.70564
v -0.947309 -0.19346 -2.76975
v -0.986814 -0.15614 -2.84346
v -0.658377 -1.1357 -0.877115
v -0.571705 -1.17169 -0.90128
v -0.579551 -1.20355 -0.837268
v -1.27151 -0.304641 -2.29773
v -0.301589 -1.33701 -0.353453
v -0.259244 -1.10031 -0.343549
v -1.33377 0.304417 -3.36157
v -1.31262 0.321081 -3.4408
v -1.36006 0.359284 -3.3473
v -0.91041 -0.945344 -0.708163
v -0.850739 -0.999817 -0.732087
v -0.910943 -0.968675 -0.644161
v -1.56948 0.503481 -2.49752
v -0.905411 -1.03726 0.0752327
v -0.730291 -1.28215 0.151508
v -0.735829 -1.30327 0.0679476
v -1.43492 -0.551421 -0.704603
v -1.31786 -0.697912 -0.615016
v -1.25033 -0.757741 -0.563478
v -1.24645 -0.731686 -0.625472
v -0.623915 -0.0505015 -3.08316
v -1.30023 -0.379906 -1.85032
v -1.23922 -0.415754 -1.9202
v -1.23977 -0.424219 -1.85804
v -1.30263 -0.375331 -1.91301
v -0.655617 -0.259947 -2.62156
v -0.637824 -0.236302 -2.67028
v -0.577568 -0.240928 -2.64659
v -0.568539 -0.166622 -2.81101
v -0.698962 0.717305 -0.890065
v -0.639092 0.6727 -0.876147
v -0.692728 0.738972 -0.963884
v -0.563866 0.815136 -1.38799
v -0.972032 -0.845479 -0.812049
v -0.974518 -0.918518 -0.623213
v -1.04385 -0.877201 -0.606793
v -1.04119 -0.852219 -0.66954
v -1.38333 -0.655297 -0.600936
v -0.907309 -0.0752081 -3.01136
v -0.970381 -0.0602388 -3.03065
v -0.877444 -0.0492262 -3.06515
v -0.426228 -0.724938 -1.6
v -0.426763 -0.734081 -1.55182
v -0.519757 -0.743274 -1.60067
v -0.119422 0.413242 -2.54512
v -0.0813264 0.299593 -2.50367
v -1.23314 -0.594739 -0.928289
v -1.1709 -0.584668 -1.06374
v -1.16969 -0.610466 -1.00356
v -1.64265 0.502836 -1.05391
v -1.67289 0.428139 -1.08886
v -1.0427 -0.965505 -0.199418
v -1.2151 0.807041 -0.900724
v -1.29052 0.808121 -0.924699
v -1.54142 -0.379324 -0.852098
v -0.299932 0.697152 -2.54062
v -0.249621 0.648973 -2.56502
v -1.64085 0.597047 -1.40996
v -1.6764 0.50701 -1.36925
v -1.64092 0.579946 -1.33665
v -0.00293542 0.175696 -1.93371
v -0.0106716 0.236907 -1.93713
v -0.360877 0.736844 -2.50999
v -1.34293 0.43033 -0.332598
v -0.815777 0.172957 -0.106708
v -1.4895 0.788342 -1.31198
v -1.48547 0.802273 -1.38729
v -1.47997 0.814256 -1.46302
v -1.57957 0.803683 -1.97136
v -1.60335 0.803988 -1.89843
v -0.361252 -0.864334 -0.0601871
v -0.298429 -0.642841 -0.26468
v -0.326406 -0.896402 -0.138149
v -0.704055 -0.978018 -1.24713
v -0.71232 -0.826834 -1.43143
v -0.698413 -0.836539 -1.37646
v -0.821901 -0.838694 -1.23624
v -0.531715 0.569967 -0.854602
v -0.582287 0.624739 -0.863354
v -0.828745 -0.81043 -1.28894
v -0.79017 0.26898 -3.42117
v -1.45417 0.088655 -2.72301
v -1.42239 0.0265935 -2.73479
v -1.44019 0.0158305 -2.66482
v -0.0484135 0.233822 -2.32536
v 0.0718308 -0.1322 -1.90099
v 0.0608682 -0.0900489 -1.82676
v -1.15433 -0.382815 -2.23885
v -1.47401 0.825272 -1.53857
v -1.47585 0.849408 -1.61071
v -1.54576 0.783314 -1.56653
v -0.886306 -0.734266 -1.31971
v -0.942857 -0.660384 -1.35661
v -1.46831 0.597504 -0.584453
v -1.52787 0.554777 -0.616814
v -0.514137 -1.56573 0.00939303
v -0.547453 -1.55287 -0.0500566
v -0.492969 -1.58332 -0.0572915
v -0.455704 -1.60032 0.0104104
v -0.86192 0.670389 -0.639714
v -0.932116 0.691511 -0.665661
v -0.914104 0.521148 -0.384669
v -0.850701 0.491435 -0.358583
v -1.10661 -0.51024 -1.74995
v -0.988043 0.224414 -3.42719
v -1.0001 0.281267 -3.50531
v -0.385042 0.567728 -1.12112
v -0.501309 0.782973 -1.36833
v -1.24483 0.00238409 0.0751426
v -0.515452 0.423766 -0.634724
v -0.678798 0.550798 -0.590805
v -0.0327886 -0.17252 -2.28393
v -1.64147 -0.0980752 -1.01697
v -1.60371 -0.181625 -1.26252
v -1.53902 0.106661 -2.2242
v -1.5305 0.101669 -2.1551
v -1.05881 0.815319 -0.924071
v -1.28604 0.242842 -0.141714
v -1.02472 0.803833 -2.1561
v -1.09048 0.807391 -2.17536
v -0.115728 0.52592 -2.31733
v -0.139047 0.584612 -2.3239
v -0.141647 0.515609 -2.26535
v -1.54841 0.731351 -1.34402
v -1.55147 0.716022 -1.26979
v -1.58816 -0.578995 -0.159536
v -1.63945 -0.154933 -0.045771
v -0.540352 -1.03635 -1.15364
v -0.486032 0.309704 -0.482788
v -0.550531 0.329855 -0.418304
v -0.650988 0.433581 -0.437627
v -0.600459 0.382004 -0.42711
v -0.912749 0.549768 -3.3656
v -0.291769 0.311315 -0.903161
v -0.247993 0.252949 -0.903103
v -0.279222 0.340267 -0.971343
v -0.236035 0.281693 -0.970909
v -0.192349 0.223088 -0.971377
v -0.350152 0.487682 -1.0439
v -0.396617 0.543419 -1.04983
v -0.364796 0.458563 -0.975336
v -1.6297 -0.527097 -0.147333
v -1.64721 -0.466357 -0.133425
v -1.73975 0.473861 -1.9591
v -1.70051 0.482155 -2.02513
v -0.447547 0.595361 -1.05875
v -0.510156 0.623254 -0.996759
v -0.425209 0.640244 -1.20244
v -0.753929 0.783137 -0.978299
v -0.743436 0.805895 -1.05125
v -0.436744 0.618111 -1.13056
v -0.572278 0.65144 -0.934765
v -0.520471 0.598092 -0.925226
v -0.56287 0.675142 -1.00695
v 0.0348963 -0.544336 -1.70194
v 0.0350156 -0.502676 -1.74561
v 0.0855524 -0.477554 -1.68547
v -1.5922 0.260709 -2.26735
v -1.57435 0.183739 -2.28046
v -1.24772 -0.829315 -0.302332
v -1.31508 -0.79468 -0.289853
v -1.56289 -0.585679 -0.367982
v -1.55474 -0.599742 -0.302993
v -1.60016 -0.544673 -0.286781
v -1.44521 -0.675668 -0.397141
v -1.07107 0.866435 -2.57454
v -0.424671 -0.704722 -1.64906
v -0.331204 -0.659394 -1.63655
v -1.36171 -0.38887 -1.20355
v -1.36228 -0.365035 -1.26455
v -1.29995 -0.404834 -1.27838
v -0.223312 -0.779594 -0.449436
v -1.49686 -0.136386 -2.13456
v -0.13427 0.486443 -1.52608
v -0.0434156 0.224092 -1.53045
v -0.302926 -0.98153 -1.35453
v -0.251402 -0.944987 -1.31223
v -0.378188 -0.306409 -2.41575
v -0.362396 -0.267897 -2.50075
v -0.430461 -0.286346 -2.48159
v -0.816197 0.885176 -1.94171
v -0.8157 0.861274 -2.01485
v -0.887292 0.888434 -1.96579
v -1.12258 0.0280205 -3.13712
v -1.68345 -0.0234287 -1.63539
v -0.231083 -0.624456 -1.6232
v -0.211455 0.583312 -2.58066
v -0.169172 0.518459 -2.56964
v -0.196433 0.535854 -2.61106
v -0.240571 -0.691647 -1.54016
v -0.238715 -0.657474 -1.58484
v -0.193795 0.428858 -2.16519
v -0.178011 0.498598 -2.21861
v -0.213998 0.480097 -2.17064
v -0.133937 0.308234 -2.61846
v -0.481371 0.515691 -0.846604
v -0.307899 0.428639 -1.04104
v -0.322139 0.399229 -0.972833
v -1.20347 -0.404179 -1.67865
v -1.22169 -0.830446 -0.0157309
v -1.35201 -0.444688 0.183755
v -0.815059 0.828418 -1.07334
v -0.599824 0.762705 -1.16606
v -0.552416 0.698015 -1.07902
v -1.34809 -0.00956313 -2.88566
v -0.47438 -1.47981 0.181044
v -0.403629 0.656083 -2.1779
v -0.0575441 0.292458 -2.3212
v -0.0678665 0.35293 -2.37848
v -0.962311 0.300441 -0.157158
v -0.930703 0.353574 -0.195633
v -0.165108 0.572265 -2.27142
v -0.853806 -0.375106 -2.39765
v -0.786128 -0.379895 -2.38569
v -0.864839 -0.400175 -2.34324
v -0.959955 -0.303825 -2.52801
v -0.943063 -0.278387 -2.58424
v -0.861181 -0.265197 -2.62636
v -1.70536 0.43095 -1.4009
v -0.516948 -0.40136 -2.22239
v -0.987556 0.907868 -1.68695
v -0.285816 -1.30031 -0.415583
v -1.39824 -0.396356 0.164637
v -1.32352 0.867534 -2.0205
v -1.03587 0.911387 -1.93822
v -0.17222 -0.0740583 -0.808323
v -0.207152 -0.0349996 -0.728497
v -0.262178 -0.139144 -0.540374
v -0.288824 0.728027 -1.62317
v -0.283749 0.738318 -1.69959
v -0.188064 -0.00239543 -0.792257
v -0.224841 0.0371283 -0.712956
v -0.169306 0.0293576 -0.856561
v -0.224058 -0.386852 -0.538318
v -0.241931 -0.316195 -0.517954
v -0.207485 -0.140075 -0.682918
v -0.240341 -0.530303 -0.439674
v -0.256757 -0.459812 -0.418099
v -1.64057 0.645507 -2.03102
v -1.61764 0.726674 -2.00471
v -1.15231 0.538159 -3.62904
v -1.19789 0.5531 -3.64808
v -1.17677 0.593256 -3.58904
v -0.356963 -0.330285 -0.238292
v -1.61678 0.0656935 -2.04007
v -1.1737 0.909249 -1.42987
v -1.24435 0.922137 -1.53167
v -0.108461 0.402472 -1.9966
v -0.0768284 0.374408 -1.59628
v -0.0917673 0.337318 -1.45561
v -0.0694193 0.271165 -1.45822
v -1.52292 0.030269 -2.23748
v -1.50923 -0.0459445 -2.25273
v -1.40094 0.884087 -1.58457
v -1.32378 0.909804 -1.55806
v -1.17499 -0.462168 -1.86536
v -1.10891 -0.489689 -1.9343
v -0.483634 0.781253 -2.50886
v -0.309888 -0.23308 -2.61853
v -0.525091 0.285867 -3.16957
v -0.515974 0.353941 -3.15227
v -0.396103 0.198009 -3.03292
v -1.14237 0.818334 -2.78075
v -1.21869 0.0149991 -3.09217
v -0.738774 -1.038 -0.976793
v -0.73645 -1.06459 -0.913977
v -0.79263 -1.0321 -0.822605
v -1.70029 -0.280346 -0.256661
v -1.67625 -0.412028 -0.307862
v -0.230822 0.692475 -1.68885
v -0.600513 -0.799075 -1.43375
v -0.583724 -0.629962 -1.91536
v -0.144652 0.157034 -2.1593
v -0.149503 0.0993353 -2.08706
v -0.139146 0.101432 -2.16091
v -1.01577 -0.512996 0.244789
v -1.49786 0.744125 -1.08839
v -0.469386 -0.0365718 -3.04267
v -0.440465 -0.0909931 -2.98451
v -0.502136 -0.0776212 -3.01701
v -1.62604 0.41929 -2.30422
v -1.61642 0.341355 -2.32136
v -0.386127 -0.230033 -2.60779
v -1.01059 -0.223751 0.181485
v -1.25537 0.65838 -3.40978
v -0.361846 0.504424 -2.87618
v -1.28974 0.73644 -2.92803
v -1.28283 -0.376244 -1.72716
v -1.2233 -0.420296 -1.73595
v -0.120414 -0.461118 -0.841278
v -0.136441 -0.495103 -0.781665
v -0.112278 -0.356845 -0.880046
v -0.144496 0.190318 -1.04262
v -0.151684 0.16241 -0.974714
v -0.0441034 0.113316 -1.40319
v -0.0530502 0.0892556 -1.33759
v -0.026027 0.0458665 -1.411
v -0.155798 0.44586 -1.38273
v -0.137086 0.217539 -1.11046
v -1.19696 0.680158 -3.39106
v -1.17317 -0.467535 -1.8041
v -0.211391 0.444144 -2.69658
v -0.248128 0.459911 -2.74171
v -0.255965 0.517945 -2.71763
v -1.43976 -0.0700665 -2.5393
v -1.35141 0.804851 -2.52736
v -1.39911 0.754654 -2.55153
v -1.4169 -0.0129396 0.020128
v -0.492465 0.486216 -0.776003
v -0.442375 0.432718 -0.768925
v -0.353172 0.189555 -2.97986
v -1.48895 -0.240284 -1.88918
v -0.443088 -0.413622 -2.11296
v -0.103248 0.162601 -2.03254
v -0.0941542 0.105927 -2.03391
v -0.78463 0.693957 -2.99325
v -0.839485 0.702677 -3.02858
v -0.85159 -1.08212 0.142671
v -0.964426 -0.987658 0.0914825
v -0.615054 0.351574 -0.356487
v -0.982125 -0.589682 -1.82813
v -1.44476 0.167823 -2.85414
v -1.46321 0.160965 -2.78148
v -0.693677 -0.221182 0.0605302
v -1.04732 -0.902121 -0.543708
v -0.977838 -0.94331 -0.55983
v -1.11291 -0.836461 -0.591298
v -1.11705 -0.86249 -0.528924
v -1.47772 0.874268 -1.68392
v -1.6498 0.729941 -1.93338
v -1.35874 -0.434697 -1.0807
v -0.317539 -1.37459 -0.291617
v -1.72006 0.487271 -1.62063
v -1.68923 0.564046 -1.58878
v -1.60872 0.346023 -2.39136
v 0.061858 -0.471946 -1.5693
v -0.364011 0.131211 -0.485251
v -1.59564 0.503387 -2.42849
v -0.356893 -0.424748 -2.00349
v -1.49061 0.44017 -2.79812
v -1.4695 0.374888 -2.88527
v -0.560789 -0.918321 -1.30443
v -0.145037 0.388183 -2.21343
v -0.161081 0.44334 -2.21592
v -0.536376 0.716218 -2.76757
v -0.588477 0.720871 -2.80224
v -1.65046 -0.47383 -0.330142
v -1.61036 0.337809 -2.2519
v -1.67363 0.359804 -0.890664
v -1.1139 -0.505806 0.236865
v -0.236062 0.529543 -2.17592
v -0.0767459 -0.666534 -1.45835
v -0.156244 -0.731714 -1.43112
v -0.56191 -0.605076 0.127028
v -0.559519 -0.707166 0.161681
v -1.68198 0.213957 -0.59298
v -1.51256 -0.148884 -2.07249
v -0.222644 0.311439 -1.03798
v -1.59569 0.306423 -0.397024
v -0.428038 0.401477 -3.02861
v -0.388328 0.390556 -2.97738
v -1.19993 -0.212033 -2.61804
v -1.21937 -0.235295 -2.55593
v -1.26362 -0.189312 -2.62197
v -0.520489 -0.750218 -1.54889
v -0.614996 -0.793165 -1.49372
v -0.618658 -0.763763 -1.5428
v -0.983824 -0.714156 -1.112
v -0.987455 -0.687685 -1.16988
v -1.23444 -0.517152 -1.10946
v -1.17235 -0.531715 -1.18288
v -1.17168 -0.558162 -1.12336
v -1.11139 -0.5197 -1.31443
v -1.11105 -0.546151 -1.25529
v -0.808533 0.737219 -2.93413
v -0.751582 0.733965 -2.90236
v -1.49049 -0.316075 -1.17506
v -1.39675 0.608386 -0.568057
v -1.25875 -0.449529 0.209477
v -1.21088 -0.500012 0.220859
v -0.619853 -0.136171 -0.0292863
v -0.612723 -0.237211 0.0155502
v -0.629744 -0.0355361 -0.0784435
v -0.153681 -0.700415 -1.47947
v -0.560905 -0.809559 0.192084
v -1.2213 0.824314 -2.21072
v -1.21182 0.87899 -2.29126
v -0.671271 -0.283967 -2.57244
v -0.460316 -0.244948 -2.59445
v -1.30582 0.250141 -3.37532
v -0.70833 -0.355099 -2.42163
v -1.01146 -0.400212 -2.29697
v -0.0180089 0.0578857 -1.99955
v -0.0799626 -0.00615897 -2.04295
v -0.086293 0.049617 -2.03726
v -1.46002 0.574825 -2.76269
v -0.486087 0.708778 -2.73184
v -0.251705 0.681117 -2.50994
v -1.64558 0.302498 -0.470593
v -1.59444 0.268722 -0.350598
v -0.499181 -1.52218 0.158503
v -1.64708 0.483276 -2.0799
v -1.5874 -0.347281 -0.771047
v -1.23538 -0.253629 -2.49146
v -0.00241088 -0.11512 -1.36689
v -0.834646 -0.783731 -1.34054
v -0.81387 -0.301866 -2.55863
v -0.797742 -0.276987 -2.61155
v -0.749322 -0.304897 -2.54115
v -0.908576 -0.339866 -2.46169
v -1.65166 -0.171184 -0.84074
v -0.656302 -0.397335 -2.30362
v -0.661905 -0.419079 -2.25274
v -0.589286 -0.413376 -2.23898
v -0.585959 -0.392703 -2.2881
v -0.240998 -0.266507 -2.53318
v -0.258032 -0.250701 -2.5866
v -0.634484 0.831674 -1.41355
v -0.403274 0.805266 -1.88045
v -0.405528 0.800701 -1.95239
v -0.470261 0.824438 -1.89976
v -0.0807451 -0.090011 -1.09297
v -0.0858357 0.132394 -2.59037
v -0.0923373 0.189402 -2.58052
v -1.55905 0.112038 -2.36174
v -1.58374 0.186313 -2.3495
v -1.60114 -0.4302 0.0713973
v -1.57722 -0.512283 0.0624878
v -0.174968 -0.18424 -2.11151
v -0.0431712 0.172299 -1.98853
v -1.20952 -0.404893 0.208875
v -0.0714377 0.287822 -1.99252
v -0.506847 -1.05248 0.197082
v -0.48381 -1.12139 0.18631
v -1.67064 -0.0771942 -0.871938
v -1.69177 -0.00828917 -0.842819
v -1.69231 0.043425 -1.24739
v -1.67033 -0.0314424 -1.27648
v -1.37786 0.695145 -2.79807
v -1.31226 0.741092 -2.85281
v -0.14106 -0.142917 -2.0913
v -1.33753 0.888892 -1.4052
v -0.317873 -0.606975 -1.72278
v -0.549631 -0.959173 -1.26079
v -0.404038 -1.54911 -0.121143
v 0.0183471 -0.15745 -1.4411
v -0.0969635 -0.512137 -1.74216
v -0.980388 -0.740698 -1.05344
v -0.920462 -0.78896 -1.07441
v -0.924821 -0.762163 -1.1323
v -1.05195 -0.590276 -1.2694
v -0.698412 0.119128 -3.26918
v -0.812897 0.149328 -3.3434
v -0.151441 0.212432 -2.15867
v -0.339652 -1.30098 -0.810163
v -0.416059 -1.27814 -0.882524
v -0.956947 0.805779 -2.12877
v -0.888578 0.811553 -2.10478
v -0.434572 -0.66027 -0.000961179
v -0.0557238 0.416033 -1.80807
v -0.0505131 0.324706 -1.66623
v -1.44224 -0.58294 -0.646891
v -1.58985 -0.372952 -0.711682
v -1.59328 -0.399474 -0.652516
v -1.62713 -0.312051 -0.688501
v -1.59851 -0.427179 -0.593478
v -1.55458 -0.45921 -0.674906
v -0.0752947 0.242473 -2.51104
v -0.0681745 0.184948 -2.51963
v -1.20989 0.76215 -2.98206
v -1.15069 0.776781 -2.9566
v -1.12438 0.764157 -3.03047
v -1.50802 0.699682 -2.35323
v -1.48843 0.702381 -2.42783
v -1.52128 0.639246 -2.45218
v -1.22454 0.811634 -2.73104
v -0.322784 0.639586 -2.68032
v -1.32098 -0.068038 -2.81971
v -0.251082 -0.999203 -1.25522
v -0.861524 -1.09079 -0.470448
v -0.852049 -1.02435 -0.668107
v -1.1218 -0.88832 -0.466085
v -0.184533 0.640391 -1.6804
v -0.106347 0.162909 -2.21666
v -0.558671 0.750989 -2.70576
v 0.00294663 -0.595211 -1.48503
v -1.70871 0.0781652 -0.661089
v -1.6997 0.116321 -0.57065
v -0.596288 0.547006 -3.09594
v -0.653244 0.553034 -3.13097
v -0.62186 0.595167 -3.04206
v -0.0448596 -0.165363 -2.06982
v -0.156806 -0.207792 -2.17231
v -0.209378 -0.229833 -2.1923
v -0.158783 -0.232551 -2.23199
v -0.686269 -0.31713 0.107924
v -0.722068 -0.452281 0.19011
v -1.30065 -0.365876 -1.97636
v -0.230949 0.221171 -2.80556
v -1.67694 -0.178482 -0.135952
v -0.272558 -0.119743 -2.85148
v -0.249868 -0.0696811 -2.85762
v -0.214425 -0.126477 -2.80436
v -0.402865 -0.51495 -0.085279
v -0.765202 -0.689549 -1.80404
v -0.590245 -0.0105701 -3.11398
v -1.6877 -0.369068 -0.224819
v -0.0339634 -0.3701 -1.15798
v -0.0652264 -0.60453 -1.02475
v -0.0730731 -0.53523 -1.00268
v -0.0968389 -0.671961 -0.90847
v -0.11282 -0.706516 -0.850109
v -0.149163 0.580683 -1.67557
v -0.159993 0.564048 -1.6024
v -0.920026 -0.816552 0.266944
v -0.563151 -1.13871 -0.964519
v -0.16871 -0.367882 -1.8428
v -0.18846 -0.3228 -1.88651
v -0.0721885 -0.307988 -1.91282
v -1.49772 0.506283 -2.70801
v -1.47943 0.508701 -2.78082
v -0.70094 0.487149 -0.448833
v -0.689381 0.519372 -0.519675
v -0.743695 0.56841 -0.531974
v -0.806822 0.602384 -0.551876
v -0.0807816 -0.637749 -0.966598
v -0.399113 0.66895 -2.11145
v -0.434313 -0.766259 0.0315125
v -1.42801 -0.330537 -1.25164
v -1.36544 -0.345925 -1.32709
v -0.657896 -1.37872 0.210985
v -0.564387 -1.52595 0.023049
v -0.104374 0.303097 -2.56215
v -0.0982941 0.246397 -2.5711
v -0.203883 0.386928 -2.7139
v -1.13741 -0.14698 -2.80737
v -0.300496 0.708718 -1.54923
v -0.316489 0.683852 -1.47817
v -0.0283443 -0.200866 -2.07575
v 0.0355126 -0.245341 -2.0517
v -0.0212284 -0.248178 -2.0965
v -0.437551 0.700099 -2.69566
v -1.31811 0.391071 -3.50628
v -0.0506143 0.0544086 -2.27719
v -1.36783 -0.0206101 -2.81476
v -1.30185 -0.0565725 -2.89049
v -1.25162 -0.016593 -3.0292
v -1.27863 -0.0408548 -2.96093
v -1.32802 0.00180398 -2.95794
v -0.0729474 -0.738249 -1.22308
v -1.19344 -0.784163 0.1781
v -1.15993 -0.746775 0.227092
v -1.17208 -0.279628 -2.48999
v -1.24971 -0.27249 -2.42732
v -0.100927 -0.28392 -2.55623
v -0.898068 0.561046 -0.445048
v -0.884278 0.601778 -0.50564
v -0.87219 0.637178 -0.571581
v -1.60657 0.502054 -0.816253
v -1.642 0.431661 -0.854295
v -1.58276 -0.320674 -0.829608
v -0.057797 -0.222541 -2.05653
v -1.3831 -0.307885 -1.51732
v -1.44683 -0.26976 -1.50442
v -1.45259 -0.258018 -1.56826
v -1.35812 0.843864 -1.09759
v -1.64125 0.562419 -1.26427
v -0.3045 -1.30924 -0.269536
v -0.313023 -1.27848 -0.187256
v -0.322008 -1.34647 -0.209468
v -1.35016 0.822982 -2.26334
v -1.21008 0.25761 -0.133171
v -1.16445 0.228336 -0.102302
v -0.304887 -0.350408 -1.95808
v -0.281303 -0.384728 -1.91155
v -1.24833 0.82149 -2.65499
v -1.30273 0.789362 -2.67916
v -1.10779 0.653117 -3.4228
v -1.04789 0.635207 -3.38671
v -0.875757 -0.102723 0.0783938
v -1.58481 0.23144 -0.303147
v -1.57279 0.194464 -0.255648
v -0.982649 0.388132 -0.220133
v -0.849171 0.360642 -0.227436
v -1.46989 -0.00535392 -2.52548
v 0.0163082 -0.159515 -2.02927
v 0.0292306 -0.206032 -2.03714
v -0.158046 -0.248811 -0.781896
v -0.776413 -0.167053 -2.84144
v -1.66332 -0.406035 -0.11274
v -1.64867 -0.419951 -0.0583889
v -0.695881 0.739651 -2.16461
v -0.756991 0.759887 -2.19606
v -1.25451 0.50621 -3.68104
v -0.632086 0.69521 -0.949186
v -0.611861 0.740979 -1.0937
v -0.682927 0.762118 -1.0363
v -1.0766 0.729704 -0.717232
v -0.996865 0.73955 -0.76088
v -0.924607 0.718677 -0.736148
v -0.401788 -1.24518 -0.949053
v -0.849064 0.834139 -2.63118
v -0.929683 0.852456 -2.59035
v -0.869574 0.850556 -2.55962
v -1.72719 0.101182 -1.9082
v -0.167686 0.28238 -1.10468
v -0.180043 0.252867 -1.03793
v -0.013539 -0.627343 -1.43614
v 0.0345744 -0.531288 -1.462
v -1.23716 -0.650442 -0.808087
v -0.233629 0.535233 -2.05555
v -0.189425 0.56353 -2.01225
v -0.749723 -0.607753 -1.96796
v -0.830306 -0.60348 -1.96582
v -0.442913 -0.238436 -0.152115
v -0.0262619 -0.651228 -1.38156
v -0.237725 -0.171729 -2.79673
v -0.367608 0.730928 -1.48874
v -0.332535 0.659024 -1.40727
v -1.43133 -0.0857594 0.0754066
v -1.1668 0.832036 -2.70524
v -1.67282 0.0241703 -0.25084
v -0.887786 0.865679 -2.48823
v -0.157739 0.512751 -2.00786
v -0.999602 -0.588459 -1.39954
v -1.05703 -0.518011 -1.44745
v -0.307668 -1.21004 -0.164324
v -0.465032 -1.46121 -0.477017
v -0.433058 -1.58279 -0.0565558
v -1.20979 -0.694678 0.220991
v -1.16182 -0.648837 0.228844
v -0.100985 -0.797738 -1.25726
v -0.109845 -0.830467 -1.20219
v -0.0845583 -0.770783 -1.16771
v -0.0763548 0.354467 -2.43791
v -1.50442 -0.0529193 -2.18415
v -1.69607 0.639233 -1.89054
v -1.69726 0.621193 -1.81488
v -0.362448 -1.14526 -0.00485145
v -0.687389 -1.36938 0.033375
v -0.137586 0.596115 -1.74913
v -0.446515 -0.336758 -2.34374
v -0.447572 -0.351144 -2.29669
v -1.68305 0.0642039 -1.02409
v -1.5548 0.108273 -2.29222
v -0.122632 -0.873932 -0.993876
v -0.73467 -1.14209 -0.722148
v -0.662812 -1.16654 -0.814315
v -1.7102 0.177245 -1.1217
v -1.6416 0.523569 -1.12306
v -0.744892 0.782156 -2.26523
v -0.723908 -0.55161 0.220524
v -0.187968 0.645488 -1.97366
v -0.167316 0.666322 -1.90592
v -0.727374 -1.3138 -0.015863
v -1.00798 -0.267174 -2.5962
v -0.975175 -0.32948 -2.4716
v -0.526573 0.0897175 -3.14597
v -0.559407 0.0577184 -0.169678
v -1.4052 -0.714047 -0.0605754
v -1.48531 -0.357655 -1.05041
v -1.42076 -0.419141 -1.00526
v -0.114649 -0.191472 -2.08584
v -0.850355 -0.974414 -0.795363
v -1.41919 0.419767 -0.352666
v -0.525549 -0.670789 0.115354
v -1.00592 0.77651 -2.97274
v -0.976724 0.755886 -3.04258
v -1.26981 0.348512 -0.230593
v -1.1298 0.270204 -0.137731
v -1.14535 0.34442 -0.201029
v -0.868619 -0.971103 0.27221
v -1.09624 0.315163 -0.17381
v -1.08226 0.235664 -0.112484
v -1.04697 0.283125 -0.147511
v -0.98604 0.167269 -0.0563809
v -0.948176 0.215791 -0.0924002
v -0.997529 0.249889 -0.120285
v -0.562896 -0.0638515 -3.05008
v -0.658569 -0.0683918 -3.03561
v -0.537375 0.753436 -2.3143
v -0.656295 -0.179647 0.0157362
v -0.794551 0.852581 -1.30865
v -0.787429 0.858129 -1.386
v -0.7802 0.862659 -1.46284
v -0.949347 0.880263 -1.27797
v -1.01868 0.895498 -1.38019
v -0.0231891 0.118302 -2.33254
v -1.25187 0.916142 -1.45494
v -0.0107689 0.209747 -1.73553
v -1.02108 -0.427712 -2.2397
v -1.48927 -0.604781 0.0767224
v -1.53362 -0.557625 0.0711414
v -0.802766 -1.14808 -0.493776
v -0.200124 -1.0858 -0.78609
v -0.845168 0.724901 -0.782694
v -0.967373 -0.566227 0.253689
v 0.0175431 -0.559901 -1.40861
v -1.55067 0.574063 -2.47619
v -1.57716 0.575407 -2.40604
v -0.127883 0.274309 -2.03616
v -0.171222 0.265395 -2.09362
v -1.57331 -0.389282 0.0937392
v -0.191734 0.0941422 -2.77311
v -1.25622 0.77301 -2.83013
v -0.33821 0.78257 -1.78827
v -0.33822 0.780478 -1.86383
v -0.402149 0.809017 -1.80572
v -0.497188 -1.24146 -0.860646
v -0.448522 -1.42921 -0.544341
v -1.61797 -0.234551 -0.865362
v -1.48502 -0.404754 -0.929969
v -1.57118 -0.267847 -0.945685
v -0.282891 -1.14614 -1.06855
v -0.370084 -1.17227 -1.0826
v -1.58059 -0.230679 -1.0674
v -1.51373 0.08472 -0.116408
v -0.0679843 -0.260811 -1.06228
v -0.0568115 0.230482 -1.98936
v -1.07243 0.914724 -1.63525
v -1.46368 0.700699 -2.50098
v -1.4968 0.638412 -2.52404
v -1.29808 -0.356461 -2.04016
v -0.566792 0.590494 -3.00651
v -0.413905 -0.688904 -1.69956
v -0.442524 -0.325803 -2.39198
v -0.97872 -0.768522 -0.994644
v -1.33267 -0.00444042 0.0525999
v -1.29186 -0.0406905 0.0906153
v -0.326983 0.0681326 -0.491659
v -0.346507 0.0304115 -0.428113
v -0.447836 0.6742 -2.20934
v -1.46207 -0.0571472 0.0222228
v -1.38073 -0.0456153 0.0651171
v -0.484185 -1.29609 0.220902
v -0.468931 0.828611 -1.82558
v -0.621266 0.781026 -2.0763
v -0.824921 0.894603 -1.79031
v -0.51896 -1.33486 -0.662198
v -0.668684 -0.46933 -2.15421
v -0.0287293 0.115075 -1.99404
v 0.0054315 0.145533 -1.73853
v -0.0266421 0.274081 -1.73481
v -0.53998 -1.34843 0.244573
v -0.517302 -1.40348 0.224744
v -1.23974 -0.678106 -0.747489
v -0.344988 -0.934085 -0.0807181
v -0.33302 -1.00383 -0.101434
v -0.314105 0.743655 -2.41769
v -0.514099 -0.762027 -1.49914
v -0.417102 -0.758921 -1.50629
v -0.669337 0.779073 -2.3017
v -0.676206 -1.2494 -0.616224
v -0.211257 -0.920505 -0.497129
v -1.01167 0.900135 -1.4576
v -1.30849 -0.802755 -0.220416
v -1.64689 0.634911 -1.55758
v -1.64459 0.615944 -1.48333
v -1.46215 -0.674842 -0.0531569
v -1.51252 -0.629846 -0.0476464
v -1.45392 -0.670649 0.0143844
v -0.932122 0.479593 -0.326307
v -0.978102 0.549768 -0.410273
v -0.993209 0.509553 -0.352477
v -0.963842 0.589985 -0.469873
v -1.03145 0.612225 -0.497106
v -1.04367 0.573605 -0.437812
v -0.672114 -1.30302 0.247075
v -1.05586 -0.54117 -1.3873
v -1.29137 0.480388 -3.63572
v -0.939176 -0.684609 -1.30119
v -0.890756 -0.710101 -1.37271
v -0.382685 -0.328887 -2.32236
v -0.381719 -0.317971 -2.36946
v -0.23229 -1.10082 -0.874699
v -0.268073 -0.280017 -2.27385
v -0.369681 -0.0085001 -0.366667
v -0.529465 -0.0238226 -3.07898
v -0.440923 0.0179932 -3.0522
v -0.46279 0.0800141 -0.288608
v -0.910039 -0.608 -1.90048
v -0.912549 -0.622599 -1.83906
v -0.301341 0.284382 -0.833516
v -0.257916 0.226016 -0.833944
v -1.29357 -0.380172 -1.78831
v -1.51816 0.504665 -2.63639
v -1.36892 0.589022 -3.13233
v -0.823548 0.778042 -2.15215
v -1.43012 0.825217 -1.2049
v -1.65153 0.564178 -2.0562
v -0.274188 0.752611 -1.85002
v -0.278452 0.747465 -1.77515
v -0.739115 -0.200035 -2.76657
v -1.12959 0.928313 -1.81059
v -0.7804 -1.23412 0.100662
v -1.48708 -0.233679 -1.95454
v -1.68115 0.0551249 -0.309646
v -0.499946 -0.705859 -1.76317
v -1.68799 0.0229914 -1.92131
v -0.945521 0.727527 -3.10665
v -0.831548 0.780225 -2.87474
v -0.496258 -0.573921 -1.95563
v -0.13338 -0.196525 -2.12412
v -1.42535 -0.621593 0.140238
v -0.762665 -0.32979 -2.48975
v -0.77492 -0.354762 -2.43799
v -0.305119 -1.31954 -0.501286
v -1.31598 0.649259 -0.603906
v -0.371202 -0.38159 -2.09668
v -0.326316 -0.325408 -2.01088
v -0.950947 -0.599756 -1.52699
v -1.36421 0.831628 -1.02065
v -0.235339 -0.759062 -1.44967
v -0.0192727 -0.509465 -1.19728
v -0.0344746 -0.540512 -1.14011
v -0.0234915 -0.578229 -1.22117
v -0.00416022 -0.478963 -1.2542
v -0.0116684 -0.409413 -1.2351
v -0.0269598 -0.439964 -1.17729
v -0.0422877 -0.471088 -1.11929
v -0.049787 -0.572184 -1.08262
v -0.956338 -0.952347 0.25038
v -0.922915 -0.650604 -1.652
v -0.287793 -1.24379 -0.783466
v -1.25347 0.210308 -3.37923
v -1.21383 0.239065 -3.44654
v -1.09044 0.668724 -0.584558
v -1.17022 0.643262 -0.552693
v -1.54259 0.68614 -2.1269
v -1.29606 0.524392 -3.60311
v -1.48572 -0.674901 -0.185354
v -0.243942 0.00294722 -0.648491
v -0.224099 -0.493723 -0.499317
v -0.314015 -0.317513 -2.15784
v -0.31956 -0.313536 -2.11388
v -1.69522 0.60222 -1.73919
v -1.28499 0.182825 -3.30979
v -1.47821 0.509317 -0.487504
v -1.33237 0.580726 -0.494934
v -1.08759 -0.894871 0.114252
v -1.02383 -0.938227 0.103418
v -1.51072 0.437348 -2.72624
v -0.668708 0.582142 -0.661919
v -0.86152 0.842139 -2.32106
v -0.803119 0.813747 -2.29518
v -1.21867 -0.354073 -2.23694
v -0.79002 0.83243 -2.59958
v -0.768715 0.813915 -2.67044
v -0.550891 -1.41902 -0.457667
v -0.666665 0.266918 -0.239693
v -1.67492 0.144951 -0.336192
v -1.57135 0.704738 -2.06098
v -1.43711 0.801536 -1.05329
v -0.350276 0.709569 -2.57072
v -1.68803 0.397493 -2.04628
v -0.91199 -1.05742 -0.158055
v -0.86529 -1.12135 -0.100651
v -0.81682 -1.18535 -0.123167
v -1.30472 0.565265 -3.51098
v -1.28106 0.569685 -3.57499
v -0.819211 0.816143 -2.08038
v -1.32549 0.23262 -3.29895
v 0.0430615 -0.379355 -1.93044
v -1.15596 -0.864429 0.048644
v -1.16081 -0.873985 -0.0261616
v -1.61534 0.485177 -2.14238
v -1.33388 0.746078 -2.77768
v -1.10889 -0.479786 -1.99646
v -0.228698 -1.0962 -0.487619
v -1.2341 -0.42546 -1.79661
v -0.243348 -1.08115 -1.02993
v 0.0361818 0.018347 -1.74808
v -0.219525 0.500693 -2.67667
v -0.928504 0.892748 -1.51046
v -0.846219 0.88266 -1.56309
v -0.63523 0.722656 -2.13499
v -0.384081 0.0934186 -0.421575
v -1.71754 0.19715 -1.18732
v -0.23098 0.552956 -2.64837
v -0.191221 0.371901 -2.10027
v -0.0210511 0.286465 -1.80276
v -1.18662 -0.392326 -1.61768
v -1.42479 0.758807 -2.47714
v 0.00107245 0.129191 -1.67274
v -0.0708419 -0.672365 -1.05096
v -0.278115 0.485582 -1.17853
v -0.262387 0.512128 -1.24796
v -0.0839486 -0.146001 -2.62611
v -1.08806 -0.0952988 -2.92892
v -0.998533 -0.0869155 -2.9738
v -0.444694 -0.39741 -2.15654
v -0.665702 -1.39472 -0.130948
v -0.335307 0.370026 -0.904379
v -1.19057 -0.848852 -0.452319
v -1.05231 -0.927909 -0.480622
v -0.412446 -0.0424646 -2.99782
v -0.889334 0.781948 -2.90841
v -0.191679 -0.706954 -0.56741
v -1.51448 -0.215633 -1.55442
v -0.9025 -0.654997 -1.53704
v -0.391259 -0.165451 -2.83993
v -1.17268 -0.479362 -1.30245
v -0.853017 -0.923058 -0.920172
v -0.8551 -0.896417 -0.981079
v -0.240016 -0.42297 -0.477935
v -0.259134 -0.352747 -0.457443
v -1.47431 0.893788 -1.75912
v -1.54918 0.851901 -1.7884
v -0.0727669 -0.172083 -2.22564
v -1.03318 -0.0428842 -3.04806
v -1.3983 0.903206 -1.65836
v -1.1987 0.0440154 0.05521
v -0.521881 -1.1618 0.232986
v -1.5992 0.720818 -1.59905
v -1.27885 0.879959 -1.14528
v -0.340749 0.193633 -0.625552
v -1.46706 -0.0951813 -2.40336
v -1.40789 -0.137757 -2.48051
v -1.3588 -0.485189 -0.959507
v -1.23363 -0.542757 -1.04917
v -0.0562007 0.0120842 -2.54201
v -1.67329 0.38386 -0.955325
v -1.69533 0.286297 -0.926604
v -0.273697 -0.389731 -0.396223
v -0.226519 -1.15891 -0.66411
v -1.65483 -0.317587 0.00721328
v -0.07695 0.481013 -1.81453
v -0.0849822 0.46917 -1.74155
v -0.774012 -0.712345 -1.74719
v -1.13284 0.694581 -3.36564
v -1.60156 0.566632 -2.25957
v -1.04123 0.427109 -3.62036
v -1.43834 0.0884667 -0.0803858
v -1.35632 0.168483 -0.0999076
v -1.42639 0.161549 -0.129408
v -1.72527 0.506037 -1.69587
v -0.492584 -0.609206 -1.90945
v -0.0400756 -0.200083 -1.18386
v 0.00614847 -0.184171 -1.38086
v -0.0137349 -0.142366 -1.3056
v -0.0670188 -0.0603565 -1.15568
v -0.244445 -0.99379 -0.379218
v -0.243849 -1.06363 -0.40345
v -0.394745 -1.51636 -0.0458226
v -1.03977 0.498321 -3.5821
v -1.20756 0.647342 -3.54408
v -1.41642 0.696027 -2.64821
v -0.912162 0.267306 -0.128507
v -1.23444 -0.464873 -1.22937
v -1.29836 -0.427293 -1.21686
v -1.17276 -0.505413 -1.24254
v -0.0268042 -0.170787 -1.24479
v -0.0711758 0.157533 -1.32934
v -0.532654 -1.48761 0.1775
v -0.494287 -1.44751 0.20015
v -0.0363932 -0.11824 -2.28454
v -0.462425 -1.35465 0.207617
v -0.43433 -1.31388 0.14806
v -1.6666 -0.0750424 -1.43738
v -0.236149 -0.27537 -2.49946
v 0.050726 -0.501523 -1.51545
v 0.0211911 -0.419967 -1.36856
v -0.179531 0.428248 -2.64792
v -0.453156 0.40283 -0.698142
v -0.437944 -0.306643 -2.43714
v -0.498499 -0.306947 -2.45917
v -0.475603 -0.264411 -2.54983
v -0.412243 -0.536345 -1.93705
v -0.346163 -0.452296 -1.95415
v -0.330099 -0.491649 -1.91353
v -1.57626 -0.0328967 -0.0730798
v -0.680832 0.872794 -1.74282
v -0.397084 -1.5208 -0.263279
v -0.32033 -1.3441 -0.588899
v -1.61718 -0.128458 -1.45676
v -0.755533 0.780084 -2.1238
v -1.42732 -0.282651 -1.96248
v -0.055423 -0.0996952 -2.55402
v -0.815427 -1.179 -0.352244
v -1.25634 -0.365665 -1.60587
v -0.881333 -0.449884 -2.23248
v -1.53602 0.772967 -2.03016
v -1.44158 -0.176653 -2.27978
v -1.23672 0.928104 -1.60814
v -1.1111 -0.917039 -0.257791
v -1.17649 -0.875879 -0.244139
v -1.59908 0.26375 -2.33622
v -1.59231 0.269168 -2.40552
v -0.577967 -1.50361 0.0910159
v -0.506729 0.745463 -2.67157
v -1.54417 0.638886 -2.37995
v -1.23861 0.844385 -2.06282
v -1.52061 -0.204693 -1.61872
v -1.68726 -0.212454 -0.579185
v -1.68206 -0.184537 -0.637674
v -1.66672 -0.278559 -0.60632
v -1.66583 -0.252086 -0.665505
v -1.70597 0.275991 -1.15602
v -1.67318 0.406543 -1.02139
v -1.17356 -0.452225 -1.92714
v -0.795907 -0.405138 -2.3329
v -0.717617 -0.255241 -2.6428
v -0.76066 -0.22526 -2.71555
v -0.698959 -0.230679 -2.69309
v -1.23474 -0.394409 -2.04608
v -1.66544 0.110801 -0.279622
v -0.438034 -1.37537 -0.683642
v -0.349018 -1.33287 -0.74374
v -0.298381 0.619009 -2.19934
v -1.24174 -0.83648 -0.232182
v -0.442159 -0.2256 -2.6375
v -0.364125 -0.220045 -2.64967
v -0.587823 -0.522882 -2.05425
v -1.52563 0.234665 -0.248563
v -0.210502 -0.990611 -0.522115
v -0.328186 -0.516372 -1.8593
v -1.69348 -0.240236 -0.520756
v -1.67068 -0.331395 -0.487699
v -1.69319 -0.267076 -0.461419
v -1.60886 -0.530398 -0.35033
v -1.27134 0.493205 -0.380074
v -1.14686 0.456293 -0.318929
v -1.16574 0.410357 -0.273598
v -0.498862 -0.798249 -1.45528
v -0.719111 -1.3219 -0.0984221
v -0.830368 0.785752 -0.924378
v -0.179833 0.375462 -2.16236
v -0.474141 0.814219 -1.97084
v -0.480894 0.796625 -2.03857
v -1.71004 0.119627 -1.21758
v -1.06381 -0.460942 0.233239
v -0.752729 0.883794 -1.76642
v -0.678154 -0.206618 -2.74286
v -0.516178 -0.38246 -2.27024
v -0.408488 0.517296 -0.979428
v -1.39309 0.915704 -1.73355
v -0.0879777 -0.705406 -0.993444
v -0.0342652 0.136292 -1.46887
v -0.0112046 -0.286322 -2.33958
v -0.366673 -1.4868 -0.105512
v -0.357265 -1.41721 -0.0897473
v -0.374312 -1.44797 -0.0290029
v -0.348769 -1.34901 -0.0707012
v 0.013003 0.117395 -1.93773
v -0.245361 -0.456305 -1.8212
v -0.264638 0.576088 -2.18545
v -1.39789 -0.708677 0.0101899
v -0.953535 0.438297 -0.267975
v -0.181201 0.566489 -2.55234
v -0.561048 -1.44634 0.202315
v -1.20033 0.188561 -0.0684784
v -0.200452 0.551714 -2.22355
v -1.46957 0.124524 -0.119915
v -1.5966 0.682632 -1.45105
v -1.59915 0.649812 -1.30333
v -1.59867 0.66676 -1.3768
v -0.188997 0.482654 -2.63177
v -1.45412 -0.0825474 -2.47117
v -1.26018 0.90785 -1.37787
v -1.59164 -0.558856 -0.222232
v -1.60052 0.632898 -1.23039
v -1.70501 0.03574 -0.752301
v -0.737324 0.413319 -0.316471
v -0.483082 -1.5982 0.071462
v -0.0423903 -0.0612221 -2.28387
v -1.4343 -0.294099 -1.37679
v -1.44047 -0.281829 -1.44061
v -1.68897 -0.345536 -0.283339
v -0.753547 -1.24041 -0.376301
v -0.684772 -1.29015 -0.475696
v -0.0709018 0.350115 -2.31783
v -0.665307 -0.0806907 -0.0330185
v -1.67604 -0.103815 -0.813523
v -0.180115 -0.219277 -2.14125
v -0.935929 0.888906 -1.43352
v -0.772806 0.867134 -1.53937
v -0.211442 -0.278839 -1.93446
v -1.10728 -0.922287 -0.184768
v -1.24995 -0.077892 0.129253
v -0.833798 -0.626421 -1.9089
v -1.61124 -0.50938 -0.412179
v -1.2679 -0.368147 -1.66752
v -0.366124 -0.115887 -0.321769
v -1.38692 -0.0321213 -2.74491
v -1.40548 -0.0440698 -2.67585
v -0.464765 0.371443 -0.627261
v -0.0312069 -0.212457 -2.49242
v -0.443902 -1.2535 0.168119
v -1.46196 0.635578 -0.640677
v -1.08817 -0.407189 -2.23951
v -0.265233 0.579596 -2.06623
v -0.0142176 -0.221796 -2.4205
v -0.723421 0.630853 -0.673667
v -1.12164 0.308718 -3.5725
v -0.402758 -0.574448 -1.89401
v -0.139512 0.0455115 -2.16435
v -1.43978 0.698623 -2.57451
v -1.15554 0.813311 -2.19292
v -0.402084 0.749899 -2.31907
v -1.26648 0.897346 -1.30061
v -1.18106 0.901743 -1.35271
v -1.51999 0.589903 -0.676165
v -1.57027 0.537847 -0.711395
v -1.3695 -0.761101 -0.208904
v -0.285084 0.561317 -2.12485
v -0.264025 -0.275954 -2.22508
v -1.10654 -0.927263 -0.112017
v -1.10026 -0.920471 -0.0375501
v -1.01128 -0.319362 0.207592
v -0.921485 -0.365178 -2.40644
v -0.932832 -0.389234 -2.34994
v -1.69903 -0.116423 -0.608626
v -0.34343 -0.676233 -1.59089
v -0.30817 0.722867 -2.48048
v -0.217634 -0.243603 -2.24895
v -1.42695 -0.353529 -1.19033
v -1.54383 0.504149 -2.56677
v -0.404322 0.0557163 -0.357701
v 0.0712313 -0.172927 -1.76984
v -1.76384 0.358134 -1.83672
v -1.76421 0.257322 -1.78615
v -0.771172 -0.853916 -1.31233
v -0.264388 -0.419784 -1.86433
v 0.0821144 -0.236642 -1.77794
v -1.63199 -0.339758 -0.630034
v -1.66865 -0.304832 -0.547152
v -0.0619458 0.18126 -1.39585
v -0.0348565 0.0212439 -1.34643
v -1.17013 0.862239 -2.04626
v -1.25315 0.891945 -2.00159
v 0.0330516 0.0476715 -1.8781
v -1.25456 0.283005 -0.167357
v -0.442442 -1.40831 -0.617067
v -0.759219 0.76328 -0.903127
v -0.600837 0.117241 -0.167775
v -0.818812 0.569353 -0.483631
v -1.35759 0.799878 -2.18472
v -0.0166408 1.365e-05 -2.34323
v -1.32025 -0.151637 -2.61909
v -0.381956 0.769155 -2.38176
v -1.49566 0.161027 -0.16107
v -1.01011 0.868543 -2.54628
v -0.733158 0.599353 -0.602767
v -1.51838 0.863796 -1.94003
v -1.44326 -0.653091 0.0805562
v -1.53972 0.208529 -2.55656
v -1.161 0.820644 -2.1111
v -1.09451 0.830052 -2.09466
v -0.335695 -0.504548 -0.220424
v -0.733707 -0.424836 -2.26595
v -0.592106 0.783571 -2.3366
v -0.67481 0.0197458 -0.0822941
v -1.69236 0.583122 -1.66368
v -0.265445 0.636937 -1.46795
v -1.09813 0.516073 -3.60945
v -0.916541 -0.912783 0.265862
v -0.332811 -0.739996 -1.55777
v -1.27728 0.45177 -0.337845
v -0.323358 -0.635169 -1.67904
v -1.36848 -0.327555 -1.38943
v -0.148133 0.417478 -2.59694
v -1.68496 0.544563 -1.51462
v -0.416774 0.77248 -2.01707
v -0.339836 0.777083 -1.93688
v -0.35693 -1.36365 -0.676933
v -0.364268 -1.39464 -0.610004
v -0.371864 -1.42675 -0.543046
v -0.808832 0.836695 -1.15259
v -1.15637 -0.260743 -2.55332
v -1.54731 0.80482 -1.6399
v -1.24335 0.528563 -3.65421
v -0.971989 -0.893338 -0.686216
v -0.910684 -0.92143 -0.771583
v 0.00112964 -0.588255 -1.35512
v -1.55254 0.699467 -1.1963
v -1.37683 0.714904 -0.744238
v -0.72859 0.452958 -3.2995
v -0.592425 -0.45715 -2.14293
v -0.6683 -0.503786 -2.10859
v -0.571337 0.294597 -3.22139
v -0.878373 -0.289902 -2.57161
v -0.988849 -0.241344 -2.65365
v -0.585338 0.228026 -3.23532
v -1.34053 0.0683657 -3.02231
v -1.36156 0.0577013 -2.94867
v -0.734374 -0.280048 -2.59218
v -1.38138 0.923874 -1.80956
v -1.04948 -0.615894 -1.21108
v -0.85399 0.878267 -1.48671
v -1.61638 -0.497421 0.0125691
v -0.736105 0.818953 -1.12832
v -0.46529 -0.593504 0.0164468
v -0.594155 -0.725202 -1.76498
v -0.33725 -0.210525 -2.6915
v -1.39504 0.127698 -0.0897279
v -0.0520103 0.203551 -1.46284
v -0.227167 -1.02697 -0.462773
v -1.70373 0.0862534 -0.513382
v -0.109984 0.358888 -2.55378
v -0.428293 -1.52344 -0.341953
v -1.37603 -0.317695 -1.45334
v -0.911874 -0.896893 -0.834239
v -0.238446 -0.725312 -1.49476
v -0.671413 0.784251 -1.10886
v -0.622654 0.718497 -1.02139
v -1.44526 -0.609016 -0.585718
v -1.65118 0.655665 -1.63185
v -1.2875 0.838762 -0.994918
v -0.0535831 -0.130306 -1.1696
v -1.07892 -0.38533 -2.30014
v -0.534335 -1.54312 -0.272276
v -0.499852 0.646486 -1.06864
v -0.364548 -0.400796 -2.0517
v -0.262579 -0.032375 -0.584753
v -1.33258 0.596888 -3.28013
v -1.28043 0.782766 -2.75514
v -1.21745 0.722903 -3.15353
v -0.984505 -0.598809 -1.76487
v -0.292388 -0.260192 -2.51704
v -0.0666937 -0.217031 -2.08596
v -1.38197 0.341949 -0.2609
f 3 1 2 2398
f 2 2244 477 2398
f 2 1 2412 3876
f 2 3876 3871 2244
f 3 3740 2896 1
f 108 5 4 3303
f 4 6 539 3647
f 6 4 5 3324
f 5 3346 3325 3324
f 3371 2740 6 3324
f 3178 8 7 2419
f 9 7 8 16
f 18 474 9 16
f 9 28 29 7
f 9 474 2870 28
f 10 11 12 57
f 31 30 11 10
f 3244 12 11 3711
f 12 3244 1490 58
f 13 14 15 121
f 13 2400 52 14
f 13 121 3472 2399
f 53 463 15 14
f 3253 109 15 463
f 16 8 3177 17
f 18 16 17 3915
f 129 473 18 3915
f 18 473 2871 474
f 20 21 19 112
f 113 112 19 3427
f 1616 3427 19 3818
f 3619 572 20 3618
f 21 20 572 3675
f 574 3004 21 3675
f 3818 19 21 3004
f 22 23 24 515
f 505 23 22 506
f 22 515 514 506
f 3693 515 24 2896
f 3823 2412 24 23
f 25 26 27 3619
f 509 123 25 510
f 123 105 26 25
f 27 26 106 3594
f 28 2870 493 2741
f 3370 29 28 2741
f 29 2418 2419 7
f 3276 2418 29 3370
f 44 45 30 31
f 30 2431 3711 11
f 421 3408 31 10
f 32 81 82 33
f 34 32 33 3948
f 33 82 2467 3947
f 33 3947 3204 3948
f 384 385 34 3575
f 2651 32 34 385
f 3491 3575 34 3948
f 35 36 37 92
f 373 3042 35 92
f 368 37 36 950
f 1859 1858 36 35
f 38 39 40 3875
f 39 38 74 81
f 3437 40 39 2651
f 41 43 467 3328
f 2399 3472 41 3328
f 43 41 42 3268
f 439 3268 42 2699
f 42 2652 2869 2699
f 42 41 3472 2652
f 3408 3396 44 31
f 44 3437 3438 45
f 45 2430 2431 30
f 47 48 46 581
f 582 581 46 2589
f 2196 2197 46 48
f 47 2970 577 84
f 2975 2970 47 581
f 84 122 48 47
f 136 50 49 3225
f 51 49 50 471
f 478 471 50 137
f 51 3178 2419 49
f 53 14 52 3705
f 89 2229 53 3705
f 54 91 92 37
f 368 55 54 37
f 3935 91 54 56
f 56 54 55 360
f 361 360 55 142
f 1179 142 55 368
f 56 3536 94 3935
f 359 3536 56 360
f 57 12 58 2424
f 421 10 57 3032
f 57 2424 426 3032
f 60 61 59 2303
f 86 87 59 61
f 60 2303 69 68
f 60 2905 71 61
f 60 68 2906 2905
f 65 86 61 71
f 63 64 62 3395
f 2978 3135 62 64
f 62 3135 3830 3889
f 63 413 414 64
f 421 413 63 3408
f 63 3395 3396 3408
f 2976 2978 64 414
f 66 67 65 71
f 422 3855 65 67
f 2993 86 65 3855
f 2905 2907 66 71
f 423 422 67 3127
f 3128 3127 67 66
f 77 2906 68 70
f 70 68 69 78
f 69 2303 2155 2154
f 72 73 74 38
f 72 3793 402 73
f 72 3889 3830 3793
f 72 38 3875 3889
f 73 402 403 2991
f 82 81 74 3311
f 74 73 2991 3311
f 77 75 76 395
f 76 75 392 101
f 76 101 406 393
f 391 75 77 70
f 78 79 80 2544
f 391 70 78 2544
f 2154 79 78 69
f 79 2154 2156 3833
f 2971 80 79 3833
f 81 32 2651 39
f 82 3311 381 2467
f 122 84 83 2939
f 85 83 84 577
f 3231 83 85 588
f 320 59 87 2778
f 2777 2778 87 3419
f 87 86 2993 3419
f 89 90 88 2617
f 481 1551 88 90
f 88 1551 2409 2426
f 90 89 3705 480
f 373 92 91 374
f 390 94 93 388
f 93 95 3376 3660
f 95 93 94 3536
f 3377 3376 95 3435
f 96 97 98 1914
f 1235 1234 96 1914
f 1584 2658 96 1234
f 96 2658 3520 97
f 97 3520 3205 355
f 98 97 355 354
f 98 2284 2260 1914
f 376 3924 99 3533
f 392 3533 99 101
f 101 99 100 406
f 100 99 3924 3883
f 102 103 104 3760
f 2285 2712 103 102
f 3521 104 103 357
f 106 26 105 107
f 3213 105 123 509
f 106 107 108 3861
f 106 3861 3358 3594
f 3213 3447 107 105
f 108 3303 3302 3861
f 3346 5 108 107
f 109 111 121 15
f 111 109 110 442
f 110 3252 2830 443
f 3253 3252 110 109
f 112 113 114 562
f 3618 20 112 562
f 540 114 113 3557
f 113 3427 3426 3557
f 530 529 115 117
f 115 2504 2645 116
f 117 115 116 3339
f 116 2645 2646 2618
f 117 1999 2000 530
f 119 120 118 3098
f 3214 3098 118 3503
f 3216 3503 118 3485
f 119 3098 3099 3058
f 119 3057 3238 120
f 120 3238 135 3486
f 120 3486 3485 118
f 121 111 2652 3472
f 2196 48 122 2556
f 122 2939 2941 2556
f 124 125 126 2353
f 124 2353 2541 2555
f 2941 2673 124 2555
f 538 537 125 2674
f 2673 2674 125 124
f 537 494 126 125
f 126 494 2351 3908
f 2354 2353 126 3908
f 127 128 129 3915
f 127 3828 2845 456
f 128 127 456 457
f 129 128 831 3656
f 1882 473 129 3656
f 130 131 132 148
f 130 155 363 3628
f 131 349 141 3407
f 348 132 131 3407
f 131 130 3628 349
f 3926 149 132 348
f 133 135 440 423
f 133 423 3127 3811
f 3664 134 133 3811
f 135 133 134 3486
f 425 424 134 3664
f 134 424 3485 3486
f 439 440 135 3238
f 137 50 136 488
f 3587 489 136 3225
f 479 478 137 3849
f 138 140 151 3009
f 138 351 353 139
f 140 138 139 3932
f 139 2903 2904 3932
f 150 151 140 3913
f 142 143 141 361
f 141 349 350 361
f 141 143 3388 3407
f 143 142 1179 3631
f 144 1587 1586 2950
f 2121 1587 144 146
f 146 144 145 370
f 348 3387 145 3926
f 369 370 145 3387
f 145 144 2950 3926
f 2119 2121 146 1548
f 147 242 158 148
f 147 2650 243 242
f 2649 2650 147 149
f 149 147 148 132
f 148 158 155 130
f 149 3926 2950 2649
f 150 3914 250 2374
f 150 3913 3776 3914
f 2374 2375 151 150
f 153 154 152 2324
f 152 154 243 2650
f 2649 2746 152 2650
f 2747 2324 152 2746
f 3171 154 153 2406
f 154 3171 244 243
f 156 157 155 158
f 364 363 155 157
f 156 158 242 2439
f 2904 2903 156 2439
f 157 156 2903 3241
f 157 3241 3242 364
f 159 160 161 239
f 162 160 159 371
f 159 207 386 371
f 3355 161 160 3921
f 256 257 162 371
f 3921 160 162 2576
f 164 165 163 3090
f 163 1727 1728 3090
f 2747 1727 163 2324
f 238 240 164 3667
f 2407 165 164 240
f 3091 3667 164 3090
f 165 153 2324 163
f 165 2407 2406 153
f 166 167 168 2483
f 1431 167 166 2595
f 167 1431 1432 3768
f 1701 3504 168 2277
f 2484 2483 168 3504
f 3768 2277 168 167
f 170 171 169 2448
f 169 171 2443 2445
f 169 2445 2516 1408
f 2546 2448 169 1408
f 170 2448 1423 1422
f 1854 171 170 1855
f 1857 1855 170 1422
f 2899 3429 172 3036
f 3037 3036 172 174
f 3209 173 172 3429
f 174 172 173 175
f 176 175 173 189
f 190 189 173 3209
f 3701 188 174 175
f 175 176 3842 3701
f 176 189 191 3369
f 176 3369 3089 3842
f 177 178 179 2708
f 1544 178 177 3930
f 177 2117 2118 3930
f 179 178 1545 2866
f 181 182 180 206
f 180 459 458 3389
f 503 1757 181 205
f 459 180 182 221
f 1757 1758 182 181
f 183 185 211 3904
f 183 3904 2369 218
f 3720 184 183 218
f 185 183 184 225
f 3422 225 184 3620
f 186 187 188 3701
f 241 188 187 3767
f 187 186 254 522
f 3037 174 188 241
f 191 189 190 2117
f 191 2708 2709 3369
f 193 194 192 3650
f 192 430 3186 3650
f 3065 194 193 223
f 194 3132 432 192
f 197 195 196 2900
f 487 3029 196 195
f 2635 195 197 3420
f 197 3036 3037 3420
f 524 523 198 525
f 533 525 198 200
f 200 198 199 560
f 199 198 523 2788
f 199 3630 570 560
f 532 533 200 559
f 203 201 202 498
f 526 3580 202 201
f 2613 486 203 498
f 203 485 3141 201
f 204 206 3583 2613
f 206 204 205 181
f 497 2304 205 204
f 3389 3583 206 180
f 207 208 209 386
f 239 3257 207 159
f 3775 208 207 3257
f 224 3715 209 208
f 251 252 209 3715
f 209 252 3613 386
f 210 211 212 2751
f 213 215 210 2751
f 211 210 2428 3904
f 211 185 2928 212
f 212 3639 429 2751
f 212 2928 2929 3639
f 213 2751 429 452
f 450 214 213 452
f 215 213 214 2468
f 214 3029 2612 2468
f 2428 210 215 458
f 215 2468 3389 458
f 216 217 218 2369
f 216 2773 2549 217
f 216 220 2771 2773
f 217 3117 3720 218
f 220 221 219 2771
f 219 1912 2772 2771
f 220 3905 459 221
f 220 216 2369 3905
f 1758 219 221 182
f 3484 3122 222 224
f 224 222 223 3715
f 223 193 251 3715
f 223 222 418 3065
f 3775 3484 224 208
f 225 230 2928 185
f 227 228 226 258
f 3421 3422 226 228
f 226 3422 3620 1628
f 227 3692 236 2854
f 227 258 259 3692
f 228 227 2854 3114
f 2928 230 229 2929
f 229 3574 3186 2929
f 231 229 230 3421
f 3422 3421 230 225
f 3574 229 231 3023
f 233 234 232 255
f 234 3147 3188 232
f 234 233 3923 3148
f 236 237 235 3928
f 3971 249 235 237
f 2853 2854 236 3928
f 236 3692 3691 237
f 3257 239 238 3258
f 238 3667 3505 3258
f 240 238 239 161
f 3355 2407 240 161
f 242 243 244 2439
f 2904 2439 244 3882
f 244 3171 3170 3882
f 246 247 245 257
f 256 3766 246 257
f 247 235 249 248
f 3008 245 247 248
f 3928 235 247 246
f 250 248 249 2594
f 2595 2594 249 3971
f 250 2594 2593 2374
f 3008 248 250 3914
f 251 404 405 252
f 251 193 3650 404
f 3636 3613 252 405
f 253 254 255 232
f 253 521 522 254
f 1981 521 253 3338
f 253 232 3188 3338
f 3702 255 254 186
f 2403 233 255 3702
f 256 3613 3636 3766
f 2576 162 257 245
f 258 226 1628 1792
f 259 258 1792 3954
f 2874 3113 259 3954
f 259 3113 3691 3692
f 261 262 260 1026
f 2653 2131 260 262
f 3802 1026 260 3803
f 261 3053 3852 262
f 264 265 263 3012
f 263 1950 3616 3998
f 264 1949 1833 265
f 1973 1948 264 3012
f 1950 263 265 3020
f 267 268 266 2427
f 266 3488 1391 2547
f 1751 1750 267 2427
f 1438 1437 268 3283
f 2076 3283 268 267
f 3488 266 268 1437
f 270 271 269 1531
f 700 701 270 1531
f 270 701 3330 3332
f 271 2327 1532 269
f 3048 2327 271 3331
f 3332 3331 271 270
f 272 273 274 3757
f 273 272 2309 1456
f 274 273 615 3995
f 1457 3984 274 3995
f 275 2133 1394 276
f 275 1966 1967 2133
f 275 277 1968 1966
f 277 275 276 1537
f 1538 1537 276 3082
f 277 1537 1675 3671
f 278 279 280 795
f 794 3108 278 792
f 1653 280 279 3856
f 279 278 3108 3466
f 280 1046 796 795
f 280 1653 1654 1046
f 1178 282 281 1177
f 281 283 1664 1663
f 283 281 282 3169
f 282 1661 784 3169
f 284 2607 847 285
f 284 286 974 3999
f 1461 2607 284 3999
f 286 284 285 2123
f 2122 2123 285 848
f 287 923 922 288
f 287 1907 2685 923
f 289 287 288 905
f 289 905 904 2020
f 289 1748 1907 287
f 290 291 292 996
f 294 293 290 996
f 291 290 1413 2208
f 291 3554 3378 292
f 3025 996 292 3026
f 1413 290 293 1411
f 295 293 294 3716
f 294 996 3025 3939
f 923 2685 295 3716
f 1411 293 295 3878
f 295 2685 2686 3878
f 297 298 296 1871
f 603 604 296 3763
f 1352 3763 296 298
f 1922 1921 297 1871
f 298 297 1920 3264
f 3478 1352 298 3264
f 299 1256 1258 300
f 3977 1501 299 301
f 301 299 300 3713
f 1938 3713 300 2738
f 3289 741 301 3713
f 303 304 302 1085
f 302 1588 858 1085
f 302 304 2131 1589
f 1084 1154 303 1085
f 3778 3801 303 1154
f 3801 3803 304 303
f 305 306 307 3865
f 305 261 1026 306
f 3053 261 305 3131
f 3804 3131 305 3865
f 306 1372 1247 307
f 731 3865 307 1249
f 308 309 310 1360
f 308 1359 1680 1682
f 1682 1679 309 308
f 309 1678 2453 310
f 310 2453 2454 3164
f 310 3164 3163 1360
f 312 313 311 2296
f 481 3672 311 1551
f 757 1399 312 2296
f 1401 3401 312 1399
f 1551 311 313 2409
f 313 3287 1725 2409
f 313 312 3401 3287
f 314 315 316 3873
f 1449 3592 314 3162
f 314 3592 2752 315
f 1516 316 315 3960
f 315 2752 2753 3960
f 3886 3873 316 1512
f 2850 318 317 2851
f 317 1867 2852 2851
f 319 317 318 2074
f 318 2850 1785 3573
f 2073 2074 318 3573
f 319 3226 1867 317
f 2303 59 320 2155
f 320 2778 2829 2779
f 323 321 322 1765
f 2387 1765 322 804
f 3071 803 322 321
f 323 649 1170 2682
f 323 1765 1766 649
f 323 2682 2684 321
f 3714 2122 324 2390
f 326 324 325 1763
f 325 324 2122 848
f 398 1524 326 2572
f 2390 324 326 1524
f 327 328 329 2586
f 327 2586 2105 2107
f 328 327 2585 3551
f 1448 1447 329 3612
f 329 328 2021 3612
f 1508 331 330 1509
f 2548 1509 330 2425
f 332 330 331 3680
f 2722 999 331 1508
f 3063 3680 331 999
f 1089 1090 332 3563
f 2425 330 332 1090
f 334 335 333 1877
f 3925 1878 333 1851
f 2526 335 334 2524
f 4005 2524 334 2091
f 1851 333 335 3798
f 1760 1759 336 338
f 336 2507 2170 337
f 338 336 337 3758
f 938 3758 337 3591
f 3950 3949 338 3758
f 339 1687 1688 2603
f 341 339 340 3273
f 2603 2609 340 339
f 341 2049 1687 339
f 2048 2049 341 3508
f 3275 3508 341 3273
f 343 344 342 599
f 342 1219 1271 599
f 343 3049 1936 344
f 344 3688 1220 342
f 344 1936 3687 3688
f 346 347 345 2048
f 345 1686 2049 2048
f 1268 347 346 2221
f 347 913 1685 345
f 348 3407 3388 3387
f 349 3628 3629 350
f 352 353 351 2967
f 3009 1906 351 138
f 3645 3242 352 2966
f 2903 139 353 3241
f 3242 3241 353 352
f 354 355 356 357
f 354 2712 2284 98
f 3812 356 355 3205
f 357 356 358 3521
f 2712 354 357 103
f 383 387 358 3813
f 3812 3813 358 356
f 359 360 361 350
f 359 350 3629 3435
f 362 363 364 3572
f 362 3377 3435 3629
f 3628 363 362 3629
f 2576 366 365 3921
f 3170 2408 365 367
f 365 2408 3355 3921
f 367 365 366 3776
f 3914 3776 366 3008
f 3882 3170 367 3931
f 367 3776 3913 3931
f 368 950 951 1179
f 369 3386 2644 1881
f 370 1546 1548 146
f 370 369 1881 1546
f 3613 256 371 386
f 373 374 372 375
f 372 2660 2661 3883
f 3465 2660 372 374
f 3924 375 372 3883
f 3935 3465 374 91
f 376 377 375 3924
f 375 377 3042 373
f 377 376 2847 1909
f 378 379 380 3585
f 3681 1547 378 3585
f 379 378 1881 2644
f 685 687 380 379
f 380 687 1580 3160
f 380 3160 3159 3585
f 381 382 383 2467
f 381 3516 389 382
f 381 3311 2991 3516
f 382 388 387 383
f 382 389 390 388
f 383 3813 3947 2467
f 384 2700 3438 385
f 384 3575 3576 2701
f 387 3660 3521 358
f 388 93 3660 387
f 2660 3465 390 389
f 3935 94 390 3465
f 392 75 391 2543
f 393 394 395 76
f 393 406 402 3793
f 3830 394 393 3793
f 2996 395 394 3836
f 394 3830 3135 3836
f 395 2996 2906 77
f 397 398 396 947
f 948 947 396 1926
f 1927 1926 396 1928
f 2572 1928 396 398
f 397 947 949 2917
f 397 2917 2637 1525
f 1525 1524 398 397
f 400 401 399 2841
f 399 2476 3638 2840
f 400 3663 2395 401
f 401 2395 1493 3261
f 2476 399 401 3261
f 403 402 406 100
f 403 2661 3516 2991
f 3883 2661 403 100
f 3186 3574 404 3650
f 405 3023 3024 3636
f 3574 3023 405 404
f 408 409 407 3180
f 407 1282 3223 2683
f 407 409 3731 1282
f 408 1439 1441 409
f 408 3180 3305 3304
f 408 3304 3570 1439
f 3881 3731 409 1441
f 410 411 412 3644
f 410 1943 1942 3730
f 411 410 3730 3027
f 3955 412 411 3026
f 413 421 3032 425
f 3664 414 413 425
f 414 3664 3811 2976
f 415 417 1405 2730
f 417 415 416 2232
f 416 1462 1461 3999
f 416 415 1800 1462
f 1591 1590 417 2232
f 418 419 420 3119
f 3066 3065 418 3119
f 3122 419 418 222
f 419 428 427 420
f 2797 428 419 3122
f 420 427 2388 2545
f 420 2545 3772 3119
f 2698 422 423 440
f 424 426 3216 3485
f 426 424 425 3032
f 2423 3216 426 2424
f 428 2055 2056 427
f 430 431 429 3639
f 432 431 430 192
f 431 432 447 449
f 452 429 431 449
f 433 434 435 3453
f 3807 1006 433 1643
f 434 2848 909 435
f 434 433 1006 3942
f 435 455 454 3453
f 435 909 4005 455
f 436 437 438 3665
f 436 457 456 437
f 3527 3474 436 3665
f 2423 438 437 2846
f 2845 2846 437 456
f 1490 3665 438 58
f 438 2423 2424 58
f 439 3238 3057 3268
f 2699 2698 440 439
f 441 2992 2869 442
f 443 441 442 110
f 442 2869 2652 111
f 443 2830 2777 3419
f 443 3419 2993 441
f 444 1497 1498 445
f 444 446 2056 2189
f 2188 1497 444 2189
f 446 444 445 1544
f 445 1498 3107 1545
f 3132 2942 447 432
f 449 447 448 451
f 2942 2943 448 447
f 3429 2899 448 2943
f 449 451 450 452
f 2900 196 450 451
f 3029 214 450 196
f 2899 2900 451 448
f 453 1990 455 4005
f 1862 1990 453 2090
f 2091 2090 453 4005
f 1641 3453 454 3916
f 454 1991 2902 3916
f 455 1990 1991 454
f 831 128 457 3526
f 457 436 3474 3526
f 2428 458 459 3905
f 460 461 462 3782
f 460 3433 1414 901
f 901 900 461 460
f 1619 1620 462 2835
f 462 461 3783 2835
f 463 53 2229 3207
f 463 3207 3208 3253
f 464 465 466 3668
f 464 732 733 465
f 464 3474 3527 732
f 776 466 465 1468
f 465 733 2959 1468
f 466 776 775 889
f 3059 3880 467 43
f 470 468 469 1377
f 860 2262 469 3982
f 469 468 3272 3982
f 1379 3183 470 1377
f 3140 468 470 2602
f 472 51 471 3880
f 472 3179 3178 51
f 473 1882 2434 2871
f 475 52 2400 476
f 475 480 3705 52
f 477 475 476 2398
f 480 475 477 3762
f 477 2244 2243 3762
f 478 479 3328 467
f 3880 471 478 467
f 479 3849 2397 3922
f 479 3922 2399 3328
f 481 90 480 3762
f 2243 3672 481 3762
f 482 483 484 2432
f 1488 1487 482 2432
f 482 969 2433 483
f 890 2432 484 1903
f 2434 1882 484 483
f 3656 1903 484 1882
f 486 487 485 203
f 485 2635 2957 3141
f 2612 3029 487 486
f 487 195 2635 485
f 488 136 489 3693
f 2896 3740 488 3693
f 488 3740 3849 137
f 515 3693 489 514
f 490 491 492 1022
f 490 2287 1473 1809
f 491 1962 941 492
f 491 490 1809 1810
f 494 495 493 2351
f 2352 2351 493 2870
f 494 537 539 495
f 495 2740 2741 493
f 496 497 498 202
f 520 519 496 3096
f 496 519 2304 497
f 496 202 3580 3096
f 2613 498 497 204
f 500 501 499 2957
f 499 501 525 533
f 500 3420 3037 241
f 3767 501 500 241
f 524 525 501 3767
f 1757 503 502 2969
f 2763 2969 502 2706
f 504 502 503 2066
f 2304 2066 503 205
f 504 2066 2067 2707
f 2706 502 504 2024
f 504 2707 3777 2024
f 531 2657 505 507
f 3823 23 505 2657
f 507 505 506 3279
f 3277 3279 506 514
f 507 2330 2331 531
f 507 3279 3899 2330
f 508 509 510 561
f 509 508 3858 3213
f 562 561 510 3618
f 3619 3618 510 25
f 512 513 511 3685
f 511 2092 1387 3685
f 3401 1401 511 513
f 999 2722 512 997
f 513 512 2722 3285
f 517 518 516 2676
f 1795 2813 516 1796
f 3817 1796 516 518
f 1197 1199 517 2676
f 517 2812 2811 518
f 3788 3817 518 2811
f 2066 2304 519 2067
f 544 543 520 3096
f 520 2630 2067 519
f 521 523 524 522
f 521 1981 2788 523
f 522 524 3767 187
f 3141 527 526 201
f 528 526 527 532
f 527 499 533 532
f 2957 499 527 3141
f 528 2084 2101 3761
f 528 3761 3580 526
f 2504 115 529 2505
f 531 529 530 2657
f 2505 529 531 2331
f 2084 528 532 559
f 535 536 534 2233
f 534 2504 2505 2233
f 1887 1330 535 2233
f 2963 536 535 1331
f 536 2963 1008 4003
f 3744 534 536 4003
f 539 537 538 3647
f 538 2674 609 608
f 538 608 2735 3647
f 539 6 2740 495
f 540 541 542 3560
f 540 3560 3890 114
f 1887 542 541 1330
f 541 3558 2962 1330
f 3557 3558 541 540
f 2331 2330 542 1887
f 3899 3560 542 2330
f 543 544 545 2199
f 543 550 2630 520
f 2101 545 544 3761
f 3580 3761 544 3096
f 547 548 546 2080
f 2630 550 546 548
f 2707 548 547 3777
f 547 3349 3683 3777
f 550 551 549 546
f 549 2082 2080 546
f 2199 551 550 543
f 551 3569 3072 549
f 552 1634 768 1323
f 1636 1634 552 554
f 3750 553 552 1323
f 554 552 553 1618
f 553 3750 3749 3510
f 1158 1159 555 557
f 557 555 556 3764
f 556 555 3347 2081
f 557 3764 3666 563
f 570 2373 558 560
f 2084 559 558 3507
f 560 558 559 200
f 561 3890 3278 508
f 562 114 3890 561
f 564 565 563 3666
f 1158 557 563 2150
f 1278 2237 564 1276
f 2200 565 564 2237
f 2983 1276 564 3666
f 565 2151 2150 563
f 567 568 566 3829
f 567 608 609 568
f 2735 608 567 3301
f 3907 3301 567 3829
f 588 566 568 3231
f 568 609 2940 3231
f 570 571 569 2373
f 569 571 573 1975
f 2872 571 570 3630
f 572 3593 3097 3675
f 1976 1975 573 2749
f 573 571 2872 3874
f 3097 575 574 3675
f 3198 3004 574 576
f 576 574 575 3962
f 3524 2356 576 3962
f 2952 3943 577 2970
f 3227 85 577 3943
f 2047 579 578 2238
f 2237 2238 578 2200
f 580 578 579 3595
f 2200 578 580 2469
f 2974 2975 581 582
f 3136 3168 582 2589
f 3987 2974 582 3168
f 583 1581 1582 584
f 585 583 584 973
f 584 1582 1965 3797
f 1979 973 584 3797
f 3123 583 585 3997
f 2053 2054 586 3227
f 586 2054 2566 587
f 588 586 587 566
f 3829 566 587 3800
f 588 85 3227 586
f 1223 1236 589 3597
f 591 589 590 3535
f 590 1721 1003 3808
f 590 589 1236 1721
f 2974 3987 591 3941
f 3597 589 591 3987
f 592 593 594 3821
f 592 3295 3296 2648
f 3310 3295 592 3821
f 2498 3430 593 2647
f 2648 2647 593 592
f 817 1469 594 818
f 3430 818 594 593
f 596 597 595 2803
f 595 884 883 2276
f 595 2276 2275 2803
f 3678 884 595 597
f 2667 3111 596 2668
f 3112 597 596 3111
f 3266 3678 597 3112
f 598 343 599 1293
f 598 1174 3049 343
f 601 602 600 2818
f 1495 2818 600 835
f 2821 602 601 3956
f 836 600 602 838
f 602 2821 2667 838
f 603 979 1246 604
f 604 1872 1871 296
f 3640 1872 604 1246
f 606 607 605 2798
f 605 1107 1108 3102
f 1242 2798 605 3102
f 605 607 1614 1107
f 677 678 606 2038
f 3641 607 606 678
f 3642 1614 607 3641
f 2673 2940 609 2674
f 611 612 610 2514
f 1564 3076 610 1562
f 1558 899 611 1553
f 612 611 899 1954
f 612 3372 1562 610
f 614 615 613 1612
f 613 944 946 1612
f 2881 944 613 1456
f 614 1612 1613 3676
f 2230 1190 614 3676
f 615 614 1190 3995
f 1456 613 615 273
f 1094 617 616 1095
f 618 616 617 629
f 617 2610 3964 629
f 1917 616 618 1915
f 620 621 619 2675
f 619 621 1241 3606
f 619 2456 2455 2675
f 801 802 620 2675
f 620 802 1382 3624
f 3103 1241 621 3625
f 621 620 3624 3625
f 622 623 624 2035
f 623 622 3725 3993
f 3189 1466 624 3724
f 3736 3724 624 623
f 624 1466 3912 2035
f 625 1938 1099 626
f 2643 3289 625 627
f 627 625 626 3566
f 626 1099 1100 4002
f 3105 3566 626 4002
f 1375 2643 627 3864
f 627 3566 3565 3864
f 629 630 628 618
f 628 2128 1915 618
f 2129 2128 628 2334
f 2333 2334 628 630
f 3967 630 629 3964
f 881 2333 630 3967
f 632 633 631 1069
f 1068 1069 631 3075
f 2496 2497 631 633
f 632 1069 1144 671
f 633 632 1318 3296
f 634 636 727 726
f 634 907 3487 635
f 636 634 635 2429
f 635 896 1939 2429
f 937 727 636 1543
f 637 638 639 2913
f 637 1079 734 3870
f 1080 1079 637 2913
f 637 3870 2894 638
f 638 2894 1850 719
f 2619 639 638 719
f 639 2619 2916 2914
f 641 642 640 643
f 640 642 746 725
f 641 643 644 3436
f 1738 1739 641 3436
f 642 641 1739 927
f 724 1663 643 640
f 805 3436 644 806
f 1663 1664 644 643
f 645 646 647 2040
f 1510 1110 645 1339
f 646 675 676 1638
f 1110 675 646 645
f 1425 2040 647 807
f 1638 1989 647 646
f 1988 807 647 1989
f 650 648 649 1766
f 1171 1170 649 648
f 1518 648 650 2450
f 3571 1802 650 1766
f 652 653 651 1549
f 651 653 959 3116
f 1550 1549 651 3354
f 3352 3354 651 3116
f 2309 272 652 3229
f 652 272 3757 653
f 653 3757 1485 959
f 654 723 725 655
f 656 654 655 3299
f 655 725 746 2581
f 1135 654 656 2466
f 658 659 657 3093
f 1850 2894 657 659
f 3870 3748 657 2894
f 658 2862 2863 661
f 2980 2862 658 3093
f 659 658 661 660
f 660 1849 1850 659
f 660 662 3627 1849
f 662 660 661 1373
f 664 665 663 3440
f 894 1427 663 2614
f 3966 3440 663 1427
f 664 3440 3001 3000
f 664 3000 3441 1786
f 1786 1787 665 664
f 665 3953 2614 663
f 667 668 666 1301
f 666 3498 3655 1301
f 667 1322 1321 668
f 1503 1322 667 3559
f 668 3385 2177 666
f 669 670 671 1316
f 669 2768 1181 670
f 1315 2321 669 1316
f 1180 1318 670 1181
f 671 670 1318 632
f 672 2319 1995 3755
f 2227 673 672 3755
f 3517 2319 672 674
f 674 672 673 935
f 936 935 673 2911
f 673 2227 2226 2911
f 937 1837 674 935
f 674 1837 3404 3517
f 675 1081 1082 676
f 1637 1638 676 3166
f 1131 1132 677 2461
f 677 2038 2459 2461
f 678 677 1132 3640
f 1246 3641 678 3640
f 680 681 679 3633
f 1018 1019 679 681
f 679 1941 1940 3633
f 679 1019 3854 1941
f 681 680 1189 1016
f 682 2659 2776 1480
f 684 682 683 2503
f 1480 1479 683 682
f 2817 2892 683 1479
f 1816 1817 684 3402
f 2659 682 684 1817
f 686 687 685 2286
f 685 379 2644 3632
f 1580 687 686 2588
f 686 2286 2380 2587
f 688 689 690 1205
f 1369 689 688 1885
f 3659 3860 688 1205
f 3522 690 689 3816
f 691 3006 2169 2168
f 693 691 692 2470
f 2168 2506 692 691
f 692 2506 3727 2790
f 693 2470 2471 3352
f 3006 691 693 2789
f 694 695 696 1230
f 1070 1071 694 2116
f 695 694 1071 2372
f 1939 3007 696 695
f 698 699 697 1667
f 3262 1956 697 2313
f 3146 3148 698 2615
f 698 3148 3923 699
f 699 2312 2313 697
f 2402 2312 699 3923
f 700 1665 1956 701
f 3320 1665 700 2391
f 3673 2391 700 1531
f 701 1956 3262 3330
f 702 703 704 3431
f 702 2235 777 703
f 3265 704 703 779
f 704 1244 1243 3431
f 704 3265 2795 1244
f 706 707 705 759
f 707 706 1621 1888
f 707 1912 1913 705
f 707 1888 2772 1912
f 708 709 710 2578
f 2098 2099 708 2579
f 2254 709 708 2099
f 1269 710 709 2856
f 2010 2578 710 2011
f 710 1269 3933 2011
f 711 712 713 2885
f 1452 712 711 3382
f 1674 1673 713 712
f 2884 2885 713 3342
f 3341 3342 713 1673
f 716 714 715 1703
f 1835 1836 715 714
f 1031 714 716 1813
f 1702 2442 716 1703
f 716 2442 1814 1813
f 719 717 718 2619
f 2895 3307 718 717
f 718 3307 3306 2915
f 1849 717 719 1850
f 720 3246 2801 721
f 722 720 721 1713
f 721 826 827 1713
f 721 2801 1712 826
f 2822 720 722 2802
f 723 654 1135 1134
f 725 723 724 640
f 1134 1177 724 723
f 726 3710 907 634
f 728 726 727 936
f 728 2606 2605 1164
f 728 936 2911 2606
f 3710 726 728 1164
f 729 730 731 1249
f 1248 2479 729 1249
f 730 729 2282 2281
f 2946 731 730 1054
f 2949 1054 730 2281
f 731 2946 3804 3865
f 732 3527 1489 3245
f 2721 733 732 3245
f 735 736 734 1971
f 734 736 3748 3870
f 1848 736 735 1846
f 735 876 2341 1846
f 791 738 737 1334
f 2013 764 737 739
f 739 737 738 1946
f 1944 1946 738 790
f 741 742 740 1216
f 1215 1216 740 2130
f 3977 301 741 1216
f 742 1374 3056 740
f 742 741 3289 2643
f 744 745 743 3020
f 745 744 1358 3372
f 3010 743 745 1954
f 927 2583 746 642
f 747 3083 3077 748
f 749 747 748 2359
f 748 3077 3078 2510
f 749 2361 2037 2362
f 749 2362 2363 747
f 750 751 752 2567
f 751 1828 846 752
f 751 2926 2910 1828
f 2927 2926 751 750
f 753 754 755 2452
f 3514 3515 754 753
f 754 3515 3561 1121
f 755 754 1121 1120
f 1974 1973 755 1120
f 755 1973 3012 2452
f 1399 757 756 1692
f 756 1542 1541 1692
f 758 756 757 2295
f 758 2618 1542 756
f 2633 3339 758 2295
f 1576 706 759 761
f 2763 760 759 705
f 761 759 760 3743
f 760 2023 3759 3743
f 1127 2039 761 3743
f 762 763 764 1417
f 3133 763 762 3344
f 3343 3344 762 2573
f 3707 1334 763 3133
f 764 763 1334 737
f 764 2013 2656 1417
f 767 765 766 3972
f 3156 3155 766 765
f 1933 765 767 1931
f 1324 1323 768 770
f 770 768 769 3172
f 1634 1635 769 768
f 3589 3193 769 1635
f 2810 1434 770 3172
f 2629 2628 771 773
f 773 771 772 3600
f 772 1161 2627 3600
f 3334 1162 772 771
f 3605 2629 773 3599
f 775 776 774 1910
f 774 776 1468 3822
f 890 889 775 1911
f 777 778 779 703
f 3264 778 777 3478
f 2669 779 778 2670
f 782 780 781 3291
f 1163 1165 781 3374
f 781 780 2927 3374
f 782 2201 2202 780
f 783 1214 1213 2552
f 783 785 1526 1214
f 785 783 784 2620
f 784 783 2552 3169
f 785 1157 1156 1526
f 787 788 786 1218
f 3207 1217 786 3208
f 1438 1625 787 1218
f 788 787 989 2979
f 3208 786 788 3318
f 902 2601 789 791
f 789 1443 1442 790
f 791 789 790 738
f 795 797 792 278
f 794 792 793 2153
f 793 792 797 1556
f 793 1556 1557 2475
f 797 795 796 3364
f 2608 799 798 879
f 800 798 799 2611
f 1089 1769 800 2308
f 800 2611 3046 2308
f 800 1769 3442 798
f 801 2458 2457 3336
f 3335 802 801 3336
f 802 3335 1380 1382
f 804 322 803 1684
f 1683 1684 803 3254
f 803 3071 2420 3254
f 804 847 2607 2387
f 1738 3436 805 3281
f 807 805 806 1425
f 806 644 1664 1424
f 807 1988 3281 805
f 808 1540 1074 809
f 808 2743 3718 1540
f 810 808 809 3835
f 1639 3835 809 2162
f 2288 2162 809 1074
f 810 2902 2743 808
f 810 3835 3357 3356
f 811 812 813 3367
f 811 1013 1662 812
f 811 3367 3832 1014
f 3455 3457 812 1662
f 813 2994 2995 3367
f 813 812 3457 3459
f 814 815 816 3464
f 1566 815 814 1793
f 814 3464 1647 1658
f 1659 1793 814 1658
f 1845 816 815 2272
f 2628 1469 817 3418
f 819 817 818 869
f 819 868 1506 3417
f 819 3417 3418 817
f 820 821 822 1045
f 820 1296 1113 821
f 820 1045 1433 1669
f 821 1114 1021 822
f 1046 1045 822 796
f 822 1021 3364 796
f 1695 824 823 3497
f 823 2194 2195 3497
f 825 823 824 3445
f 824 1695 3500 1289
f 1733 3496 825 3446
f 825 3496 2194 823
f 1746 1745 827 826
f 827 1745 2136 3394
f 827 3394 3530 1713
f 830 828 829 1889
f 1621 1889 829 1888
f 1722 1723 829 828
f 830 1890 1264 2264
f 3003 828 830 2264
f 831 888 1903 3656
f 3668 888 831 3526
f 834 832 833 928
f 833 832 2316 1141
f 1961 832 834 2152
f 836 837 835 600
f 837 836 840 1730
f 1536 835 837 1729
f 838 839 840 836
f 2667 2668 839 838
f 840 839 1714 3530
f 2549 1722 841 843
f 843 841 842 3946
f 3003 2843 842 841
f 842 2842 3542 3946
f 3118 3117 843 3946
f 844 845 846 3544
f 845 3477 3212 2149
f 3476 3477 845 844
f 846 1828 1827 3544
f 846 845 2149 752
f 848 285 847 4001
f 847 804 1684 4001
f 1395 325 848 4001
f 851 849 850 1028
f 1029 1028 850 931
f 850 849 3867 929
f 851 1028 1030 3399
f 1771 1808 851 3399
f 1772 849 851 1808
f 1864 1863 852 854
f 852 1863 1957 2529
f 852 2529 2531 853
f 854 852 853 3061
f 853 2761 3637 3061
f 854 3061 1783 3959
f 855 2695 1589 856
f 855 857 2083 2550
f 857 855 856 2214
f 2131 2653 856 1589
f 857 2214 2215 3284
f 858 859 860 1083
f 858 1588 2694 859
f 2008 1083 860 3982
f 2263 2262 860 859
f 861 2290 2289 862
f 2655 2654 861 863
f 861 2654 2672 2290
f 863 861 862 3602
f 862 2289 2489 3292
f 3603 3602 862 3292
f 863 3602 3601 2042
f 864 865 866 3153
f 3555 865 864 1820
f 2876 1752 865 3555
f 1752 1753 866 865
f 1819 3234 866 1753
f 866 3234 3152 3153
f 867 869 1155 1057
f 869 867 868 819
f 868 867 1056 2069
f 868 2069 1507 1506
f 3430 1155 869 818
f 870 871 872 3847
f 871 870 1826 3104
f 871 3104 2916 2915
f 1823 3847 872 1231
f 2915 3306 872 871
f 1383 874 873 3831
f 3545 3831 873 3929
f 3588 3929 873 875
f 875 873 874 1791
f 874 1875 1790 1791
f 877 878 876 3700
f 876 735 1971 3700
f 2340 2341 876 878
f 1970 1067 877 3700
f 877 1066 2591 878
f 2592 2340 878 2591
f 879 798 3442 880
f 3967 2608 879 881
f 881 879 880 2568
f 880 3442 1768 2569
f 881 2568 3236 2333
f 883 884 882 1312
f 882 2755 2754 2944
f 883 1312 1311 2739
f 883 2739 2283 2276
f 884 3678 2755 882
f 885 886 887 2503
f 885 2892 1309 925
f 925 924 886 885
f 2502 1145 886 924
f 3403 887 886 1145
f 887 3403 3322 3402
f 888 889 890 1903
f 889 888 3668 466
f 1488 2432 890 1911
f 891 892 893 2783
f 1427 892 891 3966
f 891 1811 1812 3966
f 894 895 892 1427
f 893 892 895 2392
f 2615 1666 895 894
f 897 898 896 1677
f 896 635 3487 1677
f 897 1680 1359 898
f 1939 896 898 3007
f 899 1558 2509 1953
f 900 901 902 3707
f 3133 3706 900 3707
f 3783 461 900 3706
f 902 791 1334 3707
f 902 901 1414 2601
f 904 905 903 2100
f 903 2917 949 2100
f 903 2638 2637 2917
f 1200 1201 904 2100
f 2638 903 905 288
f 906 2553 2554 3211
f 908 906 907 3710
f 3211 3487 907 906
f 1164 1163 908 3710
f 908 3375 2553 906
f 908 1163 3374 3375
f 1415 1994 910 1416
f 912 910 911 2072
f 1994 1455 911 910
f 2070 2072 911 1454
f 1416 910 912 3428
f 1443 3428 912 1694
f 2897 1694 912 2072
f 1268 914 913 347
f 915 913 914 1091
f 3129 3181 914 1268
f 1685 913 915 2268
f 1151 917 916 1596
f 1333 1332 916 918
f 916 1332 1736 1596
f 918 916 917 2790
f 918 3726 1741 1333
f 920 921 919 2825
f 1844 1845 919 2058
f 920 1898 1900 921
f 2058 919 921 1285
f 1554 2394 922 3729
f 922 2394 2638 288
f 3729 922 923 3716
f 924 925 1308 2932
f 926 3481 2583 927
f 926 1143 3060 3481
f 928 926 927 1739
f 928 833 1143 926
f 928 1739 1738 834
f 929 930 931 850
f 929 3561 3902 930
f 1773 931 930 3564
f 931 1773 1775 1029
f 2227 3755 932 2228
f 934 932 933 2348
f 3755 1995 933 932
f 934 2551 2228 932
f 2350 2528 934 2348
f 937 935 936 727
f 2371 1837 937 1543
f 939 940 938 3591
f 938 940 1523 3951
f 939 958 960 940
f 2789 958 939 3006
f 1486 1523 940 960
f 941 943 1397 492
f 943 941 942 1650
f 942 1651 1652 985
f 942 941 1962 1651
f 943 3068 1398 1397
f 943 1650 1649 3068
f 945 946 944 2184
f 944 2881 3316 2184
f 2059 2060 945 2185
f 945 2060 3424 946
f 949 947 948 1202
f 1087 2104 948 1926
f 1203 1202 948 2104
f 950 36 1858 2380
f 2380 2286 951 950
f 952 1406 1780 953
f 954 952 953 2077
f 953 2322 2078 2077
f 954 1777 1407 952
f 1776 1777 954 2248
f 1896 956 955 1371
f 957 955 956 1743
f 1744 1743 956 2956
f 957 3021 1037 955
f 957 1743 1930 1955
f 958 2789 3116 959
f 960 958 959 1485
f 961 962 963 2216
f 1876 962 961 2984
f 3649 2984 961 2218
f 1383 2085 962 1876
f 1630 963 962 2085
f 963 3540 3794 2216
f 964 965 966 2292
f 970 972 964 2291
f 2087 965 964 972
f 965 3230 3723 966
f 2672 2654 966 3723
f 967 968 969 971
f 968 967 2045 2541
f 968 2354 2433 969
f 1487 971 969 482
f 971 972 970 967
f 970 2291 1188 2046
f 970 2046 2045 967
f 971 1487 2087 972
f 973 575 3097 585
f 3962 575 973 1979
f 3069 2231 974 286
f 975 976 977 3838
f 975 2908 2850 2851
f 2851 2852 976 975
f 3698 977 976 2875
f 980 978 979 603
f 979 978 2111 3642
f 980 1018 1017 978
f 1019 1018 980 3853
f 980 603 3763 3853
f 981 3814 3662 1237
f 983 981 982 1576
f 982 981 1237 1239
f 982 1239 1889 1621
f 983 3221 3814 981
f 985 986 984 2329
f 984 2415 2416 2329
f 1650 942 985 2329
f 985 1652 2116 986
f 1229 984 986 1230
f 987 3319 3086 3747
f 989 987 988 2979
f 3317 2979 988 3983
f 988 987 3747 3945
f 1625 2323 989 787
f 989 2323 3319 987
f 991 992 990 1857
f 990 992 1033 2270
f 990 2270 2626 1856
f 1169 992 991 3621
f 993 995 2132 2135
f 993 3737 3911 994
f 995 993 994 1393
f 2133 2132 995 1394
f 997 512 3685 1604
f 999 997 998 3063
f 998 997 1604 1602
f 998 1602 1605 1648
f 1000 2714 2680 1001
f 1002 1000 1001 2542
f 1001 2680 2182 2679
f 1294 1295 1002 2542
f 1002 2144 2146 1000
f 1004 1005 1003 1720
f 1327 3126 1004 1720
f 1626 1027 1004 3126
f 1005 1004 1027 2860
f 1005 3055 3808 1003
f 3806 2106 1006 3807
f 1009 1007 1008 2963
f 1008 2088 2089 4003
f 3067 2088 1008 1007
f 1009 3751 3173 1007
f 1012 1010 1011 1960
f 1011 1010 2519 2518
f 1275 1010 1012 1273
f 1012 2557 2859 1273
f 1014 1015 1013 811
f 1013 1015 2107 3806
f 1013 3806 3807 1662
f 3546 3548 1014 3832
f 1015 1014 3548 2585
f 1016 1017 1018 681
f 1016 1189 1190 2230
f 2111 978 1017 2574
f 2230 2574 1017 1016
f 1354 3854 1019 3853
f 1022 1020 1021 1114
f 1396 3364 1021 1020
f 1022 492 1397 1020
f 1022 1114 2287 490
f 1023 1025 2220 2219
f 2222 1024 1023 3275
f 1023 2219 3508 3275
f 1025 1023 1024 2696
f 3100 2696 1024 2697
f 2588 2220 1025 1580
f 1026 3802 1372 306
f 1274 2860 1027 3906
f 1030 1028 1029 1429
f 1428 1429 1029 1775
f 2012 3399 1030 1112
f 1032 1033 1031 1813
f 1031 1169 1835 714
f 2270 1033 1032 2328
f 1033 992 1169 1031
f 1035 1036 1034 1838
f 1035 2174 3523 1138
f 1035 1138 3537 1036
f 2235 702 1036 3537
f 1036 702 3431 1034
f 1371 955 1037 1039
f 1039 1037 1038 1040
f 3021 3022 1038 1037
f 1040 1038 1041 1361
f 1040 1269 2856 1039
f 1123 1125 1041 3708
f 3022 3708 1041 1038
f 2141 2140 1042 2705
f 2703 2705 1042 1044
f 1044 1042 1043 1460
f 1320 1319 1043 2142
f 1043 1042 2140 2142
f 1044 3185 2704 2703
f 2990 3185 1044 1460
f 1433 1045 1046 1654
f 1048 1049 1047 2438
f 1452 3382 1047 1450
f 1048 2440 1172 1049
f 2437 2837 1048 2438
f 1048 2837 2838 2440
f 1450 1047 1049 1173
f 1050 1051 1052 1937
f 1050 1937 2052 3552
f 1050 2249 2124 1051
f 1051 2124 2125 3697
f 1051 3697 2299 1052
f 1053 1313 1314 2947
f 1053 1055 2112 1313
f 1055 1053 1054 2949
f 2947 2946 1054 1053
f 2739 1311 1055 2949
f 1057 1058 1056 867
f 1152 1153 1056 1058
f 1057 1302 3655 1058
f 1058 3655 3498 1152
f 1060 1061 1059 1070
f 1060 1652 1651 3863
f 1060 1070 2116 1652
f 3404 1059 1061 3518
f 1061 3513 3512 3518
f 3863 3513 1061 1060
f 1062 1063 1064 3681
f 3100 3101 1062 3159
f 3585 3159 1062 3681
f 1063 1062 3101 1929
f 1547 3681 1064 2306
f 2305 2306 1064 3451
f 3452 3451 1064 1063
f 1065 753 2452 3998
f 3514 753 1065 1067
f 1067 1065 1066 877
f 1066 1065 3998 3616
f 3121 3514 1067 1970
f 1144 1069 1068 2320
f 1559 2320 1068 1952
f 2495 1952 1068 3075
f 2371 1071 1070 1059
f 1540 1539 1072 1074
f 1074 1072 1073 2288
f 2473 3512 1073 1072
f 3513 2893 1073 3512
f 3696 2288 1073 2893
f 1075 1076 1077 1781
f 1075 1129 1279 1076
f 1291 1781 1077 3161
f 1077 1076 2332 3313
f 1078 1079 1080 1305
f 1079 1078 1971 734
f 2265 1304 1080 2913
f 1110 1109 1081 675
f 1081 2012 1112 1082
f 1082 1112 1111 1137
f 3166 676 1082 1137
f 1083 1084 1085 858
f 2008 2007 1084 1083
f 1084 2007 3896 1154
f 1086 1087 1088 2697
f 1086 2102 2104 1087
f 1088 1087 1926 1927
f 1929 3101 1088 1927
f 1089 3563 1767 1769
f 2308 2307 1090 1089
f 1092 915 1091 2477
f 3181 3326 1091 914
f 2268 915 1092 1492
f 3261 1493 1092 2477
f 1093 1094 1095 2103
f 1093 2103 2102 3274
f 2609 1094 1093 340
f 3273 340 1093 3274
f 1094 2609 2610 617
f 1095 616 1917 3961
f 1096 3895 2999 1097
f 1098 1096 1097 3765
f 1097 2381 2382 3765
f 1098 2750 2749 3475
f 1098 3475 3176 1096
f 1100 1365 1363 4002
f 1100 1099 3607 2047
f 1101 1102 1103 3480
f 2413 1102 1101 2414
f 1101 2758 3877 2414
f 1102 2413 2814 3918
f 2386 2385 1103 3810
f 1103 1102 3918 3810
f 1104 1105 1106 3919
f 1104 1774 1150 2225
f 1104 3919 3443 1774
f 2225 2223 1105 1104
f 1106 2210 2209 3919
f 1106 1105 3634 1623
f 1107 1614 1615 1629
f 1108 1107 1629 3579
f 1718 1719 1108 3579
f 1109 1115 2012 1081
f 1116 1109 1110 1510
f 1111 1429 1428 1136
f 1112 1030 1429 1111
f 1114 821 1113 2287
f 1115 1109 1116 1770
f 1116 1510 1511 3288
f 1116 3288 2009 1770
f 1117 1118 1119 1583
f 1817 1816 1117 1583
f 1117 3013 3014 1118
f 3321 3013 1117 1816
f 3576 3490 1118 3014
f 1584 1583 1119 2658
f 1119 1118 3490 3492
f 3520 2658 1119 3492
f 1122 1120 1121 3867
f 1122 1124 1974 1120
f 1122 1772 2138 1124
f 1125 1123 1124 2138
f 1124 1123 1764 1974
f 1361 1041 1125 2139
f 1127 1128 1126 2198
f 1130 1129 1126 1128
f 1985 1130 1128 3759
f 3743 3759 1128 1127
f 1129 1075 2898 1126
f 1130 1984 1279 1129
f 3862 2836 1131 3891
f 1872 3640 1132 1923
f 2836 1923 1132 1131
f 1133 1134 1135 1805
f 1133 1178 1177 1134
f 1660 1178 1133 2050
f 1804 2050 1133 1805
f 1135 2466 2465 1805
f 1137 1111 1136 3165
f 1136 1428 2389 3167
f 1139 1140 1138 3523
f 1138 1140 2236 3537
f 3494 1940 1139 3917
f 1139 3523 3791 3917
f 1940 1941 1140 1139
f 1141 1142 1143 833
f 2311 1142 1141 3893
f 1141 2316 2317 3893
f 1142 2311 2770 3815
f 3060 1143 1142 3815
f 1144 1317 1316 671
f 1144 2320 2488 1317
f 1146 1147 1145 2502
f 1675 1147 1146 3671
f 3670 3671 1146 1287
f 1147 2269 3403 1145
f 1148 1149 1150 3564
f 1148 2335 1304 1149
f 3661 2335 1148 3902
f 1150 1149 1306 2225
f 1773 3564 1150 1774
f 1151 1596 1597 3411
f 2470 917 1151 2471
f 3353 2471 1151 3411
f 2069 1056 1153 3263
f 1153 1152 2338 1483
f 2733 3263 1153 1483
f 1154 3896 3779 3778
f 1302 1057 1155 1670
f 1156 1891 1893 2724
f 1156 1157 2725 1891
f 1157 785 2620 2622
f 2726 2725 1157 2622
f 1983 1982 1159 1158
f 3347 555 1159 3985
f 1160 1227 1226 3400
f 2744 1227 1160 1162
f 1162 1160 1161 772
f 3400 3958 1161 1160
f 3416 2744 1162 3334
f 1165 1163 1164 2605
f 2215 2604 1165 2605
f 3291 781 1165 2604
f 1167 1168 1166 2525
f 3143 3184 1166 1168
f 1167 2318 2093 1168
f 1167 2525 2764 3449
f 1168 2093 2094 3143
f 3609 1835 1169 3621
f 2325 2326 1170 1171
f 1518 1519 1171 648
f 2631 2325 1171 1519
f 1173 1049 1172 2753
f 1172 2440 2441 2759
f 1175 1176 1174 598
f 1293 2912 1175 598
f 1484 2172 1176 1175
f 1176 2172 2171 3300
f 2639 1174 1176 3300
f 1177 281 1663 724
f 1178 1660 1661 282
f 3632 3631 1179 951
f 1182 1180 1181 2180
f 2178 2180 1181 2768
f 1182 1671 2498 2647
f 1182 2647 2648 1180
f 1183 1184 1185 1874
f 2500 2499 1183 1874
f 1183 2499 3799 2501
f 1184 3709 1504 1185
f 1184 1183 2501 2508
f 1184 2508 2507 3709
f 1186 1187 1188 2291
f 1186 2292 2655 3746
f 1187 3393 3745 1188
f 1187 1186 3746 2041
f 1458 1457 1189 680
f 1190 1189 1457 3995
f 1191 1192 1193 3969
f 1191 3969 3333 2989
f 1852 1853 1192 1191
f 1192 3106 2443 1193
f 3107 3106 1192 1853
f 1193 1854 3968 3969
f 1194 1195 1196 2026
f 1194 2028 2666 1565
f 1195 1194 1565 2879
f 1195 3887 2573 1196
f 3886 3887 1195 2879
f 1197 1388 2086 1198
f 1199 1197 1198 3795
f 1199 1435 2812 517
f 1200 1202 1203 3961
f 1917 1201 1200 3961
f 2020 904 1201 1916
f 1202 1200 2100 949
f 1205 1206 1204 3659
f 3005 1700 1204 1206
f 1205 690 1798 1206
f 1206 1798 1799 3005
f 1208 1209 1207 1478
f 1477 1478 1207 2713
f 1210 1209 1208 3202
f 1209 3468 3467 1207
f 3469 3468 1209 1210
f 1210 1883 3860 3469
f 1211 3312 1716 3243
f 1213 1211 1212 3450
f 1339 1338 1212 3976
f 1212 1211 3243 3976
f 1213 1214 3312 1211
f 1214 1526 1717 3312
f 1216 1215 3582 3977
f 1218 786 1217 2782
f 1217 3207 2229 2616
f 1220 1221 1219 342
f 1220 3688 1496 2624
f 1220 2624 3233 1221
f 1818 1219 1221 1819
f 1223 1224 1222 1236
f 1222 1224 1505 1329
f 1430 1224 1223 1225
f 1223 3597 3137 1225
f 1226 1227 1225 3137
f 1226 3136 3392 3400
f 1430 1225 1227 2744
f 1228 1229 1230 696
f 1228 2985 1360 3163
f 3007 2985 1228 696
f 3215 1229 1228 3163
f 1229 3215 2415 984
f 1230 986 2116 694
f 1231 1233 2887 1823
f 1231 872 3306 1232
f 1233 1231 1232 3920
f 1232 3306 3307 3308
f 1232 3308 3309 3920
f 2886 2887 1233 3340
f 3341 3340 1233 3920
f 1370 2776 1234 1235
f 2659 1584 1234 2776
f 1369 1370 1235 3756
f 1236 1222 1328 1721
f 1239 1237 1238 1890
f 1238 1620 1264 1890
f 1238 1237 3662 3782
f 1241 1242 1240 3606
f 3940 3606 1240 3456
f 1241 3103 2798 1242
f 1242 3102 2539 1240
f 1245 1243 1244 3051
f 1245 2785 3432 1243
f 1246 979 3642 3641
f 1247 1248 1249 307
f 1247 1372 2068 3250
f 3250 2480 1248 1247
f 2079 1251 1250 3704
f 1252 1250 1251 3703
f 1734 3703 1251 2137
f 1252 3115 1710 1250
f 1253 1254 1255 1925
f 1253 2755 3678 3266
f 1253 3266 3679 1254
f 1255 1254 1919 1921
f 1256 299 1501 2301
f 1256 2301 2302 1257
f 1258 1256 1257 1958
f 1257 2302 3151 1959
f 2559 2558 1258 1958
f 1258 2558 2738 300
f 3247 3187 1259 1261
f 1261 1259 1260 1711
f 1712 1711 1260 2267
f 2839 2266 1260 1259
f 1261 1711 2481 3251
f 1262 1619 3434 2472
f 1264 1262 1263 2264
f 1263 1262 2472 3351
f 2844 2843 1263 3351
f 3003 2264 1263 2843
f 1264 1620 1619 1262
f 1266 1267 1265 3502
f 1553 1552 1265 1698
f 1265 1267 3206 1698
f 2289 3722 1266 2489
f 3722 3993 1267 1266
f 1268 2221 3130 3129
f 1269 1040 1361 3933
f 1270 1271 1272 2858
f 1270 2858 3228 1292
f 1271 1270 1293 599
f 1818 1272 1271 1219
f 1272 1627 1626 2858
f 2861 1627 1272 1818
f 1273 2859 2860 1274
f 1275 1273 1274 3190
f 2519 1010 1275 3556
f 1275 3190 2876 3556
f 1278 1276 1277 2888
f 1277 3085 1364 2888
f 1277 1276 2983 3073
f 3654 3085 1277 3073
f 1363 1365 1278 2888
f 1278 1365 2238 2237
f 2332 1076 1279 3850
f 1280 1281 1282 3731
f 1280 3731 3881 3091
f 1728 3361 1281 1280
f 1282 1281 3651 3223
f 1897 2596 1283 1900
f 1285 1283 1284 1902
f 1284 1283 2596 1419
f 1285 921 1900 1283
f 1285 1902 1901 2058
f 1286 1287 1288 2891
f 1286 2891 2924 2923
f 1969 3670 1287 1286
f 1287 1146 2502 1288
f 1288 2932 2935 2891
f 1290 1291 1289 3500
f 1289 1291 3161 1633
f 1289 1633 3445 824
f 1782 1781 1291 1290
f 1293 1270 1292 2912
f 1292 2734 1482 2912
f 1294 2542 2157 2159
f 2774 1295 1294 2901
f 2144 1002 1295 2386
f 1297 1113 1296 3460
f 1669 1668 1296 820
f 1296 1668 3461 3460
f 2287 1113 1297 1473
f 1299 1300 1298 1918
f 1298 1300 1847 3677
f 1848 1300 1299 3094
f 2127 2980 1299 1918
f 1302 1303 1301 3655
f 1301 1303 3559 667
f 1670 1672 1303 1302
f 1305 1080 1304 2335
f 1306 1149 1304 2265
f 1305 3121 1970 1078
f 3661 3121 1305 2335
f 1306 2265 2914 2224
f 1307 2033 2034 1308
f 1309 1307 1308 925
f 1575 1307 1309 1481
f 2817 1481 1309 2892
f 1310 1311 1312 2945
f 1310 3888 2522 2112
f 3540 3888 1310 2945
f 1311 1310 2112 1055
f 2944 2945 1312 882
f 2910 3844 1314 2147
f 2948 2947 1314 3844
f 3615 2147 1314 1313
f 1315 1316 1317 3682
f 1744 2165 1315 3682
f 1315 2165 2166 2321
f 1318 1180 2648 3296
f 1319 1459 1460 1043
f 1606 3742 1319 1320
f 1320 2142 2143 1607
f 3385 668 1321 3240
f 3239 1321 1322 3608
f 1323 1324 1325 3750
f 1324 770 1434 1436
f 1325 1324 1436 3751
f 3749 3750 1325 2964
f 2961 2960 1326 1329
f 1328 1326 1327 1720
f 2960 2732 1327 1326
f 1329 1326 1328 1222
f 1331 535 1330 2962
f 3749 2964 1331 2962
f 1737 1332 1333 2257
f 1894 2257 1333 1741
f 1335 739 1946 1945
f 2013 739 1335 1337
f 1337 1335 1336 3140
f 1336 1335 1945 3271
f 2602 2027 1337 3140
f 1337 2027 2656 2013
f 3450 1212 1338 3138
f 1339 645 2040 1338
f 1342 1340 1341 2662
f 3249 3781 1341 1340
f 1341 3781 3779 2663
f 3187 1340 1342 3345
f 1343 1344 1345 1977
f 1343 2711 2002 2004
f 2006 1344 1343 2004
f 1344 2006 3398 2251
f 1345 1879 1880 2365
f 1345 2365 1978 1977
f 2251 1879 1345 1344
f 3193 3589 1346 3191
f 1346 3589 3590 1347
f 1348 1346 1347 3194
f 2998 2997 1347 3590
f 1348 3000 3001 3965
f 3191 1346 1348 3965
f 3441 3000 1348 3194
f 1470 1350 1349 3787
f 1996 1997 1349 1351
f 1351 1349 1350 1811
f 1812 1811 1350 3002
f 1351 2783 1998 1996
f 1353 1354 1352 3478
f 1354 1353 2236 3854
f 3763 1352 1354 3853
f 2476 1356 1355 3638
f 1355 1909 2847 3638
f 1357 1355 1356 3326
f 1859 1908 1357 3774
f 1357 1908 1909 1355
f 1358 744 1833 1832
f 1951 1563 1358 1832
f 1359 308 1360 2985
f 1359 2985 3007 898
f 2384 2314 1362 1364
f 1364 1362 1363 2888
f 1363 1362 3105 4002
f 1364 3085 3040 2384
f 1365 1100 2047 2238
f 1366 1367 1368 1754
f 1367 799 2608 3044
f 1367 1366 2611 799
f 3045 1368 1367 3044
f 2603 1688 1368 3045
f 1369 1885 1886 1370
f 3816 689 1369 3756
f 1370 1886 1480 2776
f 2856 2253 1371 1039
f 1373 2413 2414 662
f 2863 2815 1373 661
f 1963 3056 1374 1376
f 1374 742 2643 1375
f 1376 1374 1375 3397
f 3398 3397 1375 3864
f 2005 1964 1376 3397
f 2262 1378 1377 469
f 1379 1377 1378 2690
f 1378 2262 2263 3635
f 2691 2690 1378 3635
f 1379 2690 3184 3143
f 1380 3335 1788 1790
f 1380 1790 1875 1381
f 1382 1380 1381 3648
f 1383 1876 1875 874
f 3444 2085 1383 3831
f 1384 1385 1386 1686
f 1385 1426 1407 3145
f 1385 1384 3070 1426
f 3144 1386 1385 3145
f 1688 1687 1386 3144
f 2049 1686 1386 1687
f 1387 1388 1389 1603
f 1604 3685 1387 1603
f 1387 2092 2086 1388
f 1388 1197 2676 1389
f 1601 1603 1389 2813
f 1724 1391 1390 2426
f 1392 1390 1391 3488
f 2617 1390 1392 2616
f 1394 995 1393 2718
f 2716 2718 1393 3034
f 3035 3034 1393 994
f 3082 276 1394 2718
f 1395 4001 1684 1683
f 1763 325 1395 1529
f 1395 1683 3256 1529
f 1397 1398 1396 1020
f 1398 1557 1556 1396
f 1400 1401 1399 1692
f 2086 2092 1400 3978
f 1401 1400 2092 511
f 1402 1404 1995 2319
f 3517 3092 1402 2319
f 1404 1402 1403 3717
f 3092 2473 1403 1402
f 1404 3717 3837 3501
f 1405 417 1590 2206
f 3327 2731 1405 2206
f 1406 952 1407 1426
f 1406 1426 3070 1778
f 1407 1777 1756 3145
f 1408 1409 1410 2546
f 1408 2516 3125 1409
f 1409 1519 1518 1410
f 2450 2451 1410 1518
f 2623 2546 1410 2451
f 2600 1412 1411 3878
f 1413 1411 1412 2234
f 1415 1416 1414 3433
f 1415 3814 3221 1994
f 2601 1414 1416 3428
f 2026 1196 1417 2656
f 2573 762 1417 1196
f 1419 1420 1418 1284
f 1418 1420 1761 3237
f 1902 1284 1418 2597
f 1419 2596 1814 2442
f 1704 1761 1420 1702
f 1420 1419 2442 1702
f 1421 1422 1423 2014
f 1857 1422 1421 991
f 3621 991 1421 3646
f 1423 2448 2546 2623
f 1425 806 1424 3138
f 1430 2745 1505 1224
f 1431 2595 3971 3820
f 1432 3039 3031 3768
f 1432 1431 3820 3695
f 1433 1654 1656 1655
f 2849 1669 1433 1655
f 1435 1436 1434 2812
f 1435 1199 3795 3173
f 1436 1435 3173 3751
f 2078 1625 1438 3283
f 1438 1218 2782 1437
f 3901 1440 1439 3570
f 1441 1439 1440 3506
f 3259 3506 1440 3483
f 1694 1693 1442 1443
f 1944 790 1442 3220
f 3219 3220 1442 1693
f 1443 789 2601 3428
f 1445 1446 1444 3857
f 3195 2662 1445 3857
f 2663 2193 1446 1445
f 1446 2192 3846 1444
f 1447 2110 2586 329
f 1449 1447 1448 3592
f 2752 3592 1448 2636
f 1449 3623 2110 1447
f 1450 1173 2636 1451
f 1452 1450 1451 3611
f 1674 712 1452 3611
f 1453 2898 1782 1454
f 3222 2198 1453 1455
f 1455 1453 1454 911
f 3221 3222 1455 1994
f 3633 3412 1458 680
f 3984 1457 1458 1486
f 2990 1460 1459 3739
f 1459 3741 3529 3739
f 3742 3741 1459 1319
f 1802 3571 1461 1462
f 1464 1465 1463 3230
f 1463 1467 1466 3189
f 1487 1488 1464 2087
f 1465 1910 1467 1463
f 1465 1464 1488 1911
f 1466 1467 3081 3912
f 1468 2959 3980 3822
f 2629 3669 1469 2628
f 3821 594 1469 3669
f 1470 3192 3002 1350
f 1640 1639 1471 2163
f 1471 1639 2162 1472
f 1473 1471 1472 1809
f 1810 1809 1472 3696
f 1472 2162 2288 3696
f 1473 1297 2163 1471
f 1475 1476 1474 3362
f 1474 1942 3069 3084
f 3714 3362 1474 3084
f 1474 1476 3730 1942
f 1475 1554 1555 1476
f 3380 2987 1477 3988
f 1477 2713 3975 3988
f 1481 1208 1478 1575
f 2987 1575 1478 1477
f 1479 1480 1886 1884
f 3202 1208 1481 2817
f 1484 1482 1483 2338
f 1483 1482 2734 2733
f 1484 1175 2912 1482
f 3499 2172 1484 2338
f 1486 960 1485 3984
f 1486 1458 3412 1523
f 1489 1491 2715 3245
f 3665 1490 1489 3527
f 1491 1489 1490 3244
f 1492 1092 1493 2396
f 1492 2396 1779 1778
f 2818 1495 1494 3986
f 3688 3687 1494 1496
f 1496 1494 1495 2625
f 1495 835 1536 2625
f 2515 2517 1497 2188
f 2517 2444 1498 1497
f 2053 3509 1499 3582
f 1499 3509 2951 1500
f 1499 1501 3977 3582
f 1501 1499 1500 2301
f 1500 2828 2302 2301
f 1504 1502 1503 3479
f 1503 3559 2366 3479
f 3608 1322 1503 1502
f 1504 3709 1759 1502
f 1504 3479 1873 1185
f 1506 1507 1505 2745
f 1505 1507 2961 1329
f 1506 2745 3416 3417
f 3263 2961 1507 2069
f 1508 1509 1726 3286
f 3976 1511 1510 1339
f 3243 2727 1511 3976
f 1512 316 1516 1513
f 3887 3886 1512 1514
f 1514 1512 1513 2532
f 2573 3887 1514 3343
f 1516 1517 1515 1513
f 1515 2530 2532 1513
f 2760 2531 1515 1517
f 2759 1517 1516 3960
f 1519 1409 3125 2631
f 1521 1522 1520 2958
f 2247 2246 1520 1522
f 1521 2958 2717 2716
f 3033 1522 1521 2719
f 1521 2716 3034 2719
f 2715 2247 1522 3033
f 1524 1525 3363 2390
f 1525 2637 2393 3363
f 2724 1717 1526 1156
f 1527 1528 1529 3256
f 1527 3451 3452 1528
f 1528 1762 1763 1529
f 3584 1762 1528 3452
f 1531 269 1530 3673
f 1530 269 1532 3694
f 1532 1899 1898 3694
f 2968 1899 1532 2327
f 3014 3013 1533 3054
f 3267 3054 1533 1535
f 1533 3013 3321 1534
f 1535 1533 1534 2379
f 2376 2379 1534 3938
f 1534 3321 3322 3938
f 1535 2379 2378 3298
f 1676 1675 1537 1538
f 2717 2377 1538 3082
f 2473 1072 1539 1403
f 3717 1403 1539 3979
f 1539 1540 3718 3979
f 1541 1542 3201 3043
f 2429 2372 1543 636
f 1545 178 1544 445
f 1544 3930 2388 446
f 1548 1546 1547 2306
f 1547 1546 1881 378
f 1548 2306 2305 2119
f 3229 652 1549 3824
f 3353 1598 1550 3354
f 1550 3825 3824 1549
f 3827 3825 1550 1598
f 3502 1265 1552 2513
f 1553 611 2514 1552
f 2393 2394 1554 1475
f 1555 1554 3729 3939
f 3730 1476 1555 3027
f 3364 1396 1556 797
f 1557 2317 2316 2475
f 3068 2317 1557 1398
f 1698 1697 1558 1553
f 1559 1952 1951 1560
f 1561 1559 1560 1947
f 1560 1951 1832 1834
f 1561 2488 2320 1559
f 1564 1562 1563 2495
f 3372 1358 1563 1562
f 1567 1568 1566 1793
f 1566 2271 2272 815
f 1567 1793 1659 1797
f 2273 1568 1567 3373
f 2271 1566 1568 1570
f 1569 1570 1571 1868
f 1569 1868 1870 3674
f 1570 1568 2273 1571
f 2823 2271 1570 1569
f 1571 2273 1996 1998
f 2258 1980 1572 1574
f 1574 1572 1573 2064
f 1573 1572 1981 3338
f 1574 2064 2065 2242
f 2033 1307 1575 2987
f 1576 982 1621 706
f 2039 983 1576 761
f 1578 1579 1577 3142
f 1577 2981 2982 2920
f 1578 3390 1967 1966
f 1578 1966 1968 1579
f 3391 3390 1578 3142
f 2981 1577 1579 1969
f 1580 1025 2696 3160
f 1581 583 3123 3753
f 1582 3586 1963 1965
f 1582 1581 3752 3586
f 2659 1817 1583 1584
f 1585 1586 1587 3405
f 2747 2746 1586 1585
f 1587 2121 3047 3405
f 1588 302 1589 2695
f 2207 2206 1590 1592
f 1592 1590 1591 3643
f 1592 3614 3554 2207
f 1592 3643 3644 3614
f 1593 3595 3684 2518
f 1595 1593 1594 3409
f 1594 2877 1822 3409
f 2518 2519 1594 1593
f 2469 580 1595 3410
f 1595 580 3595 1593
f 1596 1736 1611 1597
f 1598 1599 1600 3827
f 3411 1599 1598 3353
f 2766 1600 1599 2767
f 1608 1607 1600 2766
f 1603 1601 1602 1604
f 1602 1601 1657 1605
f 1647 1648 1605 1658
f 1607 1608 1606 1320
f 3872 3742 1606 2097
f 1607 2143 3827 1600
f 1608 2765 2097 1606
f 1609 1610 1611 3532
f 3423 1610 1609 1892
f 1610 3423 2766 2767
f 1611 1736 1735 3532
f 2767 1597 1611 1610
f 1612 946 3424 1613
f 1613 3424 2800 3439
f 1613 3439 3809 3676
f 2111 1615 1614 3642
f 1616 3818 3199 1617
f 3426 3427 1616 1618
f 1618 1616 1617 554
f 1636 554 1617 2462
f 3510 3426 1618 553
f 3782 462 1620 1238
f 1622 1655 1656 2210
f 1624 1622 1623 2536
f 1623 1622 2210 1106
f 2239 2536 1623 3634
f 1624 2849 1655 1622
f 1626 1627 3906 1027
f 3809 3439 1629 1615
f 1630 2523 2522 3888
f 3444 2523 1630 2085
f 1630 3888 3540 963
f 1631 3900 2953 1708
f 3161 3900 1631 1633
f 1633 1631 1632 3445
f 1708 3115 1632 1631
f 3175 1635 1634 1636
f 1637 3280 1989 1638
f 1637 3166 3466 3108
f 1640 2163 2164 3458
f 1640 3357 3835 1639
f 1641 3916 3356 1642
f 1643 1641 1642 3455
f 1642 3356 3357 3454
f 1643 3455 1662 3807
f 3453 1641 1643 433
f 1644 1646 3481 3060
f 1646 1644 1645 2634
f 1645 2454 2453 3415
f 3134 2454 1645 1644
f 1646 2584 2583 3481
f 3063 998 1648 3064
f 3463 3064 1648 1647
f 2311 3893 1649 2416
f 1649 3893 2317 3068
f 2329 2416 1649 1650
f 2383 3863 1651 1962
f 3167 3936 1653 3856
f 1654 1653 3936 1656
f 2209 2210 1656 3936
f 1658 1605 1657 1659
f 1797 1659 1657 1795
f 2813 1795 1657 1601
f 2298 2297 1660 2050
f 1661 1660 2297 2621
f 2620 784 1661 2621
f 1664 283 3139 1424
f 1666 1667 1665 3320
f 2392 895 1666 3320
f 1956 1665 1667 697
f 1667 1666 2615 698
f 3732 3461 1668 2030
f 2030 1668 1669 2849
f 1671 1672 1670 2498
f 1670 1155 3430 2498
f 1671 1182 2180 2179
f 2366 1672 1671 2179
f 3559 1303 1672 2366
f 3340 3341 1673 3549
f 3549 1673 1674 3550
f 2269 1147 1675 1676
f 2377 2376 1676 1538
f 3938 2269 1676 2376
f 1677 2293 2075 897
f 1678 309 1679 1789
f 1678 3414 3415 2453
f 1791 1789 1679 875
f 3588 875 1679 1682
f 1680 897 2075 1681
f 1682 1680 1681 3588
f 1683 3254 3255 3256
f 1686 345 1685 1384
f 1685 2268 3070 1384
f 1754 1368 1688 3144
f 1690 1691 1689 1696
f 1689 1691 2897 2071
f 3495 3195 1690 1696
f 1691 1693 1694 2897
f 3219 1693 1691 1690
f 1692 1541 3978 1400
f 1696 1689 1695 3497
f 2071 3500 1695 1689
f 2195 3495 1696 3497
f 1697 2512 2509 1558
f 1697 1698 3206 2360
f 1701 1699 1700 3504
f 2484 3504 1700 3005
f 3658 1204 1700 1699
f 3539 1699 1701 2278
f 1704 1702 1703 2889
f 1703 715 2343 2889
f 1705 1972 2833 1706
f 1707 1705 1706 1932
f 1707 1536 1729 1705
f 2625 1536 1707 3511
f 1707 1932 3232 3511
f 1708 1709 1710 3115
f 2953 3734 1709 1708
f 3733 2689 1709 3734
f 1710 1709 2689 3154
f 3704 1250 1710 3154
f 1746 826 1712 2267
f 2481 1711 1712 2801
f 1714 722 1713 3530
f 2668 2804 1714 839
f 1714 2804 2802 722
f 1717 1715 1716 3312
f 2579 2723 1716 1715
f 2727 3243 1716 2723
f 2855 1715 1717 2724
f 2446 2447 1718 2799
f 2538 1719 1718 2447
f 2800 2799 1718 3579
f 1719 2539 3102 1108
f 1721 1328 1720 1003
f 1722 828 3003 841
f 1888 829 1723 2772
f 1723 1722 2549 2773
f 1724 1726 2547 1391
f 1726 1724 1725 3286
f 2426 2409 1725 1724
f 2548 2547 1726 1509
f 3091 3090 1728 1280
f 3360 3361 1728 1727
f 1730 1731 1729 837
f 1729 1731 1972 1705
f 1730 840 3530 3394
f 1731 2136 2831 1972
f 1731 1730 3394 2136
f 1746 2267 1732 1734
f 3496 1733 1732 2266
f 1734 1732 1733 3703
f 1734 2137 1745 1746
f 3531 3532 1735 2857
f 1737 1735 1736 1332
f 1737 2257 2256 2577
f 2857 1735 1737 2577
f 2152 834 1738 3281
f 1742 1740 1741 3726
f 1741 1740 1895 1894
f 1742 3538 2167 1740
f 1742 3726 3727 3981
f 3799 3538 1742 3981
f 1744 3682 1930 1743
f 2167 2165 1744 2956
f 1745 2137 2831 2136
f 1747 1748 1749 2018
f 1747 2890 1907 1748
f 2343 2890 1747 2889
f 1748 289 2020 1749
f 1916 2865 1749 2020
f 1749 2865 2019 2018
f 1750 2248 2076 267
f 2307 3095 1750 1751
f 1818 1819 1753 2861
f 1753 1752 2864 2861
f 1755 1366 1754 1756
f 3145 1756 1754 3144
f 1755 3046 2611 1366
f 1776 1755 1756 1777
f 1912 219 1758 1913
f 1758 1757 2969 1913
f 2507 336 1759 3709
f 3608 1502 1759 1760
f 3949 3792 1760 338
f 2018 2019 1761 1704
f 1928 2572 1762 3584
f 1763 1762 2572 326
f 1764 1123 3708 3690
f 2387 3571 1766 1765
f 1769 1767 1768 3442
f 1768 1767 3562 3290
f 1771 1115 1770 1807
f 1806 1807 1770 2009
f 2012 1115 1771 3399
f 1771 1807 3028 1808
f 3028 2138 1772 1808
f 1772 1122 3867 849
f 1775 1773 1774 3443
f 2389 1428 1775 3443
f 1776 3095 3046 1755
f 1778 1779 1780 1406
f 2268 1492 1778 3070
f 2575 1780 1779 3087
f 1779 2396 3088 3087
f 1780 2575 2322 953
f 1781 1782 2898 1075
f 1782 1290 2070 1454
f 1785 1783 1784 3573
f 1784 3350 2073 3573
f 3061 3637 1784 1783
f 1785 2909 3959 1783
f 2065 2064 1787 1786
f 1787 3337 3953 665
f 1788 3335 3336 3414
f 1790 1788 1789 1791
f 1789 1788 3414 1678
f 1792 3698 2875 3954
f 1792 1628 3991 3698
f 1795 1796 1794 1797
f 1794 3577 1997 3373
f 3577 1794 1796 3817
f 3373 1567 1797 1794
f 1798 690 3522 1905
f 1799 1798 1905 1904
f 1800 1801 1802 1462
f 2016 1801 1800 2017
f 1800 415 2730 2017
f 1802 1801 2450 650
f 1803 1804 1805 2465
f 2540 2538 1803 2465
f 1804 2051 2298 2050
f 2310 2051 1804 1803
f 1806 2009 2011 3933
f 1806 2139 3028 1807
f 1962 491 1810 2383
f 2893 2383 1810 3696
f 1811 891 2783 1351
f 1813 1814 1815 1032
f 1897 1815 1814 2596
f 1815 1897 1899 2968
f 1815 2968 2328 1032
f 1819 1221 3233 3234
f 1821 1822 1820 3235
f 1820 864 3972 3235
f 2115 3553 1821 3157
f 3158 3157 1821 3235
f 1822 1821 3553 3409
f 1822 2877 3555 1820
f 1823 1824 1825 3847
f 1823 2887 2535 1824
f 1824 2535 2534 3368
f 1825 2537 2536 2239
f 1825 1824 3368 2537
f 1826 2223 2224 3104
f 1826 870 2239 3634
f 1828 2910 2147 1827
f 1829 1831 3015 3017
f 1831 1829 1830 2592
f 1830 1829 2339 2590
f 2340 2592 1830 3568
f 1831 2592 2591 3016
f 1834 1832 1833 1949
f 1833 744 3020 265
f 1947 1560 1834 3018
f 3019 3018 1834 1949
f 1835 3609 3610 1836
f 1836 2342 2343 715
f 2600 2342 1836 3610
f 2174 1035 1838 2175
f 1838 1034 3432 2787
f 1841 1839 1840 3622
f 1840 1565 2666 3622
f 1840 2878 2879 1565
f 3162 2878 1840 1839
f 1841 2212 2337 2108
f 3623 1839 1841 2108
f 1843 1844 1842 2570
f 2058 1901 1842 1844
f 1843 816 1845 1844
f 1843 2805 3464 816
f 1845 2272 2825 919
f 1848 1846 1847 1300
f 1847 1846 2341 3567
f 1848 3094 3748 736
f 2895 717 1849 3627
f 2349 3925 1851 2347
f 1852 1191 2989 3329
f 3868 2867 1852 3329
f 1853 1852 2867 2866
f 1854 1855 1856 3968
f 2443 171 1854 1193
f 1857 990 1856 1855
f 1856 2626 2664 3968
f 2587 2380 1858 3269
f 3774 3269 1858 1859
f 3042 1908 1859 35
f 1862 1860 1861 2742
f 1878 3719 1861 1860
f 1861 3718 2743 2742
f 1862 2090 1877 1860
f 1863 3434 2834 1957
f 3351 2472 1864 3845
f 1864 2472 3434 1863
f 1864 854 3959 3845
f 1865 1866 1867 3226
f 3843 3473 1865 3226
f 2852 1867 1866 2873
f 3039 3038 1866 1865
f 1869 1870 1868 2784
f 1868 1571 1998 2784
f 1870 1869 2391 3673
f 1923 1922 1871 1872
f 1874 1185 1873 2178
f 2366 2179 1873 3479
f 2984 1381 1875 1876
f 1878 1860 1877 333
f 1877 2090 2091 334
f 1879 2315 2314 1880
f 3565 2315 1879 2251
f 2384 3041 1880 2314
f 3202 1884 1883 1210
f 1885 1883 1884 1886
f 1884 3202 2817 1479
f 1885 688 3860 1883
f 2505 2331 1887 2233
f 1890 830 1889 1239
f 2255 1892 1891 2725
f 1893 1891 1892 1609
f 2765 3423 1892 2255
f 1893 3531 2855 2724
f 1893 1609 3532 3531
f 1894 1895 1896 2252
f 2167 2956 1895 1740
f 2253 2252 1896 1371
f 2956 956 1896 1895
f 1898 1899 1897 1900
f 1898 920 2824 3694
f 2571 1842 1901 2474
f 2474 1901 1902 2597
f 2482 1799 1904 2401
f 1906 1904 1905 2367
f 2368 2367 1905 3522
f 2401 1904 1906 3009
f 1906 2367 2967 351
f 1907 2890 2686 2685
f 3042 377 1909 1908
f 1911 775 1910 1465
f 1910 774 3081 1467
f 1913 2969 2763 705
f 1914 2260 3756 1235
f 1915 2128 2865 1916
f 1917 1915 1916 1201
f 2126 2127 1918 3819
f 1918 1298 2925 3819
f 2670 1920 1919 2671
f 1919 1254 3679 2671
f 1921 1919 1920 297
f 1924 1255 1921 1922
f 1924 1922 1923 2836
f 1925 1255 1924 3769
f 1924 2836 3862 3769
f 1925 2754 2755 1253
f 1929 1927 1928 3584
f 1929 3584 3452 1063
f 3153 3152 1931 767
f 3232 1932 1931 3152
f 1933 1931 1932 1706
f 2833 2832 1933 1706
f 3156 765 1933 2832
f 3049 3050 1934 1936
f 3448 1935 1934 3051
f 1936 1934 1935 3687
f 2298 2051 1937 1052
f 1938 625 3289 3713
f 1938 2738 3607 1099
f 1939 695 2372 2429
f 3412 3633 1940 3494
f 2236 1140 1941 3854
f 2231 3069 1942 1943
f 1943 410 3644 3643
f 1945 1946 1944 3846
f 2192 3271 1945 3846
f 1955 1561 1947 3617
f 1949 264 1948 3019
f 1948 1973 1974 1764
f 3690 3019 1948 1764
f 1950 3011 3016 3616
f 2495 1563 1951 1952
f 1954 899 1953 3010
f 2511 3017 1953 2509
f 1954 745 3372 612
f 2488 1561 1955 1930
f 1955 3617 3021 957
f 1993 1992 1957 2834
f 1959 1960 1958 1257
f 1959 3151 3150 2557
f 1960 1959 2557 1012
f 1960 1011 2559 1958
f 1961 2475 2316 832
f 1964 1965 1963 1376
f 3797 1965 1964 2370
f 1967 2134 2132 2133
f 1969 1579 1968 3670
f 3671 3670 1968 277
f 1969 1286 2923 2981
f 1971 1078 1970 3700
f 1972 2831 2079 2833
f 1975 1976 1978 2345
f 2344 569 1975 2345
f 1977 1978 1976 2748
f 1976 2749 2750 2748
f 1977 2748 2711 1343
f 1979 3797 2370 3963
f 3524 3962 1979 3963
f 1981 1572 1980 2788
f 1980 2258 2872 3630
f 3985 1159 1982 3944
f 2150 2113 1983 1158
f 1983 2521 2520 1982
f 2687 2521 1983 2113
f 1985 1986 1984 1130
f 1984 1986 3348 3851
f 1984 3851 3850 1279
f 2023 2022 1985 3759
f 2022 3683 1986 1985
f 3349 3348 1986 3683
f 1987 1988 1989 3280
f 1987 2152 3281 1988
f 1990 1862 2742 1991
f 1991 2742 2743 2902
f 1992 2530 2529 1957
f 2532 2530 1992 2280
f 1993 2279 2280 1992
f 1993 2834 2835 3783
f 3501 933 1995 1404
f 3373 1997 1996 2273
f 1997 3577 3787 1349
f 2632 3871 1999 2633
f 3339 2633 1999 117
f 2657 530 2000 3823
f 2000 1999 3871 3876
f 2001 2002 2003 2357
f 2001 3963 2370 2057
f 2057 2004 2002 2001
f 2711 2710 2003 2002
f 2005 2006 2004 2057
f 2005 2057 2370 1964
f 2005 3397 3398 2006
f 2007 2008 2417 2191
f 2008 3982 3272 2417
f 2010 2011 2009 3288
f 2014 1423 2623 2729
f 2014 2728 3646 1421
f 2016 2017 2015 2729
f 2015 2017 2730 2793
f 2015 2793 2791 2728
f 2016 2451 2450 1801
f 2889 1747 2018 1704
f 2128 2129 2019 2865
f 2019 2129 3237 1761
f 2021 328 3551 3550
f 3777 3683 2022 2024
f 2024 2022 2023 2706
f 2763 2706 2023 760
f 2029 2028 2025 2449
f 2602 2449 2025 2027
f 2027 2025 2026 2656
f 2028 1194 2026 2025
f 2029 2665 2666 2028
f 2029 2449 3183 2094
f 2030 2031 2032 3732
f 2536 2537 2031 1624
f 2849 1624 2031 2030
f 3368 2032 2031 2537
f 2032 2995 2994 3732
f 2930 2935 2034 3996
f 2034 2935 2932 1308
f 2034 2033 2988 3996
f 2035 2036 2037 622
f 3080 2036 2035 3912
f 2364 2362 2037 2036
f 2037 2361 3725 622
f 2038 606 2798 3103
f 2198 3222 2039 1127
f 2039 3222 3221 983
f 3138 1338 2040 1425
f 2042 2043 2041 3746
f 2041 3482 3393 1187
f 3958 3482 2041 2043
f 2627 2043 2042 3601
f 2655 863 2042 3746
f 2044 2045 2046 3120
f 2541 2045 2044 2555
f 3745 3120 2046 1188
f 2737 579 2047 3607
f 2048 3508 2219 346
f 2052 1937 2051 2310
f 2052 2310 2447 2446
f 3943 3509 2053 3227
f 2130 2566 2054 1215
f 2054 2053 3582 1215
f 2797 3901 2055 428
f 2190 2189 2056 2055
f 2388 427 2056 446
f 2059 2185 3315 3552
f 2060 2059 2446 2799
f 2800 3424 2060 2799
f 3834 2250 2061 2063
f 2063 2061 2062 3773
f 3315 2185 2062 2061
f 2187 2186 2063 3773
f 2063 2186 3738 3834
f 2064 1573 3337 1787
f 3441 2240 2065 1786
f 2068 3909 3248 3250
f 3802 3910 2068 1372
f 2070 1290 3500 2071
f 2072 2070 2071 2897
f 2073 3350 2161 3699
f 3699 2681 2074 2073
f 2074 2681 3884 319
f 2075 2293 3212 3477
f 2075 3477 3476 1681
f 2076 2077 2078 3283
f 2077 2076 2248 954
f 2078 2322 2323 1625
f 2079 2831 2137 1251
f 2832 2833 2079 3704
f 2080 2081 3349 547
f 2082 556 2081 2080
f 3072 3866 2082 549
f 2082 3866 3764 556
f 3284 2226 2083 857
f 2084 3507 3282 2101
f 3796 1198 2086 3978
f 2087 1464 3230 965
f 2089 2088 3043 3201
f 2089 3200 3744 4003
f 2093 2318 2213 2665
f 2665 2029 2094 2093
f 2095 2726 3218 2096
f 2097 2095 2096 3872
f 2097 2765 2255 2095
f 2577 2099 2098 2857
f 2098 2855 3531 2857
f 2101 3282 2809 545
f 2102 1086 2222 3274
f 2104 2102 2103 1203
f 2103 1095 3961 1203
f 2105 2586 2110 2109
f 2107 2105 2106 3806
f 2106 2105 2109 3805
f 2106 3805 3942 1006
f 2585 327 2107 1015
f 2108 2109 2110 3623
f 2108 2337 3805 2109
f 2111 2574 3809 1615
f 2112 2522 3615 1313
f 2113 2114 2115 2687
f 2113 2150 2151 2114
f 2114 2151 2469 3410
f 2114 3410 3553 2115
f 2708 191 2117 177
f 2117 190 2736 2118
f 2118 2545 2388 3930
f 2533 2120 2119 2305
f 2121 2119 2120 3047
f 2120 2533 3255 2422
f 3084 2123 2122 3714
f 2123 3084 3069 286
f 2124 2249 2250 3528
f 3519 2125 2124 3528
f 3218 3697 2125 2096
f 2125 3519 3872 2096
f 2937 2127 2126 2931
f 2862 2980 2127 2937
f 2598 3237 2129 2334
f 3056 3721 2130 740
f 2130 3721 3879 2566
f 3803 260 2131 304
f 2135 2132 2134 2363
f 3390 3083 2134 1967
f 2362 2364 2135 2363
f 3737 993 2135 2364
f 2139 1125 2138 3028
f 2139 1806 3933 1361
f 2143 2142 2140 3826
f 3413 3728 2141 2883
f 3826 2140 2141 3728
f 3848 2883 2141 2705
f 3825 3827 2143 3826
f 3810 2145 2144 2386
f 2146 2144 2145 2986
f 2145 3810 3918 2933
f 2146 2565 2714 1000
f 2148 1827 2147 3615
f 2148 2523 3444 3543
f 3544 1827 2148 3543
f 2567 752 2149 3974
f 2151 565 2200 2469
f 2153 1961 2152 1987
f 2475 1961 2153 793
f 2153 1987 3280 794
f 2156 2154 2155 2781
f 2779 2781 2155 320
f 2158 2159 2157 2160
f 2157 2679 2181 2160
f 2435 2159 2158 2436
f 2901 1294 2159 2435
f 2161 2158 2160 3699
f 2160 2181 2681 3699
f 2161 3992 2436 2158
f 2161 3350 3596 3992
f 3460 2164 2163 1297
f 2166 2165 2167 3538
f 2500 2321 2166 2499
f 3799 2499 2166 3538
f 2168 2169 2170 2405
f 2170 2507 2508 2405
f 3591 337 2170 2169
f 3499 2177 2171 2172
f 2174 2175 2173 2300
f 2173 2175 3493 3240
f 2175 1838 2787 3493
f 2176 2171 2177 3385
f 2176 3385 3240 3493
f 2176 2786 3300 2171
f 3498 666 2177 3499
f 2179 2180 2178 1873
f 2500 1874 2178 2768
f 2182 2183 2181 2679
f 2181 2183 3884 2681
f 2677 2678 2182 2680
f 3885 2183 2182 2678
f 3843 3884 2183 3885
f 2185 945 2184 2062
f 2184 3316 3773 2062
f 3185 3738 2186 2704
f 3848 2704 2186 2187
f 2187 2880 2883 3848
f 2188 2189 2190 3626
f 2188 3626 3124 2515
f 2190 3570 3304 3626
f 3901 3570 2190 2055
f 2191 2193 3896 2007
f 2193 2191 2192 1446
f 2192 2191 2417 3271
f 2266 2839 2194 3496
f 2194 2839 3345 2195
f 3745 2197 2196 3120
f 2589 46 2197 3270
f 2898 1453 2198 1126
f 2809 2806 2199 545
f 3569 551 2199 2806
f 3053 3131 2201 782
f 3804 2948 2201 3131
f 2910 2926 2202 3844
f 2202 2926 2927 780
f 2948 3844 2202 2201
f 2203 2901 2435 2437
f 2205 2203 2204 3383
f 2437 2438 2204 2203
f 2205 2774 2901 2203
f 2206 2207 2208 3327
f 2208 1413 2234 3327
f 3554 291 2208 2207
f 2211 2212 2213 2318
f 2211 2336 2337 2212
f 2848 2336 2211 3449
f 3622 2213 2212 1841
f 2666 2665 2213 3622
f 2214 3052 2604 2215
f 2653 3052 2214 856
f 2606 3284 2215 2605
f 2216 2217 2218 961
f 3770 2217 2216 3794
f 3862 3891 2218 2217
f 2219 2220 2221 346
f 2221 2220 2588 3130
f 2697 1024 2222 1086
f 2223 1826 3634 1105
f 2225 1306 2224 2223
f 2226 2227 2228 2083
f 2226 3284 2606 2911
f 2228 2551 2550 2083
f 2617 2616 2229 89
f 2232 974 2231 1591
f 2231 1943 3643 1591
f 3999 974 2232 416
f 2599 2792 2234 1412
f 2236 1353 2235 3537
f 3478 777 2235 1353
f 2239 870 3847 1825
f 2240 2241 2242 2065
f 3894 3895 2241 2240
f 2258 1574 2242 3994
f 2242 2241 3176 3994
f 2632 2243 2244 3871
f 2245 2246 2247 3712
f 2245 3425 3297 2246
f 3711 2431 2245 3712
f 2246 3297 3298 1520
f 3095 1776 2248 1750
f 2249 1050 3552 3315
f 3315 2061 2250 2249
f 3529 3528 2250 3834
f 2252 2253 2254 2256
f 2257 1894 2252 2256
f 2577 2256 2254 2099
f 2254 2253 2856 709
f 2726 2095 2255 2725
f 3522 3816 2259 2368
f 2259 3816 3756 2260
f 2261 2259 2260 2284
f 2368 2259 2261 2965
f 2966 2965 2261 2285
f 2694 3581 2263 859
f 2267 1260 2266 1732
f 3322 3403 2269 3938
f 2270 2328 3048 2626
f 2271 2823 2825 2272
f 2274 2275 2276 2283
f 2274 2822 2802 2275
f 2278 1701 2277 2410
f 2279 3344 3343 2280
f 2279 1993 3783 3706
f 2281 2283 2739 2949
f 2283 2281 2282 2274
f 2282 729 2479 3990
f 2822 2274 2282 3990
f 2285 2261 2284 2712
f 2285 102 3645 2966
f 3632 951 2286 685
f 3722 2289 2290 3736
f 2292 1186 2291 964
f 2654 2655 2292 966
f 3487 3211 2293 1677
f 2296 2294 2295 757
f 2632 2633 2295 2294
f 2296 311 3672 2294
f 2297 2299 3217 2621
f 2299 2297 2298 1052
f 3218 3217 2299 3697
f 2300 2173 3239 3792
f 3523 2174 2300 3791
f 3149 3151 2302 2828
f 2425 1090 2307 1751
f 3095 2307 2308 3046
f 2309 2882 2881 1456
f 2309 3229 3413 2882
f 2310 1803 2538 2447
f 2312 3869 3868 2313
f 2314 2315 3105 1362
f 2315 3565 3566 3105
f 3449 2211 2318 1167
f 2321 2500 2768 669
f 2322 2575 3319 2323
f 2325 3305 3180 2326
f 2326 2683 2682 1170
f 2327 3048 2328 2968
f 2332 3850 3944 3314
f 2334 2333 3236 2598
f 3805 2337 2336 3942
f 3498 3499 2338 1152
f 2339 2511 2510 3078
f 2339 1829 3017 2511
f 2340 3568 3567 2341
f 3878 2686 2342 2600
f 2686 2890 2343 2342
f 2344 2346 2355 3789
f 2344 3789 2373 569
f 2346 2344 2345 3652
f 2365 3652 2345 1978
f 2346 3652 3041 3784
f 2348 2349 2347 2350
f 2347 3366 2527 2350
f 3798 3366 2347 1851
f 3501 2349 2348 933
f 2349 3501 3837 3925
f 2352 2871 2434 3903
f 2352 3903 3908 2351
f 2354 968 2541 2353
f 3903 2433 2354 3908
f 2355 2807 2809 3282
f 3507 3789 2355 3282
f 3784 2807 2355 2346
f 2357 2358 2356 3524
f 2356 3197 3198 576
f 2356 2358 3934 3197
f 2382 2358 2357 2003
f 3963 2001 2357 3524
f 2359 2360 2361 749
f 2359 748 2510 2512
f 2512 1697 2360 2359
f 3206 3725 2361 2360
f 3083 747 2363 2134
f 2364 2036 3080 3737
f 2365 1880 3041 3652
f 2965 2967 2367 2368
f 2372 1071 2371 1543
f 3404 1837 2371 1059
f 2373 3789 3507 558
f 2374 2593 3578 2375
f 2375 3578 2482 2401
f 2375 2401 3009 151
f 2378 2379 2376 2377
f 2717 2958 2378 2377
f 2381 1097 2999 3785
f 2382 2003 2710 3765
f 2382 2381 3934 2358
f 2383 2893 3513 3863
f 3480 1103 2385 2775
f 2386 1295 2774 2385
f 3919 2209 2389 3443
f 2389 2209 3936 3167
f 3362 3714 2390 3363
f 2391 1869 2392 3320
f 2392 1869 2784 893
f 3362 3363 2393 1475
f 2394 2393 2637 2638
f 2396 1493 2395 3088
f 3657 3088 2395 3663
f 2398 476 2397 3
f 2397 476 2400 3922
f 3740 3 2397 3849
f 2400 13 2399 3922
f 2402 2404 3869 2312
f 2404 2402 2403 3089
f 2403 3702 3842 3089
f 2403 2402 3923 233
f 2506 2168 2405 3653
f 2408 2406 2407 3355
f 2408 3170 3171 2406
f 2411 2278 2410 3030
f 2410 2277 3768 3031
f 3539 2278 2411 3471
f 2412 1 2896 24
f 2413 1373 2815 2814
f 3627 662 2414 3877
f 2769 2770 2415 3215
f 2416 2415 2770 2311
f 2418 3276 3447 3225
f 3225 49 2419 2418
f 2421 2422 2420 3489
f 2420 2422 3255 3254
f 3047 2120 2422 2421
f 2427 2548 2425 1751
f 2426 1390 2617 88
f 2427 266 2547 2548
f 2430 45 3438 2700
f 2431 2430 3425 2245
f 2434 483 2433 3903
f 2437 2435 2436 2837
f 2838 2837 2436 3992
f 3382 2204 2438 1047
f 2440 2838 2762 2441
f 2444 2445 2443 3106
f 3107 1498 2444 3106
f 2445 2444 2517 2516
f 3552 2052 2446 2059
f 2451 2016 2729 2623
f 2455 2456 3299 2580
f 2456 619 3606 3940
f 2457 2458 2582 2634
f 3414 3336 2457 3415
f 2458 2455 2580 2582
f 2675 2455 2458 801
f 2459 2038 3103 3625
f 2459 3625 3624 2460
f 2461 2459 2460 3892
f 3891 1131 2461 3892
f 2463 2464 2462 3196
f 2462 2464 3175 1636
f 2462 1617 3199 3196
f 2463 3785 2998 2464
f 2463 3196 3197 3934
f 2540 2465 2466 3456
f 3940 3456 2466 656
f 2790 917 2470 692
f 3518 3512 2473 3092
f 2474 2597 2598 3236
f 2477 1356 2476 3261
f 2477 1091 3326 1356
f 2478 2480 3251 2481
f 3990 2479 2478 3246
f 2480 2478 2479 1248
f 2481 2801 3246 2478
f 2483 2484 2482 3578
f 3005 1799 2482 2484
f 2483 3578 2593 166
f 2485 2486 2487 3076
f 2493 2486 2485 2641
f 2486 2493 2492 2640
f 2487 2486 2640 2513
f 2488 1930 3682 1317
f 2489 2490 2491 3292
f 3502 2490 2489 1266
f 2490 2640 2492 2491
f 2490 3502 2513 2640
f 2494 3604 2491 2492
f 2494 2492 2493 3294
f 2493 2641 2642 3294
f 2494 3294 3293 3605
f 3074 1564 2495 3075
f 2641 2497 2496 2642
f 3296 3295 2496 633
f 2497 3074 3075 631
f 2502 924 2932 1288
f 2892 885 2503 683
f 3402 684 2503 887
f 2504 534 3744 2645
f 2508 2501 3653 2405
f 2510 2511 2509 2512
f 2514 2487 2513 1552
f 3076 2487 2514 610
f 2516 2517 2515 3125
f 2559 1011 2518 3684
f 2877 1594 2519 3556
f 2520 2955 2954 3314
f 3944 1982 2520 3314
f 2955 2520 2521 2688
f 2523 2148 3615 2522
f 2525 2526 2524 2764
f 2525 1166 2692 2526
f 3798 335 2526 2692
f 2528 2350 2527 3790
f 2527 2691 3635 3790
f 2551 934 2528 3406
f 2531 2529 2530 1515
f 2761 853 2531 2760
f 2532 2280 3343 1514
f 3256 3255 2533 1527
f 3451 1527 2533 2305
f 3367 2995 2534 3832
f 3832 2534 2535 3546
f 2539 1719 2538 2540
f 3456 1240 2539 2540
f 2542 1001 2679 2157
f 2543 391 2544 3182
f 3533 392 2543 3898
f 2841 3182 2544 80
f 2545 2118 2736 3772
f 2549 843 3117 217
f 2695 855 2550 2693
f 2550 2551 3406 2693
f 3450 3139 2552 1213
f 2553 2567 3974 2554
f 2555 2044 2556 2941
f 2556 2044 3120 2196
f 2557 3150 3055 2859
f 2737 2558 2559 3684
f 2560 2561 2562 3859
f 2564 2561 2560 3470
f 2561 2564 2563 3467
f 2561 3467 3468 2562
f 3469 3973 2562 3468
f 3658 3859 2562 3973
f 2563 2564 2565 3952
f 2564 3470 2714 2565
f 2986 3952 2565 2146
f 3800 587 2566 3879
f 3375 750 2567 2553
f 2568 880 2569 2571
f 3290 2570 2569 1768
f 2571 2569 2570 1842
f 2805 1843 2570 3290
f 2571 2474 3236 2568
f 2574 2230 3676 3809
f 2576 245 3008 366
f 2579 708 2578 2723
f 2727 2723 2578 2010
f 2579 1715 2855 2098
f 2582 2580 2581 2584
f 2583 2584 2581 746
f 3299 655 2581 2580
f 2634 2582 2584 1646
f 2585 3548 3547 3551
f 2588 686 2587 3130
f 3129 3130 2587 3269
f 3392 3136 2589 3270
f 2590 2339 3078 2922
f 2590 2919 3568 1830
f 2591 1066 3616 3016
f 2593 2594 2595 166
f 2597 1418 3237 2598
f 2599 1412 2600 3610
f 3609 3174 2599 3610
f 3183 2449 2602 470
f 2610 2609 2603 3045
f 2604 3052 3852 3291
f 2607 1461 3571 2387
f 2608 3967 3964 3044
f 2610 3045 3044 3964
f 2612 486 2613 3583
f 2612 3583 3389 2468
f 2615 894 2614 3146
f 2616 1392 2782 1217
f 2618 2646 3201 1542
f 2618 758 3339 116
f 2915 2916 2619 718
f 2622 2620 2621 3217
f 2622 3217 3218 2726
f 2624 1496 2625 3511
f 2624 3511 3232 3233
f 2626 3048 3331 2664
f 2627 3601 3598 3600
f 3958 2043 2627 1161
f 3334 771 2628 3418
f 2707 2067 2630 548
f 2631 3124 3305 2325
f 2632 2294 3672 2243
f 3415 2457 2634 1645
f 2636 1173 2753 2752
f 2636 1448 3612 1451
f 2639 3050 3049 1174
f 2641 2485 3074 2497
f 3293 3294 2642 3310
f 2642 2496 3295 3310
f 3200 2646 2645 3744
f 2651 385 3438 3437
f 3852 3052 2653 262
f 3516 2661 2660 389
f 2663 1445 2662 1341
f 3495 1342 2662 3195
f 3896 2193 2663 3779
f 3969 3968 2664 3333
f 2820 3111 2667 2821
f 2803 2804 2668 596
f 2669 2670 2671 3110
f 3265 779 2669 2796
f 3264 1920 2670 778
f 2671 3679 3109 3110
f 2672 3724 3736 2290
f 2813 1389 2676 516
f 2714 3470 2677 2680
f 2678 2411 3030 3885
f 3471 2411 2678 2677
f 2684 2682 2683 3223
f 3180 407 2683 2326
f 2684 3224 3071 321
f 2688 2521 2687 3686
f 2687 2115 3157 3686
f 3735 3733 2688 3686
f 2689 3155 3156 3154
f 2691 3365 3184 2690
f 3366 3365 2691 2527
f 2692 1166 3184 3365
f 2692 3365 3366 3798
f 2695 2693 2694 1588
f 2694 2693 3406 3581
f 3159 3160 2696 3100
f 3101 3100 2697 1088
f 2869 2992 2698 2699
f 3855 422 2698 2992
f 2701 2702 2700 384
f 2700 2702 3425 2430
f 2702 2701 3054 3267
f 3297 3425 2702 3267
f 2705 2703 2704 3848
f 2868 2709 2708 179
f 2709 2404 3089 3369
f 2709 2868 3869 2404
f 2748 2750 2710 2711
f 2713 1207 3467 2563
f 2713 2563 3952 3975
f 2715 3033 2721 3245
f 3712 2247 2715 1491
f 2718 2716 2717 3082
f 2719 2720 2721 3033
f 2719 3034 3035 2720
f 2721 2720 2959 733
f 3286 3285 2722 1508
f 2727 2010 3288 1511
f 2729 2015 2728 2014
f 2728 2791 3174 3646
f 2730 1405 2731 2793
f 2731 2792 2791 2793
f 2733 2734 2732 2960
f 3126 1327 2732 3228
f 2733 2960 2961 3263
f 3228 2732 2734 1292
f 3209 3210 2736 190
f 2738 2558 2737 3607
f 2737 3684 3595 579
f 2740 3371 3370 2741
f 2745 1430 2744 3416
f 2950 1586 2746 2649
f 3360 1727 2747 1585
f 3874 3475 2749 573
f 3765 2710 2750 1098
f 2759 3960 2753 1172
f 3769 3770 2754 1925
f 2754 3770 3794 2944
f 2757 2758 2756 2884
f 2757 3309 3308 3927
f 3342 3309 2757 2884
f 3877 2758 2757 3927
f 3480 2756 2758 1101
f 2760 1517 2759 2441
f 2762 2761 2760 2441
f 2761 2762 3596 3637
f 2848 3449 2764 909
f 2764 2524 4005 909
f 2765 1608 2766 3423
f 2767 1599 3411 1597
f 3163 3164 2769 3215
f 3815 2770 2769 3134
f 2773 2771 2772 1723
f 2774 2205 2775 2385
f 2775 2205 3383 3384
f 2829 2778 2777 3983
f 3317 3983 2777 2830
f 2779 2829 3945 2780
f 2781 2779 2780 2972
f 2780 3945 3747 3841
f 3833 2156 2781 2972
f 3488 1437 2782 1392
f 2783 893 2784 1998
f 2785 2786 2787 3432
f 2785 1245 3050 2639
f 2785 2639 3300 2786
f 2786 2176 3493 2787
f 2788 1980 3630 199
f 3352 3116 2789 693
f 2790 3727 3726 918
f 3174 2791 2792 2599
f 2792 2731 3327 2234
f 2819 3956 2794 2796
f 2794 3957 3448 2795
f 2796 2794 2795 3265
f 2795 3448 3051 1244
f 2796 2669 3110 2819
f 2803 2275 2802 2804
f 2807 2808 2806 2809
f 2806 2808 3654 3569
f 3040 2808 2807 3784
f 2808 3040 3085 3654
f 2810 2811 2812 1434
f 3786 3788 2811 2810
f 2816 2814 2815 3379
f 2934 2933 2816 3381
f 2816 2933 3918 2814
f 3957 601 2818 3986
f 2819 2820 2821 3956
f 3110 3109 2820 2819
f 2822 3990 3246 720
f 3674 2824 2823 1569
f 2825 2823 2824 920
f 2826 2951 2952 3897
f 2828 2826 2827 3149
f 2827 2826 3897 3941
f 2951 2826 2828 1500
f 2835 2834 3434 1619
f 3596 2762 2838 3992
f 3187 3345 2839 1259
f 2841 399 2840 3182
f 2847 3898 2840 3638
f 2971 400 2841 80
f 2843 2844 2842 842
f 3838 3542 2842 3840
f 3840 2842 2844 3839
f 2844 3351 3845 3839
f 3214 3503 2846 2845
f 2846 3503 3216 2423
f 3533 3898 2847 376
f 3942 2336 2848 434
f 2850 2908 2909 1785
f 2852 2873 2875 976
f 2853 3024 3114 2854
f 3636 3024 2853 3766
f 2858 1626 3126 3228
f 2860 2859 3055 1005
f 2861 2864 3906 1627
f 2863 2862 2937 2936
f 2863 2936 3379 2815
f 2876 3190 2864 1752
f 2866 2867 2868 179
f 2866 1545 3107 1853
f 2868 2867 3868 3869
f 2871 2352 2870 474
f 3994 3874 2872 2258
f 2873 1866 3038 2874
f 2875 2873 2874 3954
f 3873 3886 2879 2878
f 2881 2882 2880 3316
f 3773 3316 2880 2187
f 2883 2880 2882 3413
f 3384 2885 2884 2756
f 2885 3384 3383 711
f 3549 3547 2886 3340
f 3546 2535 2887 2886
f 2891 2935 2930 2924
f 2895 3627 3877 3927
f 2900 2899 3036 197
f 2902 810 3356 3916
f 3931 3932 2904 3882
f 2907 2905 2906 2996
f 2907 2977 3128 66
f 3838 3840 2908 975
f 2908 3840 3839 2909
f 2914 2265 2913 639
f 2914 2916 3104 2224
f 2918 2920 2982 3677
f 2918 3567 3568 2919
f 2920 2918 2919 2921
f 2922 2921 2919 2590
f 3142 1577 2920 2921
f 3391 3142 2921 2922
f 3077 3391 2922 3078
f 2925 2923 2924 3819
f 2925 2982 2981 2923
f 3677 2982 2925 1298
f 3375 3374 2927 750
f 2931 2126 2930 3996
f 2930 2126 3819 2924
f 2988 2938 2931 3996
f 2933 2934 2986 2145
f 3952 2986 2934 3975
f 3988 3975 2934 3381
f 2938 2936 2937 2931
f 3379 2936 2938 3989
f 2938 2988 3380 3989
f 2939 83 3231 2940
f 2941 2939 2940 2673
f 2942 3132 3066 3771
f 3771 3210 2943 2942
f 3540 2945 2944 3794
f 2946 2947 2948 3804
f 3943 2952 2951 3509
f 2975 3897 2952 2970
f 2953 2954 2955 3734
f 3313 2954 2953 3900
f 3733 3734 2955 2688
f 3420 500 2957 2635
f 3298 2378 2958 1520
f 2959 2720 3035 3980
f 2964 1009 2963 1331
f 2964 1325 3751 1009
f 2967 2965 2966 352
f 2972 2973 2971 3833
f 3663 400 2971 2973
f 2972 2780 3841 2973
f 2974 3941 3897 2975
f 2977 2978 2976 3128
f 2977 2907 2996 3836
f 3135 2978 2977 3836
f 3318 788 2979 3317
f 2980 3093 3094 1299
f 3072 3073 2983 3866
f 2983 3666 3764 3866
f 2984 3649 3648 1381
f 2988 2033 2987 3380
f 3332 3330 2989 3333
f 2990 3739 3738 3185
f 2992 441 2993 3855
f 3459 3462 2994 813
f 2994 3462 3461 3732
f 2995 2032 3368 2534
f 3194 1347 2997 3894
f 2999 2997 2998 3785
f 3175 2464 2998 3590
f 3894 2997 2999 3895
f 3001 1812 3002 3965
f 3966 1812 3001 3440
f 3004 3198 3199 3818
f 3591 2169 3006 939
f 3011 743 3010 3015
f 3010 1953 3017 3015
f 3020 743 3011 1950
f 3012 263 3998 2452
f 3015 1831 3016 3011
f 3617 1947 3018 3689
f 3018 3019 3690 3689
f 3022 3021 3617 3689
f 3114 3024 3023 231
f 3027 3025 3026 411
f 3026 292 3378 3955
f 3027 1555 3939 3025
f 3030 2410 3031 3473
f 3035 994 3911 3980
f 3038 3695 3113 2874
f 3039 1865 3473 3031
f 3695 3038 3039 1432
f 3041 2384 3040 3784
f 3043 2088 3067 3796
f 3043 3796 3978 1541
f 3047 2421 3260 3405
f 3051 1934 3050 1245
f 3053 782 3291 3852
f 3054 2701 3576 3014
f 3055 3150 3534 3808
f 3056 1963 3586 3721
f 3058 3059 3057 119
f 3179 472 3058 3099
f 3058 472 3880 3059
f 3059 43 3268 3057
f 3060 3815 3134 1644
f 3063 3064 3062 3680
f 3064 3463 3562 3062
f 3065 3066 3132 194
f 3173 3795 3067 1007
f 3071 3224 3489 2420
f 3654 3073 3072 3569
f 3076 1564 3074 2485
f 3737 3080 3079 3911
f 3081 3079 3080 3912
f 3081 774 3822 3079
f 3083 3390 3391 3077
f 3086 3087 3088 3657
f 3087 3086 3319 2575
f 3091 3881 3505 3667
f 3093 657 3748 3094
f 3097 3593 3997 585
f 3099 3098 3214 3525
f 3280 1637 3108 794
f 3111 2820 3109 3112
f 3266 3112 3109 3679
f 3421 228 3114 231
f 3446 1632 3115 1252
f 3937 3720 3117 3118
f 3542 3541 3118 3946
f 3991 3937 3118 3541
f 3771 3066 3119 3772
f 3122 3484 3483 2797
f 3123 3358 3359 3753
f 3594 3358 3123 3997
f 3125 2515 3124 2631
f 3304 3305 3124 3626
f 3811 3127 3128 2976
f 3164 2454 3134 2769
f 3136 1226 3137 3168
f 3138 1424 3139 3450
f 3169 2552 3139 283
f 3272 468 3140 1336
f 3143 2094 3183 1379
f 3146 2614 3953 3147
f 3148 3146 3147 234
f 3150 3151 3149 3534
f 3535 3534 3149 2827
f 3233 3232 3152 3234
f 3972 864 3153 767
f 3155 3735 3158 766
f 3155 2689 3733 3735
f 3156 2832 3704 3154
f 3686 3157 3158 3735
f 3972 766 3158 3235
f 3313 3900 3161 1077
f 3162 1839 3623 1449
f 3162 314 3873 2878
f 3166 1137 3165 3466
f 3165 1136 3167 3856
f 3597 3987 3168 3137
f 3193 3970 3172 769
f 3786 2810 3172 3970
f 3174 3609 3621 3646
f 3589 1635 3175 3590
f 3176 3475 3874 3994
f 3895 1096 3176 2241
f 3178 3179 3177 8
f 3177 3525 3828 17
f 3179 3099 3525 3177
f 3181 3129 3269 3774
f 3182 2840 3898 2543
f 3186 430 3639 2929
f 3187 3247 3249 1340
f 3953 3337 3188 3147
f 3189 3723 3230 1463
f 3190 1274 3906 2864
f 3193 3191 3192 3970
f 3192 1470 3786 3970
f 3965 3002 3192 3191
f 3219 1690 3195 3857
f 3196 3199 3198 3197
f 3201 2646 3200 2089
f 3520 3492 3203 3205
f 3205 3203 3204 3812
f 3204 3203 3491 3948
f 3993 3725 3206 1267
f 3429 2943 3210 3209
f 3210 3771 3772 2736
f 3212 2293 3211 2554
f 3974 2149 3212 2554
f 3214 2845 3828 3525
f 3846 1944 3220 1444
f 3857 1444 3220 3219
f 3224 2684 3223 3651
f 3884 3843 3226 319
f 3728 3413 3229 3824
f 3240 1321 3239 2173
f 3572 364 3242 3645
f 3244 3711 3712 1491
f 3251 3248 3247 1261
f 3249 3247 3248 3909
f 3780 3781 3249 3909
f 3250 3248 3251 2480
f 3252 3318 3317 2830
f 3318 3252 3253 3208
f 3257 3258 3259 3775
f 3259 3483 3484 3775
f 3505 3506 3259 3258
f 3260 2421 3489 4000
f 3262 2313 3868 3329
f 3267 1535 3298 3297
f 3745 3393 3270 2197
f 3272 1336 3271 2417
f 3275 3273 3274 2222
f 4004 3447 3276 3323
f 3279 3277 3278 3899
f 3560 3899 3278 3890
f 3858 508 3278 3277
f 3285 3287 3401 513
f 3287 3285 3286 1725
f 3290 3562 3463 2805
f 3604 3603 3292 2491
f 3293 3310 3821 3669
f 3940 656 3299 2456
f 3301 3302 3303 2735
f 3359 3302 3301 3907
f 3358 3861 3302 3359
f 3647 2735 3303 4
f 3307 2895 3927 3308
f 3314 2954 3313 2332
f 3321 1816 3402 3322
f 3324 3325 3323 3371
f 3323 3276 3370 3371
f 3325 3346 4004 3323
f 3326 3181 3774 1357
f 3329 2989 3330 3262
f 3331 3332 3333 2664
f 3338 3188 3337 1573
f 3342 3341 3920 3309
f 3344 2279 3706 3133
f 3345 1342 3495 2195
f 3447 4004 3346 107
f 3349 2081 3347 3348
f 3851 3348 3347 3985
f 3637 3596 3350 1784
f 3353 3354 3352 2471
f 3357 1640 3458 3454
f 3359 3907 3754 3753
f 3360 1585 3405 3260
f 3360 3260 4000 3361
f 3651 1281 3361 4000
f 3376 104 3521 3660
f 3760 104 3376 3377
f 3377 362 3572 3760
f 3381 2816 3379 3989
f 3381 3989 3380 3988
f 3383 2204 3382 711
f 3384 2756 3480 2775
f 3387 3388 3386 369
f 3386 3631 3632 2644
f 3388 143 3631 3386
f 3392 3270 3393 3482
f 3395 62 3889 3875
f 3437 44 3396 40
f 3396 3395 3875 40
f 3398 3864 3565 2251
f 3400 3392 3482 3958
f 3406 2528 3790 3581
f 3410 1595 3409 3553
f 3412 3494 3951 1523
f 3418 3417 3416 3334
f 3558 3557 3426 3510
f 3432 1034 3431 1243
f 3433 460 3782 3662
f 3814 1415 3433 3662
f 3536 359 3435 95
f 3579 1629 3439 2800
f 3441 3194 3894 2240
f 3444 3831 3545 3543
f 3445 1632 3446 825
f 3446 1252 3703 1733
f 3986 1935 3448 3957
f 3455 1642 3454 3457
f 3458 3459 3457 3454
f 3462 3459 3458 2164
f 3460 3461 3462 2164
f 3463 1647 3464 2805
f 3466 3165 3856 279
f 3471 2677 3470 2560
f 3471 2560 3859 3539
f 3885 3030 3473 3843
f 3668 3526 3474 464
f 3476 844 3545 3929
f 3588 1681 3476 3929
f 3483 1440 3901 2797
f 3489 3224 3651 4000
f 3575 3491 3490 3576
f 3492 3490 3491 3203
f 3494 3917 3950 3951
f 3506 3505 3881 1441
f 3661 3515 3514 3121
f 3518 3092 3517 3404
f 3519 3528 3529 3741
f 3519 3741 3742 3872
f 3738 3739 3529 3834
f 3808 3534 3535 590
f 3535 2827 3941 591
f 3539 3859 3658 1699
f 3541 977 3698 3991
f 3541 3542 3838 977
f 3545 844 3544 3543
f 3547 3548 3546 2886
f 3550 3551 3547 3549
f 3611 2021 3550 1674
f 3955 3378 3554 3614
f 3556 2876 3555 2877
f 3749 2962 3558 3510
f 3561 3515 3661 3902
f 3561 929 3867 1121
f 3563 3062 3562 1767
f 3563 332 3680 3062
f 3902 1148 3564 930
f 3567 2918 3677 1847
f 3635 2263 3581 3790
f 3879 3721 3586 3752
f 3593 27 3594 3997
f 3593 572 3619 27
f 3602 3603 3598 3601
f 3600 3598 3599 773
f 3603 3604 3599 3598
f 3604 2494 3605 3599
f 3605 3293 3669 2629
f 3608 1760 3792 3239
f 3611 1451 3612 2021
f 3720 3937 3620 184
f 3991 1628 3620 3937
f 3624 1382 3648 2460
f 3644 412 3955 3614
f 3645 102 3760 3572
f 3892 2460 3648 3649
f 3891 3892 3649 2218
f 3727 2506 3653 3981
f 3653 2501 3799 3981
f 3747 3086 3657 3841
f 3659 1204 3658 3973
f 3841 3657 3663 2973
f 3674 1870 3673 1530
f 3674 1530 3694 2824
f 3687 1935 3986 1494
f 3689 3690 3708 3022
f 3695 3820 3691 3113
f 3971 237 3691 3820
f 3702 186 3701 3842
f 3716 294 3939 3729
f 3719 3837 3717 3979
f 3718 1861 3719 3979
f 3925 3837 3719 1878
f 3724 2672 3723 3189
f 3825 3826 3728 3824
f 3993 3722 3736 623
f 3753 3754 3752 1581
f 3752 3754 3800 3879
f 3829 3800 3754 3907
f 3757 274 3984 1485
f 3951 3950 3758 938
f 3928 246 3766 2853
f 3770 3769 3862 2217
f 3778 3780 3910 3801
f 3780 3778 3779 3781
f 3934 2381 3785 2463
f 3786 1470 3787 3788
f 3817 3788 3787 3577
f 3791 2300 3792 3949
f 3795 1198 3796 3067
f 3802 3803 3801 3910
f 3812 3204 3947 3813
f 3911 3079 3822 3980
f 3876 2412 3823 2000
f 3915 17 3828 127
f 3839 3845 3959 2909
f 3944 3850 3851 3985
f 3860 3659 3973 3469
f 3905 2369 3904 2428
f 3910 3780 3909 2068
f 3932 3931 3913 140
f 3917 3791 3949 3950
f 3945 2829 3983 988
f 3956 601 3957 2794
f 3213 3587 3225 3447
f 3587 3277 514 489
f 3277 3587 3213 3858
