key,n_node,n_edge,total_length,mean_edge_len,len_cv,deg2_count,deg4_count,degree_entropy,orient_entropy,anisotropy,radius_gyration,moment_total,clustering_coef,fiedler_value,lambda_max,spectral_gap_ratio,aspl_giant,boundary_frac,fractal_dim_box,rigidity_index,redundancy_ratio,max_k_core,kcore_frac,triangle_count,triangle_ratio,quad_count,quad_ratio,avg_shortest_dy,straightness,mesh_median_area,mesh_cv_area,mesh_max_area_ratio,edge_betweenness_max,edge_betweenness_gini,largest_pore_ratio,top_area_sum_ratio,top_convexity_min,top_convexity_mean,top_circularity_min,big_pore_count,total_pore_count,total_pore_ratio,center_pore_ratio,edge_pore_ratio,pore_area_cv,pore_area_skew,pore_area_kurtosis,pore_area_max_over_mean,pore_large_area_frac,pore_count_large_frac,pore_density,pore_spatial_cv,contact_thick,contact_canvas_size,contact_nodes,contact_edges,contact_edge_pixel_union_count,contact_edge_pixel_sum,contact_raw_overlap_pixel_count,contact_overlap_pixel_count,contact_overlap_pair_count,contact_overlap_pairs_per_edge,contact_edges_with_contact_count,contact_edges_with_contact_ratio,contact_overlap_pixel_ratio_union,contact_raw_overlap_pixel_ratio_union,contact_overlap_pixel_ratio_canvas,contact_overlap_length_px_approx,contact_overlap_length_ratio_centerline,contact_centerline_length_px,contact_overlap_pair_size_sum,contact_overlap_pair_size_mean,contact_overlap_pair_size_median,contact_overlap_pair_size_max,contact_overlap_pair_size_std,contact_overlap_pair_size_q75,contact_overlap_pair_size_q90,contact_overlap_pair_size_q95,contact_overlap_cc_count,contact_overlap_cc_size_sum,contact_overlap_cc_size_mean,contact_overlap_cc_size_median,contact_overlap_cc_size_max,contact_overlap_cc_size_std,contact_overlap_cc_size_q75,contact_overlap_cc_size_q90,contact_overlap_cc_size_q95,contact_edge_contact_degree_mean,contact_edge_contact_degree_median,contact_edge_contact_degree_max,contact_edge_contact_degree_std,contact_edge_contact_degree_q75,contact_edge_contact_degree_q90,contact_edge_contact_degree_q95,max_load
3_-0.01_-0.4_-0.05_-0.42_0.31_-0.11_0.32_-0.2_0.46_0.13,320,464,25.6628,0.0553077,0.797813,184,132,1.06507,3.67576,2.22045e-16,0.456042,369.732,0.141369,0.0123961,9.35944,0.00132445,13.6632,0.0517241,0.894292,-173,0.3125,2,1,68,0.146552,25,0.0538793,1.33518,1.04311,247.5,1.92061,0.0596943,0.114097,0.463839,0.0596943,0.178928,0.792001,0.792045,0.402344,21,112,0.791318,0.645908,0.14541,1.92061,2.35346,5.60527,8.44889,0.877432,0.205357,0.000106812,0.074489,9,1024,320,464,196694,305686,61838,21034,496,1.06897,324,0.698276,0.106938,0.314387,0.0200596,2337.11,0.115182,20290.6,50132,101.073,94,517,105.833,116.25,162,164,76,21034,276.763,74,717,283.457,620,715.5,716,2.13793,2,7,2.02526,4,5,6,81.0936
3_-0.01_-0.5_-0.12_-0.31_-0.45_-0.1_0.01_-0.23_0.42_0.14,392,608,31.2347,0.0513729,1.11614,184,204,1.07004,3.39208,1.11022e-16,0.448926,482.627,0.188533,0.0137099,9.37241,0.00146279,11.7873,0.0394737,0.877812,-173,0.356908,2,1,92,0.151316,21,0.0345395,1.43388,1.07541,350.5,1.50615,0.0519066,0.111438,0.563533,0.0519066,0.155714,0.800956,0.800994,0.397555,21,80,0.764846,0.510445,0.254401,1.50615,1.60773,1.68555,5.42923,0.617436,0.15,7.62939e-05,0.181513,9,1024,392,608,210158,367816,63020,39180,3712,6.10526,588,0.967105,0.186431,0.29987,0.037365,4353.33,0.183269,23753.9,247667,66.7206,57,560,66.4655,83,123,180,52,39180,753.462,1,5890,1584.7,797,1571.8,5869.6,12.2105,8,39,10.6781,13,29,35,86.7903
3_-0.01_0.05_0.11_-0.11_0.44_0.28_-0.07_-0.13_-0.15_0.01,304,432,25.6858,0.0594579,0.768861,184,116,1.05102,3.90759,1.11022e-16,0.412587,319.967,0.499687,0.00821959,9.18613,0.000894782,15.2645,0.0555556,0.88706,-173,0.298611,2,1,108,0.25,12,0.0277778,1.33449,1.22806,184,2.40646,0.0704508,0.153154,0.613077,0.0704508,0.211347,0.713894,0.71392,0.161648,9,89,0.752275,0.633989,0.118285,2.40646,2.52157,4.60418,8.33488,0.815735,0.101124,8.4877e-05,0.089533,9,1024,304,432,247080,346208,65594,4380,544,1.25926,276,0.638889,0.0177271,0.265477,0.00417709,486.667,0.0203614,23901.5,25488,46.8529,38,120,31.4828,72,100,103,36,4380,121.667,175,178,77.1045,177,177.5,178,2.51852,3,6,2.25455,5,5,6,67.4048
3_-0.01_0.06_-0.3_-0.01_-0.48_-0.42_0.31_-0.13_0.41_0.2,516,856,29.5044,0.0344678,1.60681,184,328,1.00035,3.886,1.11022e-15,0.408111,609.202,0.191214,0.0116067,9.59822,0.00120926,12.6684,0.0280374,0.910316,-173,0.398364,2,1,124,0.14486,87,0.101636,1.28927,1.00725,5561,1.31223,0.0597811,0.118306,0.601503,0.0597811,0.179128,0.798508,0.798706,0.28233,21,64,0.763895,0.625113,0.138783,1.31223,1.75016,2.71031,5.00853,0.479712,0.125,6.10352e-05,0.0750534,9,1024,516,856,224968,388842,57624,25936,5259,6.14369,776,0.906542,0.115288,0.256143,0.0247345,2881.78,0.123267,23378.4,287806,54.7264,44,385,45.5078,82,110,131,16,25936,1621,998.5,4387,1637.82,1848.5,4386,4386.25,12.2874,12,32,8.30967,19,21,27,72.1754
3_-0.01_0.0_-0.03_-0.11_0.06_0.11_0.09_0.38_-0.02_-0.01,220,264,19.1173,0.0724142,0.544021,184,32,0.72529,3.31701,2.22045e-16,0.422665,202.284,0,0.0119278,9.18123,0.00129915,15.6037,0.0909091,0.794778,-173,0.170455,2,1,0,0,18,0.0681818,1.40593,1.30987,14301,0.983333,0.0632906,0.0875257,0.186545,0.0632906,0.189767,0.591887,0.592066,0.20273,21,32,0.789953,0.635445,0.154509,0.983333,0.901802,-1.08717,2.56382,0.718538,0.28125,3.05176e-05,0.0508613,9,1024,220,264,204390,256910,39104,3144,96,0.363636,144,0.545455,0.0153824,0.191321,0.00299835,349.333,0.0193189,18082.5,3604,37.5417,7.5,134,54.0729,42,131,133,24,3144,131,130.5,134,1.58114,132.25,133,133.85,0.727273,1,3,0.862439,1,1,3,45.3032
3_-0.01_0.21_-0.18_0.36_-0.18_0.38_0.33_0.06_-0.06_0.35,268,360,25.3372,0.0703811,0.57292,184,80,0.983665,3.73321,0,0.420199,280.779,0.291045,0.0161783,9.36147,0.00172817,10.7125,0.111111,1.0221,-173,0.258333,2,1,36,0.1,0,0,1.06551,1.06551,98,1.31738,0.0351915,0.150193,0.606575,0.0351915,0.105575,0.831098,0.831098,0.2589,21,78,0.767005,0.5355,0.231505,1.31738,0.965132,-0.515407,3.57878,0.550566,0.153846,7.43866e-05,0.400867,9,1024,268,360,244381,362640,90940,22680,207,0.575,243,0.675,0.0928059,0.372124,0.0216293,2520,0.0981648,25671.1,27549,133.087,68,436,154.596,234,421,427,81,22680,280,84,564,241.683,548,564,564,1.15,1,3,1.06184,2,3,3,81.3046
3_-0.02_-0.2_-0.12_-0.13_0.14_-0.01_0.12_0.48_-0.01_0.17,244,312,22.2806,0.0714122,0.661425,184,56,0.891609,3.82229,2.22045e-15,0.420479,234.393,0.12256,0.00985157,9.18013,0.00107314,15.6153,0.0769231,0.821547,-173,0.221154,2,1,24,0.0769231,12,0.0384615,1.4092,1.24341,1274,1.56645,0.0627394,0.162554,0.4928,0.0627394,0.188184,0.585866,0.586278,0.162058,9,56,0.76455,0.5805,0.184051,1.56645,1.56115,0.805373,4.59539,0.711191,0.160714,5.34058e-05,0.136102,9,1024,244,312,226321,286750,42397,3708,96,0.307692,120,0.384615,0.0163838,0.187331,0.00353622,412,0.0206648,19937.3,9282,96.6875,109,153,47.9593,119.75,150,153,24,3708,154.5,154.5,157,1.80278,155.5,157,157,0.615385,0,4,1.07692,1,1,4,45.3949
3_-0.02_0.08_-0.43_-0.06_-0.15_0.25_-0.45_0.37_-0.39_-0.14,532,888,27.6358,0.0311214,1.29589,184,344,0.989548,2.92062,7.21645e-16,0.389211,618.161,0.290548,0.00718489,9.38256,0.00076577,14.7339,0.027027,0.872054,-173,0.402027,2,1,140,0.157658,105,0.118243,1.26017,1.1526,786.5,2.38303,0.0674763,0.141446,0.684158,0.0674763,0.202233,0.658292,0.658315,0.18511,9,100,0.760726,0.633757,0.126969,2.38303,2.70838,5.68584,8.86998,0.758611,0.09,9.53674e-05,0.0749605,9,1024,532,888,237278,419488,61746,21988,22728,25.5946,696,0.783784,0.0926677,0.260226,0.0209694,2443.11,0.0953328,25627.2,1.63513e+06,71.9435,73,494,39.2151,89,101,108,24,21988,916.167,862.5,2524,880.524,1246.5,2522.7,2523,51.1892,24,102,43.6572,97,97,100,66.7085
3_-0.02_0.42_-0.1_-0.26_0.08_-0.12_0.49_0.16_0.46_-0.02,456,736,31.9837,0.0434561,0.838772,184,268,1.03893,3.6736,7.88258e-15,0.401508,518.587,0.194236,0.00931604,9.3562,0.000995707,15.0969,0.0326087,0.970092,-173,0.381793,2,1,128,0.173913,47,0.0638587,1.27885,1.06967,135,3.16116,0.0535717,0.111248,0.544482,0.0535717,0.160708,0.784552,0.784623,0.301381,21,244,0.708245,0.515963,0.192283,3.16116,4.27453,18.3879,18.4562,0.921877,0.131148,0.000232697,0.115031,9,1024,456,736,285882,426600,72278,8868,1016,1.38043,440,0.597826,0.0310198,0.252825,0.00845718,985.333,0.0363013,27143.2,66212,65.1693,49.5,168,46.2453,106,120,122,88,8868,100.773,54.5,248,89.0561,238,245,246,2.76087,1.5,16,3.40514,5,7,9,91.5098
3_-0.03_0.42_-0.17_0.25_0.08_-0.26_-0.09_-0.28_-0.27_-0.32,220,264,22.5135,0.0852786,0.788765,184,32,0.72529,3.48802,1.11022e-16,0.439946,207.41,0,0.0129757,9.38673,0.00138235,13.1407,0.0909091,0.800006,-173,0.170455,2,1,0,0,24,0.0909091,1.59904,1.31789,2790.5,1.36026,0.0525541,0.198514,0.441061,0.0525541,0.152233,0.532491,0.58889,0.162042,21,72,0.762571,0.519356,0.243216,1.36026,1.52471,1.13323,4.96202,0.616092,0.166667,6.86646e-05,0.150718,9,1024,220,264,219394,264312,31618,3180,108,0.409091,144,0.545455,0.0144945,0.144115,0.00303268,353.333,0.0187925,18801.8,3570,33.0556,46.5,56,19.7249,49,49,54,36,3180,88.3333,89,95,3.65908,91,93.5,94,0.818182,1,2,0.833196,2,2,2,47.1416
3_-0.04_-0.18_0.44_0.12_0.27_0.34_0.3_-0.42_-0.04_-0.36,424,672,30.4386,0.0452956,0.896866,184,236,1.0566,3.7224,4.44089e-16,0.409323,479.192,0.257637,0.00921472,9.36554,0.000983896,14.7135,0.0357143,0.931931,-173,0.370536,2,1,116,0.172619,51,0.0758929,1.45479,1.13655,241,2.2981,0.0520315,0.134076,0.628483,0.0520315,0.15609,0.690286,0.690544,0.225707,9,120,0.746644,0.457647,0.288997,2.2981,2.26243,3.69306,8.36246,0.965766,0.166667,0.000114441,0.244098,9,1024,424,672,229406,379550,77758,27896,1276,1.89881,532,0.791667,0.121601,0.338954,0.0266037,3099.56,0.128503,24120.4,132964,104.204,97,1031,101.266,108,125,150,38,27896,734.105,236,2192,858.063,1873.5,1973.6,2192,3.79762,3,13,3.31853,6,8,11,64.7404
3_-0.04_-0.28_-0.25_-0.26_-0.43_-0.22_0.37_-0.09_-0.01_0.41,480,784,28.3515,0.0361627,1.49807,184,292,1.02405,3.28353,2.88658e-14,0.406577,557.758,0.173413,0.0119183,9.37012,0.00127194,12.8348,0.0306122,0.84059,-173,0.389031,2,1,104,0.132653,106,0.135204,1.19353,1.00579,9408,1.35635,0.0678072,0.108843,0.583157,0.0678072,0.203417,0.830619,0.830641,0.305924,21,56,0.80355,0.683329,0.120221,1.35635,1.6908,1.82632,4.72554,0.613217,0.160714,5.34058e-05,0.0522393,9,1024,480,784,189821,394670,75079,49714,4446,5.67092,752,0.959184,0.261899,0.395525,0.047411,5523.78,0.227809,24247.5,498990,112.233,103,1290,100.324,108,128,308,28,49714,1775.5,126.5,6147,2172.61,2946.25,6147,6147,11.3418,7,43,10.3564,14,29,32,86.2175
3_-0.04_-0.3_-0.36_0.1_0.02_0.17_0.08_-0.44_-0.07_0.2,420,664,34.8718,0.0525177,0.97085,184,232,1.05856,3.645,2.22045e-16,0.411604,482.976,0.263265,0.00662715,9.36927,0.000707328,17.6181,0.0361446,0.949082,-173,0.368976,2,1,112,0.168675,73,0.10994,1.42754,1.10377,164,2.46236,0.0422468,0.152948,0.585436,0.0343962,0.102879,0.451347,0.452743,0.136936,9,164,0.700348,0.351213,0.349134,2.46236,2.43098,4.24998,9.89291,0.915655,0.121951,0.000156403,0.261504,9,1024,420,664,269941,421758,78947,21172,4368,6.57831,468,0.704819,0.078432,0.29246,0.0201912,2352.44,0.0859982,27354.6,297525,68.1147,64,862,57.7898,85,102,114,24,21172,882.167,270,4147,1462.61,324,4147,4147,13.1566,6,46,15.5478,33,37,40,48.122
3_-0.04_0.09_-0.37_0.28_0.1_0.35_0.35_-0.42_-0.05_0.32,544,912,37.0118,0.0405831,0.9266,184,356,0.981403,3.40637,0,0.402084,661.069,0.241246,0.00782319,9.37793,0.000834213,15.11,0.0263158,0.992237,-173,0.404605,2,1,160,0.175439,108,0.118421,1.35937,1.06201,16,2.86809,0.0484247,0.152969,0.679925,0.0169163,0.0507479,0.805377,0.805408,0.247921,21,214,0.696194,0.260962,0.435232,2.86809,3.30905,10.4652,14.8851,0.908248,0.107477,0.000204086,0.180745,9,1024,544,912,267840,471344,106392,17246,1708,1.87281,748,0.820175,0.0643892,0.397222,0.0164471,1916.22,0.0653254,29333.5,79738,46.685,32.5,230,43.848,74,114,122.65,124,17246,139.081,63.5,473,166.644,133,462.7,467.85,3.74561,3,15,3.19899,5,8,10,79.9897
3_-0.04_0.13_-0.18_0.25_-0.39_-0.22_-0.35_0.43_-0.03_0.11,388,600,27.1953,0.0453255,1.21219,184,200,1.07129,3.28904,1.77636e-15,0.392481,420.407,0.217968,0.0102024,9.3822,0.00108742,14.3713,0.04,0.882878,-173,0.355,2,1,80,0.133333,50,0.0833333,1.46346,1.27627,411,1.95354,0.0353279,0.101899,0.55702,0.0232525,0.0697546,0.98653,0.986565,0.653768,21,143,0.735159,0.380573,0.354586,1.95354,1.87966,1.92514,6.87184,0.855505,0.160839,0.000136375,0.206693,9,1024,388,600,240702,370636,61667,21970,1841,3.06833,572,0.953333,0.0912747,0.256196,0.0209522,2441.11,0.10132,24093.2,109929,59.7116,50,317,49.5927,78,108,169,94,21970,233.723,211,557,197.759,439.75,552.7,555,6.13667,6,13,3.88733,10,11,11,68.4302
3_-0.04_0.13_0.26_0.42_-0.16_0.14_0.38_-0.32_0.19_-0.28,220,264,27.3481,0.103591,0.657029,184,32,0.72529,3.3577,0,0.442574,208.671,0,0.0121148,9.1437,0.00132493,14.3934,0.0909091,0.795748,-173,0.170455,2,1,0,0,0,0,2.08707,1.72011,1086,1.54143,0.0434504,0.160833,0.407392,0.0434504,0.130252,0.578944,0.57909,0.133439,9,81,0.717101,0.416432,0.300669,1.54143,1.48028,0.596636,4.90793,0.879298,0.246914,7.72476e-05,0.175263,9,1024,220,264,264383,314856,37779,3016,84,0.318182,112,0.424242,0.0114077,0.142895,0.00287628,335.111,0.0146588,22860.7,3744,44.5714,37,72,15.8146,61,66,69,60,3016,50.2667,59,72,15.2576,62,67.2,69,0.636364,0,3,0.846318,1,2,2,52.5764
3_-0.05_-0.11_-0.1_-0.13_-0.12_0.2_0.09_0.05_0.4_-0.08,308,440,21.4322,0.0487096,0.884694,184,120,1.05522,3.22898,0,0.414849,319.41,0.127396,0.00897639,9.35946,0.000959072,16.3144,0.0545455,0.792598,-173,0.302273,2,1,56,0.127273,31,0.0704545,1.38669,1.20002,3726.5,1.44571,0.0542517,0.145276,0.419994,0.0542517,0.16275,0.626797,0.627031,0.308204,21,64,0.7939,0.552677,0.241223,1.44571,1.43426,0.65286,4.37348,0.6892,0.1875,6.10352e-05,0.103283,9,1024,308,440,189828,287390,53634,14012,3163,7.18864,376,0.854545,0.0738142,0.28254,0.0133629,1556.89,0.0827429,18816,149026,47.1154,43,458,43.848,67,86,100,32,14012,437.875,73,2544,803.366,322.5,2320.7,2543,14.3773,5,39,14.4494,33,33,35,74.3321
3_-0.05_0.19_-0.11_-0.03_0.24_-0.09_0.17_-0.18_-0.06_-0.49,196,216,23.7115,0.109776,0.461057,184,8,0.388509,3.9183,0,0.461022,180.865,0,0.0156366,9.14306,0.00171022,13.0801,0.111111,0.796132,-173,0.0972222,2,1,0,0,0,0,1.68074,1.26689,59,1.53317,0.0503979,0.100127,0.219426,0.0503979,0.151175,0.598136,0.598426,0.190024,9,68,0.764826,0.44302,0.321806,1.53317,1.20686,-0.180519,4.48083,0.954682,0.294118,6.48499e-05,0.27753,9,1024,196,216,203732,254870,44500,1908,108,0.5,120,0.555556,0.00936524,0.218424,0.00181961,212,0.0116824,18147,2401,22.2315,18.5,57,18.8938,36,53,55,48,1908,39.75,44.5,57,13.5992,51.5,55,56.3,1,1,3,1.05409,2,3,3,45.8583
3_-0.05_0.44_0.48_0.05_0.48_-0.35_-0.01_0.42_0.03_0.28,604,1032,36.9992,0.0358519,0.956569,184,416,0.940858,3.35144,7.77156e-16,0.403015,758.454,0.20514,0.00991943,9.33898,0.00106215,14.9339,0.0232558,1.02629,-173,0.415698,2,1,132,0.127907,137,0.132752,1.24196,1.00699,744,2.32164,0.0402203,0.111351,0.572815,0.0124016,0.0372047,0.904019,0.904019,0.431604,21,204,0.697877,0.329678,0.368199,2.32164,3.10891,9.33109,11.757,0.869611,0.156863,0.00019455,0.162413,9,1024,604,1032,274624,497296,101176,39096,4092,3.96512,852,0.825581,0.142362,0.368416,0.0372849,4344,0.142743,30432.3,296550,72.4707,46,619,75.9039,107,120,153,76,39096,514.421,19,5528,1305.16,20,1824,2756.75,7.93023,8.5,20,6.13376,13,17,18,123.9
3_-0.06_-0.43_0.25_0.06_0.41_-0.09_0.24_-0.34_-0.37_-0.44,280,384,34.6148,0.0901428,0.633793,184,92,1.0132,4.03652,1.11022e-16,0.445921,294.161,0.0972789,0.0174886,9.32466,0.00187552,10.8496,0.0625,0.892401,-173,0.273438,2,1,32,0.0833333,36,0.09375,1.52585,1.17978,1223,1.83235,0.0416708,0.0929239,0.53211,0.0416708,0.125007,0.50463,0.504703,0.202657,24,150,0.675588,0.457878,0.21771,1.83235,3.06495,9.63437,9.25212,0.651883,0.126667,0.000143051,0.234632,9,1024,280,384,311366,382088,44258,6054,176,0.458333,216,0.5625,0.0194434,0.142141,0.00577354,672.667,0.024783,27142.2,11636,66.1136,76,212,47.2008,91.25,95,170,64,6054,94.5938,102,214,61.7985,113,176,208.3,0.916667,1,3,1.00692,1,3,3,68.0228
3_-0.06_0.26_-0.47_-0.45_-0.23_0.03_-0.49_-0.1_0.34_0.24,984,1792,38.0379,0.0212265,1.46129,184,796,0.732059,3.7734,3.88578e-16,0.397148,1283.2,0.335269,0.00459084,9.37074,0.000489912,21.6891,0.0133929,0.965325,-173,0.451451,2,1,384,0.214286,178,0.0993304,1.31018,1.00783,431,2.25082,0.0461531,0.100487,0.635891,0.0461531,0.138433,0.954221,0.954603,0.491276,9,124,0.749046,0.427752,0.321295,2.25082,2.14206,2.97944,7.64036,0.95413,0.16129,0.000118256,0.249338,9,1024,984,1792,223254,569437,104137,61588,19656,10.9688,1728,0.964286,0.275865,0.466451,0.0587349,6843.11,0.229964,29757.4,1.02478e+06,52.1358,41,915,50.4282,78,104,110,53,61588,1162.04,3,51522,6990.28,320,666,864.6,21.9375,25,66,13.8061,33,37,39,93.4524
3_-0.07_-0.04_-0.01_0.18_-0.29_0.03_-0.3_-0.44_-0.4_0.29,244,312,29.6822,0.0951352,0.562598,184,56,0.891609,3.85374,1.11022e-16,0.423229,234.498,0.131148,0.0110504,9.36079,0.0011805,13.2038,0.0769231,0.881131,-173,0.221154,2,1,24,0.0769231,12,0.0384615,1.70577,1.31889,279,1.57228,0.0430784,0.201869,0.581502,0.0337963,0.101385,0.361139,0.361306,0.0677318,9,80,0.713361,0.349037,0.364324,1.57228,1.23372,-0.240024,4.83104,0.918584,0.25,7.62939e-05,0.258877,9,1024,244,312,255418,330062,55782,3936,60,0.192308,96,0.307692,0.01541,0.218395,0.00375366,437.333,0.0187713,23298,3936,65.6,43.5,114,34.407,104.25,111.1,113,60,3936,65.6,43.5,114,34.407,104.25,111.1,113,0.384615,0,2,0.624926,1,1,2,23.8387
3_-0.07_-0.27_0.27_0.42_0.05_-0.07_0.46_-0.15_0.31_-0.28,392,608,31.9623,0.0525696,1.08919,184,204,1.07004,3.68678,1.11022e-16,0.431762,461.183,0.159621,0.00841344,9.36447,0.000898443,16.1961,0.0394737,0.905714,-173,0.356908,2,1,76,0.125,59,0.0970395,1.59483,1.34396,1375,1.83719,0.0492983,0.14654,0.532457,0.0492983,0.147891,0.533403,0.533414,0.123328,9,102,0.704355,0.48391,0.220446,1.83719,2.2458,3.9913,7.13905,0.83861,0.196078,9.72748e-05,0.100298,9,1024,392,608,287386,413530,64800,14880,1100,1.80921,464,0.763158,0.0517771,0.225481,0.0141907,1653.33,0.0604481,27351.3,48736,44.3055,32,193,42.0199,65,95,141,32,14880,465,513,648,189.904,640.5,646.9,647.45,3.61842,3,11,3.00862,6,8,9,37.7875
3_-0.07_-0.45_-0.22_-0.41_0.28_0.34_-0.18_-0.03_-0.05_-0.03,220,264,29.9356,0.113393,0.688158,184,32,0.72529,3.79544,0,0.450828,210.914,0,0.0121148,9.1437,0.00132493,14.3934,0.0909091,0.76846,-173,0.170455,2,1,0,0,0,0,2.18815,1.68319,5410,0.888918,0.0502615,0.160833,0.407392,0.0502615,0.150733,0.633646,0.634248,0.183389,33,44,0.762247,0.495748,0.2665,0.888918,0.900741,-0.546491,2.9013,0.457086,0.181818,4.19617e-05,0.176702,9,1024,220,264,213073,321021,77032,26936,304,1.15152,180,0.681818,0.126417,0.361529,0.0256882,2992.89,0.128275,23331.8,57752,189.974,94,918,238.096,160.75,453,917,76,26936,354.421,60,1752,607.763,201,1752,1752,2.30303,2,7,2.47392,3,7,7,60.1463
3_-0.07_0.06_-0.02_-0.19_-0.13_0.41_-0.28_-0.23_0.44_-0.34,308,440,36.2063,0.0822871,0.853451,184,120,1.05522,3.31897,1.66533e-16,0.430606,329.193,0.242424,0.00821499,9.39654,0.000874257,16.8501,0.0545455,0.803659,-173,0.302273,2,1,56,0.127273,35,0.0795455,1.30507,1.06392,5579,1.43999,0.0540981,0.161481,0.522112,0.0540981,0.162221,0.613092,0.613139,0.140215,29,80,0.678219,0.544978,0.133241,1.43999,2.79774,7.20217,6.3812,0.492893,0.1,7.62939e-05,0.0836048,9,1024,308,440,321168,429854,69887,24681,928,2.10909,312,0.709091,0.0768476,0.217603,0.0235376,2742.33,0.0915908,29941.1,69485,74.8761,60,822,109.469,79,101,123.65,48,24681,514.188,240.5,1250,506.141,1196.25,1238.3,1248,4.21818,3,11,3.46773,7,8,9,53.3609
3_-0.07_0.19_0.13_-0.27_0.03_0.3_-0.49_0.44_0.18_0.33,352,528,35.1541,0.0665798,0.709803,184,164,1.07598,3.45307,3.33067e-16,0.409324,393.044,0.276245,0.0158068,9.18993,0.00172001,11.6195,0.0454545,0.964383,-173,0.335227,2,1,72,0.136364,30,0.0568182,1.20973,1.0252,953,1.72913,0.0331631,0.118857,0.499954,0.00560474,0.0168142,0.78627,0.786316,0.47434,24,168,0.662856,0.281042,0.381814,1.72913,3.08898,8.87273,8.40514,0.471679,0.0654762,0.000160217,0.136901,9,1024,352,528,318768,443716,77880,28834,448,0.848485,240,0.454545,0.0904545,0.244316,0.0274982,3203.78,0.105955,30237.2,46035,102.757,52.5,1734,270.629,87,121.3,205,76,28834,379.395,4,2410,868.833,5,2373.5,2407,1.69697,0,12,2.44776,3,5,5,141.089
3_-0.07_0.25_-0.01_0.28_0.19_0.1_-0.11_-0.06_-0.02_-0.37,244,312,23.1637,0.0742425,0.535801,184,56,0.891609,3.64979,0,0.422592,235.925,0.253708,0.00994176,9.1813,0.00108283,15.5296,0.0769231,0.846306,-173,0.221154,2,1,48,0.153846,0,0,1.78186,1.4293,4835,1.22784,0.0417519,0.163376,0.456477,0.0417519,0.125141,0.379957,0.380078,0.118583,9,60,0.761863,0.403095,0.358768,1.22784,0.795177,-1.12598,3.28814,0.894584,0.333333,5.72205e-05,0.204593,9,1024,244,312,209714,270850,44784,360,48,0.153846,72,0.230769,0.00171662,0.213548,0.000343323,40,0.00212396,18832.7,696,14.5,14.5,15,0.5,15,15,15,24,360,15,15,15,0,15,15,15,0.307692,0,2,0.605693,0,1,2,30.1365
3_-0.07_0.25_0.25_0.43_-0.14_0.1_0.19_-0.35_-0.49_0.03,376,576,37.8196,0.065659,0.811092,184,188,1.07427,3.73331,1.11022e-16,0.396704,408.201,0.239362,0.0130634,9.39409,0.0013906,11.861,0.0416667,0.9955,-173,0.348958,2,1,60,0.104167,78,0.135417,1.40577,1.13981,4165.5,1.70707,0.0391846,0.134033,0.546123,0.00539207,0.0161753,0.782944,0.783039,0.443258,12,134,0.661311,0.307795,0.353517,1.70707,2.91386,7.43839,7.93988,0.534188,0.0820896,0.000127792,0.195016,9,1024,376,576,314056,453244,89906,16034,636,1.10417,393,0.682292,0.0510546,0.286274,0.0152912,1781.56,0.0574222,31025.6,35402,55.6635,23,496,93.2306,85,106,114.25,126,16034,127.254,2,602,229.267,132,599,602,2.20833,2,6,2.04337,3,6,6,63.4193
3_-0.07_0.26_-0.44_0.45_0.0_0.18_-0.2_-0.21_0.45_-0.05,308,440,32.7725,0.0744829,0.826783,184,120,1.05522,3.72911,0,0.414996,320.026,0.114409,0.00908017,9.36027,0.000970076,15.7026,0.0545455,0.878083,-173,0.302273,2,1,48,0.109091,41,0.0931818,1.66488,1.40036,2290,1.6265,0.0360775,0.17086,0.501513,0.0360775,0.10821,0.414725,0.414766,0.118953,9,109,0.682774,0.429389,0.253385,1.6265,1.79761,1.72328,5.75952,0.789746,0.183486,0.000103951,0.131996,9,1024,308,440,305338,405002,64712,11702,412,0.936364,304,0.690909,0.0383247,0.211936,0.0111599,1300.22,0.0464959,27964.2,19906,48.3155,31,461,79.6815,59,93,134.9,100,11702,117.02,19.5,559,177.004,176,558,559,1.87273,1,7,2.03876,3,5.1,6,35.2282
3_-0.07_0.3_0.24_-0.19_-0.37_-0.4_-0.13_0.11_0.18_-0.15,304,432,34.0223,0.0787553,0.717698,184,116,1.05102,3.79882,2.22045e-16,0.427276,326.919,0.183897,0.0100015,9.19,0.00108831,14.9026,0.0555556,0.866485,-173,0.298611,2,1,36,0.0833333,53,0.122685,1.70281,1.34432,1756,1.78632,0.0361519,0.158233,0.516795,0.0321131,0.0963326,0.462619,0.463096,0.0975902,9,116,0.669934,0.343736,0.326199,1.78632,1.86344,1.76864,6.25975,0.834043,0.172414,0.000110626,0.246027,9,1024,304,432,308280,387002,48810,2550,203,0.469907,204,0.472222,0.0082717,0.15833,0.00243187,283.333,0.0104108,27215.4,5053,24.8916,2,112,33.1207,52,79,95,72,2550,35.4167,2,123,47.1115,88.25,106.4,114.95,0.939815,0,5,1.30032,1,3,4,50.5682
3_-0.07_0.41_-0.47_-0.05_0.2_-0.33_-0.12_0.31_0.06_-0.16,592,1008,39.0449,0.038735,1.10394,184,404,0.948891,3.67731,2.22045e-16,0.404771,731.237,0.257722,0.00719202,9.33146,0.000770729,16.5058,0.0238095,0.993902,-173,0.41369,2,1,156,0.154762,114,0.113095,1.52074,1.24651,181,2.91239,0.0553799,0.121042,0.638335,0.0553799,0.165961,0.592168,0.592267,0.160527,21,202,0.675781,0.52105,0.154731,2.91239,4.00254,16.4069,16.5538,0.940746,0.158416,0.000192642,0.125223,9,1024,592,1008,319542,523256,92362,28752,2056,2.03968,824,0.81746,0.0899788,0.289045,0.02742,3194.67,0.0983169,32493.6,124116,60.3677,40,357,62.8313,100,112.5,137,176,28752,163.364,68,535,197.246,397,400,530,4.07937,3,15,3.67554,6,9,12,58.9291
3_-0.07_0.48_0.21_0.27_0.33_0.33_0.44_0.19_-0.11_-0.18,364,552,29.3879,0.053239,0.670018,184,176,1.07594,3.81249,1.11022e-16,0.407323,407.371,0.289116,0.0116802,9.3536,0.00124874,12.8596,0.0434783,0.970338,-173,0.342391,2,1,108,0.195652,24,0.0434783,1.16508,1.04025,5770,1.21204,0.0240402,0.117305,0.596069,0.0129232,0.0387697,0.654276,0.654276,0.315062,37,130,0.703036,0.330032,0.373004,1.21204,1.1954,0.691184,4.44533,0.557225,0.176923,0.000123978,0.0981136,9,1024,364,552,286259,395002,65523,2664,432,0.782609,216,0.391304,0.00930626,0.228894,0.00254059,296,0.0111302,26594.3,14330,33.1713,27,80,23.0931,51,74.9,77,24,2664,111,111,113,1.29099,112,113,113,1.56522,0,5,2.14326,5,5,5,79.9446
3_-0.08_-0.06_-0.23_-0.29_0.29_-0.18_0.06_0.02_-0.49_0.37,276,376,30.1684,0.0802351,0.731009,184,88,1.0043,3.59825,0,0.412402,267.993,0.115942,0.017603,9.38427,0.0018758,10.4613,0.0638298,0.919834,-173,0.268617,2,1,24,0.0638298,20,0.0531915,1.36134,1.14079,1655,1.88299,0.0559492,0.142006,0.609451,0.0559492,0.167675,0.591618,0.591791,0.12409,21,109,0.709332,0.569201,0.140131,1.88299,2.86602,7.94515,8.59748,0.614084,0.110092,0.000103951,0.0812545,9,1024,276,376,285986,365528,55446,2508,24,0.0638298,48,0.12766,0.00876966,0.193877,0.00239182,278.667,0.0108708,25634.3,2508,104.5,104,112,3.77492,106.5,109,111.55,24,2508,104.5,104,112,3.77492,106.5,109,111.55,0.12766,0,1,0.33371,0,1,1,49.6178
3_-0.08_-0.07_-0.24_-0.3_0.45_-0.46_-0.48_-0.47_-0.34_-0.48,428,680,35.7737,0.0526084,0.961015,184,240,1.05458,3.65745,0,0.435724,493.859,0.414108,0.0115804,9.18151,0.00126127,13.5381,0.0352941,0.957191,-173,0.372059,2,1,152,0.223529,51,0.075,1.32,1,81,1.93365,0.0529423,0.106239,0.612815,0.0529423,0.158819,0.817849,0.817881,0.329155,16,115,0.720609,0.47422,0.246388,1.93365,2.29419,5.26211,8.44891,0.878366,0.2,0.000109673,0.138015,9,1024,428,680,266984,423596,89684,8650,1672,2.45882,404,0.594118,0.0323989,0.335915,0.00824928,961.111,0.0349122,27529.4,89643,53.6142,50,255,38.7728,80,98,105,41,8650,210.976,45,1743,371.705,51,925,927,4.91765,1.5,24,6.18197,11,14,14,75.4249
3_-0.08_-0.08_-0.38_-0.19_0.08_-0.03_-0.49_0.05_-0.25_0.04,252,328,26.0896,0.0795413,0.769121,184,64,0.92833,3.81135,0,0.417044,237.088,0.160998,0.0117575,9.18134,0.00128058,14.2232,0.0731707,0.786108,-173,0.234756,2,1,32,0.097561,0,0,1.96457,1.7437,1252,2.23632,0.0659971,0.147783,0.422507,0.0659971,0.197591,0.874124,0.87499,0.377214,9,93,0.749562,0.580143,0.169419,2.23632,2.54244,4.86124,8.18842,0.741216,0.0967742,8.86917e-05,0.135569,9,1024,252,328,246665,337190,62571,15692,332,1.0122,224,0.682927,0.0636166,0.253668,0.0149651,1743.56,0.0741614,23510.3,29150,87.8012,82,259,57.448,107,175,202,76,15692,206.474,101,807,264.142,172,806,807,2.02439,1,7,2.225,3,6,7,94.6375
3_-0.08_-0.3_0.45_0.19_-0.38_-0.45_-0.25_-0.48_0.28_0.32,380,584,45.4106,0.077758,1.12604,184,192,1.07341,3.57683,2.22045e-16,0.407978,403.35,0.271679,0.0159235,9.37171,0.00169911,12.3063,0.0410959,0.97498,-173,0.351027,2,1,104,0.178082,33,0.0565068,1.57556,1.19361,997,2.20503,0.0383615,0.0948841,0.508831,0.0383615,0.114876,0.477204,0.477547,0.114869,24,186,0.63183,0.402571,0.229259,2.20503,3.23272,10.5268,11.293,0.69523,0.102151,0.000177383,0.186365,9,1024,380,584,354064,496644,82486,28192,663,1.13527,351,0.601027,0.079624,0.232969,0.026886,3132.44,0.0899148,34837.9,72734,109.704,82,1543,202.821,107,211,231,88,28192,320.364,14.5,2203,746.122,82,2186,2202,2.27055,1,15,3.17127,4,5,6,105.215
3_-0.08_0.2_-0.08_0.37_-0.46_0.48_0.31_-0.37_0.24_0.19,416,656,32.7943,0.0499913,0.998024,184,228,1.06045,3.50917,2.77556e-16,0.410517,483.677,0.209707,0.0138181,9.35949,0.00147637,11.8761,0.0365854,0.934233,-173,0.367378,2,1,92,0.140244,56,0.0853659,1.28007,1.02679,728,1.71093,0.0348167,0.11882,0.60869,0.0231314,0.0693932,0.911338,0.911363,0.556321,17,141,0.707969,0.340601,0.367368,1.71093,2.02703,2.80993,6.93415,0.71565,0.141844,0.000134468,0.157472,9,1024,416,656,269738,403324,61665,26872,1364,2.07927,520,0.792683,0.0996226,0.228611,0.0256271,2985.78,0.112013,26655.8,86584,63.478,23.5,526,90.4396,103,117,300,60,26872,447.867,336.5,2621,596.044,361,473.2,2618.05,4.15854,3,19,4.9546,5,11,16,92.9682
3_-0.08_0.2_0.32_0.23_-0.14_0.28_0.41_0.11_-0.09_0.24,424,672,30.3447,0.0451559,0.843051,184,236,1.0566,3.67827,1.11022e-16,0.40896,507.182,0.438455,0.0114076,9.33126,0.00122252,12.8167,0.0357143,0.987145,-173,0.370536,2,1,156,0.232143,21,0.03125,1.08951,1.03653,537,1.40519,0.0234251,0.118518,0.606306,0.0234251,0.0702753,0.75586,0.75586,0.247673,21,100,0.732619,0.494864,0.237756,1.40519,0.781678,-1.37333,3.19745,0.974293,0.32,9.53674e-05,0.244374,9,1024,424,672,257820,446326,109574,36418,1312,1.95238,564,0.839286,0.141254,0.425002,0.0347309,4046.44,0.138276,29263.6,86578,65.9893,48,577,81.7613,93,110,202,89,36418,409.191,354,893,244.635,543,858,876.4,3.90476,4,8,2.40346,5,7,8,99.481
3_-0.08_0.34_-0.38_0.14_-0.32_0.15_0.07_0.43_-0.09_-0.41,472,768,33.1799,0.0432029,0.763514,184,284,1.02912,3.85091,2.77556e-16,0.412367,576,0.317595,0.00896395,9.32874,0.000960896,14.454,0.03125,1.04693,-173,0.386719,2,1,144,0.1875,77,0.10026,1.38576,1.08829,107,2.66586,0.0453081,0.14373,0.62712,0.0150232,0.0450678,0.900969,0.901066,0.386433,21,218,0.696312,0.270636,0.425676,2.66586,3.40142,11.2178,14.185,0.832382,0.105505,0.000207901,0.171112,9,1024,472,768,270964,420768,79202,6922,600,0.78125,408,0.53125,0.0255458,0.292297,0.00660133,769.111,0.0291056,26424.8,25530,42.55,40,111,25.188,52,93,93.05,90,6922,76.9111,86,128,43.5353,115,126,127,1.5625,2,6,1.73092,3,3,6,90.1507
3_-0.09_-0.11_-0.16_-0.17_-0.37_-0.13_-0.19_-0.32_0.05_-0.43,212,248,18.8277,0.0759181,0.638574,184,24,0.641248,3.48334,2.22045e-16,0.464295,202.204,0,0.0185518,9.14881,0.00202779,11.0291,0.0967742,0.808509,-173,0.149194,2,1,0,0,0,0,1.37256,1.06676,10142,0.995032,0.0615082,0.135511,0.448134,0.0615082,0.184402,0.835436,0.835679,0.498301,21,48,0.814736,0.669352,0.145385,0.995032,1.31003,1.3028,3.62374,0.301676,0.0833333,4.57764e-05,0.0765491,9,1024,212,248,170356,215842,29310,8048,36,0.145161,72,0.290323,0.0472422,0.172051,0.00767517,894.222,0.0602519,14841.4,8048,223.556,228,246,11.1267,229,238,246,36,8048,223.556,228,246,11.1267,229,238,246,0.290323,0,1,0.453911,1,1,1,66.9936
3_-0.09_-0.34_-0.39_-0.06_-0.11_-0.37_-0.01_-0.14_0.33_0.13,384,592,28.0486,0.0473794,0.986252,184,196,1.07241,3.34536,1.11022e-16,0.425438,437.3,0.256696,0.0106537,9.37887,0.00113593,13.1486,0.0405405,0.859368,-173,0.353041,2,1,108,0.182432,27,0.0456081,1.29079,1.03539,5,1.71152,0.0595827,0.126063,0.642984,0.0595827,0.178617,0.745977,0.746176,0.406823,21,90,0.771886,0.614954,0.156932,1.71152,2.08212,4.10774,6.9472,0.863629,0.255556,8.58307e-05,0.0756789,9,1024,384,592,216214,350298,70414,19608,2234,3.77365,512,0.864865,0.0906879,0.325668,0.0186996,2178.67,0.0956091,22787.2,92892,41.581,26,219,41.3993,66,102,112.4,100,19608,196.08,19,3020,589.526,102,470,471,7.5473,5.5,23,6.49931,11,18,20,74.9806
3_-0.09_-0.38_0.28_0.22_0.23_0.41_0.28_-0.18_0.47_0.3,544,912,36.8252,0.0403785,1.11711,184,356,0.981403,3.41445,3.88578e-16,0.409991,662.983,0.295168,0.00634918,9.37018,0.000677594,18.32,0.0263158,1.01668,-173,0.404605,2,1,192,0.210526,65,0.0712719,1.56096,1.24545,640,2.28452,0.0382786,0.0927237,0.581297,0.0382786,0.114832,0.428426,0.428471,0.130717,9,151,0.685754,0.380596,0.305158,2.28452,2.31534,3.74393,8.42878,0.886269,0.13245,0.000144005,0.208622,9,1024,544,912,293771,470880,79427,20128,2724,2.98684,792,0.868421,0.068516,0.27037,0.0191956,2236.44,0.0749907,29822.9,173437,63.67,63,235,38.7057,92,108.7,117,142,20128,141.746,33,388,146.952,270,386,386,5.97368,7,21,4.15534,9,10,12,60.8296
3_-0.09_0.03_0.05_-0.12_0.21_0.04_-0.36_0.34_-0.12_-0.3,280,384,29.5602,0.0769796,0.620757,184,92,1.0132,3.38063,3.33067e-16,0.421696,290.492,0.207143,0.0118762,9.14875,0.00129812,12.6886,0.0625,0.878837,-173,0.273438,2,1,36,0.09375,35,0.0911458,1.31814,1.09845,1484,1.89901,0.0522213,0.163466,0.60031,0.0522213,0.156564,0.566617,0.566798,0.14791,9,109,0.714436,0.515318,0.199118,1.89901,2.56753,5.70976,7.9673,0.809268,0.183486,0.000103951,0.12539,9,1024,280,384,276296,354252,50860,12356,360,0.9375,216,0.5625,0.0447202,0.184078,0.0117836,1372.89,0.0549838,24969,18294,50.8167,9,326,82.481,70,175.1,299.05,60,12356,205.933,301.5,412,161.764,327,408,412,1.875,1,5,1.96453,4,5,5,74.2658
3_-0.09_0.2_-0.11_-0.08_-0.29_0.15_0.42_-0.3_0.43_0.34,476,776,34.0808,0.0439186,1.3342,184,288,1.0266,3.75994,1.80411e-14,0.382446,511.175,0.258904,0.00918316,9.32542,0.000984745,15.8532,0.0309278,0.876713,-173,0.387887,2,1,144,0.185567,46,0.0592784,1.3503,1.12525,278,2.92945,0.0601492,0.109444,0.552371,0.0601492,0.180289,0.771349,0.771765,0.259206,9,166,0.723248,0.510439,0.212809,2.92945,3.49073,11.1508,13.8055,0.918595,0.120482,0.00015831,0.14005,9,1024,476,776,269204,448984,91941,45036,2456,3.16495,652,0.840206,0.167293,0.341529,0.0429497,5004,0.173574,28829.3,201172,81.9104,87,2340,164.374,107,121,138.25,90,45036,500.4,144.5,3509,986.95,217,2522.1,2898.55,6.3299,5,27,5.67818,10,13,18,61.3149
3_-0.09_0.39_-0.45_0.31_0.02_0.07_-0.26_-0.25_-0.34_0.28,352,528,32.91,0.0623295,0.591475,184,164,1.07598,3.1387,2.22045e-16,0.414908,399.32,0.441017,0.0114248,9.32474,0.00122521,12.513,0.0454545,0.956026,-173,0.335227,2,1,108,0.204545,24,0.0454545,1.30742,1.12065,305,2.76212,0.0311852,0.099129,0.58906,0.028141,0.0844059,0.736783,0.737615,0.336751,9,256,0.6764,0.374401,0.301999,2.76212,3.12087,7.95021,11.8028,0.813393,0.078125,0.000244141,0.302875,9,1024,352,528,306662,423212,71458,18300,300,0.568182,240,0.454545,0.0596748,0.233019,0.0174522,2033.33,0.0710889,28602.7,37624,125.413,97,538,131.411,113,423,449,44,18300,415.909,26,1478,647.192,1470,1470,1478,1.13636,0,6,1.60384,2,3,4,104.787
3_-0.0_-0.06_-0.17_0.39_0.11_-0.36_-0.37_0.06_0.04_-0.03,304,432,32.8548,0.0760529,0.706421,184,116,1.05102,3.57798,0,0.417068,321.248,0.190789,0.00913644,9.18203,0.000995034,16.1342,0.0555556,0.912447,-173,0.298611,2,1,36,0.0833333,48,0.111111,1.45087,1.17006,79,2.2105,0.0421896,0.099637,0.463505,0.0421896,0.126563,0.592523,0.592582,0.108218,9,124,0.695946,0.396093,0.299852,2.2105,2.05345,2.55125,7.51712,0.950232,0.16129,0.000118256,0.242885,9,1024,304,432,282596,388366,77428,446,120,0.277778,166,0.384259,0.00157822,0.273988,0.000425339,49.5556,0.00184355,26880.5,626,5.21667,4,17,4.1657,7,12,13,92,446,4.84783,3,17,4.7318,7,13,14,0.555556,0,3,0.842542,1,2,3,56.5032
3_-0.0_-0.08_-0.28_-0.46_-0.38_0.13_-0.08_0.07_0.39_-0.18,496,816,31.3981,0.0384781,1.01242,184,308,1.01366,3.19896,4.44089e-15,0.408159,581.743,0.193356,0.00896177,9.33132,0.000960397,15.4448,0.0294118,0.944844,-173,0.393382,2,1,116,0.142157,113,0.13848,1.44078,1.10264,114,1.91519,0.0420685,0.0915874,0.593483,0.0420685,0.126202,0.70049,0.700511,0.376268,9,100,0.749514,0.407492,0.342022,1.91519,1.6412,0.918278,5.61277,0.947209,0.2,9.53674e-05,0.250928,9,1024,496,816,219646,399850,87810,22244,2451,3.00368,647,0.792892,0.101272,0.39978,0.0212135,2471.56,0.101442,24364.2,114223,46.6026,37,245,42.9967,65,106,117,50,22244,444.88,109.5,1111,452.919,1071.75,1106.2,1108.55,6.00735,5,19,5.12992,10,13,17,89.1061
3_-0.0_-0.18_-0.32_0.39_0.3_0.43_0.46_0.28_-0.01_0.08,436,696,30.4798,0.0437929,0.826554,184,248,1.05035,3.83984,1.66533e-16,0.397738,497.54,0.241372,0.0122277,9.37266,0.00130461,11.7834,0.0344828,1.0081,-173,0.375,2,1,108,0.155172,58,0.0833333,1.13492,1.01332,308,1.5346,0.0232458,0.122402,0.631713,0.0104637,0.0313902,0.752306,0.752353,0.361127,44,184,0.693319,0.419155,0.274164,1.5346,1.63247,2.07975,6.16921,0.954446,0.320652,0.000175476,0.0909529,9,1024,436,696,297254,426950,64120,9414,1218,1.75,432,0.62069,0.0316699,0.215708,0.00897789,1046,0.0378845,27610.2,41710,34.2447,26,164,33.9623,47,83.3,113,56,9414,168.107,196.5,300,129.908,294.25,297.5,298.25,3.5,3,10,3.34982,6.25,8,9,97.0292
3_-0.0_-0.33_0.13_0.27_-0.14_-0.48_-0.13_-0.48_0.23_0.37,404,632,40.1773,0.0635717,0.992948,184,216,1.06566,3.70036,1.11022e-16,0.418101,457.352,0.263791,0.0105219,9.37278,0.0011226,14.4588,0.056962,1.01856,-173,0.362342,2,1,104,0.164557,56,0.0886076,1.45308,1.10082,298,2.46261,0.0377836,0.122871,0.539193,0.0377836,0.1132,0.564836,0.564974,0.188682,20,221,0.646286,0.400711,0.245575,2.46261,3.36395,11.4286,12.9203,0.862283,0.140271,0.000210762,0.193121,9,1024,404,632,337756,461578,69174,5796,486,0.768987,338,0.53481,0.0171603,0.204805,0.0055275,644,0.0208749,30850.4,18360,37.7778,40,108,25.8525,52,69,74,99,5796,58.5455,11,530,70.5501,98.5,117,122.6,1.53797,1,8,1.66929,3,3,4,55.1414
3_-0.0_0.12_-0.28_0.15_0.43_-0.25_-0.48_-0.49_0.45_0.02,444,712,42.7299,0.060014,1.12771,184,256,1.04591,3.69653,0,0.418522,516.685,0.370656,0.0148133,9.37075,0.00158081,12.5562,0.0337079,0.985345,-173,0.377809,2,1,120,0.168539,81,0.113764,1.38344,1.04279,224,2.46303,0.0385237,0.104053,0.572829,0.0385237,0.115565,0.611549,0.611582,0.188792,24,190,0.64611,0.374796,0.271314,2.46303,3.02534,8.48236,11.3286,0.788598,0.1,0.000181198,0.195649,9,1024,444,712,332933,493050,87045,18132,888,1.24719,492,0.691011,0.0544614,0.261449,0.017292,2014.67,0.061673,32666.9,72149,81.2489,71,313,51.3323,95,130,152,88,18132,206.045,119,416,156.059,371.25,399.3,412.65,2.49438,2,8,2.36607,5,6,7,102.999
3_-0.0_0.18_-0.27_-0.43_-0.34_-0.12_-0.23_-0.36_-0.02_0.48,400,624,35.887,0.0575113,1.01976,184,212,1.06722,3.86841,0,0.413617,455.462,0.263095,0.00657293,9.37131,0.000701388,17.8751,0.0384615,0.989511,-173,0.360577,2,1,108,0.173077,74,0.11859,1.69509,1.31743,1101,2.00172,0.0372305,0.136214,0.601224,0.0319977,0.0959883,0.619779,0.620252,0.214069,21,156,0.69121,0.387672,0.303537,2.00172,2.40278,4.5613,8.4026,0.763373,0.128205,0.000148773,0.180937,9,1024,400,624,284798,426598,77150,17392,1082,1.73397,488,0.782051,0.0610678,0.270894,0.0165863,1932.44,0.068265,28308,45582,42.1275,17,164,45.2653,71,118,139,114,17392,152.561,140,479,177.284,161,472,476,3.46795,4,9,2.74135,6,7,9,75.2378
3_-0.0_0.35_0.45_-0.12_-0.18_-0.09_0.47_-0.32_-0.46_-0.4,488,800,47.8406,0.0598007,0.926541,184,300,1.01889,3.89608,8.32667e-16,0.405463,564.5,0.354996,0.0140943,9.33067,0.00151053,11.7938,0.03,0.966807,-173,0.39125,2,1,164,0.205,67,0.08375,1.2971,1.02403,729,2.55401,0.0340815,0.0932049,0.627096,0.0207119,0.0621309,0.484785,0.484861,0.172167,8,260,0.587198,0.267868,0.31933,2.55401,3.74886,13.7345,15.0906,0.700495,0.0730769,0.000247955,0.275051,9,1024,488,800,397290,573088,91869,25036,988,1.235,580,0.725,0.0630169,0.231239,0.0238762,2781.78,0.0726579,38286,71992,72.8664,90.5,352,62.2444,102,137,177.3,164,25036,152.659,108,393,110.178,218,249,385,2.47,2,8,2.07945,4,5,6,149.657
3_-0.11_-0.03_-0.14_-0.29_-0.45_0.49_-0.47_0.45_-0.11_0.47,316,456,28.5044,0.0625096,0.60264,184,128,1.06221,3.70046,1.66533e-16,0.416935,344.069,0.101266,0.0152412,9.40329,0.00162084,11.4042,0.0526316,0.968802,-173,0.309211,2,1,24,0.0526316,33,0.0723684,1.20284,1.00796,407,1.63779,0.035697,0.139007,0.590563,0.0127296,0.0381889,0.462838,0.462838,0.206517,48,138,0.710161,0.367626,0.342535,1.63779,2.20758,4.26869,6.93671,0.686398,0.166667,0.000131607,0.12969,9,1024,316,456,266530,359576,58128,10988,240,0.526316,168,0.368421,0.0412261,0.218092,0.010479,1220.89,0.0504196,24214.6,18264,76.1,32,381,99.4209,96.5,151.2,354,24,10988,457.833,462,490,26.5952,487,488.7,489,1.05263,0,4,1.46803,3,3,4,96.1366
3_-0.11_-0.21_0.33_-0.41_-0.02_-0.02_-0.44_0.0_0.33_-0.43,352,528,36.3838,0.0689088,0.833245,184,164,1.07598,3.56921,8.88178e-16,0.437099,398.934,0.382305,0.0132301,9.18664,0.00144015,12.8035,0.0454545,0.87968,-173,0.335227,2,1,100,0.189394,29,0.0549242,1.37059,1.06522,984,1.94014,0.0506802,0.116139,0.544349,0.0506802,0.151994,0.689789,0.689888,0.190568,16,141,0.682779,0.532501,0.150278,1.94014,3.5096,13.4884,10.4659,0.675906,0.134752,0.000134468,0.139095,9,1024,352,528,312542,423070,63666,7370,764,1.44697,390,0.738636,0.0235808,0.203704,0.00702858,818.889,0.0285593,28673.3,34777,45.5196,29.5,147,43.3867,86,110,119,82,7370,89.878,31,192,71.4746,165,181.7,187.95,2.89394,3,9,2.47183,5,6,7,79.7625
3_-0.11_0.05_-0.41_0.41_0.36_-0.08_0.22_-0.26_0.49_-0.28,388,600,30.7605,0.0512674,0.921456,184,200,1.07129,4.07762,1.11022e-16,0.425836,445.436,0.17673,0.0159613,9.19743,0.00173541,11.9467,0.04,0.926221,-173,0.355,2,1,68,0.113333,25,0.0416667,1.36363,1.12182,628.5,2.24129,0.0307331,0.106467,0.530592,0.0307331,0.0921974,0.978042,0.978088,0.616142,17,192,0.704484,0.366663,0.337821,2.24129,2.56743,4.95294,8.376,0.773885,0.104167,0.000183105,0.125298,9,1024,388,600,282690,389972,56564,5342,464,0.773333,248,0.413333,0.018897,0.200092,0.00509453,593.556,0.0231523,25637,38854,83.7371,85,118,11.1583,91,98,102.85,40,5342,133.55,167,176,45.1608,168,176,176,1.54667,0,6,2.12473,2,5,5,88.208
3_-0.11_0.06_0.47_0.14_-0.47_-0.3_-0.22_-0.35_0.02_-0.45,348,520,36.4194,0.0700373,0.860039,184,160,1.07558,3.79288,1.11022e-16,0.420865,375.971,0.145594,0.0215794,9.41778,0.00229135,9.69876,0.0461538,0.949115,-173,0.332692,2,1,48,0.0923077,20,0.0384615,1.30788,1.00606,2035,1.40435,0.0297108,0.173629,0.594341,0.0297108,0.0890274,0.726043,0.727385,0.306294,24,138,0.672009,0.375489,0.29652,1.40435,2.25306,4.84947,6.10123,0.617778,0.166667,0.000131607,0.227985,9,1024,348,520,315372,419769,60733,7284,592,1.13846,350,0.673077,0.0230965,0.192576,0.00694656,809.333,0.0284991,28398.6,25912,43.7703,25,169,42.5433,56,134,142,112,7284,65.0357,23,311,100.907,45.25,309.9,310,2.27692,2,9,2.34854,3,6,7,117.939
3_-0.11_0.0_-0.27_-0.43_-0.16_0.24_0.15_-0.0_0.48_-0.17,428,680,31.5205,0.0463536,0.948888,184,240,1.05458,3.12268,0,0.413673,490.032,0.242991,0.0103063,9.39712,0.00109676,14.141,0.0352941,0.932365,-173,0.372059,2,1,88,0.129412,55,0.0808824,1.48258,1.15227,274,2.21025,0.0383215,0.115031,0.601124,0.0359497,0.107823,0.589931,0.590202,0.241709,21,152,0.71802,0.38538,0.332641,2.21025,2.22553,3.33943,8.1124,0.860072,0.131579,0.000144958,0.201102,9,1024,428,680,255524,390628,71468,10730,916,1.34706,412,0.605882,0.0419921,0.279692,0.0102329,1192.22,0.0479898,24843.2,54630,59.6397,58,204,42.0237,77,111.5,118,60,10730,178.833,178.5,544,187.987,372,528.4,541,2.69412,2,10,3.18461,3,8,10,77.0234
3_-0.11_0.11_0.09_-0.42_-0.21_-0.26_-0.06_-0.04_-0.21_-0.37,256,336,26.6458,0.0793031,0.622791,184,68,0.944208,3.26227,0,0.456576,274.472,0.421503,0.012189,9.18796,0.00132662,12.7506,0.0714286,0.856556,-173,0.241071,2,1,60,0.178571,0,0,1.67067,1.30521,13785,1.20577,0.053421,0.166148,0.537022,0.053421,0.160261,0.699112,0.699118,0.232901,21,60,0.758747,0.533916,0.224831,1.20577,1.30271,0.989421,4.22441,0.582679,0.183333,5.72205e-05,0.15717,9,1024,256,336,221826,299936,51519,8356,228,0.678571,204,0.607143,0.0376692,0.23225,0.0079689,928.444,0.0439899,21105.9,17372,76.193,61,330,81.5174,68,180,329,60,8356,139.267,70,396,155.664,395,396,396,1.35714,1,6,1.50113,2,3,4,53.6222
3_-0.11_0.19_0.43_-0.02_0.44_-0.02_0.41_-0.46_-0.28_0.25,492,808,35.6014,0.0440611,1.01775,184,304,1.01628,3.78289,3.33067e-16,0.406971,584.111,0.238289,0.0106474,9.33035,0.00114116,14.1533,0.029703,0.927035,-173,0.392327,2,1,132,0.163366,75,0.0928218,1.38015,1.05624,345,2.43685,0.0424662,0.099277,0.569264,0.0319366,0.0958061,0.814412,0.814458,0.257248,9,162,0.699314,0.333723,0.365591,2.43685,2.41121,4.13788,9.83752,0.914562,0.123457,0.000154495,0.260543,9,1024,492,808,270814,438304,81598,23112,1573,1.94678,704,0.871287,0.0853427,0.301306,0.0220413,2568,0.092819,27666.7,99366,63.1697,56,260,50.6225,99,119,133,212,23112,109.019,38.5,387,128.7,193,364.9,372,3.89356,3,11,2.8356,5,8,9,100.906
3_-0.11_0.27_-0.28_-0.4_0.44_-0.4_0.11_-0.08_-0.43_-0.16,332,488,38.2966,0.0784767,0.803002,184,144,1.07141,3.32618,0,0.415565,344.026,0.310958,0.0106865,9.3536,0.0011425,14.125,0.0737705,0.920264,-173,0.321721,2,1,104,0.213115,25,0.0512295,1.30461,1.02996,3964,1.27751,0.0585852,0.135691,0.59482,0.0585852,0.175379,0.655892,0.655993,0.164487,24,64,0.694373,0.514475,0.179898,1.27751,2.51499,5.79162,5.39976,0.484701,0.125,6.10352e-05,0.131563,9,1024,332,488,307030,446136,94230,14804,720,1.47541,400,0.819672,0.0482168,0.306908,0.0141182,1644.89,0.05364,30665.4,37650,52.2917,33.5,524,80.23,76.25,102.1,126.05,144,14804,102.806,71,559,166.081,85,554,556.85,2.95082,3,7,2.05599,5,6,6,65.9795
3_-0.11_0.31_0.21_0.39_0.06_-0.28_0.4_0.05_-0.29_0.14,556,936,37.1023,0.0396392,1.27533,184,368,0.973246,3.50074,4.44089e-15,0.410749,702.512,0.243234,0.00878499,9.35612,0.000938957,14.6056,0.025641,0.923991,-173,0.407051,2,1,168,0.179487,73,0.0779915,1.25891,1.06088,44,1.64754,0.0339575,0.119085,0.622679,0.00966644,0.0289993,0.320899,0.320899,0.121579,21,140,0.662753,0.291542,0.371211,1.64754,2.36888,5.10538,7.17318,0.65353,0.164286,0.000133514,0.14578,9,1024,556,936,318068,507456,79572,55206,6928,7.40171,852,0.910256,0.173567,0.250173,0.0526485,6134,0.193255,31740.5,622948,89.9174,84,711,54.53,98,110,118,80,55206,690.075,724.5,3397,748.025,745.25,1363.1,1466.6,14.8034,5,55,17.6135,18,45,50,70.5511
3_-0.12_-0.09_0.25_-0.34_0.05_-0.32_-0.19_0.48_0.12_-0.11,260,344,28.9635,0.0841963,0.891535,184,72,0.958637,3.78952,5.55112e-17,0.427219,254.167,0.123077,0.0100092,9.18853,0.00108931,15.4977,0.0697674,0.837394,-173,0.247093,2,1,24,0.0697674,15,0.0436047,1.84552,1.5045,433,1.29903,0.0292997,0.186548,0.472064,0.0118961,0.0356846,0.785383,0.785469,0.3556,24,120,0.713789,0.286398,0.427391,1.29903,1.07473,0.224382,4.92578,0.598764,0.191667,0.000114441,0.129001,9,1024,260,344,269450,340128,45611,10110,288,0.837209,244,0.709302,0.0375209,0.169274,0.00964165,1123.33,0.0469464,23928,14518,50.4097,23,241,61.0505,98.25,130,135,76,10110,133.026,108.5,481,156.574,127,478.5,481,1.67442,1,6,1.72493,3,4,5,144.142
3_-0.12_-0.17_-0.41_0.16_-0.32_-0.4_-0.46_0.38_-0.22_-0.42,656,1136,40.7205,0.0358455,1.44303,184,468,0.906842,3.47377,1.38778e-15,0.406985,822.29,0.252904,0.00606901,9.373,0.0006475,16.3174,0.0211268,0.975537,-173,0.423415,2,1,216,0.190141,120,0.105634,1.33912,1.04619,106,2.32259,0.0499659,0.135869,0.694052,0.0499659,0.149775,0.490721,0.49112,0.13486,21,147,0.686904,0.461906,0.224998,2.32259,2.85932,7.61348,10.6929,0.841972,0.136054,0.00014019,0.182701,9,1024,656,1136,297670,531532,85246,25428,24128,21.2394,1016,0.894366,0.0854235,0.286378,0.02425,2825.33,0.0875268,32279.6,1.38413e+06,57.3661,56,571,38.9517,77,97,106,78,25428,326,19,2811,681.262,106,1179.9,1427.2,42.4789,29,100,40.3804,93,97,97,45.5631
3_-0.12_-0.23_-0.36_-0.19_0.06_-0.28_0.26_-0.44_-0.08_0.38,360,544,31.2356,0.0574183,0.762394,184,172,1.07615,3.84878,0,0.427675,403.187,0.362698,0.0121044,9.37817,0.0012907,13.2686,0.0441176,0.914444,-173,0.340074,2,1,92,0.169118,57,0.104779,1.30172,1.00648,146.5,2.24939,0.0535393,0.111468,0.501703,0.0535393,0.160583,0.716651,0.717522,0.248293,21,152,0.722154,0.548605,0.173549,2.24939,3.01493,9.61336,11.269,0.93977,0.203947,0.000144958,0.116402,9,1024,360,544,264118,372072,62868,5336,232,0.426471,188,0.345588,0.0202031,0.23803,0.00508881,592.889,0.0242157,24483.6,10008,43.1379,18,154,42.7516,76,101.4,130.7,36,5336,148.222,97,233,70.7417,226,231,232.25,0.852941,0,4,1.33686,1,3,4,59.5667
3_-0.12_-0.23_-0.47_-0.2_0.15_-0.44_0.32_-0.5_-0.27_-0.09,244,312,31.4408,0.100772,0.608491,184,56,0.891609,3.62251,1.11022e-16,0.458293,239.879,0.0874317,0.0168788,9.38817,0.00179788,11.171,0.0769231,0.79943,-173,0.221154,2,1,16,0.0512821,33,0.105769,1.59548,1.19661,1324,1.36033,0.051877,0.144795,0.54575,0.051877,0.155595,0.636114,0.636459,0.200332,24,74,0.723856,0.549085,0.174771,1.36033,1.75756,2.77649,5.3034,0.75928,0.256757,7.05719e-05,0.151423,9,1024,244,312,260397,337474,56547,4526,180,0.576923,192,0.615385,0.0173812,0.217157,0.00431633,502.889,0.021056,23883.4,8866,49.2556,36,148,31.1728,55,65,138,56,4526,80.8214,62,148,39.8963,137,145,148,1.15385,1,5,1.20976,2,3,3,43.1664
3_-0.12_-0.34_0.1_0.44_0.37_-0.09_-0.23_0.32_-0.41_0.33,384,592,38.1374,0.0644213,0.833484,184,196,1.07241,3.62058,1.11022e-16,0.391821,411.32,0.246528,0.0130715,9.61359,0.00135969,11.4564,0.0405405,0.95582,-173,0.353041,2,1,96,0.162162,34,0.0574324,1.50767,1.22907,205,2.23269,0.0368166,0.118871,0.657526,0.0189199,0.0566816,0.284885,0.285276,0.0899462,21,181,0.658601,0.308739,0.349862,2.23269,2.50264,5.4983,10.1181,0.939007,0.176796,0.000172615,0.1519,9,1024,384,592,319405,459634,85661,23148,926,1.56419,384,0.648649,0.0724723,0.268189,0.0220757,2572,0.0815707,31530.9,51556,55.676,27,360,79.9535,63.75,107,303,106,23148,218.377,338,499,192.311,354,471,481.25,3.12838,2,11,3.15593,6,7,9,66.7053
3_-0.12_-0.41_0.14_0.13_0.25_0.23_-0.05_-0.43_0.23_-0.03,388,600,32.8567,0.0547611,0.991512,184,200,1.07129,3.85922,2.22045e-16,0.406182,420.446,0.28326,0.012062,9.20062,0.00131099,13.4821,0.04,0.886077,-173,0.355,2,1,104,0.173333,37,0.0616667,1.42181,1.10503,725,1.82556,0.0352316,0.099841,0.525321,0.0352316,0.105668,0.569188,0.569354,0.213755,17,156,0.700245,0.395216,0.305029,1.82556,2.4453,5.24479,7.84887,0.692136,0.128205,0.000148773,0.166184,9,1024,388,600,281346,390896,56662,7792,670,1.11667,462,0.77,0.0276954,0.201396,0.00743103,865.778,0.0334337,25895.4,31724,47.3493,26,163,44.5473,101,109,116,96,7792,81.1667,62,175,57.8525,153.75,173,174,2.23333,2.5,7,1.59965,3,5,5,71.0128
3_-0.12_-0.4_-0.13_-0.19_0.23_0.36_-0.14_-0.04_0.43_-0.12,308,440,34.8637,0.0792357,0.749234,184,120,1.05522,3.65335,1.05471e-15,0.428354,326.97,0.170686,0.00988088,9.36308,0.0010553,14.5304,0.0545455,0.854705,-173,0.302273,2,1,56,0.127273,20,0.0454545,2.01243,1.58876,762,2.32347,0.0445213,0.151029,0.557205,0.0445213,0.133546,0.658755,0.659067,0.146222,9,157,0.684522,0.42236,0.262161,2.32347,2.69331,6.24688,10.2113,0.852611,0.127389,0.000149727,0.196762,9,1024,308,440,299229,399712,63719,11242,376,0.854545,248,0.563636,0.0375699,0.212944,0.0107212,1249.11,0.0447708,27900.1,25872,68.8085,30,411,82.6863,114,136,170,72,11242,156.139,131,429,149.191,140,425.4,427.35,1.70909,1,7,2.06858,3,5,6,50.7232
3_-0.13_-0.05_-0.17_-0.05_0.09_0.17_0.36_-0.43_-0.38_0.2,520,864,34.1367,0.0395101,1.04826,184,332,0.997659,3.68999,1.66533e-16,0.405008,627.933,0.347253,0.00972394,9.18989,0.00105811,15.0993,0.0277778,0.989005,-173,0.399306,2,1,152,0.175926,65,0.0752315,1.39951,1.08771,160,2.57718,0.039999,0.118257,0.562471,0.0375204,0.112559,0.746977,0.746987,0.36544,9,181,0.719152,0.384258,0.334894,2.57718,2.60355,5.07859,10.0672,0.905569,0.110497,0.000172615,0.222627,9,1024,520,864,252642,430522,88908,19182,864,1,624,0.722222,0.0759256,0.351913,0.0182934,2131.33,0.0791611,26924,61604,71.3009,71,253,55.5391,91,123,201,165,19182,116.255,36,619,197.309,123,552,587,2,2,5,1.69695,3,5,5,103.241
3_-0.13_-0.05_0.44_-0.46_0.37_0.22_-0.49_-0.13_-0.19_-0.2,456,736,38.9926,0.0529791,1.1088,184,268,1.03893,3.67187,4.44089e-16,0.419185,546.537,0.266082,0.0161671,9.40203,0.00171954,12.7622,0.0326087,0.994537,-173,0.381793,2,1,116,0.157609,26,0.0353261,1.30667,1,443,1.94626,0.0295038,0.0779314,0.506383,0.0273733,0.0821161,0.720056,0.720142,0.329756,9,226,0.6647,0.350794,0.313906,1.94626,3.12714,10.0614,10.0314,0.56807,0.0840708,0.00021553,0.156409,9,1024,456,736,320696,464580,67458,17800,1263,1.71603,592,0.804348,0.0555043,0.210349,0.0169754,1977.78,0.0653468,30265.9,58523,46.3365,22,190,50.6185,90,119,151,132,17800,134.848,164.5,212,69.0327,194,200,206,3.43207,3,11,2.81219,5,8,9,144.871
3_-0.13_-0.26_0.08_-0.41_0.26_0.07_0.49_-0.42_-0.4_0.11,480,784,40.374,0.0514975,0.921416,184,292,1.02405,3.76991,5.55112e-17,0.424291,586.547,0.292857,0.00968913,9.36316,0.00103481,14.1367,0.0306122,0.943112,-173,0.389031,2,1,152,0.193878,58,0.0739796,1.54632,1.20806,402,2.50293,0.0494318,0.118659,0.5717,0.0494318,0.148294,0.635264,0.635267,0.252555,33,206,0.671863,0.506861,0.165002,2.50293,4.16448,18.718,15.1563,0.763144,0.135922,0.000196457,0.239871,9,1024,480,784,320544,486904,76582,31380,1884,2.40306,698,0.890306,0.0978961,0.238913,0.0299263,3486.67,0.108971,31996.3,108352,57.5117,40,436,66.5097,77,108,188,80,31380,392.25,114,1182,459.191,913.25,1165.1,1170,4.80612,5,15,3.37468,7,9,11,70.4752
3_-0.13_-0.33_-0.15_-0.03_-0.4_0.04_0.31_0.01_0.17_-0.42,364,552,30.0338,0.054409,1.0705,184,176,1.07594,3.35215,0,0.41312,389.824,0.214024,0.0160974,9.33003,0.00172533,11.831,0.0434783,0.792922,-173,0.342391,2,1,80,0.144928,24,0.0434783,1.29479,1.01155,657,1.94071,0.0523863,0.106794,0.57245,0.0523863,0.157152,0.838102,0.838911,0.547712,9,92,0.784649,0.471582,0.313066,1.94071,1.75743,1.52524,6.14229,0.96959,0.217391,8.7738e-05,0.22323,9,1024,364,552,187688,365768,80232,44138,3264,5.91304,512,0.927536,0.235167,0.427475,0.0420933,4904.22,0.206209,23782.7,237002,72.6109,47,741,94.2542,86.25,120,219,40,44138,1103.45,157.5,7305,2131.65,1428.25,2029.2,7305,11.8261,9,37,10.2285,15,32,34,90.3088
3_-0.13_-0.33_0.36_0.05_0.42_-0.1_-0.48_0.31_-0.44_0.24,312,448,36.8797,0.0823207,0.678843,184,124,1.05894,3.7415,2.22045e-16,0.408067,321.639,0.241453,0.0148045,9.56394,0.00154795,11.7999,0.0535714,0.932215,-173,0.305804,2,1,44,0.0982143,50,0.111607,1.42192,1.16551,990,1.94498,0.0381098,0.133203,0.526132,0.0381098,0.114247,0.785487,0.786469,0.211388,9,157,0.66797,0.390956,0.277014,1.94498,2.60961,6.27632,8.95735,0.822353,0.178344,0.000149727,0.198326,9,1024,312,448,321584,437698,77936,10848,332,0.741071,320,0.714286,0.033733,0.24235,0.0103455,1205.33,0.0393248,30650.7,22934,69.0783,46,331,70.9639,109,123,126,168,10848,64.5714,16,408,117.745,38,125,408,1.48214,1,5,1.30919,3,3,3,96.8837
3_-0.13_0.07_-0.37_-0.06_0.42_0.09_-0.37_0.33_0.04_0.1,376,576,31.7616,0.0551416,1.65417,184,188,1.07427,3.0883,2.22045e-15,0.398102,404.788,0.161094,0.0105361,9.37197,0.00112421,13.5402,0.0416667,0.741526,-173,0.348958,2,1,72,0.125,78,0.135417,1.11689,1.07393,614,1.79328,0.0729332,0.131153,0.580735,0.0729332,0.218575,0.738613,0.738751,0.0981602,9,48,0.739951,0.660992,0.0789595,1.79328,1.56265,0.502918,4.73111,0.883795,0.1875,4.57764e-05,0.049664,9,1024,376,576,264785,459220,117051,21587,4532,7.86806,572,0.993056,0.0815265,0.442061,0.020587,2398.56,0.0772938,31031.7,404458,89.2449,92,368,42.71,103,115,138,60,21587,359.783,239,1441,319.498,328.25,612.2,1441,15.7361,7,47,16.2027,34,45,45,75.9874
3_-0.13_0.08_-0.26_-0.5_-0.11_0.49_-0.15_0.09_-0.24_-0.02,340,504,32.0327,0.0635569,0.902892,184,152,1.07404,3.59846,1.11022e-16,0.409473,364.343,0.280112,0.010476,9.36965,0.00111808,13.8991,0.047619,0.922934,-173,0.327381,2,1,88,0.174603,24,0.047619,1.73736,1.30302,1494,1.805,0.0435076,0.121819,0.56852,0.0290556,0.0871344,0.482065,0.48219,0.119126,9,112,0.698652,0.328249,0.370403,1.805,1.90516,2.20614,6.97464,0.849477,0.178571,0.000106812,0.259619,9,1024,340,504,270394,367860,52441,9848,1297,2.57341,392,0.777778,0.0364209,0.193943,0.00939178,1094.22,0.0448969,24371.9,40165,30.9676,17,114,28.5081,53,76,82,48,9848,205.167,65,1481,392.884,118.75,267,1478.65,5.14683,3,17,5.2767,8,15,16,70.4915
3_-0.13_0.13_-0.36_0.38_-0.11_0.1_0.13_0.27_-0.44_0.16,304,432,28.5747,0.066145,0.609484,184,116,1.05102,3.67959,6.66134e-16,0.422319,338.468,0.576441,0.0111606,9.18165,0.00121553,12.5941,0.0555556,0.919359,-173,0.298611,2,1,108,0.25,0,0,1.06497,1.04637,298,2.11968,0.0336399,0.150306,0.645469,0.0336399,0.10092,0.848794,0.848984,0.492456,21,176,0.708964,0.545233,0.163732,2.11968,2.38835,4.86692,8.35109,0.921806,0.181818,0.000167847,0.206638,9,1024,304,432,291470,410646,85004,5854,144,0.333333,216,0.5,0.0200844,0.291639,0.00558281,650.444,0.0228277,28493.6,11444,79.4722,81.5,95,14.1882,94,94,94,72,5854,81.3056,82.5,95,12.9675,94,94,94.45,0.666667,0.5,2,0.745356,1,2,2,76.8935
3_-0.13_0.31_0.23_-0.07_0.35_-0.46_0.21_0.06_-0.41_-0.11,448,720,36.4504,0.0506256,0.854408,184,260,1.04362,3.90074,1.66533e-16,0.428022,558.459,0.212585,0.00966296,9.33133,0.00103554,14.6976,0.0333333,1.01189,-173,0.379167,2,1,108,0.15,64,0.0888889,1.38892,1.06295,703.5,2.38561,0.0405378,0.0985899,0.583209,0.0316381,0.0949097,0.853842,0.853942,0.446399,9,180,0.690493,0.331287,0.359205,2.38561,2.66063,5.64489,10.5675,0.844242,0.111111,0.000171661,0.26992,9,1024,448,720,282068,437992,84282,11347,1448,2.01111,676,0.938889,0.0402279,0.2988,0.0108213,1260.78,0.0445484,28301.3,45413,31.3626,20,126,30.4426,56,72,97,212,11347,53.5236,8,576,134.325,31,192,570,4.02222,3,13,2.68526,6,7,8,128.37
3_-0.14_-0.14_0.05_0.47_-0.03_-0.49_0.33_0.42_-0.44_-0.03,688,1200,50.6944,0.0422453,0.889278,184,500,0.88669,3.59207,0,0.392935,849.68,0.349668,0.00961775,9.36979,0.00102646,15.6383,0.02,1.09627,-173,0.4275,2,1,252,0.21,86,0.0716667,1.32732,1.0005,619,2.95378,0.0401459,0.0844802,0.58541,0.00817204,0.0245142,0.641243,0.641372,0.223994,4,334,0.590504,0.243916,0.346588,2.95378,5.44793,31.2274,22.7073,0.614211,0.0568862,0.000318527,0.273808,9,1024,688,1200,387322,622214,97294,23595,2836,2.36333,868,0.723333,0.0609183,0.251197,0.0225019,2621.67,0.0676131,38774.5,157410,55.5042,56,190,37.4232,81,104,121,112,23595,210.67,186,417,129.859,262.5,410.7,413,4.72667,4,13,4.07537,9,11,11,237.732
3_-0.14_-0.14_0.13_-0.12_-0.14_-0.09_-0.3_0.33_-0.35_-0.28,332,488,27.7921,0.0569511,0.889694,184,144,1.07141,3.43212,1.11022e-16,0.422104,367.509,0.377223,0.0119403,9.19513,0.00129855,12.3445,0.0491803,0.902298,-173,0.321721,2,1,88,0.180328,23,0.0471311,1.22799,1.03482,3361,1.8775,0.0622997,0.0980435,0.614046,0.0622997,0.186781,0.70417,0.704449,0.20058,9,92,0.734367,0.598196,0.136171,1.8775,2.67818,6.11875,7.80478,0.690564,0.130435,8.7738e-05,0.105788,9,1024,332,488,260728,357286,54752,13634,516,1.05738,348,0.713115,0.052292,0.209997,0.0130024,1514.89,0.0638125,23739.7,44470,86.1822,94,277,61.0858,106,114,260,60,13634,227.233,285.5,308,85.8734,300,306,308,2.11475,2,6,1.64564,3,4,4,70.4761
3_-0.14_-0.26_0.26_0.22_0.18_-0.45_0.05_-0.4_-0.09_0.06,220,264,29.5914,0.112088,0.509064,184,32,0.72529,3.67118,0,0.453946,211.783,0,0.0125796,9.14884,0.00137499,13.3479,0.0909091,0.828472,-173,0.170455,2,1,0,0,12,0.0454545,1.77467,1.36513,1076,1.7528,0.0415964,0.193975,0.489564,0.0415964,0.124755,0.441098,0.441417,0.101053,9,96,0.703398,0.396741,0.306657,1.7528,1.66624,1.13924,5.67709,0.895426,0.208333,9.15527e-05,0.234432,9,1024,220,264,270966,322524,37232,7116,116,0.439394,136,0.515152,0.0262616,0.137405,0.00678635,790.667,0.0342201,23105.3,11468,98.8621,131,166,61.1531,137,163.5,165,100,7116,71.16,10,182,80.6472,164,180,180,0.878788,1,4,1.14832,1,3,4,38.9338
3_-0.14_-0.3_0.31_0.35_0.05_-0.46_-0.13_-0.26_-0.22_0.16,304,432,36.7004,0.0849547,0.645632,184,116,1.05102,3.73798,5.55112e-17,0.424566,322.738,0.137845,0.0108578,9.18636,0.00118195,13.1802,0.0555556,0.909847,-173,0.298611,2,1,48,0.111111,51,0.118056,1.92081,1.47,1019,1.75793,0.0419626,0.151282,0.592788,0.0309753,0.0929193,0.517867,0.518076,0.138319,9,104,0.680596,0.322031,0.358565,1.75793,1.75054,1.5225,6.41219,0.866457,0.192308,9.91821e-05,0.270376,9,1024,304,432,290952,408490,80478,32134,268,0.62037,296,0.685185,0.110444,0.276602,0.0306454,3570.44,0.125326,28489.2,45094,168.261,101,887,223.815,114,655,664.3,60,32134,535.567,827,901,399.027,875,887,894.05,1.24074,1,5,1.36674,1,3,5,65.8882
3_-0.14_-0.46_0.42_0.16_-0.05_0.13_0.24_-0.36_-0.01_-0.39,460,744,34.888,0.0468924,1.10454,184,272,1.03652,3.63752,1.11022e-16,0.416457,540.437,0.257971,0.012287,9.61777,0.00127754,12.0228,0.0322581,0.973987,-173,0.383065,2,1,104,0.139785,86,0.115591,1.31168,1.00383,188,2.39291,0.048192,0.0902768,0.648644,0.048192,0.144455,0.637951,0.637983,0.212567,17,180,0.704689,0.466822,0.237867,2.39291,3.2423,10.5393,12.3098,0.862471,0.155556,0.000171661,0.190358,9,1024,460,744,279207,419116,61653,15697,1953,2.625,550,0.739247,0.0562199,0.220815,0.0149698,1744.11,0.0644363,27067.2,92219,47.2192,45,174,33.5266,67,90,103,48,15697,327.021,312,584,213.891,570.25,576.6,580.65,5.25,5,16,4.15323,8,11,12,79.8646
3_-0.14_0.26_0.34_-0.26_0.38_-0.04_0.02_-0.06_0.35_-0.17,456,736,28.1533,0.0382517,1.19238,184,268,1.03893,3.65696,5.55112e-17,0.406022,524.994,0.318505,0.00849957,9.33907,0.000910109,15.3832,0.0326087,0.943711,-173,0.381793,2,1,148,0.201087,67,0.0910326,1.35693,1.15647,325,2.22586,0.0599642,0.0997189,0.604937,0.0599642,0.179726,0.604184,0.604254,0.210758,21,113,0.745673,0.564689,0.180984,2.22586,2.68997,6.15471,9.08703,0.87535,0.176991,0.000107765,0.103616,9,1024,456,736,245316,383684,65070,15004,1024,1.3913,512,0.695652,0.0611619,0.26525,0.0143089,1667.11,0.0685842,24307.5,51976,50.7578,42,157,38.9635,77,109,130,96,15004,156.292,72.5,525,189.06,254.5,524,525,2.78261,2,10,2.57845,5,5,7,73.376
3_-0.14_0.28_0.34_-0.3_0.39_-0.28_-0.01_-0.34_0.04_-0.48,220,264,28.354,0.107402,0.680689,184,32,0.72529,3.91969,0,0.468815,218.718,0.135931,0.0122557,9.18014,0.00133503,14.3023,0.0909091,0.813582,-173,0.170455,2,1,24,0.0909091,0,0,2.09715,1.58875,1789.5,1.44676,0.0448904,0.165442,0.352344,0.0448904,0.134665,0.646412,0.646454,0.261294,21,84,0.740577,0.454178,0.286399,1.44676,1.59547,1.36153,5.0917,0.778297,0.22619,8.01086e-05,0.198659,9,1024,220,264,233666,302480,54922,5556,260,0.984848,204,0.772727,0.0237775,0.235045,0.00529861,617.333,0.0284477,21700.7,8388,32.2615,18,218,55.0711,20,127,214,124,5556,44.8065,20,231,71.3088,21.25,228,230,1.9697,2,5,1.34806,2,4,5,61.5815
3_-0.14_0.39_-0.13_-0.23_0.13_-0.11_-0.47_0.07_-0.36_-0.05,352,528,33.3438,0.063151,0.712958,184,164,1.07598,3.4398,0,0.407429,383.776,0.314123,0.00980472,9.3664,0.0010468,14.4515,0.0454545,0.916801,-173,0.335227,2,1,92,0.174242,40,0.0757576,1.18451,1.02703,557,2.49951,0.0609818,0.143804,0.570848,0.0609818,0.1828,0.764308,0.764508,0.177343,9,128,0.714248,0.560444,0.153804,2.49951,3.10228,8.45532,10.9285,0.887479,0.15625,0.00012207,0.154011,9,1024,352,528,281656,433764,93976,26556,552,1.04545,348,0.659091,0.0942852,0.333655,0.0253258,2950.67,0.100765,29282.6,67656,122.565,93,759,145.631,132.25,213,224,60,26556,442.6,157,920,386.145,910,918.2,920,2.09091,2,7,2.09781,3,5,6,100.952
3_-0.14_0.43_0.16_-0.29_-0.02_-0.35_-0.24_-0.27_0.17_0.15,340,504,27.7186,0.0549973,0.82365,184,152,1.07404,3.0327,0,0.431074,386.74,0.27423,0.0147495,9.18818,0.00160527,11.183,0.047619,0.961592,-173,0.327381,2,1,84,0.166667,36,0.0714286,1.26003,1.02164,296,2.31146,0.0443249,0.122129,0.592362,0.0443249,0.132969,0.768628,0.768674,0.293068,21,164,0.739989,0.464403,0.275586,2.31146,2.61396,5.68233,9.82349,0.838688,0.121951,0.000156403,0.203224,9,1024,340,504,239512,342280,62848,3160,246,0.488095,242,0.480159,0.0131935,0.2624,0.00301361,351.111,0.0154093,22785.7,4966,20.187,4,126,35.1416,28,35,121,120,3160,26.3333,1,131,50.1822,3,126.1,129,0.97619,0,6,1.36547,2,3,3,75.5915
3_-0.14_0.44_-0.3_-0.4_-0.28_-0.05_-0.38_0.0_0.02_-0.4,396,616,34.566,0.0561136,1.1273,184,208,1.06868,3.83216,2.22045e-16,0.401498,426.986,0.233766,0.0109635,9.36985,0.00117008,14.0726,0.0779221,0.911046,-173,0.358766,2,1,96,0.155844,72,0.116883,1.49112,1.1772,1916,1.46893,0.0542631,0.119953,0.530494,0.0542631,0.16261,0.619006,0.619329,0.193516,21,82,0.725238,0.526907,0.198331,1.46893,2.3368,5.03685,6.13533,0.516001,0.109756,7.82013e-05,0.0996167,9,1024,396,616,274008,419436,75520,27890,2156,3.5,584,0.948052,0.101785,0.275612,0.026598,3098.89,0.111936,27684.4,108644,50.3915,32,493,60.2677,64,114,152,32,27890,871.562,34.5,4659,1502.77,1104.5,4302.1,4658,7,5,27,6.8972,9,18,23,60.144
3_-0.14_0.45_-0.08_0.02_-0.38_-0.46_0.37_0.01_-0.4_0.45,660,1144,47.2263,0.0412817,1.22896,184,472,0.904287,3.65838,4.44089e-16,0.378203,769.209,0.276623,0.00869312,9.35615,0.000929135,15.7116,0.020979,1.04694,-173,0.423951,2,1,216,0.188811,86,0.0751748,1.31394,1.00557,360,2.39472,0.0381451,0.119206,0.56668,0.0381451,0.114268,0.601707,0.601838,0.0903958,21,196,0.644801,0.408186,0.236615,2.39472,2.97348,8.52649,11.5949,0.909185,0.158163,0.00018692,0.199021,9,1024,660,1144,338770,586612,112835,40165,13300,11.6259,1008,0.881119,0.118561,0.333073,0.0383043,4462.78,0.121652,36684.8,687362,51.6814,48,642,43.0076,74,95,102,40,40165,1004.12,26,5243,1609.25,2008.25,2342.1,5242,23.2517,10,74,27.8004,60,71,73,88.6161
3_-0.14_0.45_0.04_-0.45_0.5_0.45_-0.23_0.37_-0.14_0.01,640,1104,45.9585,0.041629,1.06031,184,452,0.917153,3.88867,1.11022e-16,0.394745,789.123,0.259226,0.0119893,9.33103,0.00128489,14.7525,0.0217391,1.05207,-173,0.421196,2,1,176,0.15942,112,0.101449,1.3,1,166,2.50842,0.0367889,0.0775211,0.529164,0,0,1,1,1,0,308,0.632672,0.244866,0.387806,2.50842,4.63143,23.5571,17.9097,0.701665,0.113636,0.000293732,0.218659,9,1024,640,1104,346588,575280,102287,25302,2376,2.15217,962,0.871377,0.0730031,0.295126,0.0241299,2811.33,0.0783676,35873.7,191105,80.4314,87,367,47.8473,107,114,120,138,25302,183.348,186.5,472,155.426,236,468,470,4.30435,5,11,2.86055,6,8,10,218.421
3_-0.15_-0.05_-0.44_0.02_0.02_0.35_0.16_-0.03_0.38_-0.26,456,736,26.1275,0.0354993,1.41976,184,268,1.03893,3.63561,2.38698e-15,0.410717,531.353,0.300961,0.00852115,9.36998,0.000909409,14.3689,0.0326087,0.840006,-173,0.381793,2,1,132,0.179348,44,0.0597826,1.41843,1.20889,102,1.65622,0.0339584,0.119677,0.636127,0.0213709,0.0641098,0.297254,0.297282,0.132746,21,116,0.749072,0.414759,0.334313,1.65622,1.2413,-0.0829707,5.25874,0.991175,0.275862,0.000110626,0.140951,9,1024,456,736,227590,361368,52802,17656,2262,3.07337,668,0.907609,0.0775781,0.232005,0.0168381,1961.78,0.0870881,22526.4,110503,48.8519,39,276,42.2122,76,104,109,100,17656,176.56,183,853,159.85,221,280,281,6.14674,5,24,4.94785,9,12,15.25,69.1937
3_-0.15_-0.17_-0.44_-0.19_-0.01_-0.1_0.07_-0.33_0.26_-0.33,236,296,23.2326,0.0784884,0.494444,184,48,0.846992,3.03626,0,0.4628,237.878,0,0.0176956,9.38775,0.00188497,11.6238,0.121622,0.800534,-173,0.206081,2,1,0,0,24,0.0810811,1.43624,1.17725,1228,1.5424,0.0663919,0.110233,0.385285,0.0663919,0.19897,0.744125,0.744315,0.365832,21,72,0.784675,0.672062,0.112613,1.5424,2.18926,4.14431,6.09198,0.57269,0.125,6.86646e-05,0.0549343,9,1024,236,296,211266,278980,48564,5074,204,0.689189,176,0.594595,0.0240171,0.229871,0.00483894,563.778,0.0291484,19341.6,8682,42.5588,26.5,134,41.1812,32,131,134,64,5074,79.2812,125,134,58.2399,131,134,134,1.37838,1,4,1.43981,2,4,4,67.5821
3_-0.15_-0.29_-0.43_-0.33_-0.29_-0.47_-0.08_-0.26_0.39_0.44,300,424,31.4243,0.0741138,0.745262,184,112,1.04629,3.93612,6.10623e-16,0.440823,315.975,0.201905,0.0131567,9.35359,0.0014066,12.9118,0.0566038,0.838337,-173,0.294811,2,1,72,0.169811,12,0.0283019,1.32541,1.0092,170,2.13217,0.0501795,0.14443,0.556545,0.0501795,0.150387,0.658136,0.658468,0.23699,21,145,0.715225,0.523024,0.192202,2.13217,2.68841,7.49709,10.1731,0.953501,0.213793,0.000138283,0.124324,9,1024,300,424,268738,350342,49662,6424,384,0.90566,240,0.566038,0.0239043,0.184797,0.0061264,713.778,0.0294344,24249.8,35598,92.7031,97,147,24.8919,103,109,139,56,6424,114.714,86.5,216,64.4387,212.25,214.5,215,1.81132,1,8,2.3557,2,5,7,68.3451
3_-0.15_-0.29_0.36_0.07_0.11_0.44_0.28_-0.2_-0.13_0.39,468,760,39.451,0.0519093,0.997146,184,280,1.03162,2.82516,9.4369e-16,0.384234,515.357,0.286121,0.0056576,9.38291,0.000602968,20.0954,0.0315789,0.985413,-173,0.385526,2,1,112,0.147368,135,0.177632,1.47298,1.23434,17,3.7213,0.0505018,0.165088,0.511611,0.0505018,0.1513,0.52747,0.527862,0.0968972,9,273,0.651124,0.438445,0.212679,3.7213,4.28577,17.9445,21.1742,0.944919,0.0732601,0.000260353,0.20251,9,1024,468,760,340819,507589,91446,20926,1454,1.91316,512,0.673684,0.0613992,0.268313,0.0199566,2325.11,0.0693026,33550.1,97406,66.9917,41,472,65.4557,100,119,176,76,20926,275.342,1,3291,768.926,1,962.5,1561.25,3.82632,3,10,3.48853,7,10,10,59.256
3_-0.15_-0.2_0.22_0.09_0.08_-0.18_-0.32_-0.31_-0.37_-0.16,272,368,25.1899,0.0684508,0.663322,184,84,0.994485,3.30355,1.11022e-16,0.434568,282.513,0.0707283,0.0139576,9.18671,0.00151933,11.91,0.0652174,0.894954,-173,0.263587,2,1,16,0.0434783,52,0.141304,1.39668,1.15747,433,1.96243,0.0598097,0.13083,0.499429,0.0598097,0.17942,0.722294,0.722347,0.218116,9,92,0.745631,0.547216,0.198415,1.96243,2.28827,4.01162,7.37964,0.732192,0.130435,8.7738e-05,0.148874,9,1024,272,368,242024,309872,46520,216,32,0.0869565,48,0.130435,0.000892473,0.192212,0.000205994,24,0.00113271,21188.1,340,10.625,10,18,4.18143,12.25,17,17.45,16,216,13.5,13.5,18,3.57071,17,17.5,18,0.173913,0,2,0.480233,0,1,1,66.2048
3_-0.15_-0.38_0.07_0.27_-0.38_0.31_0.01_-0.2_0.07_-0.03,344,512,30.7481,0.0600548,0.748971,184,156,1.07493,3.67639,0,0.412809,372.956,0.199612,0.0108773,9.39722,0.00115751,13.9913,0.046875,0.972,-173,0.330078,2,1,44,0.0859375,51,0.0996094,1.48917,1.18817,440,2.63922,0.049408,0.154581,0.5665,0.049408,0.148194,0.621693,0.621807,0.157612,9,174,0.709494,0.457261,0.252233,2.63922,3.04849,8.33378,12.1171,0.891608,0.114943,0.000165939,0.196988,9,1024,344,512,273825,368044,56093,1852,133,0.259766,181,0.353516,0.00676344,0.20485,0.0017662,205.778,0.00827083,24879.9,2626,19.7444,15,61,16.6456,24,56,59,88,1852,21.0455,10,61,21.4661,35.25,58,59.65,0.519531,0,3,0.854451,1,1,3,75.885
3_-0.15_-0.42_-0.11_-0.24_0.29_-0.39_-0.08_-0.12_0.43_0.21,404,632,32.4989,0.0514223,0.988224,184,216,1.06566,3.72472,1.11022e-15,0.431262,470.783,0.316596,0.0105621,9.3728,0.00112689,14.1232,0.0379747,0.940879,-173,0.362342,2,1,120,0.189873,39,0.0617089,1.40207,1.09536,238,2.2454,0.0497494,0.122976,0.569483,0.0497494,0.149229,0.708438,0.709184,0.296984,21,165,0.715447,0.526707,0.188741,2.2454,3.01041,9.71669,11.4734,0.924411,0.187879,0.000157356,0.102354,9,1024,404,632,272197,393538,63558,15462,664,1.05063,386,0.610759,0.0568044,0.2335,0.0147457,1718,0.0667149,25751.4,52343,78.8298,51,408,81.6532,106,114,349,76,15462,203.447,35,434,200.102,412,430.5,433.25,2.10127,2,7,2.0629,4,5,6,61.24
3_-0.15_0.02_-0.45_0.01_-0.13_0.27_-0.03_0.38_0.35_0.16,336,496,21.9909,0.0443366,1.00596,184,148,1.07287,3.83579,1.11022e-16,0.403289,353.102,0.164399,0.0134484,9.18775,0.00146373,11.4765,0.0483871,0.841201,-173,0.324597,2,1,48,0.0967742,20,0.0403226,1.16517,1.03827,2292,1.59397,0.0308714,0.119755,0.585513,0.0246449,0.0739346,0.990237,0.990237,0.732386,21,124,0.767609,0.397661,0.369947,1.59397,1.51095,0.538724,4.98698,0.789468,0.185484,0.000118256,0.261225,9,1024,336,496,211314,304876,44860,15924,968,1.95161,392,0.790323,0.0753571,0.212291,0.0151863,1769.33,0.089199,19835.8,59320,61.281,53,249,49.9877,84,120,143,76,15924,209.526,66.5,1091,248.129,271,436,601.25,3.90323,2,19,4.9243,4,13,15,91.4592
3_-0.15_0.13_0.1_-0.04_0.27_0.36_-0.01_-0.32_0.3_-0.16,348,520,30.0523,0.0577928,0.835435,184,160,1.07558,4.04759,0,0.40048,360.512,0.323481,0.0123697,9.18157,0.00134723,13.1333,0.0461538,0.914877,-173,0.332692,2,1,96,0.184615,23,0.0442308,1.4656,1.20791,156,1.99886,0.044138,0.136102,0.554316,0.044138,0.132375,0.564094,0.564363,0.180232,9,132,0.707542,0.447843,0.2597,1.99886,2.41213,4.76941,8.23443,0.814283,0.151515,0.000125885,0.19495,9,1024,348,520,278579,374448,56028,3031,192,0.369231,144,0.276923,0.0108802,0.201121,0.00289059,336.778,0.0134254,25085.1,12381,64.4844,60,85,13.3966,79,83,83,24,3031,126.292,126.5,131,2.66894,128,129.7,130.85,0.738462,0,3,1.21879,2,3,3,56.2311
3_-0.15_0.13_0.31_-0.13_0.32_-0.41_0.11_0.28_0.01_0.41,352,528,29.0037,0.0549312,0.850205,184,164,1.07598,3.87085,4.44089e-16,0.409165,384.234,0.264881,0.0122478,9.18833,0.00133297,12.7249,0.0454545,0.941534,-173,0.335227,2,1,84,0.159091,19,0.0359848,1.304,1.02408,411,2.36881,0.0429726,0.116065,0.581907,0.0429726,0.128908,0.611867,0.611923,0.211763,9,154,0.722072,0.423386,0.298686,2.36881,2.45437,4.49678,9.16498,0.899002,0.12987,0.000146866,0.237778,9,1024,352,528,253024,353184,54654,8040,632,1.19697,354,0.670455,0.0317756,0.216003,0.00766754,893.333,0.0386278,23126.7,24588,38.9051,27.5,146,33.0422,56,91,101,78,8040,103.077,94,155,37.839,139,147.6,151.3,2.39394,2,9,2.50532,5,5,7,72.557
3_-0.15_0.43_0.27_0.28_0.37_-0.17_0.46_0.42_-0.03_-0.19,736,1296,37.9944,0.0293167,1.02322,184,548,0.857724,3.60457,6.10623e-16,0.404318,952.547,0.3169,0.00511415,9.38168,0.000545121,17.9663,0.0185185,1.11737,-173,0.43287,2,1,264,0.203704,172,0.132716,1.13652,1.00874,246,1.78782,0.0304947,0.157691,0.702053,0.0226173,0.0678434,0.661806,0.661959,0.252004,21,128,0.685531,0.368069,0.317462,1.78782,1.54579,0.677894,5.69387,0.83926,0.179688,0.00012207,0.220561,9,1024,736,1296,297736,575067,123743,40881,3288,2.53704,1191,0.918981,0.137306,0.415613,0.0389872,4542.33,0.132715,34226.1,135468,41.2007,26,585,60.9317,59,105,116,331,40881,123.508,1,5693,655.902,8,151,162,5.07407,4,15,3.77317,7,10.5,13,83.4773
3_-0.15_0.45_-0.22_-0.32_0.38_-0.43_-0.31_-0.27_0.03_0.41,472,768,45.9396,0.0598172,0.971367,184,284,1.02912,3.59827,0,0.408208,547.816,0.269572,0.0136162,9.37931,0.00145173,12.9983,0.03125,1.01104,-173,0.386719,2,1,112,0.145833,92,0.119792,1.28667,1,17,2.41734,0.0340137,0.0913636,0.564679,0.0340137,0.101996,0.445618,0.446228,0.118053,8,226,0.61623,0.393024,0.223206,2.41734,3.3885,11.2099,12.4744,0.707718,0.0840708,0.00021553,0.216328,9,1024,472,768,371170,546552,92928,39710,944,1.22917,592,0.770833,0.106986,0.250365,0.0378704,4412.22,0.121814,36221.1,86696,91.839,55,527,105.167,115.25,169.4,371,108,39710,367.685,397,577,201.94,534.25,570,575,2.45833,2,6,1.9144,3,6,6,75.5193
3_-0.16_-0.02_0.21_-0.05_-0.39_0.22_0.15_0.43_0.17_0.43,268,360,29.0765,0.0807681,0.68677,184,80,0.983665,3.48233,1.11022e-16,0.425682,281.64,0,0.0133775,9.14369,0.00146303,13.8173,0.0666667,0.85145,-173,0.258333,2,1,0,0,36,0.1,1.09239,1.05715,3006,1.05856,0.0190229,0.144957,0.463382,0.0121536,0.0364599,0.694981,0.695005,0.316716,25,116,0.668997,0.332291,0.336706,1.05856,0.838178,-0.607056,3.29846,0.741668,0.301724,0.000110626,0.0807914,9,1024,268,360,327374,405856,51540,20544,380,1.05556,212,0.588889,0.0627539,0.157435,0.0195923,2282.67,0.0799129,28564.4,30500,80.2632,38,522,123.656,55,113,432,136,20544,151.059,41,2034,393.605,61.25,407,935.5,2.11111,1,11,2.79859,4,6,7,113.627
3_-0.16_-0.08_0.19_-0.02_0.22_-0.33_-0.23_0.06_0.34_0.33,400,624,31.2832,0.0501333,0.856156,184,212,1.06722,3.66216,0,0.420227,470.488,0.388095,0.00871708,9.18803,0.000948743,15.3373,0.0384615,0.979539,-173,0.360577,2,1,108,0.173077,50,0.0801282,1.3689,1.12205,148,2.24859,0.0397978,0.1059,0.573596,0.0397978,0.119381,0.772679,0.772864,0.257909,9,140,0.726006,0.396542,0.329464,2.24859,2.18332,3.04536,7.67444,0.912909,0.142857,0.000133514,0.240222,9,1024,400,624,250865,397219,84910,10752,720,1.15385,420,0.673077,0.0428597,0.338469,0.0102539,1194.67,0.0460664,25933.6,42054,58.4083,47,230,44.6188,74.75,100.3,140.05,60,10752,179.2,99.5,655,241.189,107,655,655,2.30769,2,10,2.44586,3,6,7,82.819
3_-0.16_-0.11_-0.07_0.38_0.37_-0.28_0.25_-0.25_0.23_-0.26,308,440,24.3588,0.055361,1.34742,184,120,1.05522,3.97052,0,0.428826,326.351,0.127396,0.0101247,9.36031,0.00108167,14.4062,0.0545455,0.819291,-173,0.302273,2,1,56,0.127273,17,0.0386364,1.51656,1.278,7594,1.12875,0.0444326,0.190395,0.538117,0.0444326,0.133138,0.387084,0.387329,0.136096,21,59,0.749653,0.476387,0.273266,1.12875,1.02904,-0.371629,3.49699,0.597619,0.20339,5.62668e-05,0.116901,9,1024,308,440,233002,307802,38092,6916,720,1.63636,240,0.545455,0.0296821,0.163484,0.00659561,768.444,0.0369667,20787.5,51944,72.1444,71,128,27.6846,90,108,118.05,32,6916,216.125,229.5,305,89.9659,304,304.9,305,3.27273,2,16,3.87746,7,8,8,46.2071
3_-0.16_-0.14_-0.32_-0.23_-0.25_-0.28_0.2_-0.1_-0.23_0.07,228,280,21.9712,0.0784685,0.737449,184,40,0.792484,3.71943,0,0.440656,213.211,0.0935673,0.0160532,9.14369,0.00175566,12.5167,0.0857143,0.850464,-173,0.189286,2,1,16,0.0571429,0,0,1.23561,1.04125,72,1.79777,0.0666189,0.13187,0.436623,0.0666189,0.199636,0.75399,0.754053,0.298262,21,84,0.776192,0.673124,0.103067,1.79777,2.26984,4.61056,7.20955,0.591557,0.107143,8.01086e-05,0.0519505,9,1024,228,280,219736,271218,38406,1928,64,0.228571,80,0.285714,0.00877417,0.174782,0.00183868,214.222,0.011413,18770.1,3312,51.75,51,67,8.3778,57.25,65,66,32,1928,60.25,57.5,80,13.6725,72.25,78,78.9,0.457143,0,4,0.966373,1,1,4,58.0941
3_-0.16_-0.22_0.05_0.36_0.27_-0.38_-0.22_-0.31_0.08_-0.25,416,656,33.7504,0.0514488,1.00537,184,228,1.06045,3.97465,1.11022e-16,0.416233,475.27,0.361951,0.0084097,9.36094,0.000898381,15.1667,0.0365854,1.00943,-173,0.367378,2,1,132,0.20122,55,0.0838415,1.53207,1.22239,362,1.93351,0.0431776,0.14892,0.596693,0.0431776,0.129525,0.446764,0.446783,0.127917,9,116,0.689243,0.425648,0.263596,1.93351,2.08633,3.00481,7.26681,0.862861,0.172414,0.000110626,0.207363,9,1024,416,656,292894,418904,68744,4460,602,0.917683,438,0.667683,0.0152274,0.234706,0.00425339,495.556,0.0181435,27313.2,17948,29.814,13,92,31.281,60,77,88,110,4460,40.5455,26,123,44.706,49,121,121.55,1.83537,2,6,1.56866,3,3,5,46.1396
3_-0.16_-0.32_-0.5_-0.39_0.45_0.05_0.03_-0.32_0.44_-0.34,396,616,38.0269,0.061732,0.898378,184,208,1.06868,3.77463,2.22045e-16,0.43338,447.653,0.270803,0.0143524,9.33059,0.00153821,12.691,0.038961,0.924631,-173,0.358766,2,1,112,0.181818,22,0.0357143,1.53752,1.22025,657,2.38372,0.0547419,0.107942,0.534843,0.0547419,0.164162,0.771064,0.771178,0.292429,17,169,0.694671,0.514621,0.18005,2.38372,3.82037,15.3639,13.3176,0.7943,0.147929,0.000161171,0.108008,9,1024,396,616,302472,455862,86146,18558,740,1.2013,472,0.766234,0.0613544,0.284807,0.0176983,2062,0.0674131,30587.5,58052,78.4486,65,265,57.3466,110,146.2,177.05,108,18558,171.833,125,426,127.617,139,413.3,422.65,2.4026,2,8,2.05925,4,6,6,78.7733
3_-0.16_-0.45_-0.22_0.4_0.44_-0.14_-0.16_-0.12_-0.31_-0.44,484,792,44.3646,0.056016,0.991257,184,296,1.02148,3.44847,0,0.4111,568.344,0.360685,0.00908066,9.37168,0.000968947,14.8277,0.030303,1.02748,-173,0.390152,2,1,160,0.20202,116,0.146465,1.43642,1.10494,781,2.29093,0.0399523,0.0929753,0.634719,0.0146971,0.0439835,0.755795,0.756449,0.340883,9,193,0.618257,0.260854,0.357403,2.29093,3.38715,11.2384,12.4718,0.7307,0.103627,0.000184059,0.27799,9,1024,484,792,358394,525667,86877,15324,1083,1.36742,589,0.743687,0.0427574,0.242406,0.0146141,1702.67,0.0491966,34609.4,57126,52.7479,59,131,37.5218,82,101,112,150,15324,102.16,71,204,73.9838,195,204,204,2.73485,2,10,2.54066,5,6,7.45,124.889
3_-0.16_0.08_0.48_-0.46_0.07_0.04_0.33_-0.05_-0.17_-0.36,528,880,35.8947,0.0407894,1.33716,184,340,0.992257,3.72419,3.90243e-14,0.437518,686.455,0.37482,0.0103398,9.33057,0.00110816,13.8321,0.0272727,0.904563,-173,0.401136,2,1,180,0.204545,96,0.109091,1.34758,1.03131,2268,1.72967,0.0435505,0.111443,0.624694,0.0435505,0.130647,0.774414,0.774436,0.312069,21,120,0.711366,0.450195,0.26117,1.72967,2.32637,4.75631,7.34652,0.722987,0.158333,0.000114441,0.167974,9,1024,528,880,269190,443446,73914,46412,3378,3.83864,792,0.9,0.172414,0.274579,0.0442619,5156.89,0.184875,27893.9,184681,54.6717,31,741,85.3585,84,108,117,40,46412,1160.3,141.5,5164,1610.79,2384.5,2686.8,5160.2,7.67727,6,18,5.38858,13,15,16,92.7723
3_-0.16_0.15_0.49_0.32_0.08_0.11_0.2_0.42_0.23_-0.21,448,720,31.2876,0.0434549,1.11011,184,260,1.04362,3.30373,4.44089e-16,0.415746,547.135,0.239371,0.00976019,9.35946,0.00104281,14.3148,0.0333333,0.89167,-173,0.379167,2,1,132,0.183333,52,0.0722222,1.21047,1.06182,2271,0.911427,0.0301809,0.134038,0.629125,0.017024,0.0510721,0.73111,0.73111,0.225073,21,68,0.726464,0.383965,0.342499,0.911427,0.540572,-1.17787,2.82506,0.412744,0.161765,6.48499e-05,0.135072,9,1024,448,720,255218,430654,87174,24336,5358,7.44167,712,0.988889,0.0953538,0.341567,0.0232086,2704,0.0970756,27854.6,454447,84.8165,91,872,68.9433,100,108,113,52,24336,468,192,3277,818.38,194,490,3277,14.8833,8,40,13.0318,16,37,39,89.5647
3_-0.16_0.21_0.44_-0.34_0.22_0.45_0.08_0.23_-0.43_-0.18,508,840,39.9007,0.0475008,0.759363,184,320,1.00571,3.33218,2.77556e-16,0.40584,615.928,0.409261,0.00956345,9.18715,0.00104096,14.8066,0.0285714,1.03612,-173,0.396429,2,1,180,0.214286,73,0.0869048,1.24512,1.01505,1095,2.46719,0.034627,0.0968868,0.582581,0.034627,0.103871,0.768253,0.768336,0.198405,9,226,0.656372,0.375476,0.280896,2.46719,3.21227,9.14092,11.9226,0.764413,0.0884956,0.00021553,0.195124,9,1024,508,840,330809,509010,92712,13954,1224,1.45714,588,0.7,0.0421814,0.280258,0.0133076,1550.44,0.0470216,32973,77126,63.0114,60,344,54.5293,84,110,131.85,96,13954,145.354,54,489,197.204,167.75,484,488,2.91429,2,11,2.97005,5,8,8,117.411
3_-0.16_0.48_0.24_-0.14_0.37_-0.4_-0.28_0.34_0.28_-0.33,580,984,47.2279,0.0479958,0.941671,184,392,0.956975,3.33531,1.66533e-16,0.411811,725.849,0.319376,0.00766893,9.37155,0.00081832,16.3823,0.0243902,0.983542,-173,0.411585,2,1,188,0.191057,105,0.106707,1.29636,1.02344,166.5,2.80151,0.0369587,0.117417,0.587807,0.0241566,0.0724583,0.438724,0.44126,0.095981,9,248,0.613111,0.292743,0.320369,2.80151,3.33091,10.1248,14.9496,0.822349,0.0806452,0.000236511,0.260183,9,1024,580,984,367003,577336,106698,21886,1578,1.60366,758,0.770325,0.0596344,0.290728,0.0208721,2431.78,0.0643005,37819,99008,62.7427,58,296,49.1588,98,107,111.15,96,21886,227.979,178.5,510,133.127,332,355.5,502.25,3.20732,3,11,2.70908,5,6,9,83.8712
3_-0.17_-0.06_0.47_0.01_0.08_-0.3_0.36_-0.26_0.21_0.18,368,560,27.9093,0.049838,1.19262,184,180,1.07555,3.14271,0,0.426849,420.758,0.166408,0.013981,9.36322,0.00149318,13.7936,0.0428571,0.812487,-173,0.344643,2,1,60,0.107143,76,0.135714,1.24261,1.03551,4611.5,1.5116,0.0606127,0.108267,0.434611,0.0606127,0.181816,0.775278,0.775606,0.347425,17,68,0.758527,0.563921,0.194606,1.5116,1.99166,2.64715,5.43377,0.615729,0.132353,6.48499e-05,0.203853,9,1024,368,560,232688,363412,63058,35136,2374,4.23929,544,0.971429,0.151,0.270998,0.0335083,3904,0.165409,23602.2,102824,43.3126,17,614,84.4472,45.75,97.7,114,33,35136,1064.73,104,30432,5193.78,114,556.8,558.4,8.47857,8,24,5.97551,12,17,20.05,81.6961
3_-0.17_-0.29_0.32_-0.17_-0.14_-0.36_0.38_-0.43_-0.39_0.11,356,536,40.4929,0.0755464,0.852056,184,168,1.07617,3.78363,1.11022e-16,0.423126,386.125,0.329588,0.0115593,9.41556,0.00122768,13.327,0.0447761,0.893283,-173,0.337687,2,1,88,0.164179,40,0.0746269,1.37152,1.06594,328,2.11997,0.0458813,0.147377,0.554905,0.0458813,0.137614,0.545911,0.546149,0.133797,20,157,0.637305,0.489168,0.148137,2.11997,3.332,12.137,11.3028,0.806242,0.171975,0.000149727,0.12541,9,1024,356,536,355978,463778,64998,4300,320,0.597015,232,0.432836,0.0120794,0.18259,0.0041008,477.778,0.0149813,31891.6,17426,54.4562,50,96,15.588,69,75.1,83.05,40,4300,107.5,100.5,132,11.5043,114,124.8,132,1.19403,0,6,1.45826,3,3,3,47.1589
3_-0.17_-0.37_0.28_-0.05_0.15_-0.39_-0.22_0.25_0.14_0.3,280,384,34.9017,0.0908899,0.516794,184,92,1.0132,3.12288,0,0.435661,297.617,0.392857,0.00962327,9.18148,0.00104812,15.2514,0.0625,0.853886,-173,0.273438,2,1,60,0.15625,31,0.0807292,1.85974,1.47598,2,4.23362,0.0369673,0.148907,0.491999,0.0369673,0.110896,0.385796,0.385839,0.0994312,25,496,0.673341,0.378754,0.294587,4.23362,4.84705,23.1397,27.231,0.96979,0.0725806,0.000473022,0.211804,9,1024,280,384,305806,403204,73528,1000,64,0.166667,112,0.291667,0.00327005,0.24044,0.000953674,111.111,0.00395344,28104.9,1160,18.125,14.5,36,10.9822,27,36,36,76,1000,13.1579,11.5,36,13.3782,25,34.5,36,0.333333,0,2,0.552771,1,1,1,57.074
3_-0.17_-0.46_-0.47_-0.18_0.08_-0.41_-0.01_-0.49_0.24_-0.49,272,368,30.5488,0.0830131,0.601158,184,84,0.994485,3.69985,0,0.491496,313.843,0.323179,0.0175439,9.32716,0.00188095,10.757,0.0978261,0.844074,-173,0.263587,2,1,60,0.163043,0,0,1.33541,1.00659,235,1.93497,0.0588751,0.130273,0.54049,0.0588751,0.176456,0.704579,0.705222,0.275422,30,116,0.732711,0.561599,0.171112,1.93497,2.96639,9.1934,9.32088,0.768,0.163793,0.000110626,0.208587,9,1024,272,368,262928,339216,52110,4374,294,0.798913,220,0.597826,0.0166357,0.198191,0.00417137,486,0.0208305,23331.1,8032,27.3197,19,373,44.4499,36,44.7,65,64,4374,68.3438,42,413,91.9905,61,87,364.25,1.59783,1,7,1.69115,3,4,4,69.0737
3_-0.17_-0.47_-0.03_0.01_-0.34_-0.45_0.09_-0.19_0.38_0.04,400,624,34.8078,0.0557817,0.971977,184,212,1.06722,3.70946,1.11022e-16,0.430501,463.08,0.246429,0.0106808,9.36006,0.0011411,13.8345,0.0384615,0.916006,-173,0.360577,2,1,108,0.173077,42,0.0673077,1.44206,1.09801,591,1.91763,0.0514088,0.175362,0.602723,0.0514088,0.1542,0.760531,0.760704,0.256599,21,123,0.711576,0.529303,0.182274,1.91763,2.58231,6.97269,8.8863,0.741236,0.154472,0.000117302,0.112948,9,1024,400,624,275450,409722,70300,20300,880,1.41026,444,0.711538,0.0736976,0.255219,0.0193596,2255.56,0.0839774,26859.1,60964,69.2773,65,329,63.188,101,120,199,114,20300,178.07,167,386,166.715,352.75,382,382.35,2.82051,3,12,2.67104,5,6,7,58.9586
3_-0.17_-0.4_0.3_0.11_0.23_-0.41_-0.0_0.5_-0.27_-0.43,680,1184,50.4653,0.0426227,1.17713,184,492,0.891667,3.64713,2.22045e-16,0.389372,807.57,0.22549,0.00802274,9.67962,0.000828829,16.525,0.0202703,1.02412,-173,0.42652,2,1,140,0.118243,201,0.169764,1.43289,1.11365,122.5,2.50169,0.0391693,0.0966074,0.56572,0.0391693,0.117496,0.49996,0.500011,0.112799,17,212,0.613019,0.379714,0.233305,2.50169,3.48094,12.2386,13.5459,0.828048,0.132075,0.000202179,0.219648,9,1024,680,1184,377526,632714,115799,49818,3280,2.77027,1034,0.873311,0.131959,0.306731,0.0475101,5535.33,0.139097,39794.9,196444,59.8915,52,1056,81.0924,89,112,146.1,70,49818,711.686,920,1673,520.315,977,1515,1602.15,5.54054,5,16,3.99663,10,11,12,60.415
3_-0.17_0.19_-0.12_-0.3_-0.25_-0.13_0.42_0.24_-0.19_0.28,436,696,32.5573,0.0467778,1.05047,184,248,1.05035,3.8173,0,0.407232,507.726,0.475317,0.00661612,9.35367,0.000707329,16.4555,0.0344828,1.00052,-173,0.375,2,1,192,0.275862,20,0.0287356,1.29072,1.0756,324,3.06573,0.0499334,0.150125,0.664457,0.0499334,0.146948,0.660931,0.688891,0.168717,9,204,0.708338,0.461207,0.24713,3.06573,3.39128,10.5067,14.3807,0.938788,0.0980392,0.00019455,0.197268,9,1024,436,696,277362,424762,80264,17140,854,1.22701,528,0.758621,0.0617965,0.289384,0.016346,1904.44,0.0692104,27516.7,38656,45.2646,34,497,62.4845,57.75,104,110,132,17140,129.848,90.5,733,193.799,107,117,731,2.45402,2,9,1.97852,3,6,6,88.808
3_-0.17_0.22_0.02_-0.06_0.03_-0.37_0.25_0.45_-0.26_-0.13,448,720,36.6828,0.0509484,1.01808,184,260,1.04362,3.41642,5.55112e-17,0.392207,500.878,0.306335,0.00960117,9.18815,0.00104495,14.285,0.0333333,0.961765,-173,0.379167,2,1,132,0.183333,53,0.0736111,1.43514,1.15118,44,2.69828,0.0411978,0.113744,0.55499,0.0411978,0.12355,0.653848,0.654327,0.136204,21,218,0.682386,0.422029,0.260357,2.69828,3.13963,9.03965,13.1613,0.828573,0.0917431,0.000207901,0.195753,9,1024,448,720,300484,455204,81510,21794,2296,3.18889,608,0.844444,0.0725297,0.271262,0.0207844,2421.56,0.0811807,29829.2,116418,50.7047,32,624,67.5588,73,101,128,116,21794,187.879,20,885,340.411,33,858.5,867,6.37778,7,12,4.58398,11,12,12,68.6314
3_-0.17_0.3_-0.3_-0.36_0.36_0.46_-0.31_0.29_-0.21_-0.17,432,688,43.2197,0.0628193,0.873787,184,244,1.05249,3.51594,0,0.401691,493.663,0.189594,0.0172154,9.3536,0.00184051,10.2854,0.0348837,0.977881,-173,0.373547,2,1,88,0.127907,52,0.0755814,1.24,1,2829,1.10818,0.0268774,0.10578,0.619655,0.0148315,0.0444345,0.841025,0.841613,0.39096,20,132,0.644107,0.429841,0.214266,1.10818,2.23579,5.02427,5.50812,0.424575,0.113636,0.000125885,0.195393,9,1024,432,688,345034,519232,94204,24862,3514,5.10756,560,0.813953,0.0720567,0.273028,0.0237103,2762.44,0.0781416,35351.8,200296,56.9994,52,611,58.8043,78,97,112,296,24862,83.9932,2,2663,315.804,26,235,239,10.2151,3,35,13.1869,22.25,35,35,177.47
3_-0.17_0.46_0.18_0.38_0.26_0.05_0.33_-0.25_-0.01_0.21,448,720,30.5154,0.0423825,0.725807,184,260,1.04362,3.50918,0,0.408047,532.335,0.243835,0.00889779,9.38205,0.000948385,14.869,0.0333333,1.0329,-173,0.379167,2,1,96,0.133333,105,0.145833,1.17721,1.00904,115,2.41698,0.0365381,0.123852,0.600972,0.0211954,0.0635805,0.712323,0.712367,0.290244,12,198,0.705238,0.325474,0.379765,2.41698,2.60821,5.40609,10.2583,0.86566,0.116162,0.000188828,0.191609,9,1024,448,720,270832,413544,75058,10308,859,1.19306,380,0.527778,0.0380605,0.277139,0.00983047,1145.33,0.0431815,26523.7,41494,48.305,31,203,50.3885,80,100,172.1,56,10308,184.071,9,428,205.652,420.5,425.5,426.25,2.38611,1,11,2.76,6,6,7,81.9348
3_-0.17_0.48_0.21_0.32_-0.42_0.49_0.33_0.35_0.31_0.12,328,480,35.1619,0.0732541,0.623725,184,140,1.06964,3.60378,3.33067e-16,0.409656,358.049,0.383856,0.00993286,9.18134,0.00108185,14.7512,0.05,0.90862,-173,0.31875,2,1,96,0.2,8,0.0166667,1.11195,1.01496,1060,1.36185,0.0158901,0.157759,0.579779,0.00924778,0.0277433,0.821826,0.82185,0.514185,16,188,0.665037,0.261761,0.403276,1.36185,1.21037,-0.155615,4.49199,0.81648,0.25,0.000179291,0.117578,9,1024,328,480,334610,469142,88744,34442,484,1.00833,324,0.675,0.102932,0.265216,0.0328465,3826.89,0.117587,32545.3,64446,133.153,89,744,166.391,120,132,686,104,34442,331.173,137,772,299.305,713,771,772,2.01667,3,6,1.79343,3,4,6,144.673
3_-0.18_-0.01_-0.37_-0.08_-0.03_-0.28_-0.1_0.33_0.38_0.09,340,504,26.089,0.0517639,1.128,184,152,1.07404,3.46926,2.77556e-16,0.436745,394.359,0.141176,0.0099016,9.39509,0.00105391,14.28,0.047619,0.819626,-173,0.327381,2,1,36,0.0714286,85,0.168651,1.40172,1.18123,430,2.15208,0.051568,0.146846,0.546743,0.051568,0.154606,0.46281,0.462938,0.190563,9,104,0.737673,0.47373,0.263943,2.15208,2.10388,3.01681,7.27026,0.972282,0.192308,9.91821e-05,0.198596,9,1024,340,504,245060,340840,52050,17042,448,0.888889,320,0.634921,0.0695422,0.212397,0.0162525,1893.56,0.0848076,22327.7,40672,90.7857,73,748,112.892,85,111,144,52,17042,327.731,158,772,261.59,511,771,772,1.77778,1,10,2.02715,3,3,4,42.0967
3_-0.18_-0.01_-0.39_0.42_0.33_-0.23_-0.47_-0.32_-0.37_-0.44,488,800,38.0921,0.0476152,1.14432,184,300,1.01889,3.71985,1.66533e-16,0.428969,607.063,0.406909,0.0132924,9.18676,0.00144691,12.276,0.03,0.895729,-173,0.39125,2,1,188,0.235,41,0.05125,1.29744,1.00318,1190.5,1.85249,0.0401754,0.100186,0.614743,0.0175028,0.0525045,0.878893,0.879691,0.576444,8,158,0.673011,0.318407,0.354604,1.85249,2.98937,8.554,9.43182,0.649856,0.120253,0.000150681,0.25744,9,1024,488,800,300773,462104,70932,30004,2158,2.6975,675,0.84375,0.0997563,0.235832,0.028614,3333.78,0.111663,29855.8,147941,68.5547,70,509,65.026,90,110,130,84,30004,357.19,160.5,1826,602.157,224.25,1792.7,1825,5.395,5,18,4.8116,8,11.2,15.1,120.024
3_-0.18_-0.08_0.3_-0.03_0.43_-0.08_-0.43_-0.21_-0.04_-0.41,276,376,33.4394,0.0889345,0.861993,184,88,1.0043,3.49483,1.66533e-16,0.416871,261.445,0.0772947,0.0236547,9.38439,0.00252064,9.88827,0.0638298,0.807465,-173,0.268617,2,1,16,0.0425532,20,0.0531915,1.31136,1.02986,3442,1.51676,0.040576,0.109686,0.446199,0.040576,0.121724,0.630713,0.631921,0.268742,9,116,0.679805,0.436575,0.24323,1.51676,2.54801,6.25853,6.92377,0.647339,0.163793,0.000110626,0.227664,9,1024,276,376,308950,383250,46638,7690,304,0.808511,212,0.56383,0.0248908,0.150956,0.00733376,854.444,0.0321012,26617.2,24046,79.0987,53,299,56.0691,106,114.7,235.6,76,7690,101.184,51,320,105.461,66,304.5,316.25,1.61702,1,7,1.95756,3,5,5,98.1517
3_-0.18_-0.12_0.16_0.03_0.33_-0.06_0.33_-0.04_-0.19_0.01,316,456,22.5499,0.0494514,0.931326,184,128,1.06221,3.12455,2.22045e-16,0.402237,316.878,0.202532,0.0117348,9.59785,0.00122265,13.1621,0.0526316,0.784952,-173,0.309211,2,1,48,0.105263,27,0.0592105,1.1502,1.065,40,2.87278,0.0815649,0.149299,0.558976,0.0815649,0.244546,0.870686,0.87137,0.568335,9,106,0.802412,0.713013,0.0893993,2.87278,2.93005,6.72251,10.7749,0.880647,0.0849057,0.000101089,0.0799022,9,1024,316,456,198048,322766,72788,29208,1088,2.38596,416,0.912281,0.147479,0.367527,0.0278549,3245.33,0.152896,21225.8,81468,74.8787,35,365,89.9403,109,235,308,96,29208,304.25,170,2898,573.069,463,467,471,4.77193,4,21,4.12212,7,9,13,86.1288
3_-0.18_-0.13_-0.17_-0.26_-0.32_0.06_0.13_-0.21_-0.48_0.14,292,408,30.8416,0.0755921,0.924557,184,104,1.03509,3.27736,3.33067e-16,0.422216,302.723,0.146119,0.0114421,9.42542,0.00121396,13.8618,0.0588235,0.791401,-173,0.286765,2,1,32,0.0784314,25,0.0612745,2.34519,1.99874,405,2.51828,0.0537825,0.142453,0.526996,0.0537825,0.161326,0.653304,0.65349,0.173091,9,144,0.707226,0.490432,0.216794,2.51828,3.00353,7.9816,10.9508,0.899453,0.138889,0.000137329,0.136646,9,1024,292,408,283976,383080,60580,16946,380,0.931373,280,0.686275,0.0596741,0.213328,0.016161,1882.89,0.0705724,26680.2,43188,113.653,105,231,48.777,151,183,227,68,16946,249.206,142.5,757,237.87,196,757,757,1.86275,1,7,1.8473,3,4,5,72.4818
3_-0.18_-0.24_0.05_0.21_0.15_0.26_-0.1_-0.36_-0.08_-0.08,284,392,27.9956,0.0714172,0.738244,184,96,1.02125,3.71615,5.55112e-17,0.417926,286.513,0.171026,0.00942953,9.3603,0.0010074,16.61,0.0612245,0.829268,-173,0.278061,2,1,48,0.122449,21,0.0535714,1.60793,1.29672,364.5,1.91064,0.0413733,0.117559,0.347275,0.0413733,0.124118,0.434692,0.43491,0.122374,21,112,0.721815,0.4251,0.296715,1.91064,1.8336,1.78298,6.41966,0.881836,0.178571,0.000106812,0.17623,9,1024,284,392,256084,333070,49076,9488,332,0.846939,284,0.72449,0.0370503,0.19164,0.00904846,1054.22,0.046036,22900,16058,48.3675,23,268,61.9868,52,103.8,240,80,9488,118.6,66,302,111.353,258.5,301,301.05,1.69388,1,8,1.92411,2,3,8,37.58
3_-0.18_-0.34_0.06_0.45_-0.17_0.13_0.24_-0.19_0.38_0.26,496,816,37.1445,0.0455202,1.01691,184,308,1.01366,3.07163,1.11022e-16,0.412172,597.084,0.232335,0.00611586,9.37433,0.000652406,19.5603,0.0294118,0.975755,-173,0.393382,2,1,128,0.156863,107,0.131127,1.80755,1.47355,73,2.60819,0.0482063,0.109782,0.500287,0.0482063,0.144615,0.597258,0.597296,0.121691,9,154,0.680753,0.433228,0.247525,2.60819,2.76998,6.49847,10.9052,0.943767,0.12987,0.000146866,0.218565,9,1024,496,816,305304,476830,89406,17460,2345,2.87377,563,0.689951,0.0571889,0.292843,0.0166512,1940,0.0631746,30708.5,105689,45.0699,40,261,39.8478,62,81,96,24,17460,727.5,530.5,2541,868.25,759.25,2541,2541,5.74755,3,27,6.88953,8.25,18,22.25,54.7485
3_-0.18_0.13_-0.18_0.4_-0.28_0.43_0.41_-0.37_-0.36_-0.45,376,576,35.9347,0.0623866,0.773717,184,188,1.07427,3.44942,2.22045e-16,0.424805,432.865,0.324468,0.0143914,9.41138,0.00152915,11.1926,0.0416667,0.926248,-173,0.348958,2,1,84,0.145833,16,0.0277778,1.37093,1.05456,726,2.35864,0.0438004,0.133811,0.631897,0.0103512,0.0310068,0.295379,0.295706,0.120377,20,204,0.666433,0.253996,0.412437,2.35864,3.7361,13.8178,13.4076,0.743902,0.132353,0.00019455,0.225681,9,1024,376,576,303945,410752,58481,5034,152,0.263889,160,0.277778,0.0165622,0.192407,0.0048008,559.333,0.0199907,27979.7,10840,71.3158,39,161,45.0915,100,143,159,64,5034,78.6562,39,163,59.0183,147,162,163,0.527778,0,4,1.01341,1,3,3,94.8349
3_-0.18_0.23_-0.26_0.04_-0.36_-0.1_-0.23_-0.07_0.35_-0.05,420,664,21.9531,0.0330619,1.26342,184,232,1.05856,3.4474,0,0.399686,464.776,0.172789,0.0104459,9.37514,0.00111421,14.5009,0.0361446,0.866068,-173,0.368976,2,1,96,0.144578,61,0.0918675,1.16115,1.03469,34.5,2.28494,0.0750608,0.110515,0.518789,0.0750608,0.22518,0.903909,0.90394,0.456795,17,88,0.794603,0.682346,0.112257,2.28494,2.53514,4.76134,8.31277,0.781784,0.102273,8.39233e-05,0.0732203,9,1024,420,664,202876,326644,57892,11554,1992,3,544,0.819277,0.056951,0.285357,0.0110188,1283.78,0.0648417,19798.7,76474,38.3906,33,108,30.1589,65,81,91,40,11554,288.85,44.5,2447,720.607,127.25,360.6,2446,6,6,17,4.76812,10,12,14,79.49
3_-0.18_0.28_0.46_0.48_-0.02_0.44_0.22_0.36_0.23_0.09,364,552,27.2935,0.0494447,0.744568,184,176,1.07594,3.77244,1.11022e-16,0.404617,408.573,0.263475,0.010711,9.18135,0.0011666,14.4655,0.0434783,0.943438,-173,0.342391,2,1,96,0.173913,25,0.0452899,1.04462,1.0023,8707,0.896704,0.0190363,0.117183,0.526674,0.0190363,0.0571079,0.795309,0.795337,0.29631,28,96,0.724426,0.367073,0.357353,0.896704,0.325788,-1.17344,2.52266,0.555597,0.239583,9.15527e-05,0.205172,9,1024,364,552,271884,400138,77786,10336,738,1.33696,396,0.717391,0.0380162,0.2861,0.00985718,1148.44,0.0432472,26555.3,31814,43.1084,38,120,22.1741,52,62,97,72,10336,143.556,132,289,126.988,275.25,286.3,288.45,2.67391,3,8,2.24629,4,5,8,125.651
3_-0.18_0.38_-0.18_0.23_-0.45_-0.28_-0.28_0.21_-0.41_0.44,424,672,32.1312,0.0478143,0.907495,184,236,1.0566,3.55827,2.22045e-16,0.395127,477.132,0.161725,0.00974349,9.38207,0.00103852,15.2337,0.0357143,0.986537,-173,0.370536,2,1,88,0.130952,78,0.116071,1.44004,1.21351,297,2.22027,0.0341797,0.108624,0.501583,0.0166883,0.0500422,0.284655,0.284727,0.09623,21,194,0.685255,0.339811,0.345444,2.22027,2.3743,4.6823,9.67648,0.93285,0.164948,0.000185013,0.135159,9,1024,424,672,294240,419270,63212,11856,652,0.970238,432,0.642857,0.0402936,0.214831,0.0113068,1317.33,0.0479379,27480,38968,59.7669,59,259,54.5112,100,109,117,100,11856,118.56,78.5,276,89.0524,135,256.1,275,1.94048,2,7,1.80509,3,4,5,66.0876
3_-0.19_-0.01_0.34_-0.42_0.41_0.31_0.19_-0.35_0.12_0.15,564,952,35.1558,0.0369284,1.42329,184,376,0.967812,3.60916,1.11022e-16,0.386684,646.441,0.284701,0.0084509,9.1885,0.000919727,15.0749,0.0252101,0.927875,-173,0.408613,2,1,152,0.159664,123,0.129202,1.32477,1.03497,188,1.77619,0.0500631,0.130264,0.600108,0.0500631,0.149989,0.808008,0.80808,0.268446,20,108,0.723084,0.533844,0.18924,1.77619,2.07974,4.17736,7.47744,0.972588,0.287037,0.000102997,0.156499,9,1024,564,952,262540,458992,86732,23118,3760,3.94958,888,0.932773,0.0880552,0.330357,0.022047,2568.67,0.0922908,27832.3,158364,42.1181,32,185,34.8473,66,90.1,105,72,23118,321.083,145,926,370.165,567,924.4,925.45,7.89916,8,22,5.23546,12,15,17,68.2423
3_-0.19_-0.06_-0.13_-0.04_0.01_-0.26_0.14_-0.47_0.11_0.07,276,376,20.1588,0.0536139,0.995232,184,88,1.0043,3.91968,4.996e-16,0.431864,279.507,0.301587,0.0140273,9.18134,0.0015278,12.7773,0.0638298,0.777226,-173,0.268617,2,1,64,0.170213,0,0,1.39064,1.05886,17113,1.07485,0.0539227,0.1561,0.512308,0.0539227,0.161684,0.806105,0.806585,0.430073,21,56,0.806043,0.580976,0.225066,1.07485,1.01098,0.507916,3.74629,0.536075,0.196429,5.34058e-05,0.109854,9,1024,276,376,170432,237778,36454,8320,560,1.48936,256,0.680851,0.0488171,0.213892,0.00793457,924.444,0.0593763,15569.3,30910,55.1964,49,208,34.2995,73,87.1,101,44,8320,189.091,64.5,1308,354.249,119.25,125.7,1305.85,2.97872,2,12,3.44247,5,6,12,62.7583
3_-0.19_-0.07_-0.31_0.27_-0.18_0.13_-0.02_-0.3_-0.4_-0.22,364,552,25.4489,0.046103,0.958106,184,176,1.07594,3.6798,1.11022e-16,0.427304,422.842,0.415489,0.00928059,9.35373,0.000992181,13.7812,0.0434783,0.83066,-173,0.342391,2,1,120,0.217391,23,0.0416667,1.4055,1.17125,1869.5,1.80372,0.0501385,0.145555,0.598123,0.0501385,0.150412,0.599715,0.599737,0.20486,9,92,0.747946,0.476482,0.271463,1.80372,1.87214,2.10432,6.16721,0.902231,0.217391,8.7738e-05,0.193777,9,1024,364,552,234128,332304,46308,8470,3756,6.80435,388,0.702899,0.0361768,0.197789,0.00807762,941.111,0.0437723,21500.1,187945,50.0386,49,148,31.7837,75,92,99,40,8470,211.75,143,782,197.286,227.25,285.1,781.05,13.6087,9,39,14.816,33,35,37,60.9535
3_-0.19_-0.24_0.17_-0.31_0.48_-0.09_-0.03_-0.18_0.01_0.16,308,440,27.29,0.0620226,0.782421,184,120,1.05522,3.91597,5.55112e-17,0.41096,306.228,0.242424,0.0144378,9.5527,0.00151138,11.7529,0.0545455,0.843013,-173,0.302273,2,1,56,0.127273,21,0.0477273,1.26789,1.05074,1052,2.02482,0.0603685,0.124856,0.548757,0.0603685,0.18088,0.749837,0.749926,0.377887,21,118,0.750223,0.648832,0.101391,2.02482,2.85659,8.27875,9.49516,0.856517,0.194915,0.000112534,0.112898,9,1024,308,440,246029,338956,52265,13498,392,0.890909,304,0.690909,0.0548635,0.212434,0.0128727,1499.78,0.065484,22902.9,38842,99.0867,108,157,34.8492,120,125,143.45,80,13498,168.725,115,388,142.521,369,378.7,386.05,1.78182,1,7,1.83591,3,4,5,84.524
3_-0.19_0.01_-0.01_-0.42_-0.08_0.3_0.36_0.36_0.01_-0.22,404,632,33.5061,0.0530161,1.15732,184,216,1.06566,3.91591,3.88578e-16,0.402674,445.59,0.281942,0.00639485,9.36992,0.000682487,18.3402,0.0379747,0.904647,-173,0.362342,2,1,112,0.177215,63,0.0996835,1.58355,1.23715,1284,2.09537,0.0438385,0.146597,0.57189,0.00765324,0.0229568,0.586187,0.586356,0.328982,21,172,0.684939,0.26165,0.423289,2.09537,3.31157,10.6881,11.0086,0.545808,0.0639535,0.000164032,0.17501,9,1024,404,632,284418,408006,57426,18878,2988,4.72785,548,0.867089,0.0663741,0.201907,0.0180035,2097.56,0.0787872,26623.1,207813,69.5492,66,241,34.2935,89,106,120,76,18878,248.395,211.5,1392,277.206,243,261.5,548.25,9.4557,5,39,11.6334,8,30.8,31.45,103.554
3_-0.19_0.12_-0.24_0.24_0.16_-0.12_0.44_-0.09_-0.4_-0.49,480,784,35.2915,0.0450147,1.28093,184,292,1.02405,3.60721,3.33067e-16,0.411068,565.658,0.274802,0.0135207,9.38,0.00144144,13.3962,0.0306122,0.909898,-173,0.389031,2,1,148,0.188776,43,0.0548469,1.36643,1.02997,225,2.1943,0.0422096,0.109729,0.551935,0.0329723,0.0989122,0.626829,0.626878,0.314701,24,162,0.708952,0.365959,0.342993,2.1943,2.41374,4.90397,9.64517,0.775838,0.117284,0.000154495,0.2155,9,1024,480,784,261034,422618,78738,23794,1868,2.38265,600,0.765306,0.0911529,0.301639,0.0226917,2643.78,0.0980319,26968.5,123600,66.167,55,528,60.412,89,110,122.65,73,23794,325.945,349,1498,305.976,499,679.6,1031,4.76531,3.5,13,4.14975,9,10,11.85,110.026
3_-0.19_0.15_0.38_0.14_-0.07_0.5_-0.2_-0.09_-0.42_-0.15,304,432,31.4834,0.0728783,0.818661,184,116,1.05102,3.53747,3.33067e-16,0.405115,314.061,0.230263,0.0120519,9.40216,0.00128182,12.4904,0.0555556,0.894422,-173,0.298611,2,1,60,0.138889,17,0.0393519,1.33037,1.20943,2510.5,0.946526,0.0174732,0.173298,0.600514,0.00962734,0.0288801,0.762152,0.762204,0.403484,24,130,0.677862,0.357186,0.320676,0.946526,0.848043,-0.679008,3.351,0.45184,0.176923,0.000123978,0.126872,9,1024,304,432,319541,418278,59584,12527,492,1.13889,312,0.722222,0.0392031,0.186467,0.0119467,1391.89,0.0479849,29006.8,27564,56.0244,36,142,34.3244,81.25,108,123,120,12527,104.392,89,182,35.4013,108.5,166.4,181,2.27778,3,5,1.74182,4,5,5,131.431
3_-0.19_0.22_-0.45_0.22_0.27_0.11_-0.02_-0.18_-0.48_-0.29,388,600,30.542,0.0509033,1.0701,184,200,1.07129,3.63974,2.22045e-16,0.433708,472.427,0.271232,0.00920473,9.32718,0.000986872,15.0948,0.04,0.887822,-173,0.355,2,1,108,0.18,60,0.1,1.44064,1.20724,326,1.8634,0.0342665,0.113065,0.542516,0.0310163,0.0930452,0.893253,0.893304,0.326575,21,128,0.721086,0.386856,0.334229,1.8634,1.80975,1.51976,6.08265,0.818247,0.15625,0.00012207,0.140361,9,1024,388,600,256636,397056,77504,20076,1056,1.76,504,0.84,0.0782275,0.302,0.019146,2230.67,0.0860413,25925.5,89760,85,80,343,57.1385,105,128,136,132,20076,152.091,26,385,159.619,360,374,383,3.52,3,9,2.64,5,7,9,75.3176
3_-0.19_0.25_-0.22_0.11_-0.16_-0.48_-0.2_0.25_-0.44_0.02,364,552,32.0171,0.0580019,0.867392,184,176,1.07594,3.66026,0,0.414217,410.2,0.327577,0.00834456,9.32017,0.000895323,15.5055,0.0434783,0.938946,-173,0.342391,2,1,96,0.173913,60,0.108696,1.33158,1.00878,2226,1.41557,0.0427866,0.157643,0.655251,0.0427866,0.128313,0.588064,0.58875,0.123906,9,68,0.725025,0.400053,0.324972,1.41557,1.12011,-0.454742,4.01295,0.915396,0.294118,6.48499e-05,0.25816,9,1024,364,552,245560,375050,78292,11493,687,1.24457,468,0.847826,0.0468032,0.31883,0.0109606,1277,0.051972,24570.9,30884,44.9549,32,214,40.3483,59,85,154,78,11493,147.346,91.5,338,124.553,255.75,338,338,2.48913,3,6,1.69394,3,5,5,50.505
3_-0.19_0.25_0.32_-0.03_-0.31_0.21_-0.39_-0.31_0.2_-0.13,376,576,35.3323,0.0613408,1.03617,184,188,1.07427,3.22485,0,0.409213,418.179,0.379179,0.0108846,9.2002,0.00118308,14.0347,0.0416667,0.870166,-173,0.348958,2,1,116,0.201389,38,0.0659722,1.25037,1.03622,1324.5,1.52336,0.0525732,0.108303,0.577893,0.0525732,0.157527,0.607122,0.607282,0.139545,21,80,0.691743,0.526447,0.165296,1.52336,2.08012,3.88656,6.08009,0.584157,0.1375,7.62939e-05,0.132396,9,1024,376,576,302462,442124,88458,6548,744,1.29167,404,0.701389,0.021649,0.29246,0.00624466,727.556,0.0245443,29642.5,19740,26.5323,17,69,21.9137,48,61,63.85,92,6548,71.1739,57,156,52.8568,152,153,155,2.58333,2.5,7,2.16185,5,5,5,63.1757
3_-0.19_0.29_0.23_-0.07_-0.18_0.32_0.14_0.13_0.25_-0.46,396,616,36.9662,0.06001,0.840483,184,208,1.06868,3.80557,4.996e-16,0.412414,450.719,0.127706,0.00888346,9.37787,0.000947278,14.9009,0.038961,0.917535,-173,0.358766,2,1,52,0.0844156,65,0.105519,1.61085,1.2328,299,2.24332,0.0421381,0.125337,0.590238,0.0211658,0.0634947,0.548361,0.54839,0.148981,9,170,0.685145,0.316362,0.368783,2.24332,2.68821,6.31224,10.4554,0.804459,0.117647,0.000162125,0.22192,9,1024,396,616,286012,431914,76032,26436,712,1.15584,480,0.779221,0.0924297,0.265835,0.0252113,2937.33,0.102308,28710.7,66426,93.2949,89,400,63.8679,111,132,144,80,26436,330.45,150,1211,332.852,545.75,688.4,1079.7,2.31169,2,7,1.91209,3,5,6,90.6694
3_-0.19_0.39_-0.39_-0.03_-0.13_-0.42_0.45_0.25_0.15_0.06,532,888,32.2519,0.0363197,1.29355,184,344,0.989548,3.53801,5.55112e-17,0.398885,625.199,0.276763,0.0106206,9.32706,0.00113868,13.1969,0.027027,0.89993,-173,0.402027,2,1,172,0.193694,52,0.0585586,1.33033,1.03932,137.5,1.43853,0.053668,0.103416,0.607522,0.053668,0.160813,0.653724,0.653902,0.22838,21,76,0.749239,0.559614,0.189625,1.43853,1.6055,2.21322,5.44388,0.554622,0.144737,7.24792e-05,0.149843,9,1024,532,888,235430,414188,79466,17802,3650,4.11036,822,0.925676,0.0756148,0.337536,0.0169773,1978,0.0775146,25517.8,142278,38.9803,31,145,31.373,59,87,98,56,17802,317.893,53,2903,729.292,253,375,2902,8.22072,7,26,6.08542,13,16,19,73.4242
3_-0.19_0.44_0.16_-0.26_0.38_-0.26_0.38_-0.44_0.25_-0.21,324,472,28.8175,0.061054,0.847788,184,136,1.06753,3.5775,4.44089e-16,0.428693,344.73,0.115226,0.012252,9.4218,0.00130038,13.2515,0.0508475,0.846375,-173,0.315678,2,1,48,0.101695,46,0.0974576,1.33017,1.02848,112,1.92246,0.0486298,0.117301,0.505762,0.0486298,0.14586,0.597136,0.597745,0.236083,21,123,0.738066,0.494434,0.243631,1.92246,2.33011,4.76229,8.10424,0.794215,0.162602,0.000117302,0.156194,9,1024,324,472,241064,337184,52682,13778,504,1.0678,320,0.677966,0.0571549,0.218539,0.0131397,1530.89,0.0677756,22587.6,38356,76.1032,56.5,377,64.3707,107,118,128.7,64,13778,215.281,117,529,182.644,309.75,520.7,527.1,2.13559,1,8,2.33222,4,5.9,7,61.7683
3_-0.1_-0.04_0.24_0.48_0.16_-0.02_0.49_-0.01_0.32_0.38,472,768,31.2933,0.0407465,1.35039,184,284,1.02912,3.43216,5.55112e-17,0.391214,530.583,0.211663,0.0106628,9.36473,0.00113861,13.3639,0.03125,0.861199,-173,0.386719,2,1,124,0.161458,52,0.0677083,1.37807,1.24775,1317,1.24669,0.0218077,0.130647,0.601406,0.0180025,0.0540066,0.688172,0.688209,0.39771,12,128,0.685933,0.347586,0.338347,1.24669,1.40473,0.327394,4.06947,0.634745,0.179688,0.00012207,0.179377,9,1024,472,768,307199,446948,54368,21700,4968,6.46875,704,0.916667,0.0706383,0.17698,0.0206947,2411.11,0.08382,28765.3,228551,46.0046,38,241,39.9976,69,99,116,88,21700,246.591,69,2342,481.434,275,482.3,503,12.9375,5,45,15.3238,27,41,41,112.613
3_-0.1_-0.07_0.2_0.08_-0.32_0.07_-0.22_0.14_-0.24_-0.05,292,408,22.3893,0.0548758,0.879666,184,104,1.03509,3.41081,1.11022e-16,0.419482,312.498,0.431507,0.0121335,9.1859,0.00132088,12.8683,0.0588235,0.852641,-173,0.286765,2,1,72,0.176471,30,0.0735294,1.1454,1.09433,112,3.03564,0.0793638,0.0895847,0.52501,0.0793638,0.237966,0.768696,0.768755,0.262009,9,113,0.771436,0.707968,0.063468,3.03564,3.08089,7.57105,11.6252,0.898872,0.079646,0.000107765,0.0470739,9,1024,292,408,233513,321604,54932,17244,450,1.10294,288,0.705882,0.073846,0.235242,0.0164452,1916,0.0884073,21672.4,40216,89.3689,74,278,61.0188,103,188,261,60,17244,287.4,244,609,265.512,591.25,604,607.05,2.20588,2,7,1.90633,3,5,6,84.6049
3_-0.1_-0.11_0.25_-0.48_0.34_0.12_-0.28_-0.3_-0.45_0.21,340,504,38.3538,0.0760988,0.834822,184,152,1.07404,3.83951,5.55112e-17,0.426033,381.758,0.441176,0.0146707,9.37597,0.00156471,10.4657,0.047619,0.962251,-173,0.327381,2,1,120,0.238095,0,0,1.39877,1.05967,441.5,2.13735,0.0319567,0.116535,0.627596,0.0281258,0.0843277,0.518746,0.519041,0.199264,8,240,0.653664,0.386723,0.266941,2.13735,3.48874,12.2669,11.7333,0.608833,0.0791667,0.000228882,0.19327,9,1024,340,504,329668,426122,55504,8722,408,0.809524,312,0.619048,0.0264569,0.168363,0.00831795,969.111,0.0329441,29416.9,19734,48.3676,34,279,49.8271,56,63,100,96,8722,90.8542,74,284,90.4991,91,283,283,1.61905,1.5,7,1.55766,3,3,4,95.7195
3_-0.1_-0.15_0.01_0.47_0.1_-0.32_-0.39_0.38_-0.23_-0.18,416,656,42.3444,0.0645495,0.916816,184,228,1.06045,3.36806,4.44089e-16,0.402163,472.074,0.254579,0.00688726,9.24462,0.000745002,18.8284,0.0365854,0.941035,-173,0.367378,2,1,96,0.146341,100,0.152439,1.68922,1.39221,338,2.51425,0.045229,0.132249,0.52957,0.045229,0.135574,0.510359,0.510396,0.139021,9,148,0.681544,0.422449,0.259095,2.51425,2.59117,5.36212,9.82164,0.945014,0.135135,0.000141144,0.218523,9,1024,416,656,303266,521268,114974,64859,1570,2.39329,576,0.878049,0.213868,0.379119,0.0618544,7206.56,0.203452,35421.4,198281,126.294,63,1036,184.995,133,317,578,70,64859,926.557,182,4270,1534.56,826,4263,4266.75,4.78659,4,13,3.72248,7,11,12,58.8712
3_-0.1_-0.32_-0.0_-0.46_0.38_-0.05_0.2_0.0_-0.28_0.19,228,280,26.5797,0.0949273,0.654299,184,40,0.792484,3.69463,0,0.441096,213.566,0,0.0164609,9.38777,0.00175344,12.3433,0.0857143,0.823896,-173,0.189286,2,1,0,0,25,0.0892857,1.41123,1.08002,27,1.79423,0.0542459,0.13363,0.384674,0.0542459,0.162538,0.747824,0.748055,0.252509,20,105,0.755312,0.576461,0.178851,1.79423,2.08286,4.23143,7.54102,0.856465,0.219048,0.000100136,0.0977182,9,1024,228,280,228334,290296,47694,3002,112,0.4,120,0.428571,0.0131474,0.208878,0.00286293,333.556,0.0161742,20622.7,5202,46.4464,43.5,68,12.136,56,64,66,48,3002,62.5417,59.5,80,10.8281,74.25,78,79,0.8,0,3,1.06369,2,3,3,60.8076
3_-0.1_-0.34_-0.26_-0.1_0.35_0.04_0.42_0.23_-0.15_0.04,592,1008,29.3313,0.0290985,1.35196,184,404,0.948891,3.44433,9.99201e-16,0.400852,723.845,0.239704,0.00944758,9.34257,0.00101124,14.499,0.0238095,0.97849,-173,0.41369,2,1,148,0.146825,117,0.116071,1.23361,1.00566,230,2.03849,0.0558701,0.0980908,0.628352,0.0558701,0.167603,0.956291,0.956324,0.540881,9,92,0.764651,0.492472,0.27218,2.03849,1.98666,2.51501,6.72208,0.974839,0.217391,8.7738e-05,0.208945,9,1024,592,1008,215316,418824,83329,31813,3947,3.91567,924,0.916667,0.14775,0.387008,0.0303392,3534.78,0.14552,24290.6,234096,59.3099,63,342,47.0498,93,110,119,312,31813,101.965,3,1050,263.649,5,384.4,918.9,7.83135,8,27,5.26889,10,14,19,101.389
3_-0.1_0.12_0.09_-0.41_-0.46_-0.28_-0.04_-0.04_0.16_0.04,292,408,26.7671,0.0656056,0.656688,184,104,1.03509,3.80437,5.55112e-17,0.450669,331.27,0.435747,0.0109596,9.18165,0.00119364,13.3602,0.0588235,0.900384,-173,0.286765,2,1,72,0.176471,0,0,1.34825,1.05883,1064,1.81624,0.0482559,0.137722,0.524142,0.0482559,0.144765,0.793978,0.794002,0.298831,9,108,0.737463,0.468039,0.269424,1.81624,2.1213,3.37326,7.06698,0.835031,0.185185,0.000102997,0.202064,9,1024,292,408,241344,315722,44980,2796,304,0.745098,200,0.490196,0.0115851,0.186373,0.00266647,310.667,0.0145561,21342.7,5422,17.8355,6.5,80,23.3766,26.75,67.7,73.85,44,2796,63.5455,73.5,239,65.5628,78,82,238,1.4902,0,10,2.34205,2,5,7,76.3446
3_-0.1_0.16_-0.06_0.39_-0.5_0.43_-0.43_0.36_-0.32_0.36,268,360,22.6512,0.0629201,0.694266,184,80,0.983665,3.62507,0,0.411279,274.314,0,0.0194804,9.42816,0.0020662,9.39125,0.177778,0.913216,-173,0.258333,2,1,0,0,72,0.2,1.02422,1.02422,4374,1.40489,0.0380116,0.143715,0.556419,0.0380116,0.114035,0.867013,0.867013,0.344045,21,84,0.776592,0.529371,0.247221,1.40489,1.40091,0.571051,4.11151,0.587352,0.142857,8.01086e-05,0.428544,9,1024,268,360,234370,329109,63715,16434,756,2.1,324,0.9,0.0701199,0.271856,0.0156727,1826,0.0794851,22972.9,41175,54.4643,30,276,58.8674,75,99,141,63,16434,260.857,444,468,224.271,454,468,468,4.2,5,6,1.77764,5,6,6,85.0718
3_-0.1_0.22_0.11_0.3_0.31_-0.44_0.1_0.34_-0.12_-0.48,664,1152,43.234,0.0375295,1.20921,184,476,0.901743,3.78745,0,0.410468,848.898,0.275961,0.00646731,9.3727,0.000690016,17.8695,0.0208333,1.027,-173,0.424479,2,1,204,0.177083,139,0.12066,1.40093,1.06131,151,2.14243,0.0458384,0.100839,0.569039,0.0217304,0.0651836,0.339349,0.339375,0.118471,9,138,0.661185,0.264513,0.396672,2.14243,2.45627,5.15403,9.5672,0.855094,0.144928,0.000131607,0.25468,9,1024,664,1152,307246,549580,96704,36166,5160,4.47917,1044,0.90625,0.11771,0.314745,0.0344906,4018.44,0.121025,33203.5,298532,57.855,47,370,47.8712,87.25,107.1,129,72,36166,502.306,324.5,1126,467.561,1104,1120.4,1124,8.95833,10,26,6.26651,12,16,21,59.9813
3_-0.1_0.27_-0.42_0.33_-0.33_-0.27_-0.04_-0.46_-0.26_-0.03,408,640,29.4118,0.045956,0.897074,184,220,1.06401,3.74238,2.77556e-16,0.424544,483.27,0.256303,0.0100389,9.36414,0.00107205,14.591,0.0375,0.97211,-173,0.364063,2,1,120,0.1875,61,0.0953125,1.31154,1.00373,1789,1.4397,0.0488243,0.13604,0.560794,0.0488243,0.146391,0.672414,0.672746,0.327206,20,84,0.742851,0.519575,0.223276,1.4397,1.63066,2.21325,5.52095,0.524765,0.130952,8.01086e-05,0.16512,9,1024,408,640,237244,361954,63494,9894,1130,1.76562,406,0.634375,0.0417039,0.267632,0.00943565,1099.33,0.0480997,22855.3,61266,54.2177,53,114,28.2202,78,92,96,32,9894,309.188,114,1118,330.65,406.25,1047,1118,3.53125,3,16,3.66899,7,8,8.05,61.2736
3_-0.1_0.29_0.15_-0.07_-0.02_-0.15_-0.31_0.37_-0.34_0.19,268,360,26.758,0.0743277,0.657554,184,80,0.983665,4.04644,5.55112e-17,0.424536,282.863,0.474769,0.013222,9.18796,0.00143905,11.9788,0.0666667,0.880293,-173,0.258333,2,1,72,0.2,0,0,1.552,1.41091,5588.5,0.952941,0.0362835,0.145928,0.57967,0.0362835,0.108829,0.644519,0.645387,0.17449,25,56,0.726274,0.440934,0.285339,0.952941,0.925195,-0.729731,2.79767,0.449458,0.160714,5.34058e-05,0.10368,9,1024,268,360,262057,351060,65577,1060,136,0.377778,166,0.461111,0.00404492,0.250239,0.00101089,117.778,0.00477577,24661.5,1852,13.6176,9,35,10.7341,22,30,32,94,1060,11.2766,6,35,10.7341,19.75,29,31,0.755556,0,3,0.969663,1,2,3,65.9085
3_-0.1_0.37_-0.4_-0.02_-0.04_0.22_-0.05_0.36_-0.28_-0.26,448,720,32.6046,0.0452842,1.30925,184,260,1.04362,3.52616,5.55112e-17,0.413671,539.981,0.275085,0.00561911,9.37139,0.000599602,19.0657,0.0333333,0.828905,-173,0.379167,2,1,144,0.2,61,0.0847222,1.60814,1.37057,3191,1.28606,0.0341043,0.152206,0.593539,0.0341043,0.102304,0.514409,0.514458,0.165914,9,80,0.708186,0.417412,0.290774,1.28606,1.31169,0.0470179,3.85259,0.786142,0.25,7.62939e-05,0.111357,9,1024,448,720,277166,437036,78630,15180,5304,7.36667,688,0.955556,0.0547686,0.283693,0.0144768,1686.67,0.0598882,28163.6,349637,65.9195,64,286,34.1558,89,99,107,46,15180,330,94,1710,481.532,545,680.5,1710,14.7333,10,49,15.183,20,39,47,34.91
3_-0.1_0.5_0.16_0.19_0.04_-0.23_-0.17_0.14_-0.41_-0.27,580,984,34.5622,0.0351242,1.41483,184,392,0.956975,3.81204,2.60902e-15,0.402473,720.058,0.222989,0.0111607,9.6205,0.00116009,13.0487,0.0243902,0.877269,-173,0.411585,2,1,132,0.134146,112,0.113821,1.18497,1.00421,3403,1.30985,0.03232,0.0886154,0.645698,0.0159044,0.0477104,0.873004,0.873588,0.5497,33,116,0.712173,0.36219,0.349983,1.30985,1.90058,2.66201,5.26434,0.621245,0.172414,0.000110626,0.146731,9,1024,580,984,267978,484920,74051,47853,6008,6.10569,940,0.955285,0.178571,0.276332,0.0456362,5317,0.178841,29730.3,479966,79.8878,85,1159,85.3689,102,116,156,24,47853,1993.88,2004.5,2551,552.515,2544.25,2550,2550.85,12.2114,11,29,6.85536,15,24,24,127.629
3_-0.21_-0.05_0.41_-0.31_-0.18_0.03_0.27_0.47_-0.32_-0.36,644,1112,44.7872,0.0402763,0.94361,184,456,0.914561,3.48741,2.22045e-16,0.409589,816.549,0.272109,0.0140235,9.18862,0.00152618,13.5339,0.0215827,1.07274,-173,0.421763,2,1,188,0.169065,103,0.0926259,1.24321,1.00259,722,1.7313,0.0227585,0.0929665,0.583685,0.0150938,0.0452738,0.915197,0.915471,0.490051,13,266,0.637477,0.304461,0.333016,1.7313,2.59165,7.08465,9.49643,0.707694,0.165414,0.000253677,0.142604,9,1024,644,1112,356315,581094,104977,21226,1658,1.49101,802,0.721223,0.0595709,0.294619,0.0202427,2358.44,0.0643849,36630.4,80763,48.7111,31,229,47.9681,79,107,128,156,21226,136.064,104.5,330,102.59,234,312.5,328.25,2.98201,3,10,2.78576,5,7,8.45,196.105
3_-0.21_-0.14_0.49_-0.04_0.19_0.19_-0.14_-0.38_0.21_0.33,496,816,37.0642,0.0454219,0.905471,184,308,1.01366,3.90627,1.66533e-16,0.408092,596.029,0.323733,0.00781227,9.18671,0.000850388,15.5086,0.0294118,0.961768,-173,0.393382,2,1,152,0.186275,89,0.109069,1.3053,1.04146,114,3.42866,0.0458422,0.128564,0.651576,0.0458422,0.13752,0.678485,0.678516,0.160769,9,279,0.67798,0.417824,0.260157,3.42866,3.94191,14.8476,18.8648,0.90318,0.0716846,0.000266075,0.189593,9,1024,496,816,305876,470848,83814,11354,1499,1.83701,548,0.671569,0.0371196,0.274013,0.010828,1261.56,0.0420666,29989.5,52756,35.1941,27,106,30.1835,63,77,93,124,11354,91.5645,73,224,72.9444,123.25,222.7,223,3.67402,3,11,3.40906,6,9,10,95.1257
3_-0.21_-0.26_-0.21_0.13_0.44_-0.24_0.49_-0.43_-0.43_-0.36,472,768,39.9107,0.051967,1.06178,184,284,1.02912,3.67249,1.66533e-16,0.42358,561.895,0.255448,0.0105479,9.37189,0.00112548,13.9575,0.03125,0.964859,-173,0.386719,2,1,112,0.145833,88,0.114583,1.31988,1.02581,622,1.96743,0.0344868,0.118008,0.598369,0.0344868,0.103455,0.762118,0.76232,0.356653,8,188,0.653,0.377571,0.275429,1.96743,3.14811,9.84532,9.92881,0.633812,0.101064,0.000179291,0.270954,9,1024,472,768,333856,482554,75915,13420,780,1.01562,428,0.557292,0.040197,0.227388,0.0127983,1491.11,0.047409,31452.1,50803,65.1321,49,417,69.4383,92,114,126,76,13420,176.579,71.5,575,204.184,400.25,498.5,562,2.03125,1,11,2.429,3,6,7,123.809
3_-0.21_-0.28_0.02_0.01_-0.03_-0.05_0.47_0.18_0.46_-0.17,536,896,28.0034,0.0312538,0.99517,184,348,0.986836,3.9186,0,0.41534,653.928,0.412758,0.00549292,9.37213,0.00058609,18.3877,0.0267857,0.949669,-173,0.402902,2,1,220,0.245536,42,0.046875,1.24074,1.03779,220,2.7971,0.060729,0.128312,0.630808,0.060729,0.182181,0.934635,0.934697,0.609626,9,148,0.76938,0.536314,0.233066,2.7971,3.05215,8.14441,11.682,0.969317,0.135135,0.000141144,0.175552,9,1024,536,896,214966,398474,86140,15186,2396,2.67411,752,0.839286,0.0706437,0.400715,0.0144825,1687.33,0.0710646,23743.6,102516,42.7863,33,162,33.4579,63,94,115,88,15186,172.568,47.5,676,238.266,191,657.6,671.65,5.34821,5,18,4.29433,8,10,12,73.7901
3_-0.21_-0.43_-0.27_-0.38_0.21_0.14_0.37_-0.36_-0.03_0.43,500,824,39.2834,0.0476741,1.09216,184,312,1.01102,3.42967,0,0.401777,570.992,0.230476,0.0107812,9.37421,0.0011501,14.4147,0.0291262,0.979619,-173,0.394417,2,1,128,0.15534,106,0.128641,1.35735,1.05494,93,3.02944,0.0456648,0.124128,0.572593,0.0456648,0.13699,0.716884,0.7169,0.190338,9,241,0.678051,0.402827,0.275224,3.02944,3.64248,12.7379,16.2307,0.859178,0.0829876,0.000229836,0.259305,9,1024,500,824,305452,480822,92306,17372,1595,1.93568,698,0.847087,0.0568731,0.302195,0.0165672,1930.22,0.0623451,30960.3,55311,34.6777,19,274,39.8152,54,74,97.3,282,17372,61.6028,4,360,103.627,41,270,287,3.87136,3,14,2.93794,6,8,10,87.2912
3_-0.21_-0.44_0.05_-0.45_-0.48_-0.03_-0.35_-0.13_0.3_-0.4,268,360,36.2293,0.100637,0.603548,184,80,0.983665,3.40763,4.996e-16,0.457252,277.133,0.270789,0.0157916,9.18776,0.00171877,12.0377,0.0666667,0.813137,-173,0.258333,2,1,56,0.155556,0,0,1.70474,1.31134,729,2.21767,0.0485086,0.126861,0.520108,0.0485086,0.145442,0.648033,0.648684,0.212329,17,171,0.668167,0.497915,0.170252,2.21767,3.63747,14.4225,12.4145,0.809937,0.163743,0.000163078,0.181373,9,1024,268,360,327301,399541,44242,8654,484,1.34444,240,0.666667,0.0264405,0.135172,0.0082531,961.556,0.0340377,28249.7,23282,48.1033,22,187,47.1566,69,113,124,70,8654,123.629,69,706,170.659,127,297,528.25,2.68889,1,9,3.02083,4,8,9,87.1562
3_-0.21_0.0_0.09_-0.05_-0.46_-0.13_0.12_-0.18_0.15_-0.16,316,456,24.1338,0.052925,1.24381,184,128,1.06221,2.71297,1.11022e-16,0.413599,323.481,0.301386,0.0106514,9.36308,0.0011376,15.1269,0.0526316,0.814137,-173,0.309211,2,1,88,0.192982,24,0.0526316,1.12361,1.00322,4559.5,1.44713,0.0749636,0.146812,0.479892,0.0749636,0.224639,0.813521,0.813757,0.329042,21,48,0.768839,0.729403,0.0394363,1.44713,1.60028,1.16945,4.68011,0.716376,0.1875,4.57764e-05,0.0457304,9,1024,316,456,236298,331364,50610,14228,2588,5.67544,360,0.789474,0.0602121,0.214179,0.0135689,1580.89,0.0723618,21847,239606,92.5835,90,660,54.811,98,105.3,115,32,14228,444.625,142,2403,756.676,404.5,2200.9,2401.45,11.3509,5,34,12.6095,25,31,32,68.5167
3_-0.21_0.1_0.03_-0.01_0.39_-0.4_-0.3_0.05_0.19_0.25,352,528,33.7602,0.0639397,0.936398,184,164,1.07598,3.98245,1.11022e-16,0.416015,390.08,0.175866,0.0154922,9.18156,0.00168732,11.71,0.0454545,0.929785,-173,0.335227,2,1,48,0.0909091,38,0.0719697,1.29507,1.02243,414,2.19981,0.040019,0.115336,0.522624,0.0297203,0.0891609,0.923461,0.927911,0.627667,9,160,0.702924,0.355568,0.347356,2.19981,2.38031,4.12441,9.10916,0.8383,0.125,0.000152588,0.287517,9,1024,352,528,269664,398162,81338,27808,468,0.886364,380,0.719697,0.103121,0.301627,0.0265198,3089.78,0.114238,27046.9,49074,104.859,74,976,200.572,97,168,646.15,170,27808,163.576,6,1079,353.546,93.75,982,1037,1.77273,1,5,1.53045,3,4,4,127.353
3_-0.21_0.23_0.24_0.42_-0.04_0.2_-0.14_-0.16_0.44_0.4,376,576,34.9286,0.06064,0.757201,184,188,1.07427,3.61262,0,0.398541,410.286,0.161094,0.00847351,9.38056,0.000903305,16.3718,0.0416667,0.991215,-173,0.348958,2,1,72,0.125,59,0.102431,1.50066,1.26935,410,1.81998,0.0299864,0.141374,0.446752,0.0229168,0.0687447,0.335331,0.335386,0.08948,33,153,0.668852,0.356595,0.312257,1.81998,2.01151,2.56387,6.85939,0.720694,0.130719,0.000145912,0.201406,9,1024,376,576,315879,441198,77535,14400,300,0.520833,264,0.458333,0.0455871,0.245458,0.0137329,1600,0.0533796,29974,21120,70.4,16,1068,206.515,22,106.1,109,84,14400,171.429,23,1094,376.803,29,1094,1094,1.04167,0,4,1.30637,2,3,3,41.7277
3_-0.21_0.28_-0.38_-0.19_0.02_0.28_-0.38_0.37_-0.07_-0.02,472,768,31.1165,0.0405163,0.956283,184,284,1.02912,3.71226,1.66533e-16,0.384453,524.254,0.409403,0.00870482,9.37787,0.00092823,15.0819,0.03125,0.907992,-173,0.386719,2,1,164,0.213542,52,0.0677083,1.32521,1.17623,89,2.31398,0.0477839,0.0975408,0.579465,0.0477839,0.143237,0.558283,0.55924,0.136985,21,143,0.730737,0.515668,0.215069,2.31398,2.67569,6.24039,9.35096,0.84801,0.13986,0.000136375,0.0766599,9,1024,472,768,260371,435119,85189,27754,1772,2.30729,632,0.822917,0.106594,0.327183,0.0264683,3083.78,0.110037,28024.9,106010,59.8251,39,665,75.8339,95,122,148,48,27754,578.208,113.5,3012,846.514,782.75,1323,3011,4.61458,4,13,3.3661,6,10,11,81.0259
3_-0.22_-0.38_-0.11_0.45_0.08_0.25_0.19_0.08_0.31_0.41,436,696,34.3646,0.0493744,0.756689,184,248,1.05035,3.3435,2.22045e-16,0.420582,530.824,0.314766,0.00721379,9.37361,0.000769585,17.5286,0.0344828,0.945837,-173,0.375,2,1,132,0.189655,97,0.139368,1.38881,1.10809,26,2.73378,0.0456476,0.139936,0.573763,0.0182686,0.0548038,0.794914,0.795037,0.294114,21,208,0.706225,0.287392,0.418834,2.73378,3.04377,8.60503,13.4443,0.89716,0.110577,0.000198364,0.169109,9,1024,436,696,260221,428710,97857,19724,688,0.988506,548,0.787356,0.0757971,0.376053,0.0188103,2191.56,0.0788168,27805.7,44053,64.0305,67,267,53.5869,81.25,139,159,210,19724,93.9238,91,304,110.203,116,286,299,1.97701,2,6,1.54233,3,4,5,85.6625
3_-0.22_-0.49_-0.4_0.32_-0.17_-0.19_-0.27_0.36_0.06_-0.11,632,1088,40.0818,0.0368399,1.06839,184,444,0.922363,3.49103,1.16573e-15,0.400871,772.839,0.303647,0.00585835,9.37011,0.000625217,19.0687,0.0220588,1.01873,-173,0.420037,2,1,228,0.209559,115,0.105699,1.60946,1.21316,64,2.48866,0.0435896,0.109999,0.616899,0.0278072,0.0834093,0.546658,0.546711,0.186554,21,176,0.686883,0.321203,0.36568,2.48866,2.58039,5.44317,11.169,0.8786,0.113636,0.000167847,0.253789,9,1024,632,1088,282655,504514,101447,25916,2518,2.31434,873,0.80239,0.0916877,0.358908,0.0247154,2879.56,0.0938687,30676.4,149727,59.4627,43,235,48.4869,100,110,145,76,25916,341,236,1125,422.304,411,1111,1118.25,4.62868,4,12,3.82931,8,11,12,64.6651
3_-0.22_-0.49_0.11_0.23_-0.11_0.15_-0.08_0.37_0.03_-0.0,284,392,28.2898,0.0721679,0.644872,184,96,1.02125,3.57015,5.55112e-17,0.415231,286.157,0.246144,0.0119417,9.18761,0.00129976,13.9125,0.0612245,0.876493,-173,0.278061,2,1,64,0.163265,0,0,1.72998,1.304,1881.5,1.60716,0.0457373,0.121389,0.464609,0.0250454,0.0750904,0.420731,0.421016,0.162592,21,104,0.740163,0.343262,0.396901,1.60716,1.82573,2.37873,6.42653,0.775256,0.192308,9.91821e-05,0.182353,9,1024,284,392,224542,314388,52172,13522,68,0.173469,120,0.306122,0.0602204,0.232349,0.0128956,1502.44,0.0694644,21629,14330,210.735,326,367,150.238,358.25,365,366,52,13522,260.038,338,367,138.512,362,365.9,366,0.346939,0,2,0.555162,1,1,1,58.6316
3_-0.22_0.07_-0.36_0.18_0.24_0.36_-0.0_0.41_0.39_0.37,328,480,24.8129,0.0516935,0.980957,184,140,1.06964,3.89063,0,0.415788,363.429,0.292683,0.0158807,9.39575,0.0016902,11.0007,0.05,0.892284,-173,0.31875,2,1,72,0.15,24,0.05,1.15536,1.00563,7686,0.848732,0.0271854,0.128805,0.591622,0.0106812,0.0320435,0.620489,0.620489,0.290355,45,92,0.734737,0.371758,0.36298,0.848732,1.24009,1.22786,3.40402,0.354637,0.119565,8.7738e-05,0.185532,9,1024,328,480,249686,331634,42036,7206,574,1.19583,353,0.735417,0.0288602,0.168355,0.00687218,800.667,0.0366235,21862.1,27894,48.5958,56,111,37.9799,81.75,99.7,102,64,7206,112.594,136,203,75.9442,194,198,199,2.39167,3,6,1.89317,3,5,6,91.4745
3_-0.22_0.0_-0.11_0.39_-0.03_-0.03_-0.15_-0.16_-0.26_-0.32,256,336,22.3173,0.0664205,0.749979,184,68,0.944208,3.72989,3.33067e-16,0.438668,266.464,0.192336,0.010714,9.1813,0.00116694,15.0099,0.0714286,0.830798,-173,0.241071,2,1,36,0.107143,0,0,1.53127,1.26204,2619,1.25274,0.0498886,0.13717,0.376412,0.0498886,0.14957,0.480116,0.480197,0.171515,9,56,0.76346,0.488664,0.274796,1.25274,1.05459,-0.444864,3.65934,0.67073,0.214286,5.34058e-05,0.199247,9,1024,256,336,215381,270220,32567,3602,284,0.845238,168,0.5,0.0167239,0.151206,0.00343513,400.222,0.0214765,18635.3,9658,34.007,16,125,33.9371,43,95.7,111,20,3602,180.1,139,572,204.628,157.25,572,572,1.69048,0.5,10,2.21051,3,5,6,42.3328
3_-0.22_0.29_-0.31_-0.22_0.27_0.16_-0.4_-0.33_0.25_-0.19,544,912,40.6428,0.0445645,1.48087,184,356,0.981403,3.31957,1.55431e-15,0.403161,645.292,0.320903,0.0101045,9.37465,0.00107785,12.8134,0.0263158,0.876779,-173,0.404605,2,1,180,0.197368,70,0.0767544,1.45061,1.18902,5856,1.38387,0.0471878,0.12536,0.659208,0.0471878,0.141525,0.700933,0.701315,0.179965,33,93,0.674363,0.499174,0.175189,1.38387,2.79488,8.13682,6.50757,0.489356,0.11828,8.86917e-05,0.157693,9,1024,544,912,324606,525382,84610,37670,5567,6.10417,859,0.941886,0.116048,0.260654,0.0359249,4185.56,0.124025,33747.8,396142,71.159,69,631,65.3715,92,108,122,72,37670,523.194,129,3894,872.073,565.25,957,2276.85,12.2083,9,47,12.4391,13,35,35,88.7453
3_-0.22_0.33_-0.42_0.02_-0.27_0.04_0.43_-0.34_-0.19_-0.3,492,808,33.97,0.0420421,1.12517,184,304,1.01628,3.67968,7.77156e-16,0.428074,615.931,0.230159,0.0120478,9.36929,0.00128588,12.8335,0.029703,0.903714,-173,0.392327,2,1,124,0.153465,46,0.0569307,1.24845,1.01776,711,2.03809,0.0523653,0.117544,0.581168,0.0523653,0.157091,0.767589,0.767608,0.340008,9,114,0.709613,0.484362,0.225251,2.03809,2.52161,5.38178,8.41254,0.85714,0.175439,0.000108719,0.180287,9,1024,492,808,277960,444596,76182,32034,3136,3.88119,680,0.841584,0.115247,0.274075,0.03055,3559.33,0.126796,28071.4,181415,57.8492,43,609,64.1595,85,106,118,24,32034,1334.75,746.5,4872,1615.75,1055.25,4871,4871.85,7.76238,5,31,7.87325,12,19,27,88.3777
3_-0.22_0.33_-0.48_-0.11_0.25_0.47_-0.09_0.25_-0.29_0.09,508,840,33.1313,0.039442,1.09512,184,320,1.00571,3.71835,3.21965e-15,0.386248,580.47,0.295088,0.00854011,9.36505,0.000911913,15.0385,0.0285714,0.91063,-173,0.396429,2,1,164,0.195238,62,0.0738095,1.2273,1.11798,781.5,1.24526,0.0207577,0.166687,0.633518,0.0134268,0.0402803,0.475791,0.475836,0.150398,45,144,0.674785,0.378397,0.296388,1.24526,1.19797,0.502563,4.42972,0.549085,0.159722,0.000137329,0.116452,9,1024,508,840,319374,478662,69892,20344,5328,6.34286,668,0.795238,0.0636996,0.218841,0.0194016,2260.44,0.0739414,30570.7,256624,48.1652,44,238,35.6704,66,97,109,60,20344,339.067,193.5,2326,534.649,197,344.1,2324.05,12.6857,5,51,16.0632,11,41,43,93.7187
3_-0.22_0.34_-0.39_-0.01_0.44_-0.47_0.03_-0.38_-0.27_-0.03,384,592,34.3626,0.0580449,1.04637,184,196,1.07241,3.60998,4.44089e-16,0.416931,422.564,0.221974,0.0135581,9.37967,0.00144547,12.3334,0.0405405,0.820645,-173,0.353041,2,1,68,0.114865,60,0.101351,1.34926,1.02736,9267,1.05334,0.0476818,0.12621,0.566986,0.0476818,0.143039,0.783923,0.783963,0.295488,21,56,0.730968,0.475367,0.255601,1.05334,1.22119,0.498267,3.65294,0.559558,0.196429,5.34058e-05,0.187744,9,1024,384,592,246400,403862,88664,29120,2314,3.90878,516,0.871622,0.118182,0.359838,0.027771,3235.56,0.121892,26544.3,155426,67.1677,61,711,80.1701,91,109,139.7,64,29120,455,219,3379,810.61,279.25,992,3020.4,7.81757,5,28,7.76212,13.25,17,26,66.9135
3_-0.22_0.38_-0.01_0.03_0.13_0.32_0.42_0.06_0.28_-0.23,400,624,28.7172,0.0460211,0.860631,184,212,1.06722,3.88319,2.77556e-16,0.396432,433.835,0.204762,0.0118435,9.3253,0.00127004,12.9243,0.0384615,0.902109,-173,0.360577,2,1,88,0.141026,20,0.0320513,1.36754,1.18573,390,1.77338,0.0266132,0.133042,0.591544,0.0266132,0.0798397,0.616213,0.616213,0.364322,21,150,0.725107,0.41794,0.307167,1.77338,1.75701,1.48154,5.50537,0.888714,0.213333,0.000143051,0.11009,9,1024,400,624,260568,383922,61784,12444,912,1.46154,480,0.769231,0.0477572,0.237113,0.0118675,1382.67,0.0548563,25205.2,30664,33.6228,27,141,31.2087,51,72,104,112,12444,111.107,96.5,234,87.6747,206.25,231,234,2.92308,3,9,2.32472,5,6,7,83.0546
3_-0.23_-0.26_-0.14_0.36_-0.49_0.39_0.25_-0.07_-0.09_-0.16,428,680,31.6661,0.0465678,0.937842,184,240,1.05458,3.36667,1.11022e-16,0.42025,514.504,0.426569,0.0129967,9.35385,0.00138945,12.4741,0.0352941,0.933998,-173,0.372059,2,1,136,0.2,50,0.0735294,1.35132,1.15169,3,2.0651,0.0308237,0.114372,0.592986,0.0266933,0.079937,0.954666,0.955459,0.609541,21,170,0.71717,0.40052,0.316649,2.0651,2.02519,2.51168,7.30654,0.933616,0.188235,0.000162125,0.112303,9,1024,428,680,264291,421800,88874,14167,1462,2.15,579,0.851471,0.0536038,0.336273,0.0135107,1574.11,0.0575221,27365.3,57307,39.1977,37,147,34.467,63,89,104,192,14167,73.7865,11,858,133.805,116.25,192.9,195,4.3,3,18,4.08527,6,10,14,92.7386
3_-0.23_0.04_-0.12_0.18_0.43_-0.32_-0.18_0.26_0.09_0.09,328,480,30.9081,0.0643919,1.19722,184,140,1.06964,3.52206,5.55112e-17,0.417296,357.814,0.225319,0.0120034,9.18149,0.00130735,13.2862,0.05,0.939965,-173,0.31875,2,1,72,0.15,11,0.0229167,1.42357,1.17328,45,2.18107,0.0379744,0.120502,0.531611,0.0379744,0.113878,0.47202,0.473352,0.131669,9,141,0.705858,0.412577,0.293282,2.18107,2.18588,3.11708,7.58564,0.882941,0.141844,0.000134468,0.179015,9,1024,328,480,273356,375520,62922,14038,480,1,344,0.716667,0.0513543,0.230183,0.0133877,1559.78,0.0603973,25825.3,19432,40.4833,20,665,101.511,40,68,74.05,129,14038,108.822,32,668,183.954,136,162,660,2,2,8,1.94079,3,4,4.2,56.0135
3_-0.23_0.15_0.49_0.22_0.39_-0.42_0.12_-0.34_0.09_-0.26,448,720,27.0698,0.037597,1.16035,184,260,1.04362,3.71932,5.93969e-15,0.432208,553.296,0.240859,0.0115369,9.32548,0.00123713,13.9415,0.0333333,0.976581,-173,0.379167,2,1,120,0.166667,76,0.105556,1.31701,1.02891,225,2.30905,0.0451193,0.109488,0.583459,0.0208769,0.0625906,0.984545,0.985135,0.722555,21,176,0.757028,0.348814,0.408214,2.30905,2.51951,5.59418,10.4897,0.968939,0.181818,0.000167847,0.169831,9,1024,448,720,207505,352966,67671,27920,924,1.28333,504,0.7,0.134551,0.326117,0.0266266,3102.22,0.144686,21441.1,109568,118.58,104,464,71.7131,114,124,362,96,27920,290.833,266,509,171.199,438.25,508,508,2.56667,2,7,2.33357,4,7,7,87.2493
3_-0.23_0.42_-0.0_0.28_-0.27_-0.23_-0.12_-0.29_-0.39_0.21,328,480,33.523,0.0698397,0.588045,184,140,1.06964,3.27944,1.66533e-16,0.407262,348.382,0.0891405,0.00858734,9.32759,0.000920639,16.0438,0.05,0.971772,-173,0.31875,2,1,36,0.075,84,0.175,1.51414,1.26884,717,1.98346,0.033946,0.193603,0.627639,0.033946,0.101794,0.357588,0.357753,0.116973,9,152,0.661414,0.401247,0.260167,1.98346,2.35587,4.07555,7.80116,0.779676,0.131579,0.000144958,0.211163,9,1024,328,480,325830,418168,57450,8416,60,0.125,72,0.15,0.0258294,0.176319,0.00802612,935.111,0.0328343,28479.7,10396,173.267,57,693,241.035,69,693,693,12,8416,701.333,743,743,58.9256,743,743,743,0.25,0,3,0.698212,0,1,1.1,32.9878
3_-0.24_-0.01_-0.36_-0.34_-0.28_0.2_-0.42_-0.06_0.29_0.38,556,936,31.7128,0.0338812,1.17144,184,368,0.973246,3.72069,6.10623e-16,0.417549,703.093,0.273381,0.0105211,9.39563,0.00111979,13.3843,0.025641,0.929212,-173,0.407051,2,1,144,0.153846,107,0.114316,1.26935,1.03479,98.5,3.1441,0.0384521,0.108878,0.631465,0.0384521,0.115082,0.992993,0.993025,0.67096,9,260,0.720426,0.400455,0.31997,3.1441,3.36674,9.7886,13.8773,0.89731,0.0769231,0.000247955,0.205719,9,1024,556,936,257320,434878,72278,25278,2152,2.29915,776,0.82906,0.0982357,0.280888,0.024107,2808.67,0.107188,26203.3,168641,78.3648,89,207,40.1602,104,118,137.35,156,25278,162.038,148,434,85.0164,217,273.5,277.5,4.59829,3,15,4.09306,7,11,13,103.355
3_-0.24_-0.04_-0.03_-0.12_-0.15_0.39_0.06_0.34_0.02_0.42,340,504,23.4647,0.0465569,0.771553,184,152,1.07404,3.56622,1.11022e-16,0.411001,376.228,0.142857,0.0112225,9.36819,0.00119794,13.4098,0.047619,0.831977,-173,0.327381,2,1,48,0.0952381,68,0.134921,1.10511,1.02325,2525.5,1.54362,0.0274754,0.143303,0.633152,0.0274754,0.0824261,0.641053,0.641053,0.32338,12,112,0.749629,0.410477,0.339152,1.54362,1.40466,0.0725499,4.10502,0.823381,0.205357,0.000106812,0.333324,9,1024,340,504,233862,337802,54291,28628,608,1.20635,336,0.666667,0.122414,0.23215,0.0273018,3180.89,0.144352,22035.6,72538,119.306,94,554,114.83,110,201,553,60,28628,477.133,649.5,656,215.065,653,654,656,2.4127,2,12,2.65554,4,5,6,65.1907
3_-0.24_-0.05_0.01_0.23_0.24_0.26_0.07_0.19_-0.13_-0.1,284,392,19.9634,0.0509271,1.05798,184,96,1.02125,3.44597,1.37668e-14,0.406456,282.969,0.199195,0.00948675,9.35358,0.00101424,16.0528,0.0612245,0.740139,-173,0.278061,2,1,64,0.163265,21,0.0535714,1.36675,1.28132,18528,0.999107,0.0389786,0.140994,0.451404,0.0389786,0.116766,0.368865,0.369285,0.142587,21,56,0.777249,0.561768,0.215482,0.999107,0.526929,-0.873991,2.80837,0.449808,0.160714,5.34058e-05,0.160418,9,1024,284,392,212018,284386,34308,8974,3596,9.17347,280,0.714286,0.0423266,0.161816,0.00855827,997.111,0.0525149,18987.2,385422,107.181,103,425,37.2215,103,114,119,16,8974,560.875,363.5,1383,483.853,618.75,1383,1383,18.3469,8,40,17.2551,37,39,40,49.9895
3_-0.24_-0.15_-0.44_-0.0_-0.15_-0.46_0.34_0.33_-0.15_-0.46,520,864,40.8979,0.0473356,1.21485,184,332,0.997659,3.1858,0,0.404839,606.551,0.279304,0.0102527,9.32909,0.001099,13.5435,0.0555556,0.962326,-173,0.399306,2,1,148,0.171296,86,0.099537,1.52145,1.16437,88,2.42722,0.0478802,0.124143,0.620644,0.0478802,0.143432,0.606599,0.607084,0.168239,21,203,0.683193,0.483924,0.199269,2.42722,3.76059,15.7554,14.2268,0.833457,0.157635,0.000193596,0.121649,9,1024,520,864,309878,488596,83635,21083,1971,2.28125,656,0.759259,0.0680365,0.269897,0.0201063,2342.56,0.0738251,31731.2,98534,49.9919,50,217,39.8619,75,97,125,115,21083,183.33,159,505,91.8021,187,356.2,361.3,4.5625,3,19,4.37647,7,11,13,77.4487
3_-0.24_0.02_0.28_-0.19_-0.29_0.43_-0.43_-0.37_-0.35_0.09,560,944,40.5669,0.0429734,0.863787,184,372,0.970529,3.65012,0,0.397957,672.133,0.241497,0.00834885,9.36015,0.000891958,16.3442,0.0254237,1.06172,-173,0.407839,2,1,128,0.135593,116,0.122881,1.27581,1.02338,380,2.42502,0.0312099,0.111353,0.56172,0.0282249,0.0846701,0.612463,0.612523,0.196855,9,242,0.661421,0.365629,0.295792,2.42502,3.09604,8.31371,11.4191,0.731933,0.0826446,0.000230789,0.161884,9,1024,560,944,322334,523536,93328,34934,4298,4.55297,696,0.737288,0.108378,0.289538,0.0333157,3881.56,0.117726,32971,357832,83.2555,88,626,59.9951,99,109,122,88,34934,396.977,139,2508,621.465,914.75,1107,1142,9.10593,3,42,13.8549,7,37,39,127.258
3_-0.24_0.05_0.35_-0.02_0.19_-0.11_-0.14_-0.27_0.45_-0.29,348,520,27.9589,0.0537672,1.20131,184,160,1.07558,3.2641,0,0.425988,382.255,0.204707,0.00985658,9.3601,0.00105304,14.3285,0.0461538,0.821533,-173,0.332692,2,1,80,0.153846,22,0.0423077,1.54162,1.29186,2077,1.94389,0.0613461,0.12786,0.588694,0.0613461,0.183982,0.699652,0.700156,0.320647,9,98,0.742536,0.523081,0.219455,1.94389,2.70751,6.21301,8.09646,0.693178,0.122449,9.34601e-05,0.142306,9,1024,348,520,252646,358376,53163,28944,1146,2.20385,448,0.861538,0.114563,0.210425,0.0276031,3216,0.135318,23766.2,99776,87.0646,81,1240,123.828,99,117,132.75,70,28944,413.486,158,1502,515.097,192,1378.1,1446.1,4.40769,4,20,3.93348,6,9,11,57.0363
3_-0.24_0.16_-0.38_0.23_0.43_0.27_0.05_0.48_0.46_-0.14,460,744,32.3941,0.0435404,0.772937,184,272,1.03652,3.76626,2.77556e-16,0.403768,536.177,0.249068,0.0118599,9.38363,0.0012639,13.6087,0.0322581,0.952705,-173,0.383065,2,1,120,0.16129,87,0.116935,1.19706,1.00125,330.5,2.12536,0.0326271,0.117331,0.594774,0.0149822,0.0448971,0.956252,0.957057,0.633695,21,216,0.714524,0.354445,0.360079,2.12536,2.52562,5.67548,9.86314,0.845034,0.148148,0.000205994,0.119156,9,1024,460,744,265188,425974,82871,36225,560,0.752688,440,0.591398,0.136601,0.312499,0.0345469,4025,0.146456,27482.7,76255,136.17,98,775,171.948,114,157.2,770,76,36225,476.645,160,877,373.654,869.25,873,875.25,1.50538,1,6,1.58707,3,3,5,110.661
3_-0.24_0.43_-0.34_-0.41_0.09_-0.15_0.35_-0.42_0.46_-0.1,472,768,38.0106,0.049493,1.14434,184,284,1.02912,3.96234,2.22045e-16,0.434102,577.648,0.307708,0.011386,9.37247,0.00121484,13.2094,0.03125,0.883033,-173,0.386719,2,1,148,0.192708,58,0.0755208,1.46511,1.14461,1566,2.02632,0.0560179,0.117582,0.591639,0.0560179,0.167974,0.634138,0.63422,0.208887,21,126,0.694408,0.53998,0.154428,2.02632,3.17033,10.7409,10.1644,0.764784,0.15873,0.000120163,0.122262,9,1024,472,768,304260,466450,80333,26890,2621,3.41276,660,0.859375,0.0883784,0.264027,0.0256443,2987.78,0.0992183,30113.2,136213,51.9699,43,693,70.6634,77,101,114,134,26890,200.672,3,4142,718.944,144,146,832,6.82552,5,26,5.79608,9,16,19,77.8075
3_-0.24_0.48_-0.45_0.31_-0.27_0.32_-0.49_-0.49_0.21_-0.06,360,544,34.3327,0.0631116,0.935918,184,172,1.07615,3.5099,2.22045e-16,0.414277,394.076,0.381217,0.0138785,9.18801,0.00151051,11.3632,0.0441176,0.908858,-173,0.340074,2,1,92,0.169118,53,0.0974265,1.33672,1.00758,604.5,2.07081,0.0404491,0.1413,0.587999,0.0404491,0.121175,0.644931,0.645266,0.167127,20,156,0.682831,0.44468,0.238151,2.07081,2.56971,6.21694,9.24104,0.912218,0.198718,0.000148773,0.178218,9,1024,360,544,296550,396502,56764,4566,336,0.617647,200,0.367647,0.0153971,0.191415,0.00435448,507.333,0.0193252,26252.4,31234,92.9583,97,216,37.3734,109,115,126.25,40,4566,114.15,25,263,110.591,245.25,254,263,1.23529,0,6,1.94874,2,5,5,60.3572
3_-0.25_-0.02_-0.14_-0.23_0.5_-0.21_0.34_-0.25_-0.22_-0.18,304,432,25.2783,0.0585147,0.924444,184,116,1.05102,3.89024,4.44089e-16,0.437823,326.056,0.381266,0.0146846,9.24369,0.0015886,12.7815,0.0555556,0.838757,-173,0.298611,2,1,76,0.175926,25,0.0578704,1.28987,1.1056,207,1.70107,0.0696173,0.108814,0.508327,0.0696173,0.208839,0.852198,0.8525,0.448319,21,72,0.774965,0.709734,0.0652313,1.70107,2.08202,3.60842,6.46796,0.586486,0.111111,6.86646e-05,0.0599186,9,1024,304,432,225764,327782,65178,11250,548,1.26852,312,0.722222,0.0498308,0.2887,0.0107288,1250,0.0568539,21986.2,31412,57.3212,50,346,64.0813,93,101,113,82,11250,137.195,115.5,408,147.513,179.75,402,407,2.53704,1,13,2.67854,5,6,7,88.4444
3_-0.25_-0.16_0.49_-0.23_-0.22_-0.15_0.47_0.43_0.15_-0.48,664,1152,48.9194,0.0424648,1.31702,184,476,0.901743,3.22506,2.22045e-15,0.403414,815.477,0.248853,0.0136661,9.37651,0.00145748,13.092,0.0208333,0.977221,-173,0.424479,2,1,168,0.145833,140,0.121528,1.32001,1.00001,422.5,2.43076,0.0343056,0.0960645,0.609095,0.0280638,0.0841904,0.989803,0.989837,0.73175,9,208,0.653711,0.352257,0.301455,2.43076,2.83636,6.68577,10.9155,0.791082,0.0961538,0.000198364,0.206975,9,1024,664,1152,327174,605458,136472,75586,3128,2.71528,1028,0.892361,0.231027,0.417124,0.0720844,8398.44,0.223423,37589.9,324422,103.715,99,1179,119.466,110,157,223,135,75586,559.896,80,60126,5148.24,165,246.6,643.6,5.43056,5,21,4.00287,7,10,13,163.739
3_-0.25_-0.47_0.08_0.27_0.32_0.21_-0.45_-0.2_-0.49_-0.41,412,648,42.3417,0.0653422,0.916437,184,224,1.06227,3.69549,0,0.407206,455.132,0.292649,0.0116572,9.37328,0.00124366,13.7844,0.037037,0.925238,-173,0.365741,2,1,112,0.17284,57,0.087963,1.7057,1.29876,631,1.91766,0.0298033,0.100313,0.588045,0.0298033,0.0893688,0.384379,0.384655,0.0951721,9,190,0.642064,0.335842,0.306222,1.91766,2.79461,7.49966,8.8194,0.728898,0.142105,0.000181198,0.212709,9,1024,412,648,345210,482890,72706,26378,1076,1.66049,460,0.709877,0.0764115,0.210614,0.025156,2930.89,0.0897012,32673.9,71264,66.2305,43,1154,122.983,72,99,126,76,26378,347.079,88,1954,683.002,123,1904.5,1920,3.32099,2,15,3.43305,5,8,11,45.085
3_-0.25_-0.4_-0.02_0.43_0.04_0.43_-0.25_-0.14_-0.05_0.34,364,552,37.7466,0.0683816,0.656977,184,176,1.07594,3.55041,2.22045e-16,0.412335,409.29,0.333072,0.00836291,9.3536,0.000894084,15.2257,0.0434783,0.953178,-173,0.342391,2,1,120,0.217391,31,0.0561594,1.57915,1.24669,195,2.58961,0.0385494,0.147945,0.584255,0.00859165,0.025774,0.87745,0.877517,0.451292,32,250,0.656336,0.294592,0.361744,2.58961,3.9994,15.8478,14.6836,0.847249,0.172,0.000238419,0.219324,9,1024,364,552,319986,443480,76168,8270,404,0.731884,304,0.550725,0.0258449,0.238035,0.00788689,918.889,0.0303992,30227.4,15276,37.8119,30.5,111,31.8981,60,101,103,80,8270,103.375,76,425,107.982,79,315.2,324.3,1.46377,2,5,1.46535,3,3,3,196.541
3_-0.25_0.08_0.0_-0.12_-0.38_0.35_0.41_0.15_-0.36_0.35,604,1032,40.0701,0.0388276,0.783889,184,416,0.940858,3.49661,2.22045e-16,0.418248,796.364,0.369599,0.0076822,9.36688,0.000820145,16.2141,0.0232558,1.06799,-173,0.415698,2,1,204,0.197674,134,0.129845,1.1419,1.05731,43,2.77174,0.0233011,0.126382,0.608098,0.0185518,0.0556555,0.931323,0.931323,0.645169,21,332,0.638425,0.357515,0.28091,2.77174,2.99892,7.48269,12.1173,0.885468,0.0963855,0.00031662,0.214742,9,1024,604,1032,354772,590746,118806,40492,1978,1.91667,795,0.770349,0.114135,0.33488,0.0386162,4499.11,0.119515,37644.7,118792,60.0566,53,515,77.5441,89,111,124.15,182,40492,222.484,126,1299,277.081,332,623,623,3.83333,3,17,3.93791,5,9,14,112.115
3_-0.25_0.14_-0.22_0.01_0.09_-0.31_0.43_-0.37_0.45_0.19,356,536,28.9732,0.0540545,0.88289,184,168,1.07617,3.70836,5.55112e-16,0.429777,398.723,0.226324,0.0128734,9.366,0.00137448,12.4972,0.0447761,0.895597,-173,0.337687,2,1,72,0.134328,43,0.0802239,1.2852,1.03091,582,2.16253,0.0612669,0.135517,0.577598,0.0612669,0.183653,0.682345,0.682655,0.268824,21,128,0.740031,0.634907,0.105124,2.16253,3.06097,9.78038,10.5971,0.872785,0.1875,0.00012207,0.0635335,9,1024,356,536,257422,357654,52768,8620,536,1,296,0.552239,0.0334859,0.204986,0.00822067,957.778,0.0406303,23573,26532,49.5,14,343,68.1874,89,114,169,76,8620,113.421,66.5,394,145.993,79,391.5,392.5,2,1,12,2.45558,4,5,6,74.755
3_-0.25_0.18_-0.22_-0.22_0.24_-0.11_0.02_-0.14_0.43_0.5,532,888,33.2173,0.0374069,0.959039,184,344,0.989548,3.89851,2.10942e-15,0.419418,668.007,0.427139,0.00794985,9.37295,0.000848169,16.1595,0.027027,1.00184,-173,0.402027,2,1,192,0.216216,75,0.0844595,1.19403,1.01571,487,2.58544,0.0582504,0.0996641,0.579515,0.0582504,0.174744,0.905433,0.905473,0.519039,21,164,0.726269,0.571217,0.155052,2.58544,3.59834,12.5427,13.1536,0.786519,0.121951,0.000156403,0.0863549,9,1024,532,888,268651,457444,83774,25897,4604,5.18468,672,0.756757,0.0963964,0.311832,0.0246973,2877.44,0.100323,28681.9,429482,93.2845,88,620,56.7974,99,109,127,114,25897,227.167,38,2921,544.615,200,557,730,10.3694,3,44,14.5,12,37,44,98.4986
3_-0.25_0.21_-0.4_-0.46_-0.03_-0.23_-0.09_-0.24_0.18_0.38,340,504,32.7086,0.0648981,0.819583,184,152,1.07404,3.73482,2.22045e-16,0.413134,355.046,0.268347,0.0111715,9.36947,0.00119233,13.1636,0.047619,0.936043,-173,0.327381,2,1,80,0.15873,23,0.0456349,1.33539,1.02198,218.5,2.12336,0.0513992,0.134951,0.574483,0.0513992,0.154077,0.648242,0.648577,0.253588,21,136,0.704136,0.510477,0.193659,2.12336,2.72782,7.48246,9.92748,0.903584,0.205882,0.0001297,0.147973,9,1024,340,504,280160,378278,59570,2964,212,0.420635,180,0.357143,0.0105797,0.212628,0.00282669,329.333,0.0129786,25375.2,6908,32.5849,21,103,28.5435,36,82,88,76,2964,39,50,103,38.6822,82,89.5,92.75,0.84127,0,6,1.38823,1,3,4,65.1034
3_-0.25_0.24_0.05_-0.17_-0.38_-0.13_-0.14_-0.29_0.49_0.46,568,960,38.8204,0.0404379,0.836722,184,380,0.965098,3.52006,3.77476e-15,0.420963,725.126,0.294433,0.00748874,9.37803,0.000798541,17.4709,0.025,1.05645,-173,0.409375,2,1,172,0.179167,92,0.0958333,1.29317,1.06385,235,2.03351,0.0562496,0.0928278,0.521999,0.0562496,0.168742,0.777615,0.777675,0.439187,21,116,0.725738,0.551739,0.173999,2.03351,2.66482,6.81158,8.99079,0.639439,0.103448,0.000110626,0.123203,9,1024,568,960,265872,506172,124540,42998,2208,2.3,792,0.825,0.161724,0.468421,0.0410061,4777.56,0.14778,32328.9,170743,77.3293,69,492,66.1708,105.25,138,156,144,42998,298.597,116,4302,746.795,228.25,367,1398.85,4.6,3,12,4.07001,7,12,12,101.008
3_-0.25_0.31_-0.5_0.02_0.04_-0.02_-0.07_-0.37_-0.26_-0.35,412,648,27.2122,0.0419941,1.16922,184,224,1.06227,3.77521,1.4988e-15,0.44542,519.59,0.303976,0.0089628,9.36405,0.00095715,15.1132,0.037037,0.899732,-173,0.365741,2,1,108,0.166667,72,0.111111,1.29628,1.03979,176,2.18398,0.0566692,0.0924825,0.568985,0.0566692,0.170002,0.712636,0.712657,0.291702,9,116,0.746912,0.510138,0.236774,2.18398,2.48625,5.10916,8.80108,0.906092,0.172414,0.000110626,0.210262,9,1024,412,648,235274,351620,50902,15915,5460,8.42593,516,0.796296,0.0676445,0.216352,0.0151777,1768.33,0.0798833,22136.5,320664,58.7297,55,350,35.4686,81,103,112,64,15915,248.672,56,1955,462.472,140.75,487,1734.95,16.8519,13,45,17.3494,41,43,44,64.9633
3_-0.25_0.35_0.04_-0.37_-0.38_0.24_-0.33_-0.07_-0.13_-0.23,460,744,36.3187,0.0488154,1.02535,184,272,1.03652,3.01021,4.996e-16,0.390633,512.583,0.230228,0.00847464,9.38246,0.000903244,16.0852,0.0322581,1.0327,-173,0.383065,2,1,96,0.129032,81,0.108871,1.54789,1.24162,63,2.51671,0.0489502,0.108528,0.536255,0.0489502,0.146833,0.681274,0.681687,0.154597,21,166,0.690516,0.463396,0.22712,2.51671,2.95607,8.16156,11.7676,0.860018,0.120482,0.00015831,0.176867,9,1024,460,744,295020,453824,89418,12072,632,0.849462,400,0.537634,0.0409193,0.303091,0.0115128,1341.33,0.0453903,29551.1,39444,62.4114,41.5,343,60.641,99,111,115,88,12072,137.182,42,425,175.711,412.25,420,423,1.69892,2,6,1.74618,3,3,5,74.0365
3_-0.25_0.37_0.29_0.06_-0.21_0.06_0.38_-0.35_-0.5_0.05,536,896,45.975,0.0513114,1.36167,184,348,0.986836,3.17543,3.71925e-15,0.377951,597.893,0.118159,0.0134388,9.39327,0.00143068,12.766,0.0267857,0.847399,-173,0.402902,2,1,60,0.0669643,121,0.135045,1.25454,1.01719,146,2.62294,0.0362463,0.125535,0.614838,0.0314026,0.0942078,0.93291,0.93291,0.612708,9,200,0.687783,0.356625,0.331159,2.62294,2.69388,5.51314,10.54,0.877581,0.1,0.000190735,0.248099,9,1024,536,896,289386,577740,143228,85774,5529,6.17076,884,0.986607,0.2964,0.494938,0.0818005,9530.44,0.252539,37738.5,510695,92.3666,76,1705,130.702,104,136,163,133,85774,644.917,1,76984,6647.35,1,38,687.4,12.3415,11.5,27,7.47537,19,23,24,148.849
3_-0.26_-0.06_-0.31_0.35_-0.42_0.24_-0.21_-0.41_-0.05_0.36,392,608,32.0258,0.0526741,1.07961,184,204,1.07004,3.30532,3.33067e-16,0.404569,434.978,0.18173,0.00879838,9.36007,0.000939991,15.2161,0.0394737,0.895957,-173,0.356908,2,1,80,0.131579,46,0.0756579,1.47762,1.16043,22,2.47239,0.0384331,0.114192,0.575475,0.0384331,0.115166,0.551349,0.551543,0.174308,21,214,0.704834,0.444941,0.259893,2.47239,3.00484,8.17007,11.669,0.891578,0.149533,0.000204086,0.193705,9,1024,392,608,275256,389874,55558,11978,848,1.39474,396,0.651316,0.0435159,0.201841,0.0114231,1330.89,0.0521333,25528.6,82860,97.7123,96,156,23.6301,111.25,129.3,138,84,11978,142.595,140,277,72.0701,160,269.7,273.85,2.78947,2,16,3.41751,5,7,8,63.2989
3_-0.26_-0.08_-0.39_0.15_-0.29_-0.26_-0.35_0.29_-0.42_-0.25,456,736,31.0976,0.0422522,1.13676,184,268,1.03893,3.76005,1.66533e-16,0.402752,521.503,0.248329,0.00574474,9.38938,0.000611834,18.8378,0.0326087,0.889706,-173,0.381793,2,1,124,0.168478,70,0.0951087,1.49276,1.27224,1891,2.11866,0.0588675,0.165372,0.591611,0.0588675,0.176558,0.643414,0.643464,0.214055,21,116,0.721398,0.563118,0.15828,2.11866,2.99439,8.11666,9.46582,0.677989,0.103448,0.000110626,0.0834956,9,1024,456,736,275090,422726,65008,23894,2481,3.37092,556,0.755435,0.0868588,0.236315,0.0227871,2654.89,0.0987027,26897.8,98828,39.8339,24,326,45.8747,59,94,129,28,23894,853.357,366,3299,1106.69,1155.5,3297.3,3298,6.74185,6,24,6.59122,9,17,21,40.8151
3_-0.26_-0.12_-0.43_0.3_-0.24_0.09_0.02_0.18_-0.17_0.48,368,560,27.7103,0.0494827,0.909935,184,180,1.07555,3.64311,0,0.401204,400.956,0.273292,0.0101723,9.35367,0.00108752,14.4003,0.0428571,0.856962,-173,0.344643,2,1,112,0.2,32,0.0571429,1.37108,1.26952,1804,1.30535,0.0283489,0.126858,0.565472,0.0283489,0.0850468,0.661729,0.661729,0.172147,21,100,0.709628,0.462227,0.247401,1.30535,1.14265,-0.101014,3.9949,0.890636,0.32,9.53674e-05,0.174849,9,1024,368,560,285796,391250,54358,8844,688,1.22857,416,0.742857,0.0309451,0.190199,0.0084343,982.667,0.0377585,26025.1,26638,38.718,30.5,129,35.1686,60,104,115,96,8844,92.125,86,158,58.9066,152,158,158,2.45714,2,12,2.44181,3,5,5,58.6793
3_-0.26_-0.13_0.21_0.27_0.43_0.5_-0.04_-0.1_0.06_-0.42,428,680,34.6083,0.0508946,0.818111,184,240,1.05458,3.31705,5.55112e-16,0.407867,491.873,0.306631,0.00908956,9.3604,0.000971065,14.7028,0.0352941,0.94967,-173,0.372059,2,1,140,0.205882,19,0.0279412,1.44994,1.13276,1328,1.74187,0.0381727,0.15692,0.59015,0.0102234,0.0306702,0.972148,0.972148,0.667505,21,152,0.685029,0.291998,0.393031,1.74187,2.67052,7.00074,8.47008,0.71954,0.184211,0.000144958,0.157684,9,1024,428,680,290262,419072,65006,10078,1176,1.72941,456,0.670588,0.0347204,0.223956,0.00961113,1119.78,0.0408892,27385.6,70733,60.1471,46,164,41.7572,97,110,121.25,56,10078,179.964,209,279,88.2672,261.25,276.5,279,3.45882,2,16,3.6155,5,7,8,87.1479
3_-0.26_-0.19_-0.46_-0.43_0.48_0.31_0.26_0.03_-0.25_0.42,464,752,38.1782,0.0507689,0.940485,184,276,1.03408,3.50038,1.66533e-16,0.410827,543.564,0.334565,0.0103648,9.32713,0.00111125,14.3047,0.0319149,0.963279,-173,0.384309,2,1,128,0.170213,91,0.121011,1.31166,1.01942,929,1.86551,0.0440874,0.152347,0.59954,0.0440874,0.132161,0.630174,0.630283,0.136236,9,104,0.710624,0.395064,0.315559,1.86551,1.87619,1.98815,6.45221,0.89043,0.192308,9.91821e-05,0.228498,9,1024,464,752,267213,456918,108163,43127,1822,2.42287,638,0.848404,0.161396,0.404782,0.0411291,4791.89,0.159222,30095.6,137769,75.6142,61,1026,97.5947,70,94,204,40,43127,1078.17,358,3300,1414.08,3170,3216.2,3299.05,4.84574,5,14,3.55019,7,10,12,83.081
3_-0.26_-0.24_0.11_-0.48_0.2_0.21_0.18_-0.08_-0.04_0.37,228,280,33.4023,0.119294,0.611823,184,40,0.792484,3.47588,1.05471e-15,0.435558,210.519,0.0843776,0.0147299,9.18134,0.00160433,13.5997,0.0857143,0.768279,-173,0.189286,2,1,16,0.0571429,9,0.0321429,1.9777,1.49826,828.5,1.60504,0.0460958,0.12299,0.322397,0.0460958,0.138117,0.4327,0.432774,0.124071,20,96,0.688216,0.464912,0.223304,1.60504,1.96812,3.37415,6.42996,0.734945,0.197917,9.15527e-05,0.172155,9,1024,228,280,293742,357428,44226,10056,144,0.514286,152,0.542857,0.0342341,0.150561,0.00959015,1117.33,0.0436781,25581.1,19604,136.139,126,175,23.3531,167,172,173,64,10056,157.125,173,179,23.3101,175.25,177,177.85,1.02857,1,3,1.13353,2,3,3,38.2949
3_-0.26_-0.38_0.11_-0.29_0.42_-0.43_0.33_-0.11_-0.09_0.26,324,472,30.9009,0.065468,0.843916,184,136,1.06753,3.65788,5.55112e-17,0.435222,351.757,0.10876,0.0157801,9.35949,0.001686,11.5846,0.0508475,0.816343,-173,0.315678,2,1,48,0.101695,36,0.0762712,1.38134,1.07358,4619,1.67306,0.0624399,0.12242,0.526612,0.0624399,0.187215,0.674734,0.674987,0.261963,21,85,0.735771,0.6457,0.0900707,1.67306,2.50481,6.21895,7.21337,0.727529,0.188235,8.10623e-05,0.122484,9,1024,324,472,259697,360518,61645,16655,612,1.29661,326,0.690678,0.0641324,0.237373,0.0158834,1850.56,0.075967,24360,48474,79.2059,69,559,98.4921,89,110,129,40,16655,416.375,559.5,740,309.933,698.25,737,738,2.59322,1,9,2.80054,5,7.9,8,71.2088
3_-0.26_-0.38_0.47_-0.44_0.42_-0.21_0.47_0.18_0.31_-0.44,536,896,36.9216,0.0412072,1.12068,184,348,0.986836,3.51227,7.21645e-16,0.447839,703.007,0.25231,0.00976568,9.35622,0.00104376,15.2279,0.0535714,0.945367,-173,0.402902,2,1,168,0.1875,80,0.0892857,1.31356,1.01564,137,2.971,0.0586109,0.121457,0.520452,0.0586109,0.175627,0.747096,0.747422,0.310134,16,228,0.703164,0.549731,0.153433,2.971,4.49897,21.9902,19.0045,0.815927,0.100877,0.000217438,0.139767,9,1024,536,896,302658,468736,70506,21934,2932,3.27232,760,0.848214,0.0724712,0.232956,0.0209179,2437.11,0.0841642,28956.6,150949,51.4833,45,261,42.0843,85,102,113,100,21934,219.34,201,898,178.786,327,354,357,6.54464,3,26,6.57853,10,16,21,80.4368
3_-0.26_0.24_0.21_-0.05_-0.16_-0.2_-0.1_0.03_0.47_-0.06,480,784,31.0087,0.039552,0.94143,184,292,1.02405,3.85548,1.66533e-16,0.409096,570.287,0.415079,0.00688931,9.37271,0.00073504,16.8427,0.0306122,0.910813,-173,0.389031,2,1,156,0.19898,91,0.116071,1.26813,1.05482,241,2.39851,0.0526237,0.118006,0.599109,0.0526237,0.157868,0.913414,0.913439,0.413996,9,124,0.742025,0.476667,0.265358,2.39851,2.42808,4.57495,8.79396,0.971663,0.16129,0.000118256,0.190511,9,1024,480,784,240583,415934,95024,20301,2760,3.52041,612,0.780612,0.0843825,0.394974,0.0193605,2255.67,0.0863063,26135.6,131171,47.5257,40,458,45.1565,69,96,102,112,20301,181.259,60.5,3041,555.215,158,222.2,230.45,7.04082,3,30,8.40908,7,23,27,91.4443
3_-0.26_0.41_0.01_-0.07_0.07_-0.3_0.39_0.41_0.24_-0.47,744,1312,43.3073,0.0330086,1.07421,184,556,0.853048,3.45395,1.11022e-16,0.389709,906.273,0.260625,0.0054516,9.3799,0.0005812,18.2365,0.0182927,1.03923,-173,0.433689,2,1,272,0.207317,128,0.097561,1.50334,1.14468,95,2.42742,0.042758,0.108246,0.598989,0.042758,0.128267,0.767788,0.767841,0.348468,9,166,0.696526,0.428801,0.267725,2.42742,2.6624,5.85872,10.1903,0.86792,0.120482,0.00015831,0.224973,9,1024,744,1312,281797,563670,118680,37693,6612,5.03963,1206,0.919207,0.133759,0.421154,0.0359468,4188.11,0.125208,33449.2,359902,54.4316,49,536,46.081,78,103,119,132,37693,285.553,20.5,1605,511.383,111,1499.6,1578.45,10.0793,7,28,9.00922,21,23,25,91.4669
3_-0.27_-0.06_0.19_0.4_0.02_0.2_0.17_-0.01_0.31_0.22,400,624,25.4732,0.0408225,1.19855,184,212,1.06722,3.02893,8.88178e-16,0.394475,434.921,0.251429,0.0092251,9.37293,0.000984227,15.7507,0.0384615,0.856706,-173,0.360577,2,1,112,0.179487,42,0.0673077,1.43341,1.30838,201,1.3735,0.0283718,0.106206,0.482589,0.0283718,0.0851116,0.396376,0.396422,0.125215,21,92,0.742027,0.487093,0.254934,1.3735,0.73919,-1.31104,3.51767,0.991764,0.347826,8.7738e-05,0.176073,9,1024,400,624,244709,363154,55471,11546,3480,5.57692,456,0.730769,0.0471826,0.226681,0.0110111,1282.89,0.0543762,23592.9,180384,51.8345,48,342,36.816,74,93.1,106,24,11546,481.083,165.5,2127,738.05,240.5,2124.7,2125.85,11.1538,5,40,13.5281,22,33,38.95,61.8872
3_-0.27_-0.17_-0.43_0.09_-0.37_-0.16_-0.06_0.13_-0.29_0.05,416,656,22.9904,0.0350464,1.05969,184,228,1.06045,3.43086,1.05471e-15,0.411295,477.753,0.176053,0.00754156,9.36491,0.0008053,16.2932,0.0365854,0.881474,-173,0.367378,2,1,84,0.128049,64,0.097561,1.37284,1.23309,80,3.02362,0.0728893,0.136599,0.569517,0.0728893,0.218665,0.789916,0.78993,0.389933,9,138,0.789256,0.6455,0.143756,3.02362,3.34138,9.58357,12.7446,0.909168,0.115942,0.000131607,0.107986,9,1024,416,656,206766,335338,61571,13433,4848,7.39024,574,0.875,0.0649672,0.297781,0.0128107,1492.56,0.0713094,20930.7,246102,50.7636,47,215,33.365,72,96,108,110,13433,122.118,7,2016,378.162,38.75,307,318,14.7805,9,45,16.8105,37,41,41,77.4189
3_-0.27_-0.24_0.37_-0.47_0.22_0.06_-0.16_0.06_0.15_-0.19,304,432,30.8723,0.0714636,0.810286,184,116,1.05102,3.04405,4.38538e-15,0.433817,324.089,0.267231,0.0165847,9.18932,0.00180478,11.8037,0.0555556,0.854465,-173,0.298611,2,1,60,0.138889,32,0.0740741,1.50507,1.14599,282,1.84513,0.0541563,0.106224,0.497931,0.0541563,0.162289,0.683215,0.683385,0.199434,16,108,0.721786,0.484579,0.237207,1.84513,2.33835,5.56072,8.10334,0.861522,0.212963,0.000102997,0.127772,9,1024,304,432,267308,352036,53440,7768,304,0.703704,160,0.37037,0.0290601,0.199919,0.00740814,863.111,0.0362549,23806.7,36452,119.908,106,402,66.4227,114,128,346.7,32,7768,242.75,239.5,443,192.326,431.5,442.9,443,1.40741,0,6,2.11273,2,5,5,61.9408
3_-0.27_0.06_-0.18_0.44_-0.17_-0.5_0.38_-0.14_0.45_-0.01,452,728,34.6805,0.0476381,1.01339,184,264,1.0413,3.57819,2.77556e-16,0.40581,507.397,0.171091,0.012184,9.37,0.00130032,12.5249,0.032967,0.93682,-173,0.380495,2,1,88,0.120879,53,0.0728022,1.33841,1.00381,241,2.12397,0.0428171,0.135486,0.625404,0.0428171,0.128255,0.70341,0.70348,0.229168,20,164,0.703643,0.501389,0.202254,2.12397,2.63516,6.87235,9.9795,0.918054,0.189024,0.000156403,0.178214,9,1024,452,728,276850,415790,67771,14154,1336,1.83516,508,0.697802,0.0511252,0.244793,0.0134983,1572.67,0.0595697,26400.4,86151,64.4843,65,218,37.1876,85,99,113,112,14154,126.375,102,485,132.079,230,285,289.45,3.67033,2,15,4.10656,7,10,13,74.0904
3_-0.27_0.21_-0.14_-0.04_-0.39_-0.09_-0.23_0.05_-0.38_0.09,328,480,20.0634,0.0417987,0.770489,184,140,1.06964,3.80343,3.33067e-16,0.41279,355.353,0.223287,0.00750311,9.3537,0.000802155,16.8574,0.05,0.923322,-173,0.31875,2,1,84,0.175,44,0.0916667,1.19369,1.11675,52,2.55686,0.0732536,0.158474,0.560386,0.0732536,0.219753,0.8278,0.827856,0.430184,9,100,0.804538,0.682337,0.122201,2.55686,2.73585,5.73294,9.10506,0.811776,0.09,9.53674e-05,0.0572217,9,1024,328,480,192486,293472,61388,4890,292,0.608333,264,0.55,0.0254044,0.318922,0.00466347,543.333,0.0285036,19061.9,12176,41.6986,28.5,117,39.6293,81.25,94,114,60,4890,81.5,83.5,149,58.0728,146,148,149,1.21667,1,5,1.40939,2,3,4,72.7405
3_-0.27_0.34_-0.23_0.49_0.21_-0.28_0.13_0.45_0.35_-0.11,512,848,38.6454,0.0455724,0.910564,184,324,1.00303,3.64428,2.22045e-16,0.398774,604.464,0.235491,0.00908578,9.36907,0.000969764,15.0788,0.0283019,0.982429,-173,0.397406,2,1,132,0.15566,91,0.107311,1.20949,1.01923,2083,1.8554,0.0273466,0.116923,0.603563,0.0273466,0.0819635,0.361732,0.361991,0.133302,9,176,0.660059,0.369678,0.29038,1.8554,2.47193,4.83387,7.29178,0.675837,0.113636,0.000167847,0.145503,9,1024,512,848,331302,507054,87808,29750,1254,1.47877,536,0.632075,0.0897972,0.265039,0.0283718,3305.56,0.100186,32994,94352,75.2408,65.5,908,96.2489,93,121,161,60,29750,495.833,331,1694,610.34,333,1692.1,1693,2.95755,3,11,2.99419,5,8,9,70.7124
3_-0.27_0.36_-0.3_0.36_-0.45_0.14_0.31_-0.28_-0.3_-0.04,424,672,32.6609,0.0486026,1.29626,184,236,1.0566,3.34606,2.22045e-16,0.417218,504.726,0.353549,0.0119742,9.33674,0.00128248,12.102,0.0357143,0.938256,-173,0.370536,2,1,144,0.214286,34,0.0505952,1.22214,1.0299,332.5,2.6824,0.0525913,0.12301,0.600119,0.0525913,0.157701,0.972048,0.972142,0.720583,9,160,0.723528,0.486439,0.237089,2.6824,3.00773,7.98537,11.63,0.929066,0.125,0.000152588,0.188281,9,1024,424,672,262823,428886,99071,33615,996,1.48214,524,0.779762,0.1279,0.37695,0.0320578,3735,0.133739,27927.5,88351,88.7058,79,968,140.071,98,125,145.5,84,33615,400.179,50,1222,504.214,1154.25,1198.4,1217,2.96429,3,14,2.89682,4,6,7,109.876
3_-0.27_0.36_-0.46_-0.11_-0.33_-0.23_-0.44_0.31_-0.16_-0.05,436,696,31.347,0.0450388,1.03498,184,248,1.05035,3.49975,0,0.391345,475.515,0.135867,0.01034,9.32433,0.00110893,13.7912,0.0344828,0.896624,-173,0.375,2,1,96,0.137931,65,0.0933908,1.4317,1.24136,441.5,2.18284,0.0513315,0.118521,0.585498,0.0513315,0.153956,0.633507,0.633705,0.231411,9,124,0.717473,0.492609,0.224864,2.18284,2.66204,6.02068,8.87156,0.856208,0.16129,0.000118256,0.086256,9,1024,436,696,275832,426654,79346,20252,1284,1.84483,561,0.806034,0.0734215,0.287661,0.0193138,2250.22,0.0816427,27561.8,88324,68.7882,64,341,47.5758,95,114,129,80,20252,253.15,134.5,794,227.196,367,509.8,790.05,3.68966,3,12,3.23126,6,8.5,10,70.9857
3_-0.27_0.44_-0.44_-0.28_-0.34_-0.11_-0.23_0.1_0.05_0.33,388,600,32.2558,0.0537597,0.875211,184,200,1.07129,3.56289,2.22045e-16,0.399055,416.882,0.183603,0.0107503,9.37883,0.00114623,14.2188,0.04,0.909578,-173,0.355,2,1,80,0.133333,65,0.108333,1.40781,1.18636,342,2.00035,0.033989,0.102232,0.56027,0.033989,0.101944,0.638308,0.63866,0.249124,21,156,0.706433,0.429394,0.27704,2.00035,2.09053,3.00787,7.5057,0.927282,0.205128,0.000148773,0.106432,9,1024,388,600,278622,416068,74632,19928,708,1.18,404,0.673333,0.0715234,0.267861,0.0190048,2214.22,0.0803189,27567.9,49384,69.7514,58,233,63.0842,93,177,211,84,19928,237.238,188,542,160.018,248,526.7,531.85,2.36,2,8,2.3644,5,6,6,84.4628
3_-0.28_-0.07_0.0_-0.06_0.02_-0.1_0.49_0.01_0.42_0.14,472,768,22.4212,0.0291943,1.16329,184,284,1.02912,3.58323,2.22045e-16,0.42088,571.656,0.142454,0.00851631,9.36476,0.0009094,16.475,0.03125,0.887625,-173,0.386719,2,1,92,0.119792,120,0.15625,1.20424,1.03025,103,1.78693,0.0703592,0.105078,0.51214,0.0703592,0.211072,0.928573,0.928618,0.543974,21,68,0.799253,0.640184,0.159068,1.78693,1.98237,2.40679,5.98613,0.714863,0.132353,6.48499e-05,0.110198,9,1024,472,768,191388,331402,54238,16984,4930,6.41927,644,0.838542,0.0887412,0.283393,0.0161972,1887.11,0.0970165,19451.5,229232,46.4974,32,303,42.6797,67,101,118.55,28,16984,606.571,134,2601,860.628,699,2599.3,2600,12.8385,10,42,11.8351,18,34,37,83.0463
3_-0.28_-0.15_0.26_0.15_0.24_-0.32_-0.25_-0.23_0.03_0.12,384,592,30.3963,0.051345,0.866045,184,196,1.07241,3.62808,1.16573e-15,0.408536,423.244,0.225446,0.00860032,9.37558,0.00091731,16.2434,0.0405405,0.844548,-173,0.353041,2,1,84,0.141892,90,0.152027,1.46269,1.20552,154.5,2.2902,0.0451326,0.112117,0.518185,0.0451326,0.135393,0.580844,0.58085,0.176373,9,148,0.712911,0.449794,0.263117,2.2902,2.61568,5.63041,9.36952,0.865915,0.135135,0.000141144,0.193732,9,1024,384,592,271441,384676,57526,16080,974,1.64527,456,0.77027,0.0592394,0.211928,0.0153351,1786.67,0.0703112,25410.8,88901,91.2741,100,355,64.0112,110,122,193,52,16080,309.231,387.5,423,162.707,412,419,421.45,3.29054,3,10,2.66548,5,8,8.45,67.7202
3_-0.28_-0.19_-0.3_-0.1_0.38_-0.2_0.45_0.37_-0.26_-0.03,472,768,35.5855,0.0463353,1.16437,184,284,1.02912,3.8488,0,0.397345,532.871,0.208838,0.0137211,9.36407,0.00146529,11.8615,0.03125,0.943048,-173,0.386719,2,1,108,0.140625,46,0.0598958,1.17894,1.04025,71,3.66881,0.0602446,0.125955,0.57414,0.0602446,0.180519,0.789999,0.790404,0.359193,21,264,0.686363,0.576942,0.109421,3.66881,5.04775,25.0033,23.1722,0.845241,0.0909091,0.00025177,0.0416079,9,1024,472,768,321363,488776,80549,25707,2438,3.17448,632,0.822917,0.0799937,0.250648,0.0245161,2856.33,0.0897075,31840.5,98569,40.4303,24,536,59.7634,54,81.3,118.15,109,25707,235.844,89,3072,576.994,147,647.4,679.8,6.34896,5,26,6.33139,9,17,18,93.1548
3_-0.28_-0.24_-0.03_0.05_0.04_0.09_0.14_-0.02_-0.42_0.13,368,560,27.881,0.0497875,0.87556,184,180,1.07555,3.61037,0,0.404081,401.869,0.253364,0.00853569,9.36024,0.00091191,16.3458,0.0428571,0.872206,-173,0.344643,2,1,84,0.15,50,0.0892857,1.25636,1.08307,411,2.19775,0.0582018,0.0978313,0.510334,0.0582018,0.174574,0.710056,0.711545,0.359654,9,105,0.770003,0.544098,0.225905,2.19775,2.40342,4.4394,7.93657,0.937627,0.190476,0.000100136,0.125002,9,1024,368,560,216856,371034,90268,35700,784,1.4,440,0.785714,0.164625,0.416258,0.0340462,3966.67,0.162818,24362.6,97808,124.755,95,941,157.831,116.5,265,301,92,35700,388.043,198,1140,461.461,1114,1131,1138,2.8,2,9,2.48625,4,7,8,93.1905
3_-0.28_-0.29_0.21_0.22_-0.46_0.26_-0.08_-0.43_-0.03_0.48,592,1008,47.7865,0.0474072,0.921903,184,404,0.948891,3.57158,1.11022e-16,0.385467,686.549,0.22619,0.00848538,9.38285,0.00090435,15.8711,0.0238095,1.03218,-173,0.41369,2,1,152,0.150794,81,0.0803571,1.32836,1.03241,294,2.61657,0.0324974,0.120765,0.547616,0.0311222,0.0932703,0.553386,0.553759,0.1816,21,252,0.625958,0.363176,0.262782,2.61657,3.38049,10.7031,13.0829,0.851071,0.126984,0.000240326,0.209811,9,1024,592,1008,358148,584412,114180,30071,2330,2.31151,852,0.845238,0.0839625,0.318807,0.0286779,3341.22,0.0886673,37682.7,103060,44.2318,27,326,46.5773,63.75,98,116,94,30071,319.904,174,2898,579.333,463.5,495.4,522.35,4.62302,4,14,3.75842,7,11,11,105.843
3_-0.28_-0.2_0.07_-0.29_-0.47_0.43_-0.05_-0.12_-0.15_0.4,532,888,40.8474,0.0459994,0.74769,184,344,0.989548,3.72808,1.66533e-16,0.401854,641.91,0.24812,0.00722925,9.39566,0.000769425,16.5179,0.027027,1.03627,-173,0.402027,2,1,144,0.162162,111,0.125,1.36652,1.14513,357,2.64984,0.030427,0.0998764,0.595292,0.030427,0.0912771,0.598967,0.599031,0.191969,9,264,0.641438,0.36796,0.273478,2.64984,3.4058,10.5751,12.523,0.782636,0.0909091,0.00025177,0.159392,9,1024,532,888,350830,532734,94598,18639,910,1.02477,587,0.661036,0.0531283,0.269641,0.0177755,2071,0.0597082,34685.3,55553,61.0473,59,797,89.2253,78,97,107,92,18639,202.598,143,860,249.262,166,818,820,2.04955,2,10,2.07837,3,5,5,78.1923
3_-0.28_-0.31_0.37_0.18_0.01_-0.45_0.46_-0.46_0.37_-0.27,356,536,37.213,0.0694273,0.69476,184,168,1.07617,3.47299,0,0.446657,409.281,0.147673,0.0141043,9.36086,0.00150673,12.9271,0.0447761,0.927823,-173,0.337687,2,1,56,0.104478,55,0.102612,1.43494,1.09817,808,1.92522,0.0428925,0.108101,0.503855,0.0428925,0.128598,0.65504,0.655253,0.217651,16,169,0.670293,0.462395,0.207898,1.92522,3.4337,13.5808,10.8144,0.714127,0.159763,0.000161171,0.147116,9,1024,356,536,324820,425480,58064,3234,252,0.470149,174,0.324627,0.00995628,0.178757,0.00308418,359.333,0.0124533,28854.5,7114,28.2302,10,133,36.8692,38,109,122.45,24,3234,134.75,175,184,60.3747,179,181,181.85,0.940299,0,4,1.42348,3,3,4,73.7285
3_-0.28_-0.38_-0.49_-0.12_-0.07_-0.5_-0.44_-0.35_0.36_0.06,356,536,34.3708,0.0641247,1.00464,184,168,1.07617,3.84746,8.88178e-16,0.460443,430.082,0.346174,0.0116703,9.36007,0.00124682,12.6896,0.0447761,0.840927,-173,0.337687,2,1,104,0.19403,25,0.0466418,1.77816,1.33362,193,1.81902,0.0514784,0.108611,0.565279,0.0514784,0.154409,0.769216,0.769249,0.2247,21,108,0.726089,0.518596,0.207494,1.81902,2.16105,4.46688,7.657,0.90319,0.25,0.000102997,0.14808,9,1024,356,536,255170,389732,80952,13514,3544,6.61194,416,0.776119,0.0529608,0.317247,0.012888,1501.56,0.0574811,26122.6,162366,45.8143,39,277,38.5,70,99,110,76,13514,177.816,82.5,1478,320.817,88,370.5,649.75,13.2239,9,37,13.7687,30,33,35,82.8244
3_-0.28_0.08_0.5_0.07_0.13_-0.13_0.26_-0.21_-0.02_0.44,448,720,33.7882,0.046928,0.962022,184,260,1.04362,3.8933,0,0.398347,510.574,0.306335,0.00663479,9.36907,0.000708159,16.7583,0.0333333,0.976252,-173,0.379167,2,1,132,0.183333,76,0.105556,1.4472,1.26947,130,2.78226,0.0461397,0.18579,0.632356,0.0461397,0.137014,0.826221,0.858954,0.299239,9,194,0.701164,0.468369,0.232795,2.78226,3.40008,10.7249,12.7661,0.860343,0.103093,0.000185013,0.105237,9,1024,448,720,291284,461404,89698,23245,1382,1.91944,636,0.883333,0.0798018,0.30794,0.0221682,2582.78,0.0859855,30037.4,72005,52.102,45,325,51.4836,65,116,129,92,23245,252.663,147.5,1668,359.947,247,735.7,755.45,3.83889,3,10,2.69395,6,8,9,87.574
3_-0.28_0.14_-0.07_0.4_0.33_0.11_-0.1_-0.08_-0.07_0.02,304,432,24.6868,0.0571454,0.618719,184,116,1.05102,3.43282,2.77556e-16,0.427992,340.843,0.319862,0.0103192,9.1887,0.00112303,13.4031,0.0555556,0.904968,-173,0.298611,2,1,72,0.166667,36,0.0833333,1.11793,1.03939,517,1.51543,0.0270834,0.156016,0.635944,0.0268097,0.0804291,0.712026,0.712029,0.212197,21,104,0.738303,0.438932,0.299371,1.51543,1.11474,-0.590147,3.81506,0.821953,0.221154,9.91821e-05,0.285781,9,1024,304,432,246034,339984,60990,4884,440,1.01852,324,0.75,0.0198509,0.247893,0.00465775,542.667,0.023317,23273.5,12482,28.3682,7,118,40.2521,17,103,109,72,4884,67.8333,65.5,128,52.4471,119,126,127.45,2.03704,2,5,1.56303,3,4,5,73.3137
3_-0.28_0.21_0.14_-0.45_-0.3_-0.43_-0.45_0.17_-0.04_-0.1,364,552,34.3477,0.0622241,0.891079,184,176,1.07594,3.87596,1.05471e-15,0.435372,426.391,0.338566,0.00785782,9.36029,0.000839484,17.0158,0.0434783,0.886981,-173,0.342391,2,1,104,0.188406,36,0.0652174,1.51688,1.16683,1237,1.97343,0.03934,0.106167,0.496693,0.03934,0.117895,0.647442,0.648307,0.206509,9,119,0.699641,0.378678,0.320963,1.97343,1.97867,2.25166,6.69123,0.885821,0.168067,0.000113487,0.273325,9,1024,364,552,275005,398655,58626,21724,1188,2.15217,464,0.84058,0.0789949,0.213182,0.0207176,2413.78,0.0899765,26826.7,82940,69.8148,34,513,86.6136,101,128,213.85,55,21724,394.982,342,1401,418.348,698,920.4,1401,4.30435,4,12,3.19104,6,9,11,79.6194
3_-0.28_0.23_0.19_0.26_0.01_0.41_0.07_0.01_-0.13_0.43,232,288,29.3743,0.101994,0.500108,184,44,0.821126,3.25,0,0.416223,221.252,0.212233,0.012863,9.18014,0.00140117,13.6532,0.0833333,0.873128,-173,0.197917,2,1,36,0.125,0,0,1.63096,1.51639,3423,1.27138,0.0217419,0.145453,0.429028,0.0171928,0.0515785,0.891301,0.891301,0.57986,21,116,0.69012,0.397717,0.292403,1.27138,0.969462,-0.79122,3.65452,0.827979,0.275862,0.000110626,0.167568,9,1024,232,288,302182,385206,68606,11246,134,0.465278,166,0.576389,0.037216,0.227035,0.010725,1249.56,0.0451243,27691.4,12794,95.4776,30,334,130.441,257.75,331,332,92,11246,122.239,11,337,148.782,330,334,336,0.930556,1,3,0.976479,2,2,3,74.8067
3_-0.28_0.28_0.46_0.06_0.47_-0.13_0.2_-0.21_0.23_-0.44,364,552,28.4679,0.0515722,0.984634,184,176,1.07594,3.87237,0,0.438332,429.421,0.0601779,0.0155251,9.32569,0.00166476,12.96,0.0434783,0.912343,-173,0.342391,2,1,48,0.0869565,73,0.132246,1.3155,1.01714,147,2.60401,0.0433168,0.108929,0.411819,0.0290003,0.0869999,0.989814,0.989825,0.705009,21,198,0.729604,0.3447,0.384904,2.60401,2.70561,5.95259,11.7553,0.866063,0.10101,0.000188828,0.220587,9,1024,364,552,238150,342668,56519,8617,636,1.15217,380,0.688406,0.0361831,0.237325,0.00821781,957.444,0.0429076,22314.1,19231,30.2374,21,108,26.5492,43.25,69,80.25,140,8617,61.55,54,121,35.6125,102,118.1,120,2.30435,2.5,8,2.05225,4,4,5,85.807
3_-0.28_0.39_-0.44_-0.13_0.23_0.18_-0.11_-0.11_-0.05_-0.08,424,672,31.3906,0.0467123,1.02751,184,236,1.0566,3.31214,1.9873e-14,0.401192,474.165,0.157008,0.00821412,9.33113,0.000880292,16.1827,0.0357143,0.888952,-173,0.370536,2,1,84,0.125,48,0.0714286,1.59885,1.47134,172,2.8908,0.0674791,0.14725,0.543606,0.0674791,0.202318,0.695086,0.695345,0.214672,9,136,0.726845,0.617608,0.109237,2.8908,3.40084,9.94415,12.626,0.774755,0.0661765,0.0001297,0.042473,9,1024,424,672,277747,447414,90859,33078,1232,1.83333,500,0.744048,0.119094,0.327129,0.0315456,3675.33,0.125654,29249.6,104880,85.1299,93.5,403,76.3596,107,190,242,108,33078,306.278,70,966,360.33,422,961,965,3.66667,2,13,3.68825,5.25,9,12,63.7614
3_-0.28_0.48_-0.17_-0.21_-0.22_0.14_0.35_-0.08_0.07_0.28,768,1360,36.5758,0.026894,1.15123,184,580,0.839282,3.21548,3.83027e-15,0.398177,981.345,0.249008,0.00594402,9.38238,0.00063353,18.9613,0.0176471,0.973048,-173,0.436029,2,1,200,0.147059,193,0.141912,1.22225,1.07215,52,2.94418,0.0552998,0.0997034,0.623581,0.0552998,0.165895,0.781981,0.782026,0.390393,9,172,0.724685,0.522976,0.201709,2.94418,3.44061,10.7627,13.1251,0.925742,0.116279,0.000164032,0.122202,9,1024,768,1360,267852,563598,110958,59796,6810,5.00735,1260,0.926471,0.223243,0.414251,0.0570259,6644,0.204107,32551.5,547207,80.3535,75,823,71.7013,95,113,162,84,59796,711.857,32,4795,1166.1,694,2477,2502,10.0147,7,44,9.99565,12,25,29,102.916
3_-0.29_-0.06_0.24_0.34_0.14_0.07_-0.46_0.12_0.09_0.19,356,536,30.9572,0.057756,0.877434,184,168,1.07617,3.02433,1.94289e-15,0.407988,394.273,0.318085,0.011821,9.3601,0.00126291,12.7133,0.0447761,0.877076,-173,0.337687,2,1,84,0.156716,43,0.0802239,1.28061,1.18332,2027,1.37461,0.0241423,0.114234,0.551727,0.0241423,0.0724268,0.604763,0.604763,0.256873,21,114,0.69534,0.4494,0.24594,1.37461,1.14668,-0.396001,3.95809,0.877449,0.280702,0.000108719,0.131127,9,1024,356,536,297612,429388,68760,23304,2778,5.18284,460,0.858209,0.0783033,0.231039,0.0222244,2589.33,0.0892778,29003.1,225370,81.1267,73,422,56.4533,89,109.3,183,62,23304,375.871,175,2387,570.313,335.75,754,2303.5,10.3657,4,36,12.1084,25,31,33,108.568
3_-0.29_-0.45_-0.42_-0.38_0.46_0.08_-0.46_0.44_-0.41_-0.3,616,1056,47.3393,0.0448289,1.06006,184,428,0.932885,3.37967,7.43849e-15,0.398945,738.651,0.16543,0.0166615,9.33973,0.00178394,12.3565,0.0227273,0.996662,-173,0.417614,2,1,148,0.140152,138,0.130682,1.3,1,1177,1.69733,0.0278778,0.097616,0.603017,0.0102949,0.0306759,0.482049,0.486447,0.190894,25,246,0.619229,0.374708,0.244521,1.69733,3.32053,13.8378,11.075,0.644887,0.146341,0.000234604,0.197975,9,1024,616,1056,370066,584506,96579,28044,2036,1.92803,892,0.844697,0.0757811,0.260978,0.0267448,3116,0.0842954,36965.2,137988,67.7741,81,404,57.9285,103,116,135,180,28044,155.8,100.5,699,190.731,148,285,699,3.85606,4,9,2.71258,7,7,8,178.253
3_-0.29_0.18_-0.44_-0.24_0.32_-0.1_-0.2_0.23_-0.18_0.22,364,552,31.8804,0.0577544,0.927339,184,176,1.07594,3.49137,0,0.396488,380.034,0.225013,0.0127458,9.3537,0.00136265,12.0913,0.0434783,0.897183,-173,0.342391,2,1,88,0.15942,35,0.0634058,1.2679,1.09301,825,2.69585,0.0585423,0.154521,0.625305,0.0585423,0.17539,0.650256,0.650479,0.187372,21,180,0.700462,0.565235,0.135227,2.69585,4.16826,16.9418,15.0438,0.648969,0.0666667,0.000171661,0.06241,9,1024,364,552,304674,414334,61788,4474,564,1.02174,348,0.630435,0.0146845,0.2028,0.00426674,497.111,0.0178221,27892.9,14216,25.2057,11,73,23.3725,48,60,71,90,4474,49.7111,30,152,50.5132,72,138,149,2.04348,2,10,2.14297,3,5,7,95.5918
3_-0.29_0.1_-0.16_-0.37_-0.32_-0.19_0.07_0.21_-0.36_-0.05,308,440,29.7513,0.0676165,0.87065,184,120,1.05522,3.56509,1.11022e-16,0.418277,320.934,0.19666,0.00949782,9.3537,0.00101541,15.2102,0.0545455,0.88772,-173,0.302273,2,1,72,0.163636,11,0.025,1.98361,1.59113,2869.5,1.55767,0.0549784,0.154748,0.487317,0.0549784,0.164885,0.663628,0.664109,0.176459,9,70,0.738782,0.503756,0.235026,1.55767,1.61795,1.3057,5.20923,0.703347,0.171429,6.67572e-05,0.186494,9,1024,308,440,243732,352062,70968,13706,713,1.62045,352,0.8,0.0562339,0.291172,0.0130711,1522.89,0.0628846,24217.2,29182,40.9285,18,374,69.3437,36,121.8,135.2,66,13706,207.667,49,893,328.076,155.75,893,893,3.24091,2,12,2.80035,6,7,7,66.0969
3_-0.29_0.1_0.47_-0.26_-0.1_-0.2_-0.21_-0.01_0.27_-0.43,384,592,35.6675,0.0602491,0.990201,184,196,1.07241,3.4984,0,0.425785,438.839,0.444196,0.0104396,9.35369,0.00111609,12.8828,0.0405405,0.906675,-173,0.353041,2,1,132,0.222973,29,0.0489865,1.37225,1.06651,440,2.3652,0.0476637,0.134381,0.641398,0.0476637,0.142932,0.8071,0.807459,0.399954,17,174,0.68753,0.448311,0.239219,2.3652,3.24488,10.4373,12.0627,0.781185,0.114943,0.000165939,0.188404,9,1024,384,592,298200,421814,67290,12596,944,1.59459,454,0.766892,0.0422401,0.225654,0.0120125,1399.56,0.0498093,28098.3,47809,50.6451,42.5,182,36.1253,73,98,105,107,12596,117.72,135,769,136.809,151,163,181,3.18919,2.5,14,3.0764,5,7,9,103.081
3_-0.29_0.35_-0.36_-0.32_-0.4_-0.3_-0.35_-0.06_0.25_0.03,436,696,28.3212,0.0406914,1.24544,184,248,1.05035,2.85439,1.12133e-14,0.406487,489.244,0.209262,0.0106013,9.38244,0.00112991,14.5316,0.0344828,0.842958,-173,0.375,2,1,80,0.114943,79,0.113506,1.23319,1.01636,7,3.24935,0.0608854,0.12642,0.542664,0.0608854,0.182494,0.840373,0.840585,0.386188,9,218,0.742536,0.543475,0.19906,3.24935,4.08019,16.2229,17.8753,0.881447,0.0917431,0.000207901,0.170851,9,1024,436,696,247573,378360,55401,17150,3328,4.78161,632,0.908046,0.0692725,0.223776,0.0163555,1905.56,0.0804711,23680,181456,54.524,44,299,47.7751,82,108,120,132,17150,129.924,5,1345,270.01,40,340.8,582.45,9.56322,6,33,9.60179,10,28,30,85.5914
3_-0.29_0.45_-0.34_0.12_-0.44_-0.25_0.44_0.39_0.45_0.32,504,832,36.442,0.0438005,0.936647,184,316,1.00837,3.45147,3.88578e-16,0.40949,604.582,0.202192,0.0114617,9.36416,0.00122399,13.2954,0.0288462,0.998395,-173,0.395433,2,1,108,0.129808,109,0.13101,1.20044,1.00972,699,2.05367,0.0425167,0.0947514,0.618371,0.0425167,0.127546,0.9039,0.903914,0.370999,9,124,0.695405,0.43306,0.262345,2.05367,2.35007,4.14598,7.5813,0.859265,0.16129,0.000118256,0.157826,9,1024,504,832,290168,483294,96656,37475,4768,5.73077,720,0.865385,0.129149,0.333104,0.0357389,4163.89,0.133937,31088.5,256355,53.7657,43,441,50.4344,73.25,99,123,37,37475,1012.84,89,25704,4134.17,311,1070.4,1071,11.4615,6,40,12.6045,12,34,37,96.9514
3_-0.29_0.5_-0.14_-0.25_0.03_-0.23_0.43_-0.1_0.25_-0.17,360,544,30.1,0.0553308,0.963348,184,172,1.07615,2.98909,0,0.426435,403.484,0.384921,0.0110363,9.37727,0.00117692,13.1574,0.0441176,0.903803,-173,0.340074,2,1,108,0.198529,49,0.0900735,1.20059,1.02908,62,2.65794,0.0661287,0.136722,0.574611,0.0661287,0.198246,0.766017,0.766117,0.246269,21,148,0.729921,0.660902,0.0690193,2.65794,3.41641,11.7057,13.4084,0.944569,0.162162,0.000141144,0.0557822,9,1024,360,544,272578,394164,74554,7736,814,1.49632,400,0.735294,0.0283809,0.273514,0.00737762,859.556,0.0328509,26165.4,25010,30.7248,28,115,26.6764,44,67,87,132,7736,58.6061,5,311,95.1099,84,292.9,301.45,2.99265,3,9,2.67682,5,7,8,75.667
3_-0.2_-0.04_0.3_-0.14_-0.14_-0.35_0.34_-0.43_0.03_0.43,404,632,36.5465,0.0578267,1.11569,184,216,1.06566,3.45335,2.22045e-16,0.400975,433.416,0.272041,0.0157974,9.188,0.00171936,12.1157,0.0379747,0.837391,-173,0.362342,2,1,104,0.164557,31,0.0490506,1.28667,1,661,2.03074,0.0506821,0.104282,0.520917,0.0506821,0.151933,0.609062,0.609772,0.146522,40,143,0.684184,0.522122,0.162062,2.03074,3.33511,11.8373,10.593,0.682207,0.132867,0.000136375,0.232724,9,1024,404,632,305688,438102,63210,27910,1526,2.41456,536,0.848101,0.0913022,0.206779,0.0266171,3101.11,0.10763,28812.7,100460,65.8322,62,616,81.2474,89,116,151,98,27910,284.796,96.5,2198,478.33,639.75,691.3,700,4.82911,3,22,4.65376,7,11,13.9,98.9608
3_-0.2_-0.09_0.35_-0.27_0.47_-0.48_-0.2_-0.45_-0.31_-0.16,280,384,29.9132,0.0778991,0.670778,184,92,1.0132,3.45386,5.55112e-17,0.451737,296.917,0.144898,0.017304,9.18785,0.00188336,11.1071,0.0625,0.856875,-173,0.273438,2,1,32,0.0833333,20,0.0520833,1.32274,1.00208,2641,1.41287,0.0430136,0.116948,0.512587,0.0430136,0.128981,0.769454,0.7696,0.332543,20,100,0.717462,0.473099,0.244363,1.41287,2.1797,4.35559,5.99524,0.657161,0.19,9.53674e-05,0.163991,9,1024,280,384,264276,336324,47332,7374,164,0.427083,108,0.28125,0.0279026,0.179101,0.00703239,819.333,0.0356333,22993.4,10118,61.6951,11,441,126.167,23.25,103,433,24,7374,307.25,454.5,471,216.101,461,469.7,470,0.854167,0,5,1.45042,1.5,3,3.85,82.1448
3_-0.2_-0.37_0.46_-0.08_0.31_0.1_-0.15_-0.3_-0.14_-0.13,312,448,30.0314,0.0670343,0.815658,184,124,1.05894,3.86179,3.88578e-16,0.418117,319.457,0.301282,0.0174589,9.36916,0.00186345,11.359,0.0535714,0.865285,-173,0.305804,2,1,68,0.151786,14,0.03125,1.38361,1.10985,198,1.87853,0.0595255,0.113483,0.482607,0.0595255,0.178415,0.75373,0.754061,0.270741,21,100,0.741545,0.590792,0.150753,1.87853,2.42772,5.69883,8.02723,0.802412,0.2,9.53674e-05,0.0903099,9,1024,312,448,248828,358716,68672,18678,616,1.375,344,0.767857,0.0750639,0.275982,0.0178127,2075.33,0.0849836,24420.4,45132,73.2662,53,408,90.136,90,127,394,56,18678,333.536,490,560,247.057,545.5,557,558,2.75,2,8,2.35471,4,6,7,78.643
3_-0.2_-0.43_-0.28_-0.37_-0.38_0.28_0.22_-0.15_-0.08_-0.16,352,528,29.9622,0.0567466,1.02812,184,164,1.07598,3.62784,1.11022e-16,0.426368,387.717,0.344426,0.0133934,9.36273,0.0014305,12.2011,0.0454545,0.902225,-173,0.335227,2,1,100,0.189394,38,0.0719697,1.51106,1.1744,467,2.14421,0.041852,0.10104,0.556725,0.041852,0.125552,0.535796,0.535963,0.216176,9,124,0.723135,0.402678,0.320457,2.14421,2.02455,2.39194,7.1766,0.928721,0.16129,0.000118256,0.2467,9,1024,352,528,251452,358850,60828,9508,536,1.01515,356,0.674242,0.0378124,0.241907,0.00906754,1056.44,0.044747,23609.3,29598,55.2201,47.5,168,42.3335,93,116,123.25,142,9508,66.9577,18,201,72.2862,129.75,198,200.85,2.0303,1,7,2.13534,3,5,7,64.9195
3_-0.2_0.02_-0.2_-0.34_-0.31_-0.09_0.27_0.01_-0.07_0.46,308,440,29.3376,0.0666763,1.09324,184,120,1.05522,3.59042,1.66533e-16,0.416724,320.793,0.261596,0.00799666,9.36823,0.000853594,16.3934,0.0545455,0.842469,-173,0.302273,2,1,72,0.163636,25,0.0568182,1.79969,1.46714,9,2.11484,0.0567217,0.161817,0.575145,0.0567217,0.170133,0.678908,0.679569,0.152736,9,101,0.734578,0.50296,0.231618,2.11484,2.22318,3.70103,7.79889,0.945039,0.19802,9.63211e-05,0.1988,9,1024,308,440,249266,357630,65556,23714,2356,5.35455,416,0.945455,0.0951353,0.262996,0.0226154,2634.89,0.10882,24213.2,107323,45.5531,34,495,53.9651,60,94,114,70,23714,338.771,227,2750,636.016,279.75,750.1,1850.25,10.7091,6,28,10.1095,23,26,27,70.854
3_-0.2_0.04_0.01_-0.15_-0.03_-0.47_-0.28_0.42_0.34_0.48,424,672,36.1354,0.0537729,1.111,184,236,1.0566,3.79013,1.11022e-16,0.420851,504.639,0.248203,0.0125472,9.35369,0.00134142,13.0291,0.0357143,0.932235,-173,0.370536,2,1,108,0.160714,57,0.0848214,1.31622,1.00219,1842,1.82926,0.0538654,0.1123,0.57011,0.00775242,0.0232573,0.981604,0.981604,0.629164,24,92,0.684918,0.211628,0.47329,1.82926,2.26274,3.8687,7.23534,0.688441,0.119565,8.7738e-05,0.402895,9,1024,424,672,273940,431598,85958,27532,2988,4.44643,576,0.857143,0.100504,0.313784,0.0262566,3059.11,0.109649,27899.1,146517,49.0351,44,333,44.8851,68,92,99,132,27532,208.576,70,743,229.156,346,636.9,731,8.89286,5.5,28,9.11487,9,25,27,129.596
3_-0.2_0.3_0.35_-0.08_0.03_0.06_0.09_0.02_-0.14_-0.49,316,456,31.7136,0.0695473,0.801556,184,128,1.06221,3.63923,1.66533e-16,0.430788,353.638,0.162447,0.0123095,9.5946,0.00128296,13.1772,0.0526316,0.921491,-173,0.309211,2,1,36,0.0789474,54,0.118421,1.75807,1.32518,145,2.81478,0.0448198,0.120068,0.550544,0.0317249,0.095171,0.833588,0.833609,0.327364,9,215,0.710772,0.324843,0.385928,2.81478,2.99328,7.60209,13.5575,0.895813,0.0930233,0.00020504,0.284709,9,1024,316,456,256326,357314,65578,9684,372,0.815789,342,0.75,0.03778,0.255838,0.00923538,1076,0.0444051,24231.4,14764,39.6882,7,540,94.9193,56,66,73,108,9684,89.6667,4.5,540,163.875,87.25,540,540,1.63158,2,5,1.30796,3,3,4,95.9628
3_-0.2_0.41_0.4_0.3_-0.17_-0.38_-0.13_-0.49_0.41_-0.26,468,760,39.7184,0.052261,0.915146,184,280,1.03162,3.81403,0,0.414265,549.164,0.243386,0.0124577,9.18941,0.00135566,13.4796,0.0315789,0.958215,-173,0.385526,2,1,132,0.173684,50,0.0657895,1.32859,1.00145,299,2.24831,0.0381632,0.104512,0.556215,0.00825214,0.0247545,0.877199,0.877303,0.541511,8,239,0.655927,0.212091,0.443835,2.24831,3.57631,14.2273,13.9055,0.763782,0.129707,0.000227928,0.282753,9,1024,468,760,320826,469100,73136,15722,960,1.26316,562,0.739474,0.0490048,0.227962,0.0149937,1746.89,0.0574943,30383.7,60690,63.2188,52,194,42.6007,92,112.6,131,144,15722,109.181,65,462,107.857,235,242,244,2.52632,2,10,2.41309,5,5.1,7,135.372
3_-0.31_-0.03_-0.19_-0.24_-0.42_0.25_0.4_0.03_-0.07_0.4,744,1312,35.3998,0.0269816,1.10447,184,556,0.853048,4.00444,4.996e-16,0.395752,935.181,0.291987,0.00837314,9.36883,0.000893723,15.4507,0.0182927,1.01073,-173,0.433689,2,1,252,0.192073,115,0.0876524,1.22772,1.05838,26,2.38379,0.0309963,0.124769,0.63801,0.0309963,0.0928974,0.959111,0.959144,0.492424,21,204,0.718012,0.440174,0.277838,2.38379,2.40727,4.35968,8.80661,0.956615,0.156863,0.00019455,0.102668,9,1024,744,1312,266040,533586,106234,41744,4118,3.13872,1100,0.838415,0.156909,0.399316,0.0398102,4638.22,0.149797,30963.4,269455,65.4335,68,300,43.5231,94,110,117,128,41744,326.125,116.5,3815,657.725,367.25,568,572.3,6.27744,5,26,5.6728,10,13,17,99.5588
3_-0.31_-0.28_0.0_0.09_-0.48_0.33_0.41_-0.38_0.26_-0.13,468,760,35.9555,0.0473099,1.27768,184,280,1.03162,3.55968,5.55112e-16,0.408056,532.649,0.243386,0.0114213,9.38433,0.00121706,13.395,0.0315789,0.891091,-173,0.385526,2,1,112,0.147368,97,0.127632,1.52193,1.21431,318,2.62411,0.0542488,0.109574,0.600372,0.0542488,0.162615,0.753194,0.753466,0.233925,17,165,0.735897,0.501125,0.234772,2.62411,3.1083,8.85983,12.1635,0.885077,0.121212,0.000157356,0.178921,9,1024,468,760,249037,446448,94294,43720,2202,2.89737,616,0.810526,0.175556,0.378635,0.0416946,4857.78,0.166796,29124.1,219448,99.6585,81,1335,115.625,99,110.9,237,64,43720,683.125,53.5,3518,1270.48,140.25,3230.7,3475.25,5.79474,3.5,27,5.71056,10,12,13,78.5186
3_-0.31_-0.35_0.47_-0.1_-0.25_-0.14_-0.04_-0.2_-0.19_0.19,480,784,37.056,0.0472653,1.00377,184,292,1.02405,3.4301,1.11022e-16,0.416188,577.751,0.412302,0.0134508,9.32552,0.00144237,13.0882,0.0306122,0.927716,-173,0.389031,2,1,160,0.204082,41,0.0522959,1.24938,1.01301,126,2.0835,0.0510712,0.0776369,0.569677,0.0510712,0.153209,0.710768,0.710788,0.271647,9,136,0.693639,0.459726,0.233912,2.0835,3.05665,9.13948,10.0134,0.76468,0.147059,0.0001297,0.12442,9,1024,480,784,297838,475576,90136,22856,1760,2.2449,648,0.826531,0.0767397,0.302634,0.0217972,2539.56,0.0833592,30465.2,106786,60.6739,51,292,46.6024,80,128,137.65,104,22856,219.769,58.5,651,226.95,335,649,650,4.4898,3,12,3.63724,7,11,12,93.3829
3_-0.31_-0.36_0.03_0.22_0.08_0.3_0.39_0.03_-0.13_0.19,412,648,32.1189,0.0495662,0.958416,184,224,1.06227,3.19051,2.22045e-16,0.401788,461.44,0.299122,0.0103359,9.33279,0.00110749,14.1311,0.037037,0.877282,-173,0.365741,2,1,104,0.160494,58,0.0895062,1.4411,1.16218,96,1.89152,0.040185,0.11738,0.575632,0.0208731,0.0625849,0.303787,0.30415,0.141334,21,131,0.725491,0.353662,0.371828,1.89152,1.80281,2.11715,7.2561,0.985907,0.244275,0.000124931,0.146226,9,1024,412,648,245764,399996,83084,31530,1518,2.34259,512,0.790123,0.128294,0.338064,0.0300694,3503.33,0.133378,26266.1,131376,86.5455,81,766,84.9207,100,111,131.6,52,31530,606.346,1,4496,1265.91,92,1646.9,4494.45,4.68519,4,19,4.21194,6,10,14,81.7073
3_-0.31_-0.38_0.15_0.19_-0.05_-0.3_-0.16_-0.09_-0.5_-0.15,512,848,33.9438,0.0400281,1.03509,184,324,1.00303,3.88384,0,0.421236,635.445,0.360491,0.00853929,9.37282,0.000911069,17.1611,0.0283019,0.94454,-173,0.397406,2,1,160,0.188679,114,0.134434,1.31587,1.0499,348,2.66028,0.053442,0.0981814,0.520675,0.053442,0.160272,0.712089,0.712345,0.248098,9,168,0.719539,0.474813,0.244725,2.66028,3.16724,9.21746,12.4778,0.893223,0.119048,0.000160217,0.193574,9,1024,512,848,265570,439886,80684,20986,2132,2.51415,672,0.792453,0.0790225,0.303814,0.0200138,2331.78,0.0848683,27475.2,155661,73.0117,81,337,49.4312,99,114,143,36,20986,582.944,619.5,773,202.897,764,771.5,772,5.0283,5,13,3.49483,7,9,13,85.0656
3_-0.31_-0.38_0.34_-0.39_-0.35_-0.14_0.5_-0.2_-0.35_-0.37,544,912,49.9311,0.054749,1.01519,184,356,0.981403,3.93226,5.55112e-17,0.423682,660.37,0.322129,0.0157103,9.33211,0.00168347,12.9533,0.0263158,1.01484,-173,0.404605,2,1,168,0.184211,68,0.0745614,1.2602,1.00016,552,2.77014,0.0432978,0.0794509,0.544062,0.0432978,0.129826,0.825098,0.825387,0.394247,16,280,0.594354,0.465191,0.129163,2.77014,5.34685,32.2539,20.3976,0.718195,0.0964286,0.000267029,0.0894651,9,1024,544,912,414902,612928,99178,28486,1442,1.58114,739,0.810307,0.0686572,0.23904,0.0271664,3165.11,0.078757,40188.3,77282,53.5936,37,280,54.7454,89,109,163.9,152,28486,187.408,188.5,417,126.059,332.5,348.9,386.15,3.16228,3,10,2.43872,5,7,8,177.037
3_-0.31_0.49_-0.1_0.32_0.34_0.43_-0.05_-0.19_0.39_0.27,472,768,39.733,0.0517357,0.772348,184,284,1.02912,3.91602,1.66533e-16,0.40258,557.16,0.25686,0.0102853,9.37267,0.00109738,13.5867,0.03125,1.03419,-173,0.386719,2,1,120,0.15625,78,0.101562,1.31439,1.14405,243,2.17221,0.028182,0.124268,0.599162,0.00931168,0.027935,0.649317,0.649317,0.29371,12,246,0.616405,0.266214,0.350191,2.17221,3.50281,12.0738,11.2471,0.636088,0.0934959,0.000234604,0.120034,9,1024,472,768,372744,527842,84168,11926,462,0.601562,320,0.416667,0.0319951,0.225806,0.0113735,1325.11,0.0377735,35080.4,41049,88.8506,92,267,50.6572,103,140,221.75,72,11926,165.639,180,308,110.125,284,305.6,307,1.20312,0,6,1.54798,3,3,4,89.4073
3_-0.32_-0.14_-0.47_0.46_-0.42_-0.39_0.27_-0.19_-0.49_-0.18,456,736,46.0687,0.0625933,1.09552,184,268,1.03893,3.29028,0,0.412619,523.761,0.254177,0.0104372,9.37409,0.00111341,13.7951,0.0326087,0.89177,-173,0.381793,2,1,116,0.157609,62,0.0842391,1.32497,1.05156,123,2.66504,0.0536451,0.155083,0.593783,0.0536451,0.160733,0.730244,0.730314,0.237049,21,180,0.64613,0.531529,0.1146,2.66504,3.66674,14.6772,14.9446,0.882029,0.133333,0.000171661,0.0857517,9,1024,456,736,353227,556368,112367,61093,4338,5.89402,684,0.929348,0.172957,0.318116,0.0582628,6788.11,0.182979,37097.7,254727,58.7199,46,1341,97.9367,69,98.3,129,76,61093,803.855,142,6894,1627.32,299,2569.5,3676.75,11.788,8,40,11.3795,17,33,33,79.5613
3_-0.32_-0.33_-0.45_-0.47_0.48_-0.31_-0.24_0.01_0.44_-0.4,460,744,44.1752,0.0593753,1.07135,184,272,1.03652,3.67416,4.996e-16,0.441164,559.706,0.288199,0.0184597,9.37957,0.00196807,11.6226,0.0322581,0.959076,-173,0.383065,2,1,116,0.155914,65,0.0873656,1.31333,1,1091.5,2.27412,0.0444422,0.0942496,0.550554,0.0444422,0.133208,0.818759,0.81882,0.298466,24,210,0.657417,0.496734,0.160684,2.27412,4.19091,19.6376,14.1962,0.706788,0.128571,0.000200272,0.161104,9,1024,460,744,345284,513918,89986,40280,1145,1.53898,589,0.791667,0.116658,0.260614,0.038414,4475.56,0.131264,34095.7,95471,83.3808,61,1086,123.097,107,134,196,138,40280,291.884,125.5,2195,532.286,137,1107,1835,3.07796,3,11,2.20809,5,5.7,6,139.517
3_-0.32_-0.41_-0.46_0.15_0.35_0.1_0.17_0.19_-0.31_-0.26,484,792,37.9032,0.0478576,1.0161,184,296,1.02148,3.67812,1.66533e-16,0.400021,550.384,0.27253,0.0105542,9.37994,0.00112518,13.4671,0.030303,0.946443,-173,0.390152,2,1,108,0.136364,84,0.106061,1.41165,1.10863,295,2.28915,0.0346298,0.108711,0.646364,0.0303669,0.091095,0.910424,0.910557,0.500141,9,176,0.688948,0.350519,0.338428,2.28915,2.44685,4.2668,8.84661,0.829223,0.113636,0.000167847,0.19302,9,1024,484,792,289890,471852,90012,31440,1612,2.03535,614,0.775253,0.108455,0.310504,0.0299835,3493.33,0.115698,30193.4,116394,72.2047,63,755,79.7302,95,115,197,28,31440,1122.86,263,5072,1650.71,1014.25,5068.6,5070,4.07071,3,12,3.69002,7,10,11,105.5
3_-0.32_0.02_-0.31_-0.28_-0.17_0.13_-0.32_-0.33_0.43_0.32,492,808,36.1589,0.0447511,1.05354,184,304,1.01628,3.50617,0,0.411599,584.888,0.310105,0.00597681,9.37556,0.000637488,17.4665,0.029703,1.02451,-173,0.392327,2,1,156,0.193069,80,0.0990099,1.33886,1.09743,362,2.80849,0.0526438,0.12877,0.625412,0.0526438,0.157765,0.75199,0.752029,0.353643,21,212,0.698381,0.512411,0.18597,2.80849,4.00152,16.2964,15.9805,0.900927,0.150943,0.000202179,0.102691,9,1024,492,808,295022,465488,82376,22784,1392,1.72277,628,0.777228,0.0772281,0.27922,0.0217285,2531.56,0.0841104,30098,89408,64.2299,54,450,56.5676,87,116.9,148,96,22784,237.333,72,3800,743.134,97.25,147,161.5,3.44554,3,14,3.34331,5,9,11,87.4593
3_-0.32_0.12_-0.46_0.18_0.26_0.17_-0.09_0.21_0.48_0.1,352,528,28.9017,0.054738,0.92165,184,164,1.07598,3.44871,2.22045e-16,0.404186,372.974,0.137987,0.0123894,9.38253,0.00132048,12.9178,0.0454545,0.920426,-173,0.335227,2,1,48,0.0909091,61,0.11553,1.61071,1.33239,814,1.61536,0.0341892,0.116899,0.533347,0.025938,0.0776081,0.944896,0.945572,0.646264,21,116,0.739359,0.388609,0.35075,1.61536,1.41957,0.43689,5.36404,0.876116,0.241379,0.000110626,0.120359,9,1024,352,528,237480,368908,72114,25386,736,1.39394,378,0.715909,0.106897,0.303663,0.02421,2820.67,0.116329,24247.2,60987,82.8628,67,378,78.7941,86.25,159.5,343,60,25386,423.1,357,1679,352.732,371,548.1,1676.05,2.78788,2,11,2.82583,5,7,8,98.7185
3_-0.32_0.22_0.23_0.03_0.19_-0.22_-0.07_0.22_-0.09_0.03,328,480,26.8569,0.0559518,0.663943,184,140,1.06964,3.61924,0,0.409089,351.448,0.284262,0.00748439,9.3608,0.000799546,17.2972,0.05,0.969411,-173,0.31875,2,1,84,0.175,25,0.0520833,1.29802,1.132,435,2.46219,0.0486536,0.153729,0.528899,0.0486536,0.14595,0.717315,0.719467,0.202255,9,144,0.727969,0.482113,0.245856,2.46219,2.73779,6.28713,9.6242,0.917567,0.138889,0.000137329,0.1281,9,1024,328,480,259410,355224,60010,2564,279,0.58125,231,0.48125,0.00988397,0.231333,0.00244522,284.889,0.0119874,23765.7,7970,28.5663,26,71,18.7336,34,61.2,66,60,2564,42.7333,29,90,33.3426,78,88.1,89,1.1625,0,4,1.35503,2,3,3.05,59.6547
3_-0.32_0.28_0.29_-0.2_-0.19_-0.4_-0.18_0.43_-0.11_-0.24,424,672,42.3528,0.0630251,0.742744,184,236,1.0566,3.93863,4.996e-16,0.402047,475.464,0.440027,0.00705019,9.36313,0.000752974,16.184,0.0357143,1.01614,-173,0.370536,2,1,164,0.244048,18,0.0267857,1.65032,1.30289,277,2.78842,0.0349855,0.162251,0.625085,0.0295229,0.0885639,0.474159,0.474212,0.0866038,9,237,0.619452,0.303371,0.316081,2.78842,3.15739,8.54595,13.3853,0.844403,0.0843882,0.000226021,0.238674,9,1024,424,672,362410,503140,80126,8614,696,1.03571,412,0.613095,0.0237687,0.221092,0.00821495,957.111,0.0281996,33940.6,46410,66.681,72.5,179,42.4045,90,116.5,133,84,8614,102.548,56,263,90.1853,234,236,260,2.07143,2,7,2.0947,4,5,5,59.0821
3_-0.32_0.36_-0.32_0.15_0.09_-0.39_-0.48_0.26_0.19_0.41,472,768,41.7007,0.0542978,0.770144,184,284,1.02912,3.66124,0,0.404159,556.545,0.194915,0.0130234,9.64271,0.0013506,12.6905,0.03125,1.03668,-173,0.386719,2,1,84,0.109375,112,0.145833,1.26141,1.00112,465,2.89309,0.0424681,0.114561,0.584395,0.00606537,0.0181932,0.874202,0.874622,0.410228,9,268,0.622106,0.237009,0.385097,2.89309,4.49905,20.0797,18.295,0.770108,0.119403,0.000255585,0.233794,9,1024,472,768,351786,506576,79506,13009,1116,1.45312,536,0.697917,0.0369799,0.226007,0.0124063,1445.44,0.043045,33579.9,54106,48.4821,47,143,28.5251,65,83,101,170,13009,76.5235,83,257,82.1419,104,249,252,2.90625,3,9,2.64212,4,6,9,131.173
3_-0.33_-0.02_-0.07_-0.19_0.41_-0.46_-0.05_0.45_-0.31_-0.38,568,960,44.7066,0.0465694,0.843582,184,380,0.965098,3.86702,1.11022e-16,0.415197,700.521,0.355466,0.00920209,9.3537,0.000983792,15.0925,0.025,1.05728,-173,0.409375,2,1,208,0.216667,58,0.0604167,1.3109,1.00324,1324,2.01249,0.0340281,0.118374,0.598271,0.0340281,0.102078,0.708106,0.708184,0.232971,8,208,0.642053,0.397114,0.244939,2.01249,3.5091,12.6955,11.0238,0.604406,0.0913462,0.000198364,0.167237,9,1024,568,960,347238,546172,103052,11598,968,1.00833,704,0.733333,0.0334007,0.296776,0.0110607,1288.67,0.0371525,34685.9,32326,33.3946,21,209,36.8834,42,84,93,154,11598,75.3117,53,247,70.3473,105,212.7,246.35,2.01667,1,9,2.0625,3,5,6,124.912
3_-0.33_-0.24_-0.36_-0.12_0.07_0.3_-0.43_-0.31_0.31_0.28,444,712,39.5192,0.0555045,1.05962,184,256,1.04591,3.1925,1.66533e-16,0.414414,518.484,0.0763621,0.00768111,9.37835,0.000819025,16.7606,0.0337079,0.946878,-173,0.377809,2,1,52,0.0730337,125,0.175562,1.93365,1.60247,186,2.73471,0.0414114,0.120493,0.538264,0.0414114,0.124153,0.600575,0.601077,0.139495,9,223,0.652618,0.416903,0.235715,2.73471,3.51993,11.8515,14.1503,0.80828,0.0896861,0.000212669,0.147892,9,1024,444,712,338769,493870,82278,15290,1296,1.82022,496,0.696629,0.045134,0.242873,0.0145817,1698.89,0.0511835,33192.1,69597,53.7014,51,286,50.4257,80,102,123.25,71,15290,215.352,2,685,302.178,540.5,683,683.5,3.64045,3,13,3.55928,6,8,10,36.9098
3_-0.33_-0.3_0.41_-0.12_-0.11_-0.27_0.27_-0.46_0.34_-0.04,272,368,34.6622,0.0941909,0.674705,184,84,0.994485,3.33615,1.66533e-16,0.47229,305.494,0.181022,0.0153672,9.18134,0.00167374,12.0835,0.0652174,0.851773,-173,0.263587,2,1,36,0.0978261,0,0,2.18976,1.67583,927.5,2.29252,0.0533543,0.105367,0.445617,0.0533543,0.159906,0.681543,0.683121,0.197587,17,168,0.698176,0.555788,0.142388,2.29252,3.6332,14.5258,12.8385,0.83236,0.160714,0.000160217,0.125589,9,1024,272,368,296156,382848,61582,4312,167,0.453804,197,0.535326,0.0145599,0.207938,0.00411224,479.111,0.0178355,26862.8,7786,46.6228,5,154,57.063,92.5,131,152,144,4312,29.9444,1,162,54.4644,9,161,161.85,0.907609,1,4,1.04369,2,2,3,77.1293
3_-0.33_-0.46_0.3_0.36_-0.33_-0.46_-0.01_-0.03_-0.29_0.22,588,1000,48.0488,0.0480488,1.15347,184,400,0.951581,3.61895,2.22045e-16,0.396815,701.16,0.233398,0.0124126,9.3828,0.00132291,13.9412,0.048,0.965971,-173,0.413,2,1,152,0.152,130,0.13,1.44044,1.10238,717,2.06165,0.029376,0.0611533,0.568733,0.025053,0.0750885,0.568483,0.568831,0.214615,9,235,0.622458,0.304999,0.317458,2.06165,3.27892,10.6379,11.0905,0.653911,0.102128,0.000224113,0.193227,9,1024,588,1000,365188,573302,94850,38854,3058,3.058,884,0.884,0.106395,0.259729,0.0370541,4317.11,0.115697,37313.9,226580,74.0942,88,318,54.8174,101,113,125,80,38854,485.675,223.5,1729,579.617,1091.75,1226.7,1713.7,6.116,5,19,4.59549,8.25,14,15,160.471
3_-0.33_-0.48_0.44_0.36_0.25_-0.3_0.48_0.26_-0.47_0.47,808,1440,56.5703,0.039285,1.05027,184,620,0.817206,3.46059,1.66533e-16,0.394833,1016.97,0.255658,0.0106564,9.37492,0.00113669,15.2835,0.0166667,1.09656,-173,0.439583,2,1,244,0.169444,152,0.105556,1.34676,1.02027,461,2.88811,0.037962,0.125789,0.625613,0,0,1,1,1,0,340,0.574944,0.226816,0.348127,2.88811,5.51685,32.1377,22.4493,0.516577,0.0323529,0.000324249,0.251241,9,1024,808,1440,405948,701494,120046,50112,5360,3.72222,1296,0.9,0.123444,0.295718,0.0477905,5568,0.128227,43423,252733,47.1517,32.5,422,46.5872,80,100,117,236,50112,212.339,103,5238,696.028,169,176,479,7.44444,6,34,6.45774,11,17,20,257.216
3_-0.33_0.08_-0.35_-0.45_0.22_-0.49_0.29_-0.09_-0.16_0.27,412,648,33.7949,0.0521527,1.08435,184,224,1.06227,4.00337,1.55431e-15,0.43041,485.31,0.226306,0.0142516,9.33108,0.00152733,11.4958,0.037037,0.843164,-173,0.365741,2,1,104,0.160494,33,0.0509259,1.3316,1.00371,75,2.10784,0.0613136,0.118939,0.572365,0.0613136,0.183721,0.763578,0.763849,0.316882,28,125,0.733358,0.565492,0.167867,2.10784,3.09941,10.2775,10.4508,0.78899,0.152,0.000119209,0.173795,9,1024,412,648,261760,396876,63352,16023,1810,2.79321,584,0.901235,0.0612126,0.242023,0.0152807,1780.33,0.068894,25841.6,95716,52.8818,49,154,37.117,78,106,118,61,16023,262.672,156,522,188.415,502,512,521,5.58642,5,17,3.7772,7,9,16,83.747
3_-0.34_-0.11_-0.18_-0.35_0.34_-0.26_0.35_0.13_-0.25_-0.46,648,1120,37.0083,0.0330431,1.10622,184,460,0.911978,3.56052,3.33067e-16,0.412078,807.163,0.284832,0.00910441,9.38219,0.000970392,15.1827,0.0214286,1.00915,-173,0.422321,2,1,200,0.178571,152,0.135714,1.35163,1.03441,5,1.80139,0.0562372,0.123098,0.591128,0.0562372,0.168701,0.75155,0.751572,0.311249,21,103,0.7382,0.590875,0.147326,1.80139,2.33769,5.5691,7.8467,0.776867,0.184466,9.82285e-05,0.138687,9,1024,648,1120,250221,481584,99673,31019,5068,4.525,1040,0.928571,0.123966,0.39834,0.029582,3446.56,0.120041,28711.6,231986,45.7747,42,224,37.5274,68,99,110,80,31019,387.738,124.5,4185,913.793,230,971.2,1152.35,9.05,7,38,8.08002,16,19,24,92.4412
3_-0.34_-0.16_-0.22_-0.26_-0.21_0.09_-0.44_0.13_-0.15_-0.22,344,512,23.609,0.0461114,1.12068,184,156,1.07493,3.38548,4.44089e-16,0.424957,383.56,0.313677,0.0140528,9.32494,0.00150701,11.5667,0.046875,0.744696,-173,0.330078,2,1,100,0.195312,32,0.0625,1.40421,1.19677,3776.5,1.6208,0.06985,0.100653,0.590292,0.06985,0.20951,0.755183,0.755378,0.414467,9,64,0.79238,0.616718,0.175662,1.6208,2.06455,2.64088,5.64173,0.688535,0.140625,6.10352e-05,0.0749033,9,1024,344,512,201910,310276,53572,14014,1286,2.51172,468,0.914062,0.0694072,0.265326,0.0133648,1557.11,0.0764001,20381,71150,55.3266,40,233,58.1261,99,112,212,76,14014,184.395,137,369,130.833,368,368.5,369,5.02344,5,13,2.99861,6,9,9,73.2269
3_-0.34_-0.2_-0.01_0.45_-0.2_-0.36_-0.0_0.43_-0.13_-0.49,776,1376,51.0902,0.0371295,1.31575,184,588,0.83478,3.55678,1.11022e-16,0.388733,953.495,0.317747,0.00561331,9.35367,0.000600119,18.142,0.0174419,1.03071,-173,0.436773,2,1,304,0.22093,167,0.121366,1.69783,1.27977,3568.5,1.40865,0.0418873,0.137148,0.657628,0.0207386,0.0622082,0.308142,0.308201,0.106634,9,86,0.652287,0.273449,0.378838,1.40865,1.64086,1.75842,5.52258,0.788348,0.232558,8.2016e-05,0.246551,9,1024,776,1376,320713,644286,145013,39666,7532,5.47384,1324,0.962209,0.123681,0.452158,0.0378284,4407.33,0.112752,39088.7,416635,55.3153,50,471,40.7995,74,96,108,60,39666,661.1,571,1947,517.505,1096.5,1109.2,1947,10.9477,9,33,7.88638,12,25,29,58.7944
3_-0.34_0.02_0.08_0.48_-0.44_-0.32_-0.03_-0.15_0.34_0.32,640,1104,41.6766,0.0377506,1.03082,184,452,0.917153,3.8664,2.22045e-16,0.394153,774.408,0.270833,0.00748669,9.65602,0.000775339,16.4187,0.0217391,1.07541,-173,0.421196,2,1,200,0.181159,103,0.0932971,1.22338,1.00828,414,2.2979,0.0413113,0.121278,0.571854,0.0413113,0.123885,0.571196,0.57165,0.126455,21,200,0.661392,0.49164,0.169752,2.2979,3.39377,12.1575,12.4922,0.851524,0.16,0.000190735,0.0936331,9,1024,640,1104,334455,557072,99481,27488,3794,3.43659,816,0.73913,0.0821874,0.297442,0.0262146,3054.22,0.0875711,34877,268246,70.7027,69,640,55.6517,96,108,115,60,27488,458.133,36.5,5008,1231.41,226.25,605.1,5002.25,6.87319,5,22,6.64909,13,18,20,89.3079
3_-0.34_0.17_-0.41_0.37_0.49_-0.02_0.28_0.48_0.19_0.23,472,768,31.1423,0.0405499,1.29166,184,284,1.02912,3.80917,2.22045e-16,0.411699,569.673,0.173527,0.0109177,9.37005,0.00116517,11.7765,0.03125,0.920346,-173,0.386719,2,1,108,0.140625,91,0.11849,1.13184,1.0146,1306,1.73831,0.0312843,0.157697,0.693962,0.0312843,0.093853,0.990239,0.990239,0.672755,21,132,0.691292,0.426926,0.264366,1.73831,1.86569,2.23237,5.97365,0.724321,0.151515,0.000125885,0.0852315,9,1024,472,768,300400,444636,62160,14722,8456,11.0104,696,0.90625,0.049008,0.206924,0.01404,1635.78,0.0578454,28278.5,396974,46.9458,41,301,32.0931,70,92,100,100,14722,147.22,23,1261,290.53,88,656,658,22.0208,17,57,21.0985,48,53,55,77.8403
3_-0.34_0.43_-0.29_-0.18_0.35_-0.5_0.36_0.49_0.08_-0.48,816,1456,53.3853,0.0366657,1.54431,184,628,0.812919,3.58713,0,0.40376,1041.32,0.270308,0.00662428,9.37731,0.000706416,17.4942,0.0164835,0.967794,-173,0.440247,2,1,292,0.200549,133,0.0913462,1.34038,1.00529,3.5,1.93555,0.0502434,0.111028,0.591713,0.0502434,0.150539,0.713686,0.713925,0.140856,20,116,0.655992,0.503633,0.152358,1.93555,2.60909,7.04542,8.88461,0.773467,0.163793,0.000110626,0.177807,9,1024,816,1456,333794,677894,154716,37254,24409,16.7644,1412,0.96978,0.111608,0.463507,0.0355282,4139.33,0.101986,40587.3,939611,38.4944,30,334,33.0682,58,86,100,94,37254,396.319,3,5394,1153.77,5,1686.5,1695.35,33.5288,29,91,23.783,54.25,69,77,74.6524
3_-0.34_0.45_-0.21_0.02_-0.25_0.12_-0.5_-0.14_0.22_0.26,472,768,32.1262,0.0418309,1.44761,184,284,1.02912,3.23,1.11022e-16,0.405377,560.901,0.272397,0.0101989,9.32911,0.00109323,13.4887,0.03125,0.995101,-173,0.386719,2,1,168,0.21875,71,0.0924479,1.44293,1.29346,133,3.54584,0.0591812,0.0991916,0.625803,0.0591812,0.17754,0.896804,0.899335,0.34677,9,212,0.714815,0.540524,0.174292,3.54584,4.13953,15.9881,17.552,0.945078,0.0943396,0.000202179,0.122966,9,1024,472,768,282391,452974,92341,29742,1182,1.53906,570,0.742188,0.105322,0.326997,0.0283642,3304.67,0.113295,29168.6,93604,79.1912,64,1478,143.474,93,111,113.9,132,29742,225.318,34,1478,399.879,287,289,1431,3.07812,2,10,2.98375,5,7,10,68.971
3_-0.35_-0.24_-0.22_-0.18_0.29_-0.0_-0.12_-0.04_0.37_-0.23,416,656,30.5049,0.0465014,0.881483,184,228,1.06045,3.78303,0,0.431112,495.532,0.368361,0.011648,9.33834,0.00124733,12.962,0.0365854,0.921587,-173,0.367378,2,1,124,0.189024,67,0.102134,1.21103,1.04399,931,2.31449,0.0700846,0.094836,0.586231,0.0700846,0.210241,0.895326,0.895468,0.430985,17,105,0.749776,0.653833,0.0959425,2.31449,2.9257,7.34256,9.81477,0.70957,0.0857143,0.000100136,0.0673074,9,1024,416,656,252634,410256,91434,13466,1066,1.625,529,0.806402,0.0533024,0.361923,0.0128422,1496.22,0.0561158,26663.1,34351,32.2242,19,129,33.4948,40.75,89,115.75,144,13466,93.5139,68.5,200,66.4466,159.25,193,196.85,3.25,3,10,2.6667,5,8,8,94.4908
3_-0.35_0.13_-0.31_-0.29_-0.44_-0.24_-0.14_0.09_-0.46_-0.09,332,488,26.3514,0.0539988,0.984288,184,144,1.07141,3.77188,1.11022e-16,0.418417,354.572,0.254733,0.00802582,9.36823,0.000856707,15.8902,0.0491803,0.921133,-173,0.321721,2,1,80,0.163934,35,0.0717213,1.607,1.34665,384,2.66646,0.0655718,0.199779,0.576034,0.0655718,0.196691,0.713202,0.714015,0.256574,9,137,0.755558,0.553333,0.202225,2.66646,3.18547,9.04803,11.8897,0.914343,0.145985,0.000130653,0.140399,9,1024,332,488,235804,335354,56966,12222,336,0.688525,256,0.52459,0.0518312,0.241582,0.0116558,1358,0.0606883,22376.6,29665,88.2887,71,282,63.6912,121.75,150,255,84,12222,145.5,74,365,130.93,327,352,353,1.37705,1,8,1.82572,2,3,5,78.6815
3_-0.35_0.39_-0.03_0.1_-0.13_0.18_0.46_0.13_0.48_-0.5,480,784,37.2846,0.0475569,1.13739,184,292,1.02405,3.92855,4.996e-16,0.392203,530.643,0.297222,0.0107288,9.62487,0.0011147,13.9918,0.0306122,0.881916,-173,0.389031,2,1,152,0.193878,44,0.0561224,1.37647,1.03235,352,2.43377,0.0404768,0.11023,0.571561,0.0222158,0.0666418,0.845877,0.845963,0.492797,21,210,0.68676,0.332814,0.353946,2.43377,2.97516,8.24609,12.3771,0.884236,0.152381,0.000200272,0.2068,9,1024,480,784,286071,445720,75178,20214,2186,2.78827,646,0.82398,0.0706608,0.262795,0.0192776,2246,0.0792356,28345.9,148411,67.8916,65,266,41.7077,91,113,120,83,20214,243.542,122,961,295.379,318,632.8,940.7,5.57653,5,16,4.46863,8,12,15,99.4855
3_-0.35_0.39_-0.07_0.42_0.03_0.23_0.02_-0.31_0.49_0.28,388,600,36.7685,0.0612809,0.901813,184,200,1.07129,3.56531,4.44089e-15,0.411119,436.001,0.290133,0.0086209,9.37115,0.00091994,15.6819,0.04,0.89763,-173,0.355,2,1,116,0.193333,52,0.0866667,1.74504,1.43559,971,1.33667,0.0392656,0.153859,0.59272,0.017539,0.0526171,0.465345,0.465345,0.154865,21,78,0.693111,0.31172,0.381392,1.33667,1.21365,0.208113,4.4188,0.534296,0.141026,7.43866e-05,0.150163,9,1024,388,600,280626,449132,102498,27824,3034,5.05667,416,0.693333,0.0991498,0.365248,0.026535,3091.56,0.100812,30666.6,207037,68.239,57,1235,109.043,78,103,111,56,27824,496.857,21,5922,1508.9,180.25,342.5,5922,10.1133,3,40,13.0729,13,33,36,48.7693
3_-0.35_0.3_-0.39_-0.42_-0.21_0.26_0.11_0.2_0.34_-0.0,620,1064,35.4459,0.0333138,1.21113,184,432,0.930242,3.55393,0,0.385845,721.493,0.224578,0.00716553,9.38788,0.000763275,15.783,0.0225564,0.99605,-173,0.418233,2,1,176,0.165414,112,0.105263,1.35545,1.05894,182,2.1826,0.0409184,0.122955,0.628082,0.0184278,0.0552378,0.357312,0.357335,0.131216,21,168,0.694975,0.323542,0.371433,2.1826,2.41859,5.20856,9.89141,0.956182,0.190476,0.000160217,0.161832,9,1024,620,1064,276956,473238,82634,15956,3428,3.2218,824,0.774436,0.057612,0.298365,0.0152168,1772.89,0.0631787,28061.5,134512,39.2392,31,159,34.065,60,90,102,112,15956,142.464,58,636,210.632,136.25,632,633.45,6.44361,5,24,6.00741,11,15,17,81.9725
3_-0.36_-0.35_-0.21_0.03_-0.38_-0.22_0.33_0.18_0.02_0.23,504,832,30.3926,0.0365296,1.28915,184,316,1.00837,3.90839,1.66533e-16,0.405319,593.142,0.33579,0.0084715,9.38669,0.000902502,16.1918,0.0288462,0.939119,-173,0.395433,2,1,156,0.1875,76,0.0913462,1.39065,1.12755,27,3.37721,0.0550394,0.114615,0.574739,0.0550394,0.165112,0.783818,0.785303,0.375298,9,228,0.739065,0.488981,0.250084,3.37721,3.71444,13.005,16.9795,0.959722,0.0877193,0.000217438,0.211249,9,1024,504,832,243024,406232,77722,15202,1348,1.62019,648,0.778846,0.0625535,0.319812,0.0144978,1689.11,0.0674107,25057,52524,38.9644,25,204,40.4723,51,93,133.95,188,15202,80.8617,34.5,245,91.5607,202,236,239,3.24038,3,8,2.42184,6,6,7,85.0725
3_-0.36_-0.38_0.49_-0.25_-0.08_-0.41_-0.26_0.33_0.18_0.26,384,592,41.9563,0.0708722,0.881194,184,196,1.07241,3.24465,0,0.419567,428.692,0.203125,0.0140939,9.14699,0.00154082,12.892,0.0405405,0.911007,-173,0.353041,2,1,76,0.128378,48,0.0810811,1.34957,1.05987,539,1.85859,0.0343647,0.116475,0.529281,0.0163889,0.0491648,0.364326,0.364366,0.140552,12,200,0.613741,0.27479,0.338951,1.85859,3.31369,12.7833,11.1984,0.678097,0.155,0.000190735,0.191979,9,1024,384,592,369043,494820,70471,17844,1196,2.02027,492,0.831081,0.0483521,0.190956,0.0170174,1982.67,0.0593227,33421.7,56652,47.3679,27,303,49.0553,73,98,106,118,17844,151.22,151,339,113.775,242,323.6,336,4.04054,5,12,3.10052,6,8,10,111.062
3_-0.36_-0.47_-0.41_-0.22_-0.34_-0.41_0.19_0.22_-0.08_-0.18,340,504,32.9443,0.0653657,0.946668,184,152,1.07404,3.45357,6.66134e-16,0.432711,369.023,0.236975,0.0145252,9.32146,0.00155825,12.3656,0.047619,0.83458,-173,0.327381,2,1,72,0.142857,27,0.0535714,1.60884,1.22501,1698.5,1.7317,0.0462618,0.101649,0.537195,0.0462618,0.138779,0.614007,0.614058,0.28075,17,112,0.718008,0.450535,0.267473,1.7317,2.25567,4.38886,7.21624,0.767027,0.178571,0.000106812,0.18269,9,1024,340,504,262510,372780,59468,24243,788,1.56349,436,0.865079,0.0923508,0.226536,0.0231199,2693.67,0.105834,25451.8,77061,97.7931,88,723,101.308,106,129,197.9,60,24243,404.05,207,770,291.257,758,767,768.05,3.12698,3,8,2.11189,4,6,7,68.5343
3_-0.36_0.02_0.12_-0.45_0.13_0.18_-0.31_-0.34_0.03_0.35,344,512,41.608,0.0812656,0.703098,184,156,1.07493,3.53717,1.11022e-16,0.424372,381.74,0.484219,0.00797486,9.3536,0.000852598,15.7958,0.046875,0.981285,-173,0.330078,2,1,124,0.242188,21,0.0410156,1.63304,1.25618,67,2.81669,0.0433645,0.151628,0.607619,0.0433645,0.130041,0.410207,0.410568,0.116372,9,196,0.648208,0.376031,0.272177,2.81669,3.08062,8.4278,13.1122,0.909796,0.102041,0.00018692,0.230351,9,1024,344,512,332879,465239,92853,2633,392,0.765625,292,0.570312,0.00790978,0.278939,0.00251102,292.556,0.00901308,32459,7180,18.3163,21,45,12.6933,27,32,42.9,76,2633,34.6447,29,58,11.785,33,57,58,1.53125,1,6,1.73627,3,5,5,47.2362
3_-0.36_0.07_0.29_0.01_-0.01_-0.29_0.13_0.02_0.24_-0.14,492,808,27.1977,0.0336606,1.16977,184,304,1.01628,3.78795,1.11022e-16,0.408288,582.981,0.35753,0.00506315,9.38921,0.000539252,20.2604,0.029703,0.921937,-173,0.392327,2,1,176,0.217822,91,0.112624,1.26695,1.06169,18,2.20817,0.060689,0.134728,0.584698,0.060689,0.182063,0.722301,0.724641,0.246571,9,96,0.759951,0.533236,0.226715,2.20817,2.2336,3.60111,7.66647,0.987622,0.208333,9.15527e-05,0.190196,9,1024,492,808,224547,380520,73187,12886,3078,3.80941,696,0.861386,0.0573866,0.325932,0.012289,1431.78,0.0618704,23141.6,105225,34.1862,22,165,33.4118,48,85,103,86,12886,149.837,58,1019,241.248,173.25,504,511,7.61881,7,19,5.6035,14,14.3,16,60.9078
3_-0.36_0.34_-0.07_0.19_0.03_0.2_-0.32_0.21_0.47_-0.12,456,736,31.9253,0.0433768,1.00235,184,268,1.03893,3.44644,1.22125e-15,0.404748,532.928,0.390142,0.00961328,9.37378,0.00102555,14.3703,0.0326087,0.854958,-173,0.381793,2,1,140,0.190217,59,0.080163,1.29362,1.07603,1378,1.40462,0.0340223,0.0921151,0.571669,0.0287943,0.0863791,0.862285,0.862559,0.479534,21,92,0.7344,0.400507,0.333893,1.40462,1.30599,-0.100201,4.26206,0.784831,0.217391,8.7738e-05,0.135958,9,1024,456,736,242878,424268,87858,34822,4752,6.45652,656,0.891304,0.143372,0.361737,0.0332088,3869.11,0.143544,26954.2,292295,61.5099,51,837,67.1491,78,108,119,76,34822,458.184,315.5,4382,941.602,445,447.5,1431.5,12.913,7,44,14.2773,13.5,37,41,101.942
3_-0.36_0.48_0.17_-0.42_0.32_-0.36_0.36_-0.26_0.3_0.31,508,840,37.4982,0.0446407,0.903391,184,320,1.00571,3.57828,4.44089e-16,0.412894,604.748,0.207162,0.00928506,9.37233,0.000990689,14.3594,0.0285714,0.97373,-173,0.396429,2,1,128,0.152381,79,0.0940476,1.29583,1.01236,121,2.52117,0.0526228,0.117956,0.566123,0.0526228,0.157744,0.687925,0.688156,0.225868,20,180,0.698279,0.559139,0.13914,2.52117,3.28018,11.7447,13.5649,0.962027,0.172222,0.000171661,0.124271,9,1024,508,840,294744,466116,83755,23140,1010,1.20238,576,0.685714,0.0785088,0.284162,0.022068,2571.11,0.086544,29708.7,75974,75.2218,64,310,57.4769,101.75,138,153,104,23140,222.5,225,455,168.712,376,447,452.7,2.40476,2,8,2.26736,4,5,7,82.0738
3_-0.37_-0.09_0.31_0.16_-0.09_-0.13_0.02_0.08_0.13_-0.17,356,536,28.4582,0.0530937,0.987222,184,168,1.07617,3.7676,2.22045e-16,0.410616,386.117,0.200107,0.00843429,9.37266,0.000899883,16.5917,0.0447761,0.8431,-173,0.337687,2,1,80,0.149254,43,0.0802239,1.95222,1.71918,192,2.35709,0.0596695,0.0953217,0.458711,0.0596695,0.178984,0.681518,0.681738,0.218732,9,108,0.739918,0.549166,0.190752,2.35709,2.59917,5.35377,8.70949,0.951625,0.185185,0.000102997,0.120224,9,1024,356,536,252370,377876,71834,24012,1795,3.34888,448,0.835821,0.095146,0.284638,0.0228996,2668,0.104963,25418.5,89100,49.6379,33,570,64.9903,65,95,109,52,24012,461.769,35,2354,646.774,805,820,2354,6.69776,3,25,6.97985,9,18,21,67.0202
3_-0.37_-0.19_-0.28_-0.31_-0.39_-0.31_-0.15_0.42_-0.39_0.06,284,392,28.5744,0.072894,0.751027,184,96,1.02125,3.49297,0,0.432609,294.293,0.0865191,0.0133425,9.32481,0.00143086,13.128,0.0918367,0.810855,-173,0.278061,2,1,40,0.102041,12,0.0306122,1.69198,1.40219,3272,1.53725,0.047224,0.14682,0.521719,0.047224,0.141578,0.634835,0.634897,0.15853,9,86,0.725114,0.448392,0.276722,1.53725,1.87654,2.29331,5.60087,0.814305,0.232558,8.2016e-05,0.132759,9,1024,284,392,261802,347270,54200,15044,272,0.693878,216,0.55102,0.0574633,0.207027,0.0143471,1671.56,0.0696687,23992.9,30014,110.346,89.5,574,121.562,108.25,194.8,543.45,48,15044,313.417,195,626,212.372,593.5,621.3,623.65,1.38776,1,5,1.48209,3,3,3,51.6357
3_-0.37_-0.19_0.5_0.49_0.37_0.1_0.29_0.32_0.38_-0.05,596,1016,33.7881,0.033256,0.894705,184,408,0.946207,3.52409,4.44089e-16,0.402128,727.585,0.364493,0.00702484,9.3745,0.000749357,16.4072,0.023622,1.0341,-173,0.41437,2,1,212,0.208661,113,0.11122,1.15776,1.0136,49,2.72692,0.0316496,0.145228,0.632032,0.0221434,0.0664272,0.848488,0.848587,0.374953,21,260,0.696772,0.361057,0.335714,2.72692,2.77422,6.25868,11.81,0.956954,0.123077,0.000247955,0.209542,9,1024,596,1016,284817,488618,94091,18527,2547,2.50689,694,0.683071,0.0650488,0.330356,0.0176687,2058.56,0.0685004,30051.7,142784,56.0597,52,162,40.03,93,107,120.7,66,18527,280.712,129,2768,642.176,140,399,2175.5,5.01378,3,19,4.96819,10,12,13,88.79
3_-0.37_-0.26_0.38_-0.39_-0.17_-0.31_-0.21_0.01_-0.08_-0.24,276,376,32.6853,0.0869289,0.808074,184,88,1.0043,3.49202,2.22045e-16,0.431581,269.433,0.115942,0.0174544,9.18233,0.00190087,12.3599,0.0638298,0.776639,-173,0.268617,2,1,24,0.0638298,34,0.0904255,1.58058,1.25443,3931,1.46044,0.0562801,0.126621,0.412042,0.0562801,0.168771,0.615468,0.61583,0.213026,16,84,0.719741,0.587507,0.132234,1.46044,2.77022,7.39549,6.56838,0.553276,0.130952,8.01086e-05,0.103269,9,1024,276,376,272941,372980,71234,16915,728,1.93617,248,0.659574,0.0619731,0.260987,0.0161314,1879.44,0.0715059,26283.8,61385,84.3201,53,896,119.279,105,112,141,41,16915,412.561,43,3710,814.646,51,1979,1982,3.87234,2,15,3.97662,7,9,9,85.3384
3_-0.37_-0.33_-0.1_0.15_-0.04_-0.19_0.12_-0.07_0.16_0.23,444,712,28.6506,0.0402396,0.94086,184,256,1.04591,3.5158,2.77556e-16,0.40924,514.195,0.243029,0.00640409,9.37324,0.000683231,18.1678,0.0337079,0.935605,-173,0.377809,2,1,120,0.168539,68,0.0955056,1.44432,1.18387,15,2.91233,0.0570927,0.115703,0.550471,0.0570927,0.171275,0.774948,0.774974,0.351361,21,183,0.746987,0.525141,0.221847,2.91233,3.37719,10.7115,13.9868,0.912435,0.10929,0.000174522,0.166662,9,1024,444,712,238346,375642,73852,6996,860,1.20787,500,0.702247,0.0293523,0.309852,0.00667191,777.333,0.0326183,23831.2,50276,58.4605,91,170,52.1279,105,114,141,232,6996,30.1552,2,226,66.7501,18,204.4,223,2.41573,2,10,2.3407,4,5.9,7,70.8777
3_-0.37_-0.33_0.34_0.32_0.32_0.28_-0.08_0.22_0.17_-0.13,308,440,30.5534,0.0694395,0.82254,184,120,1.05522,3.78003,0,0.41631,321.217,0.157699,0.0107871,9.18758,0.0011741,15.4492,0.0545455,0.89321,-173,0.302273,2,1,48,0.109091,32,0.0727273,1.9336,1.58492,93,2.48264,0.0364418,0.107763,0.411014,0.0364418,0.109282,0.480362,0.480542,0.130233,21,194,0.710317,0.406524,0.303793,2.48264,2.56865,5.16725,9.9529,0.965028,0.164948,0.000185013,0.142924,9,1024,308,440,270824,364830,59450,8790,504,1.14545,308,0.7,0.0324565,0.219515,0.0083828,976.667,0.0385185,25355.8,22070,43.7897,9,224,50.9587,87,92.7,121,136,8790,64.6324,8,372,116.148,45,371,372,2.29091,2,7,2.42091,3,7,7,77.7177
3_-0.37_-0.35_-0.31_-0.16_-0.39_-0.16_0.38_-0.3_0.2_0.09,440,704,26.6458,0.0378492,1.29977,184,252,1.04816,3.74533,1.11022e-16,0.43856,538.445,0.208874,0.0128479,9.36028,0.00137259,13.7873,0.0340909,0.90216,-173,0.37642,2,1,108,0.153409,66,0.09375,1.31667,1.06757,379,2.18677,0.0630913,0.117907,0.527261,0.0630913,0.189272,0.810552,0.810567,0.452692,21,128,0.768366,0.649574,0.118792,2.18677,2.97439,9.13182,10.5102,0.877141,0.1875,0.00012207,0.0589801,9,1024,440,704,228340,355296,51584,17722,1979,2.81108,622,0.883523,0.0776123,0.225909,0.016901,1969.11,0.0900088,21876.9,99072,50.0616,42,227,45.5638,79,110,136,72,17722,246.139,178,1206,269.031,361.25,365,744,5.62216,5,21,4.89688,8,13,16.85,86.6491
3_-0.37_-0.36_-0.11_-0.13_0.09_0.02_0.17_0.39_-0.28_-0.13,372,568,33.5567,0.0590787,0.85504,184,184,1.07499,3.38437,4.44089e-16,0.39719,385.692,0.193548,0.00855144,9.65417,0.000885777,16.4483,0.0422535,0.898575,-173,0.346831,2,1,64,0.112676,81,0.142606,1.39938,1.12853,1006,1.87183,0.0541,0.156023,0.546581,0.0541,0.150553,0.7144,0.743027,0.133069,15,110,0.710019,0.49411,0.215909,1.87183,2.42293,5.00128,8.38147,0.812988,0.181818,0.000104904,0.157661,9,1024,372,568,277726,409490,78950,13218,928,1.6338,432,0.760563,0.0475937,0.284273,0.0126057,1468.67,0.0534686,27467.8,39432,42.4914,35,252,37.7347,56,90,98,80,13218,165.225,131,385,131.06,250.5,378.2,382.1,3.26761,3,10,2.93573,5,8,9,77.7526
3_-0.37_0.01_-0.32_0.34_-0.13_0.18_-0.46_-0.36_0.16_-0.44,300,424,33.4104,0.078798,0.737432,184,112,1.04629,3.21419,5.55112e-17,0.426326,309.718,0.0977778,0.0154974,9.41327,0.00164633,12.123,0.0566038,0.863498,-173,0.294811,2,1,32,0.0754717,21,0.0495283,1.36598,1.05617,2232,1.39349,0.044282,0.12604,0.451081,0.044282,0.132661,0.612501,0.612788,0.275041,16,96,0.712567,0.42511,0.287457,1.39349,2.13196,4.34663,5.96585,0.482125,0.114583,9.15527e-05,0.126684,9,1024,300,424,272222,382410,70665,11851,548,1.29245,312,0.735849,0.0435343,0.259586,0.011302,1316.78,0.0502476,26205.8,41267,75.3047,73,172,31.9054,96,112.3,132.15,92,11851,128.815,122,274,67.9424,137.25,260.9,265,2.58491,2,8,2.55087,5,7,7,61.3622
3_-0.37_0.12_0.22_-0.4_-0.22_-0.17_-0.33_-0.1_-0.43_0.22,308,440,30.7718,0.0699359,0.983888,184,120,1.05522,2.84918,1.11022e-16,0.417342,319.702,0.127396,0.00938892,9.35953,0.00100314,15.7901,0.0545455,0.85914,-173,0.302273,2,1,56,0.127273,18,0.0409091,1.46263,1.15471,2618.5,1.35326,0.042305,0.146679,0.447482,0.042305,0.126877,0.512407,0.512607,0.146937,9,64,0.738243,0.418069,0.320174,1.35326,0.950611,-0.836655,3.66752,0.917257,0.3125,6.10352e-05,0.217893,9,1024,308,440,234978,357720,74407,17919,2454,5.57727,356,0.809091,0.0762582,0.316655,0.0170889,1991,0.080803,24640.2,147694,60.185,53,377,51.5122,74,102,118,84,17919,213.321,17.5,2660,574.798,59,620,639,11.1545,3,35,12.9101,29,31,33,60.5709
3_-0.37_0.15_-0.37_0.04_0.18_-0.31_0.13_-0.33_0.15_0.2,424,672,25.5709,0.0380519,1.41229,184,236,1.0566,3.44423,1.11022e-16,0.416983,493.755,0.230907,0.00947515,9.36933,0.00101129,15.0461,0.0357143,0.911454,-173,0.370536,2,1,120,0.178571,22,0.0327381,1.26388,1.03597,49.5,1.80787,0.0615463,0.103491,0.542828,0.0615463,0.184579,0.762483,0.762521,0.38754,21,96,0.790471,0.637833,0.152638,1.80787,2.23071,4.72237,7.47459,0.883306,0.25,9.15527e-05,0.0669357,9,1024,424,672,198642,342052,63836,23220,4152,6.17857,600,0.892857,0.116894,0.321362,0.0221443,2580,0.121641,21209.9,178952,43.1002,31,305,44.7462,63,90,102,122,23220,190.328,3,2955,532.379,257,305,542.95,12.3571,7,39,11.9235,22.25,33,34,72.1548
3_-0.37_0.29_-0.19_-0.19_-0.17_-0.31_-0.02_0.11_-0.38_-0.34,304,432,33.9328,0.0785482,0.86485,184,116,1.05102,2.92193,6.88338e-15,0.438673,336.476,0.14881,0.00954768,9.35945,0.00102011,16.4455,0.0555556,0.862763,-173,0.298611,2,1,68,0.157407,25,0.0578704,2.00565,1.63504,17602,1.01788,0.0593281,0.0968719,0.388092,0.0593281,0.177958,0.713078,0.713402,0.191446,21,45,0.745646,0.599977,0.145668,1.01788,1.3158,1.11688,3.58047,0.514717,0.177778,4.29153e-05,0.120948,9,1024,304,432,245800,398278,73966,37774,2544,5.88889,316,0.731481,0.153678,0.300919,0.0360241,4197.11,0.149676,28041.4,304959,119.874,94,832,113.949,103,114,308,16,37774,2360.88,1925,4607,1352.34,2626.25,4607,4607,11.7778,5,34,13.023,29,31,34,44.8034
3_-0.38_-0.26_-0.48_-0.33_-0.3_-0.47_-0.2_-0.44_-0.39_0.31,284,392,29.5528,0.0753897,0.756657,184,96,1.02125,3.46575,1.66533e-16,0.451365,300.709,0.0677398,0.0193079,9.18982,0.00210101,10.6544,0.0612245,0.833915,-173,0.278061,2,1,16,0.0408163,29,0.0739796,1.3637,1.03835,1286,1.28376,0.0349245,0.101516,0.540216,0.0349245,0.1047,0.622488,0.622758,0.27425,32,105,0.724326,0.418361,0.305965,1.28376,1.75042,2.83023,5.06274,0.507758,0.142857,0.000100136,0.144907,9,1024,284,392,255912,332784,48516,7784,120,0.306122,160,0.408163,0.0304167,0.189581,0.0074234,864.889,0.0379095,22814.6,12216,101.8,87,287,94.6643,112,274.7,283,40,7784,194.6,295,319,134.964,306.25,309,318.05,0.612245,0,3,0.921762,1,2.8,3,78.0563
3_-0.38_-0.33_0.47_-0.03_0.29_-0.46_0.07_0.02_0.26_0.1,464,752,34.4212,0.0457729,1.25334,184,276,1.03408,3.50662,6.10623e-16,0.417966,543.869,0.313013,0.013357,9.35952,0.0014271,12.5136,0.0319149,0.897489,-173,0.384309,2,1,148,0.196809,36,0.0478723,1.4006,1.07188,976,2.01065,0.0494976,0.117465,0.604892,0.0494976,0.148488,0.786159,0.786203,0.285962,17,124,0.718454,0.465699,0.252755,2.01065,2.47963,5.36166,8.54293,0.81389,0.16129,0.000118256,0.162249,9,1024,464,752,261949,423348,76141,26280,1936,2.57447,640,0.851064,0.100325,0.290671,0.0250626,2920,0.109292,26717.3,141042,72.8523,70,492,53.5625,103,114,120,80,26280,328.5,212.5,927,301.375,391,879.6,915.4,5.14894,5,16,4.03695,7,9,15,86.7139
3_-0.38_-0.48_0.31_0.24_0.32_-0.45_-0.31_0.13_-0.2_0.09,624,1072,45.0723,0.042045,1.11237,184,436,0.927608,4.00348,4.44089e-16,0.400053,755.633,0.238095,0.0109657,9.33134,0.00117515,14.8026,0.0223881,1.03158,-173,0.418843,2,1,188,0.175373,67,0.0625,1.32102,1.00078,278,2.62859,0.0331278,0.0773002,0.560867,0.0300694,0.0901203,0.733419,0.734,0.297733,9,293,0.643244,0.340634,0.302609,2.62859,3.88041,15.0093,15.0898,0.686692,0.0682594,0.000279427,0.169205,9,1024,624,1072,339409,549958,91331,20956,2577,2.40392,902,0.841418,0.0617426,0.269088,0.0199852,2328.44,0.0672373,34630.3,137756,53.456,38,292,45.3143,76,113,132,140,20956,149.686,87.5,519,177.629,283,513.1,516,4.80784,5,19,4.18,7,10,13,145.35
3_-0.38_0.09_-0.31_-0.13_-0.46_-0.02_-0.01_-0.26_-0.2_0.36,388,600,29.5433,0.0492388,1.11864,184,200,1.07129,3.64673,2.77556e-16,0.401474,417.436,0.261168,0.008759,9.55769,0.000916434,15.8075,0.04,0.913905,-173,0.355,2,1,96,0.16,42,0.07,1.49309,1.27252,1415,1.99667,0.0540972,0.113687,0.513319,0.0540972,0.161754,0.520536,0.535111,0.145553,21,108,0.72069,0.541416,0.179274,1.99667,2.49892,5.29787,8.10681,0.834217,0.185185,0.000102997,0.142397,9,1024,388,600,270960,387064,55327,12710,1048,1.74667,403,0.671667,0.0469073,0.204189,0.0121212,1412.22,0.0553361,25520.8,48459,46.2395,23,256,53.5148,68,113,130,64,12710,198.594,75,619,244.767,247.5,618,618,3.49333,2,12,3.60138,7,9,11,40.4581
3_-0.38_0.17_0.24_0.45_0.03_-0.28_-0.48_0.16_0.35_-0.26,584,992,45.5624,0.0459298,1.15291,184,396,0.954276,3.96214,5.55112e-17,0.399771,701.691,0.290933,0.00907622,9.32963,0.000972837,14.1401,0.0241935,1.00141,-173,0.412298,2,1,204,0.205645,66,0.0665323,1.3786,1.16174,558,2.47525,0.0310364,0.104187,0.6435,0.00580215,0.0174065,0.752712,0.752712,0.291504,24,280,0.57647,0.215778,0.360692,2.47525,4.21004,17.8143,15.0748,0.729093,0.125,0.000267029,0.220529,9,1024,584,992,411588,601650,84235,16054,2660,2.68145,700,0.705645,0.039005,0.204659,0.0153103,1783.78,0.0457795,38964.6,148623,55.8733,54,201,37.5315,82,106,113,92,16054,174.5,108.5,508,169.271,225.5,497,501,5.3629,5,21,5.30989,10,12,13,154.305
3_-0.38_0.19_0.38_0.44_-0.21_-0.27_-0.38_-0.29_0.32_-0.28,436,696,39.34,0.056523,1.08443,184,248,1.05035,3.5776,1.00475e-14,0.412405,504.192,0.288772,0.0139863,9.18183,0.00152326,12.5489,0.0344828,0.93417,-173,0.375,2,1,116,0.166667,52,0.0747126,1.20342,1.00845,802,1.52952,0.0256262,0.0815604,0.54002,0.00865746,0.0259705,0.659676,0.659788,0.288986,24,164,0.633087,0.259579,0.373508,1.52952,1.76214,2.56105,6.63841,0.795065,0.237805,0.000156403,0.21058,9,1024,436,696,358858,500587,75758,9700,468,0.672414,332,0.477011,0.0270302,0.211109,0.00925064,1077.78,0.0322079,33463.2,35250,75.3205,103,174,54.8359,108,157,163.65,64,9700,151.562,166.5,270,82.1251,196,269,269.85,1.34483,0,10,1.88964,3,3,4,117.099
3_-0.38_0.31_0.16_0.14_0.38_-0.49_0.19_-0.01_-0.34_-0.1,580,984,38.5639,0.0391909,0.865873,184,392,0.956975,3.73854,4.44089e-16,0.431862,771.832,0.277997,0.00701643,9.34008,0.000751217,17.0722,0.0243902,0.999485,-173,0.411585,2,1,180,0.182927,96,0.097561,1.34541,1.01413,309,2.98902,0.0460901,0.0978941,0.591534,0.0262413,0.0787191,0.862831,0.862927,0.591727,9,251,0.691774,0.300235,0.39154,2.98902,3.51386,11.6747,16.7231,0.861367,0.0796813,0.000239372,0.278834,9,1024,580,984,274908,482170,90610,38350,2440,2.47967,792,0.804878,0.139501,0.329601,0.0365734,4261.11,0.144547,29479,197052,80.759,71,385,57.0077,98,109,131,104,38350,368.75,264.5,748,251.298,678,735,746,4.95935,5,14,4.02815,7,10,13,130.692
3_-0.38_0.38_0.24_0.31_0.09_0.38_0.39_0.11_-0.41_-0.04,400,624,36.7869,0.0589533,0.627192,184,212,1.06722,3.80232,0,0.406823,461.282,0.313095,0.00957404,9.33261,0.00102587,14.1914,0.0384615,1.02078,-173,0.360577,2,1,108,0.173077,64,0.102564,1.19902,1.04973,1140,1.73018,0.0280304,0.124899,0.576065,0.00695419,0.0208626,0.855002,0.855002,0.516932,33,196,0.637871,0.308344,0.329527,1.73018,3.06469,9.22934,8.61296,0.520868,0.102041,0.00018692,0.18396,9,1024,400,624,350376,486330,84090,3542,372,0.596154,264,0.423077,0.0101091,0.239999,0.00337791,393.556,0.0120557,32644.8,6598,17.7366,6,94,26.401,16,77,86,186,3542,19.043,8,95,28.6611,24,88,90,1.19231,0,5,1.5694,3,3,4,153.53
3_-0.39_-0.08_0.3_0.14_-0.01_-0.38_0.31_-0.2_-0.26_0.1,500,824,37.4505,0.0454496,1.08548,184,312,1.01102,3.64025,2.22045e-16,0.405722,592.041,0.314476,0.00936792,9.37268,0.000999492,14.8928,0.0291262,0.931775,-173,0.394417,2,1,152,0.184466,54,0.065534,1.38767,1.10718,742,1.79767,0.0322542,0.11932,0.592531,0.0322542,0.0967588,0.66554,0.665606,0.27464,9,149,0.675817,0.379177,0.29664,1.79767,2.29324,4.08511,7.11121,0.713197,0.134228,0.000142097,0.232683,9,1024,500,824,308234,475744,77714,28358,3043,3.69296,711,0.862864,0.0920015,0.252127,0.0270443,3150.89,0.103966,30307,153216,50.3503,46,583,55.695,65,90,102,92,28358,308.239,123,3263,654.751,203,709,725.45,7.38592,3,31,8.943,8,25,28,104.265
3_-0.39_-0.15_0.01_0.46_-0.44_-0.49_-0.29_0.08_-0.38_0.46,544,912,46.1657,0.0506203,0.944039,184,356,0.981403,3.38726,2.77556e-16,0.39847,645.554,0.177521,0.00930867,9.38263,0.000992117,14.8525,0.0263158,1.00867,-173,0.404605,2,1,104,0.114035,135,0.148026,1.51698,1.14345,44.5,3.12199,0.0492821,0.112361,0.575979,0.0093956,0.0281858,0.774809,0.775439,0.363005,20,252,0.618065,0.215466,0.402599,3.12199,4.34439,19.613,20.0935,0.897178,0.123016,0.000240326,0.23809,9,1024,544,912,348880,541766,98998,23754,1238,1.35746,708,0.776316,0.0680864,0.283759,0.0226536,2639.33,0.0747496,35309,69068,55.79,43,350,56.8741,79,115,128,150,23754,158.36,178,398,132.639,214.75,391,394,2.71491,3,11,2.48986,4,6,7,77.6501
3_-0.39_-0.18_0.44_0.32_-0.02_-0.07_0.43_-0.43_-0.24_-0.37,440,704,43.9278,0.0623974,0.786927,184,252,1.04816,3.65433,1.11022e-16,0.420615,515.508,0.293723,0.0120495,9.36008,0.00128733,13.6919,0.0340909,0.981088,-173,0.37642,2,1,116,0.164773,48,0.0681818,1.47141,1.14358,126,2.61699,0.0331173,0.115357,0.553671,0.0318604,0.0955791,0.654562,0.654572,0.18884,9,242,0.632681,0.319155,0.313526,2.61699,3.27749,9.82434,12.6673,0.771364,0.0826446,0.000230789,0.23657,9,1024,440,704,350598,512206,88520,19590,804,1.14205,477,0.677557,0.055876,0.252483,0.0186825,2176.67,0.0628572,34628.8,47530,59.1169,41,499,82.7899,67,106,205,112,19590,174.911,65,658,223.019,194,647.9,655,2.28409,3,6,1.94278,4,5,6,81.5984
3_-0.39_-0.27_0.41_-0.49_-0.18_0.15_0.48_0.23_0.39_-0.17,404,632,43.5313,0.0688786,1.02768,184,216,1.06566,4.0847,1.11022e-16,0.419445,450.234,0.35455,0.012646,9.36823,0.00134989,13.1156,0.0379747,0.883461,-173,0.362342,2,1,144,0.227848,30,0.0474684,1.49125,1.12406,1153,1.63433,0.0367842,0.152856,0.605225,0.0231028,0.069252,0.382568,0.382815,0.135408,16,136,0.635018,0.287785,0.347234,1.63433,2.50372,6.02561,7.87796,0.579239,0.110294,0.0001297,0.197564,9,1024,404,632,344266,491538,83004,21928,1380,2.18354,474,0.75,0.0636949,0.241104,0.0209122,2436.44,0.073258,33258.4,72654,52.6478,33,622,80.8056,69,107,116.05,72,21928,304.556,43,3189,736.846,104.75,807.8,1882.95,4.36709,3,23,4.48536,7,9,12.25,76.8724
3_-0.39_-0.34_0.12_-0.28_0.28_-0.36_-0.02_-0.23_-0.18_0.25,276,376,30.1933,0.0803012,0.865883,184,88,1.0043,3.69207,0,0.436629,279.893,0.115942,0.0155721,9.41341,0.00165425,11.8281,0.0638298,0.750604,-173,0.268617,2,1,24,0.0638298,14,0.037234,1.31136,1.05755,4996,1.33774,0.0514078,0.123153,0.421879,0.0514078,0.154179,0.60033,0.601201,0.237659,29,88,0.728039,0.56043,0.167609,1.33774,2.80751,7.85807,6.2138,0.503538,0.125,8.39233e-05,0.0724015,9,1024,276,376,265214,354844,54678,15459,764,2.03191,328,0.87234,0.0582888,0.206166,0.0147429,1717.67,0.0696158,24673.5,61428,80.4031,74,641,90.6711,95,122,138,40,15459,386.475,233.5,800,340.356,792,797.1,799,4.06383,3,8,2.74563,7,8,8,88.9923
3_-0.39_-0.44_-0.08_0.29_-0.31_0.17_-0.18_0.33_0.29_-0.1,404,632,33.181,0.0525016,1.18286,184,216,1.06566,2.67454,3.88578e-16,0.407528,450.702,0.212636,0.00815702,9.38163,0.000869466,16.3286,0.0379747,0.860535,-173,0.362342,2,1,96,0.151899,81,0.128165,1.77994,1.37624,14833.5,0.908552,0.0476885,0.0945284,0.550184,0.0170259,0.051074,0.951322,0.951667,0.652569,21,46,0.734652,0.309893,0.424759,0.908552,0.679886,-0.522265,2.986,0.578138,0.23913,4.3869e-05,0.172348,9,1024,404,632,228294,395318,86984,22330,4855,7.68196,568,0.898734,0.0978125,0.381017,0.0212955,2481.11,0.0953828,26012.2,268950,55.3965,53,374,44.7785,82,101,119,112,22330,199.375,2,2551,489.58,145,661,744.9,15.3639,10,47,14.7739,20,41,45,80.8808
3_-0.39_-0.49_-0.31_-0.08_-0.29_-0.37_-0.15_0.12_0.15_0.19,348,520,31.2304,0.0600584,0.797094,184,160,1.07558,3.59069,0,0.426574,380.757,0.145594,0.00996181,9.61735,0.00103582,14.76,0.0461538,0.86357,-173,0.332692,2,1,48,0.0923077,79,0.151923,1.48395,1.11855,534,2.25414,0.041708,0.155482,0.567726,0.0417042,0.125111,0.540328,0.54035,0.219135,9,134,0.722993,0.375912,0.347081,2.25414,2.15731,2.9808,7.73019,0.932435,0.149254,0.000127792,0.29932,9,1024,348,520,246792,359238,65950,13192,1096,2.10769,344,0.661538,0.0534539,0.267229,0.0125809,1465.78,0.061327,23901,78211,71.3604,66,293,47.4816,99,113,130,92,13192,143.391,115,506,179.769,306,470,495,4.21538,3,11,4.08183,7,10,10,69.2841
3_-0.39_0.01_-0.15_0.45_-0.46_-0.03_0.49_-0.36_-0.24_0.23,752,1328,45.2521,0.0340753,1.36351,184,564,0.848415,3.37844,4.996e-16,0.389241,921,0.236575,0.00775989,9.34099,0.000830736,16.5726,0.0180723,1.0332,-173,0.434488,2,1,220,0.165663,173,0.130271,1.27115,1.02512,103,2.59622,0.0520124,0.123296,0.59138,0.0520124,0.15581,0.633611,0.633699,0.19454,21,172,0.667144,0.498858,0.168285,2.59622,3.421,11.7998,13.4096,0.926577,0.168605,0.000164032,0.129615,9,1024,752,1328,326085,608920,117824,42699,5078,3.8238,1232,0.927711,0.130944,0.361329,0.0407209,4744.33,0.128314,36974.5,244693,48.1869,36,235,39.6983,80,104,112,98,42699,435.704,48,6564,1288.27,222,726.3,734.15,7.64759,7,22,5.30636,10,17,18,92.0498
3_-0.39_0.09_-0.31_0.4_0.42_0.34_-0.02_-0.09_0.08_0.45,412,648,37.268,0.0575123,0.855715,184,224,1.06227,3.62698,0,0.412384,485.65,0.218215,0.0120384,9.18628,0.00131048,13.2293,0.037037,0.936122,-173,0.365741,2,1,84,0.12963,105,0.162037,1.18161,1.02848,44,1.97437,0.0259581,0.119835,0.553238,0.0112667,0.0338001,0.760931,0.760931,0.3247,12,258,0.647426,0.317781,0.329644,1.97437,3.08941,9.59942,10.3443,0.624682,0.104651,0.000246048,0.104551,9,1024,412,648,342512,488932,76418,37773,1872,2.88889,495,0.763889,0.110282,0.22311,0.0360231,4197,0.127602,32891.4,122627,65.5059,43.5,630,94.3608,96,115.9,142.45,92,37773,410.576,1,3564,829.423,652,1215.7,1814.45,5.77778,7,21,4.69863,9,10,12,98.4294
3_-0.39_0.0_0.29_0.14_-0.32_0.22_0.22_0.13_0.17_-0.24,388,600,34.4681,0.0574469,1.25753,184,200,1.07129,2.90514,1.11022e-16,0.407507,432.182,0.135493,0.00969008,9.38241,0.00103279,14.6108,0.04,0.845531,-173,0.355,2,1,56,0.0933333,85,0.141667,2.19549,1.89266,1754,1.2993,0.0295839,0.10682,0.559838,0.0283699,0.0851088,0.970844,0.971969,0.695357,21,88,0.727713,0.421391,0.306322,1.2993,1.0593,-0.591155,3.57749,0.743785,0.227273,8.39233e-05,0.108787,9,1024,388,600,254530,453826,108568,39930,3252,5.42,600,1,0.156877,0.426543,0.0380802,4436.67,0.147282,30123.5,161838,49.7657,18,656,98.1486,44,114,131,106,39930,376.698,16,4336,937.253,98.75,1926,1929.5,10.84,11,26,6.49983,15,19,26,80.2938
3_-0.39_0.37_0.3_-0.49_-0.3_0.09_-0.42_-0.3_-0.23_-0.22,460,744,42.9834,0.0577734,0.716989,184,272,1.03652,3.44219,2.77556e-16,0.434271,576.426,0.376605,0.00824823,9.37161,0.00088013,15.9309,0.0322581,1.02559,-173,0.383065,2,1,164,0.22043,40,0.0537634,1.36189,1.02655,325,2.38047,0.0399685,0.142159,0.611379,0.0399685,0.119904,0.843368,0.843409,0.398042,20,193,0.684906,0.412155,0.272751,2.38047,2.99423,8.51293,11.2627,0.892664,0.160622,0.000184059,0.199323,9,1024,460,744,292893,489980,111205,32078,900,1.20968,566,0.760753,0.109521,0.379678,0.030592,3564.22,0.108456,32863.3,77984,86.6489,67,816,127.321,98,178.1,211,96,32078,334.146,82,1137,453.602,515.5,1111.5,1114,2.41935,2,9,2.30158,4,6,8,129.305
3_-0.39_0.44_-0.18_0.22_-0.21_-0.09_0.15_0.38_-0.0_0.42,352,528,29.6342,0.0561253,1.07524,184,164,1.07598,3.34428,4.44089e-16,0.398226,377.049,0.153139,0.0141725,9.33004,0.00151902,11.7698,0.0454545,0.880587,-173,0.335227,2,1,72,0.136364,35,0.0662879,1.50498,1.30994,2810,1.22368,0.0302095,0.0971015,0.580582,0.0302095,0.0906267,0.526634,0.526665,0.222788,21,92,0.710225,0.411497,0.298728,1.22368,1.34609,0.319275,3.91324,0.694153,0.217391,8.7738e-05,0.0943004,9,1024,352,528,278534,386310,59192,13498,929,1.75947,408,0.772727,0.0484609,0.212513,0.0128727,1499.78,0.0573268,26161.9,41712,44.8999,34,278,47.1133,69,97,116.6,66,13498,204.515,44,535,230.019,492.75,513.5,528,3.51894,4,10,2.76881,6,6,9,70.9926
3_-0.3_-0.01_0.4_-0.36_0.23_0.08_0.22_-0.13_0.0_0.12,292,408,26.7767,0.0656291,1.09867,184,104,1.03509,3.77888,7.21645e-16,0.415733,291.033,0.2394,0.0115873,9.36308,0.00123755,14.2277,0.0588235,0.796085,-173,0.286765,2,1,64,0.156863,14,0.0343137,1.5683,1.26476,503,1.5497,0.0579214,0.158047,0.484128,0.0579214,0.173576,0.652964,0.653012,0.249351,21,78,0.751296,0.584271,0.167025,1.5497,1.91851,3.25789,6.01344,0.593623,0.141026,7.43866e-05,0.132443,9,1024,292,408,237178,323734,48859,14362,758,1.85784,332,0.813725,0.0605537,0.206001,0.0136967,1595.78,0.072838,21908.6,46024,60.7177,44,261,54.9835,97,131,160.15,104,14362,138.096,79,429,133.552,144,407.1,412.7,3.71569,4,14,3.25283,5,8,10.65,54.9529
3_-0.3_-0.47_-0.33_-0.21_-0.15_-0.26_0.26_0.1_-0.32_0.17,264,352,32.9648,0.09365,0.588506,184,76,0.971751,3.43776,5.55112e-17,0.444797,272.472,0.398629,0.0142555,9.32098,0.0015294,11.9594,0.0681818,0.809736,-173,0.252841,2,1,68,0.193182,0,0,1.49562,1.1388,10,2.44173,0.0467691,0.131906,0.540543,0.0467691,0.140301,0.713542,0.713611,0.251674,9,178,0.718431,0.438435,0.279997,2.44173,2.98592,8.23259,11.5876,0.824969,0.11236,0.000169754,0.212633,9,1024,264,352,259678,363526,73972,17326,308,0.875,208,0.590909,0.0667211,0.28486,0.0165234,1925.11,0.0756572,25445.2,35274,114.526,80.5,718,141.763,128,155,488.25,48,17326,360.958,127,937,388.029,877.25,932.6,934.65,1.75,1.5,5,1.74675,3,4,5,77.5446
3_-0.3_-0.48_0.24_0.36_0.42_0.47_0.3_-0.07_-0.41_-0.29,568,960,44.7992,0.0466658,0.95432,184,380,0.965098,3.82753,5.55112e-17,0.398499,675.825,0.349598,0.0083103,9.36827,0.000887068,15.2166,0.025,1.044,-173,0.409375,2,1,208,0.216667,57,0.059375,1.33447,1.01096,177,2.42764,0.0465212,0.123397,0.635952,0.0132113,0.0396328,0.780061,0.780118,0.264099,21,178,0.642495,0.234419,0.408076,2.42764,3.24922,10.5327,12.8885,0.822249,0.129213,0.000169754,0.202909,9,1024,568,960,326142,538966,107180,30026,2373,2.47187,770,0.802083,0.0920642,0.32863,0.028635,3336.22,0.0969256,34420.4,103359,43.5563,33,594,59.8538,53,86,141,72,30026,417.028,13.5,4730,1122.9,16.25,1333.1,2866.05,4.94375,3,22,4.8895,7,12,15.1,103.371
3_-0.3_0.01_-0.42_-0.0_0.39_-0.11_-0.32_-0.25_-0.1_0.23,344,512,32.3265,0.0631377,0.947574,184,156,1.07493,3.55167,3.33067e-16,0.418799,377.49,0.360188,0.00912189,9.36379,0.000974166,14.1758,0.046875,0.873117,-173,0.330078,2,1,92,0.179688,65,0.126953,1.25812,1.07839,1638,1.80376,0.0443068,0.147361,0.625576,0.0443068,0.132915,0.687096,0.687143,0.284071,9,116,0.688319,0.480568,0.207751,1.80376,2.47954,5.11183,7.46686,0.782027,0.172414,0.000110626,0.161239,9,1024,344,512,304080,411896,54266,17366,3696,7.21875,348,0.679688,0.05711,0.17846,0.0165615,1929.56,0.0686608,28102.7,252636,68.3539,64,418,45.006,86,101,113,40,17366,434.15,128,1928,540.947,653.5,792.9,1927,14.4375,5,42,17.0728,37,40,41,103.208
3_-0.3_0.09_-0.49_0.05_0.16_0.1_0.4_0.29_-0.47_-0.08,436,696,34.9275,0.0501832,1.15179,184,248,1.05035,3.43077,0,0.423393,533.746,0.37287,0.0108174,9.3727,0.00115414,12.9383,0.0344828,0.95896,-173,0.375,2,1,136,0.195402,56,0.0804598,1.21648,1.10144,1004,2.41966,0.0491753,0.118946,0.580913,0.0491753,0.147526,0.992646,0.992646,0.816603,9,140,0.702397,0.492825,0.209573,2.41966,3.08555,8.28218,9.80148,0.850008,0.142857,0.000133514,0.104439,9,1024,436,696,295342,485140,112738,60336,1144,1.64368,512,0.735632,0.204292,0.38172,0.0575409,6704,0.209357,32021.9,134276,117.374,84,861,166.94,109,136,464,80,60336,754.2,140,3794,1282.59,955.75,3650,3657.2,3.28736,3,10,2.63883,5,6,8,128.131
3_-0.3_0.18_-0.5_-0.22_0.12_-0.35_-0.27_0.16_-0.18_-0.47,356,536,38.9253,0.0726219,0.994847,184,168,1.07617,3.63852,1.11022e-16,0.451438,427.569,0.391118,0.0138043,9.3707,0.00147313,10.9991,0.0447761,0.845256,-173,0.337687,2,1,96,0.179104,43,0.0802239,1.32729,1.01063,1350,1.55063,0.053257,0.102698,0.620768,0.053257,0.159726,0.687189,0.687735,0.166884,20,84,0.703478,0.554974,0.148504,1.55063,2.03897,4.09355,6.35924,0.77296,0.22619,8.01086e-05,0.148193,9,1024,356,536,286939,440770,103236,13108,392,0.731343,320,0.597015,0.0456822,0.359784,0.0125008,1456.44,0.0484503,30060.6,31418,80.148,84,185,36.6016,97,109,166.9,100,13108,131.08,125,194,31.4613,138,183.3,187,1.46269,1,6,1.55811,2,3,4,77.119
3_-0.3_0.36_-0.05_0.11_0.31_0.3_0.34_-0.05_0.39_0.36,532,888,32.6226,0.0367371,1.32719,184,344,0.989548,3.35752,6.10623e-16,0.392432,621.052,0.244182,0.00742063,9.37729,0.000791341,15.6515,0.027027,0.877746,-173,0.402027,2,1,164,0.184685,70,0.0788288,1.24736,1.08571,727,1.84527,0.0283613,0.126864,0.614714,0.0249081,0.0747204,0.796364,0.796384,0.470004,21,160,0.713038,0.409046,0.303992,1.84527,1.91459,2.06522,6.36405,0.87899,0.2,0.000152588,0.108638,9,1024,532,888,271263,461500,82035,33384,10402,11.714,792,0.891892,0.123069,0.302419,0.0318375,3709.33,0.128736,28813.4,424526,40.812,31,430,40.1233,61,89,99,92,33384,362.87,89,3060,652.241,416,1073.8,1100,23.4279,12,79,22.4163,43,55,61,100.507
3_-0.3_0.38_-0.15_0.03_0.1_0.47_-0.06_0.49_-0.32_0.37,316,456,27.1817,0.0596089,0.870062,184,128,1.06221,3.42093,0,0.40388,336.648,0.440627,0.0126759,9.32073,0.00135997,12.1235,0.0526316,0.904368,-173,0.309211,2,1,96,0.210526,0,0,1.45423,1.33552,1920,1.40777,0.0253468,0.114849,0.575757,0.020709,0.0621271,0.892739,0.892739,0.493137,12,128,0.72257,0.438583,0.283987,1.40777,1.55121,0.700196,4.49006,0.706825,0.179688,0.00012207,0.216302,9,1024,316,456,264344,362536,58439,4858,300,0.657895,252,0.552632,0.0183776,0.221072,0.00463295,539.778,0.0213307,25305.2,6902,23.0067,9,121,34.3477,21,109,118,76,4858,63.9211,8,135,64.7917,133,134,134.25,1.31579,1,3,1.31999,3,3,3,134.999
3_-0.3_0.48_-0.11_0.2_-0.3_-0.04_-0.46_0.0_0.03_0.47,352,528,30.3636,0.0575069,0.817176,184,164,1.07598,3.81336,0,0.413835,398.792,0.164502,0.0128447,9.32935,0.0013768,11.6136,0.0454545,0.901631,-173,0.335227,2,1,60,0.113636,81,0.153409,1.29226,1.18677,5405,0.772559,0.0208864,0.161272,0.668128,0.0172234,0.0515175,0.989244,0.989506,0.714977,21,80,0.720969,0.408985,0.311984,0.772559,0.322601,-1.49594,2.31759,0.296362,0.1375,7.62939e-05,0.13363,9,1024,352,528,270700,415104,82236,31816,514,0.973485,330,0.625,0.117532,0.30379,0.0303421,3535.11,0.124907,28302,78714,153.14,107,589,141.092,147,251,554,72,31816,441.889,149,1122,469.826,1083,1119.9,1121,1.94697,2,6,1.85788,4,5,5,82.5828
3_-0.41_-0.12_0.43_-0.1_0.47_-0.48_0.05_-0.21_0.45_0.39,672,1168,40.66,0.0348116,1.04273,184,484,0.896685,3.72136,2.22045e-16,0.40421,822.52,0.330215,0.00718194,9.38962,0.000764881,16.9902,0.0205479,1.04093,-173,0.425514,2,1,228,0.195205,150,0.128425,1.32916,1.00694,56.5,2.75438,0.0483017,0.0937098,0.601719,0.0483017,0.144898,0.87729,0.877445,0.349371,21,192,0.701377,0.441843,0.259534,2.75438,3.11835,9.0169,13.2225,0.878505,0.104167,0.000183105,0.23529,9,1024,672,1168,277064,518118,109385,22477,2852,2.44178,1020,0.873288,0.0811257,0.3948,0.0214357,2497.44,0.0800028,31217,118869,41.6792,35,176,32.3016,61,90,104,192,22477,117.068,84.5,328,111.664,208.75,291,326,4.88356,5,16,3.54233,8,9,11,95.0019
3_-0.41_-0.13_0.01_0.21_0.43_-0.11_-0.44_-0.09_-0.48_-0.08,532,888,37.2539,0.0419526,1.04988,184,344,0.989548,3.88401,1.66533e-16,0.407799,646.155,0.260473,0.00892469,9.37415,0.000952053,14.2681,0.027027,0.947059,-173,0.402027,2,1,148,0.166667,108,0.121622,1.24269,1.06924,384,2.35474,0.0471497,0.124818,0.654201,0.0471497,0.141443,0.623655,0.62367,0.273126,9,130,0.693978,0.461683,0.232295,2.35474,2.53897,5.17906,8.83234,0.930253,0.153846,0.000123978,0.155255,9,1024,532,888,295228,511952,101116,37692,5116,5.76126,796,0.896396,0.127671,0.342501,0.0359459,4188,0.128724,32534.8,362819,70.9185,65,543,59.2088,90.25,110,140,60,37692,628.2,316,4303,1021.77,318,1044.1,4301.05,11.5225,5,45,13.9661,12,37,43,106.775
3_-0.41_-0.16_-0.08_-0.37_-0.01_-0.27_-0.25_-0.5_-0.31_-0.29,212,248,25.4674,0.102691,0.465499,184,24,0.641248,3.43457,5.55112e-17,0.477943,205.888,0.0907457,0.0147313,9.18014,0.00160469,13.1027,0.0967742,0.756489,-173,0.149194,2,1,16,0.0645161,0,0,1.59339,1.19504,2209,1.16304,0.0540199,0.130027,0.374754,0.0540199,0.162052,0.759481,0.759518,0.33534,20,64,0.78079,0.592502,0.188289,1.16304,1.52589,2.02655,4.42792,0.514421,0.171875,6.10352e-05,0.14269,9,1024,212,248,199939,272244,59076,4721,212,0.854839,184,0.741935,0.0236122,0.29547,0.0045023,524.556,0.0271121,19347.6,5576,26.3019,14,118,33.3634,23,106.9,110.45,92,4721,51.3152,29,118,38.2972,105.25,111,114.45,1.70968,2,5,1.3957,2,3,5,81.4091
3_-0.41_-0.24_-0.17_0.07_-0.48_-0.44_0.01_-0.4_0.25_0.28,644,1112,37.5028,0.0337255,1.21738,184,456,0.914561,3.79928,3.33067e-16,0.415508,812.748,0.318693,0.00797617,9.37054,0.000851197,15.337,0.0215827,0.985848,-173,0.421763,2,1,228,0.205036,95,0.0854317,1.29414,1.00062,3015.5,1.29219,0.0565796,0.110669,0.620096,0.0565796,0.169621,0.742131,0.742396,0.292394,16,64,0.725096,0.511293,0.213802,1.29219,1.79304,2.89955,4.99395,0.703703,0.25,6.10352e-05,0.1313,9,1024,644,1112,267469,491940,93418,33430,4217,3.79227,974,0.875899,0.124986,0.349267,0.0318813,3714.44,0.126281,29414.1,207060,49.1013,40,508,50.9864,77,105.4,115.2,74,33430,451.757,21,5306,1201.23,420.5,994.5,2515.75,7.58453,6,34,6.86758,12,18,20,66.4792
3_-0.41_-0.44_0.39_-0.0_-0.41_0.12_0.34_-0.29_-0.42_-0.39,708,1240,54.2382,0.0437405,1.06611,184,520,0.874432,3.75402,1.60982e-15,0.402297,872.986,0.334275,0.0113827,9.58752,0.00118724,13.7812,0.0193548,1.04406,-173,0.429839,2,1,260,0.209677,115,0.0927419,1.29333,1,182,3.08289,0.0374546,0.0794343,0.628931,0.0374546,0.112298,0.678789,0.67884,0.15729,17,348,0.572926,0.351,0.221926,3.08289,5.13237,29.2748,22.7503,0.753432,0.0804598,0.000331879,0.218435,9,1024,708,1240,424788,674268,111819,25707,3905,3.14919,952,0.767742,0.0605172,0.263235,0.0245161,2856.33,0.0671518,42535.5,238848,61.1647,69,204,41.371,96,107,113,132,25707,194.75,96.5,752,214.091,198,716,741,6.29839,4,23,6.40121,13,15,18,154.337
3_-0.41_-0.48_0.44_0.45_-0.02_0.43_-0.22_0.4_-0.01_-0.13,384,592,37.4932,0.0633332,0.823894,184,196,1.07241,3.30717,0,0.397156,407.375,0.168155,0.0128346,9.38177,0.00136803,13.1556,0.0405405,0.9141,-173,0.353041,2,1,80,0.135135,80,0.135135,1.45713,1.10389,959,1.85161,0.0395823,0.0911386,0.492248,0.0110731,0.0331602,0.750216,0.750662,0.325736,20,176,0.675341,0.34051,0.33483,1.85161,3.35022,11.5838,10.3155,0.537941,0.0852273,0.000167847,0.216039,9,1024,384,592,298995,422510,66184,17709,784,1.32432,404,0.682432,0.0592284,0.221355,0.0168886,1967.67,0.0683039,28807.5,57175,72.9273,69.5,377,60.9074,94,128,166,68,17709,260.426,196,406,81.8999,274,404,406,2.64865,2,9,2.56764,5,6,8,157.998
3_-0.41_0.21_0.49_0.43_0.42_0.45_-0.08_-0.13_-0.44_0.08,460,744,36.9069,0.0496061,0.726029,184,272,1.03652,3.92125,0,0.402691,544.044,0.207246,0.0158027,9.65215,0.00163722,11.1742,0.0322581,0.998516,-173,0.383065,2,1,84,0.112903,109,0.146505,1.16222,1,1663,1.65343,0.0265636,0.147602,0.61379,0,0,1,1,1,0,224,0.646306,0.346085,0.300221,1.65343,3.60419,12.826,9.20656,0.385151,0.0491071,0.000213623,0.137096,9,1024,460,744,343046,490152,68664,14208,874,1.17473,442,0.594086,0.0414172,0.20016,0.0135498,1578.67,0.0489631,32241.9,48446,55.4302,40,191,46.9461,74,120.1,172.05,66,14208,215.273,186,420,152.493,401.75,412.5,417,2.34946,2,9,2.58333,4,7,7,191.554
3_-0.42_-0.04_0.04_0.37_0.36_-0.32_0.27_-0.19_-0.19_0.15,448,720,34.0392,0.0472767,1.22298,184,260,1.04362,3.58015,1.66533e-16,0.41034,523.606,0.261692,0.00695503,9.37284,0.000742041,17.1879,0.0333333,0.939045,-173,0.379167,2,1,132,0.183333,37,0.0513889,1.51172,1.24593,123,2.27934,0.0357466,0.15761,0.551701,0.0264492,0.0792198,0.243563,0.243651,0.0799063,21,174,0.684323,0.355782,0.328542,2.27934,2.25233,3.59893,9.08913,0.973455,0.183908,0.000165939,0.149368,9,1024,448,720,293554,434872,67385,13433,1152,1.6,512,0.711111,0.0457599,0.229549,0.0128107,1492.56,0.0524432,28460.4,78468,68.1146,66,192,38.7807,99,111,118,96,13433,139.927,137.5,236,65.5557,184.5,233,234,3.2,3,9,2.91433,6,8,9,44.4231
3_-0.42_-0.2_-0.24_-0.45_0.28_-0.07_0.39_0.4_-0.12_-0.13,472,768,36.3194,0.0472908,1.14451,184,284,1.02912,3.05213,3.88578e-16,0.405353,540.152,0.121267,0.0125782,9.383,0.00134053,13.1916,0.03125,0.912867,-173,0.386719,2,1,52,0.0677083,125,0.16276,1.3448,1.03446,1275,1.74521,0.057128,0.132847,0.57795,0.057128,0.171206,0.650304,0.651122,0.224432,21,100,0.726144,0.549185,0.176959,1.74521,2.67748,7.1473,7.86731,0.582836,0.11,9.53674e-05,0.103264,9,1024,472,768,262254,438701,85271,44698,2460,3.20312,644,0.838542,0.170438,0.325147,0.0426273,4966.44,0.175554,28290.2,179042,72.7813,57,1286,102.114,91,118,136,16,44698,2793.62,2565.5,5821,1992.77,3384.25,5821,5821,6.40625,6,17,4.82091,11,12,14,79.7112
3_-0.42_-0.31_0.37_0.1_0.26_0.34_0.5_0.24_0.3_-0.32,560,944,36.1705,0.0383162,0.996041,184,372,0.970529,3.66035,1.11022e-16,0.422808,702.577,0.252211,0.00784247,9.33077,0.000840495,15.8325,0.0254237,0.968322,-173,0.407839,2,1,180,0.190678,55,0.0582627,1.42038,1.17065,219,2.96458,0.0401201,0.109548,0.601669,0.0401201,0.120357,0.761661,0.761698,0.366287,9,216,0.689946,0.397949,0.291997,2.96458,3.08996,8.11794,12.5603,0.926501,0.0925926,0.000205994,0.205483,9,1024,560,944,296828,486814,88672,29620,2404,2.54661,838,0.887712,0.0997884,0.298732,0.0282478,3291.11,0.108771,30257.3,109423,45.5171,42,819,63.0187,63.25,88,101,92,29620,321.957,194,1401,377.186,236,1226,1233.45,5.09322,5,13,3.63245,8,10,12,78.4981
3_-0.42_-0.33_0.5_-0.19_-0.04_-0.1_0.29_-0.34_0.15_-0.33,352,528,33.6746,0.0637777,0.950192,184,164,1.07598,3.72299,1.11022e-16,0.447592,405.729,0.297348,0.0178587,9.61596,0.0018572,10.3594,0.0454545,0.895284,-173,0.335227,2,1,76,0.143939,61,0.11553,1.29756,1.05779,21.5,2.81162,0.060318,0.134458,0.636985,0.060318,0.180918,0.782503,0.782797,0.29747,21,200,0.712426,0.617342,0.0950842,2.81162,4.18422,18.9322,16.9331,0.844524,0.12,0.000190735,0.100789,9,1024,352,528,291317,413388,75361,9862,484,0.916667,408,0.772727,0.0338532,0.258691,0.00940514,1095.78,0.039325,27864.7,19288,39.8512,25,174,44.0926,53.25,91,145,124,9862,79.5323,73,188,56.0853,88,185,186.85,1.83333,1,7,1.69297,3,5,5,95.421
3_-0.42_0.23_-0.44_-0.32_0.01_0.5_-0.16_0.09_0.14_-0.1,424,672,35.4571,0.0527635,1.01931,184,236,1.0566,3.77015,3.88578e-16,0.410644,483.005,0.294025,0.00914791,9.39739,0.000973452,15.6797,0.0357143,0.932874,-173,0.370536,2,1,116,0.172619,44,0.0654762,1.67105,1.37724,939,1.60679,0.02771,0.112457,0.520209,0.0123844,0.0353193,0.552381,0.690993,0.275724,30,165,0.673204,0.348152,0.325052,1.60679,2.12585,4.06803,6.79161,0.664622,0.163636,0.000157356,0.115364,9,1024,424,672,313637,446542,64746,12428,1141,1.69792,391,0.581845,0.0396254,0.206436,0.0118523,1380.89,0.0465897,29639.4,78710,68.9833,67,322,46.3301,96,111,126,25,12428,497.12,579,588,113.754,584,586,587.6,3.39583,2,13,3.78765,5,10,12,118.303
3_-0.42_0.2_0.29_-0.34_0.08_0.11_0.17_-0.45_0.46_-0.09,372,568,39.706,0.0699049,0.944888,184,184,1.07499,3.75784,7.21645e-16,0.427382,417.096,0.266769,0.0113593,9.37278,0.00121194,13.6302,0.0422535,0.893867,-173,0.346831,2,1,96,0.169014,33,0.0580986,1.76754,1.35965,626,2.01893,0.0501795,0.115373,0.534183,0.0501795,0.145877,0.624245,0.645822,0.183771,17,140,0.673762,0.466363,0.207399,2.01893,3.02985,9.48488,10.4267,0.7862,0.171429,0.000133514,0.161446,9,1024,372,568,316072,452743,81918,23021,1480,2.60563,432,0.760563,0.0728347,0.259175,0.0219545,2557.89,0.0825404,30989.6,66851,45.1696,24,507,70.2318,58,94,130,64,23021,359.703,239,2840,665.053,268,590,2505.2,5.21127,2,21,6.35768,8,16,20,57.9021
3_-0.42_0.34_0.38_-0.14_-0.03_0.49_0.42_-0.21_-0.17_0.41,592,1008,52.7134,0.052295,1.06993,184,404,0.948891,3.2646,0,0.408789,745.964,0.241956,0.00529506,9.38304,0.000564323,19.3566,0.0238095,0.990994,-173,0.41369,2,1,124,0.123016,197,0.195437,1.42825,1.22188,244,1.90271,0.0222406,0.145592,0.631202,0.0086422,0.0259237,0.834378,0.834489,0.235376,36,268,0.572531,0.332037,0.240494,1.90271,2.80209,8.545,10.4108,0.774319,0.175373,0.000255585,0.208245,9,1024,592,1008,424964,681834,133813,44818,3185,3.15972,952,0.944444,0.105463,0.314881,0.0427418,4979.78,0.108983,45693,163995,51.4898,31,550,69.982,69,105,121.8,158,44818,283.658,77,5492,895.983,151,162,1483.2,6.31944,5,18,4.30222,9,14,15,194.166
3_-0.42_0.37_-0.13_-0.27_-0.06_-0.2_-0.12_0.31_-0.14_-0.4,396,616,38.7779,0.0629512,1.03377,184,208,1.06868,3.67619,7.21645e-16,0.422667,457.904,0.26912,0.00779561,9.37169,0.000831826,17.0174,0.038961,0.891633,-173,0.358766,2,1,104,0.168831,52,0.0844156,1.70454,1.34569,864,1.65534,0.0491009,0.118497,0.505892,0.0491009,0.147297,0.568081,0.568139,0.144046,17,96,0.695697,0.485899,0.209798,1.65534,2.22435,4.29279,6.77549,0.783635,0.208333,9.15527e-05,0.157308,9,1024,396,616,291060,459462,88392,58908,4036,6.55195,540,0.876623,0.202391,0.30369,0.056179,6545.33,0.21054,31088.4,350313,86.7971,75,1372,141.642,95,111,136,28,58908,2103.86,1386,5711,1693.44,2748,5711,5711,13.1039,5,43,15.7477,33,38,43,48.2725
3_-0.42_0.41_-0.38_-0.12_0.28_-0.01_-0.32_0.1_0.42_-0.27,628,1080,44.1762,0.0409039,0.905246,184,440,0.924981,4.01698,2.22045e-16,0.414955,795.178,0.294965,0.00692547,9.37745,0.000738524,17.149,0.0222222,1.05372,-173,0.419444,2,1,188,0.174074,114,0.105556,1.19781,1.01509,129,3.57524,0.0601835,0.130898,0.583879,0.0601835,0.180543,0.800261,0.800298,0.196213,9,215,0.661437,0.497897,0.16354,3.57524,4.28458,17.5082,19.5626,0.933071,0.0930233,0.00020504,0.161217,9,1024,628,1080,338568,600504,142992,25253,2243,2.07685,873,0.808333,0.0745877,0.422344,0.0240831,2805.89,0.0738798,37979.1,93444,41.6603,24,279,43.8903,61,102,111,174,25253,145.132,49,2152,336.763,179.5,277,322.7,4.1537,2,17,4.39786,7,11,12,103.551
3_-0.43_-0.04_0.41_0.32_0.1_-0.08_-0.36_-0.35_-0.33_0.16,412,648,38.7294,0.0597675,0.910196,184,224,1.06227,3.70438,1.11022e-16,0.4126,477.058,0.177762,0.0108439,9.36035,0.00115849,13.8156,0.037037,0.956157,-173,0.365741,2,1,84,0.12963,65,0.100309,1.49463,1.21187,284,1.98931,0.0354652,0.102013,0.565083,0.0229177,0.0687504,0.440266,0.440319,0.144263,9,149,0.64256,0.30288,0.33968,1.98931,2.24875,3.62939,8.22386,0.795211,0.134228,0.000142097,0.295225,9,1024,412,648,337622,475828,77608,10978,956,1.47531,416,0.641975,0.0325157,0.229867,0.0104694,1219.78,0.0383445,31811,47001,49.1642,50,151,35.6466,73,100,106,60,10978,182.967,162.5,905,201.058,164,226,905,2.95062,1,14,3.21129,5,7,8,77.536
3_-0.43_-0.06_0.04_-0.22_-0.05_0.41_0.2_-0.14_-0.05_0.47,580,984,40.6129,0.0412732,1.07718,184,392,0.956975,3.75212,3.88578e-16,0.389803,682.15,0.25156,0.00837716,9.32986,0.000897887,14.6511,0.0243902,0.987936,-173,0.411585,2,1,156,0.158537,88,0.0894309,1.38474,1.17795,900.5,1.77331,0.0212631,0.123708,0.650665,0.0202961,0.0608845,0.459302,0.459372,0.156229,21,200,0.630552,0.333496,0.297056,1.77331,2.28372,3.88848,6.74429,0.645417,0.12,0.000190735,0.0904224,9,1024,580,984,365126,552576,80982,21048,4236,4.30488,815,0.828252,0.0576459,0.221792,0.0200729,2338.67,0.0667393,35041.8,167511,39.5446,26,198,41.8971,64,105,113,118,21048,178.373,67.5,728,226.149,194.75,711.2,718,8.60976,3,29,8.27243,17,21,21,77.7439
3_-0.43_-0.0_0.22_-0.42_0.02_0.04_-0.36_-0.4_0.09_0.35,416,656,41.5336,0.0633134,0.698524,184,228,1.06045,3.41588,0,0.438614,510.665,0.341117,0.0074917,9.36013,0.000800384,17.2117,0.0365854,0.995542,-173,0.367378,2,1,128,0.195122,70,0.106707,1.58738,1.24014,362.5,2.44687,0.0427208,0.159884,0.566836,0.0427208,0.128156,0.408134,0.408154,0.107103,9,172,0.638192,0.390957,0.247235,2.44687,2.99963,8.17414,11.5137,0.844159,0.116279,0.000164032,0.193329,9,1024,416,656,347374,487048,76584,13000,784,1.19512,416,0.634146,0.0374236,0.220466,0.0123978,1444.44,0.0439046,32899.6,42548,54.2704,44,389,54.9576,58,84,106,64,13000,203.125,132.5,392,98.5947,233.75,392,392,2.39024,2,8,2.24563,5,5,6,49.4378
3_-0.43_-0.14_-0.39_-0.21_0.17_0.33_-0.33_0.12_-0.07_0.35,320,464,32.6755,0.0704214,0.609334,184,132,1.06507,2.90712,1.66533e-16,0.418373,343.529,0.262202,0.01314,9.37392,0.00140176,12.4978,0.0517241,0.896502,-173,0.3125,2,1,52,0.112069,62,0.133621,1.47304,1.25306,730,1.34892,0.0289965,0.0907525,0.531216,0.025095,0.0752716,0.292004,0.292119,0.114481,21,94,0.730386,0.411461,0.318925,1.34892,0.917216,-0.879538,3.73182,0.870108,0.297872,8.96454e-05,0.120062,9,1024,320,464,252330,404024,90543,32602,300,0.646552,260,0.560345,0.129204,0.358828,0.0310917,3622.44,0.128613,28165.6,44496,148.32,75,444,158.585,334.25,405,412,80,32602,407.525,378.5,770,324.01,736.25,746,766.05,1.2931,1,5,1.46815,2,4,4,78.5042
3_-0.43_-0.38_-0.1_0.33_0.18_-0.01_0.45_0.3_-0.3_-0.28,612,1048,45.5099,0.0434255,1.06716,184,424,0.935535,2.94966,2.10942e-15,0.385138,709.63,0.242764,0.00688826,9.37442,0.000734793,18.4826,0.0229008,0.99703,-173,0.416985,2,1,148,0.141221,151,0.144084,1.43063,1.14146,339,2.24462,0.0370359,0.101374,0.518375,0.0266867,0.0800457,0.591373,0.591448,0.220234,9,164,0.665001,0.329299,0.335702,2.24462,2.35336,3.96349,9.13366,0.8419,0.121951,0.000156403,0.20824,9,1024,612,1048,312509,570068,122555,33196,5127,4.89218,848,0.80916,0.106224,0.392165,0.0316582,3688.44,0.10007,36858.8,524628,102.327,97,819,73.9749,106,114,120,64,33196,518.688,263,5362,1253.55,286.25,296,4602.4,9.78435,5,44,13.3704,9,37,42,94.3949
3_-0.43_0.34_-0.16_0.39_0.29_0.33_-0.41_-0.17_-0.25_0.29,436,696,39.5046,0.0567595,0.856268,184,248,1.05035,3.66661,5.55112e-17,0.400076,506.013,0.169506,0.0172058,9.34005,0.00184215,10.8102,0.0344828,1.00356,-173,0.375,2,1,72,0.103448,74,0.106322,1.17556,1,740.5,2.10013,0.0302877,0.101663,0.587649,0,0,1,1,1,0,248,0.62847,0.270988,0.357483,2.10013,3.82049,14.6076,11.9518,0.555327,0.0927419,0.000236511,0.135234,9,1024,436,696,357847,502980,75407,14848,626,0.899425,488,0.701149,0.0414926,0.210724,0.0141602,1649.78,0.0484193,34072.8,32802,52.3994,28,241,56.6222,100.75,124,132,150,14848,98.9867,106,285,90.7313,130,271,278.3,1.79885,1,7,1.71028,3,4,4,153.637
3_-0.43_0.45_-0.27_-0.08_0.3_-0.24_-0.05_-0.39_-0.44_-0.45,408,640,37.4555,0.0585241,1.00783,184,220,1.06401,3.26432,7.21645e-16,0.44194,497.148,0.217087,0.0167019,9.37857,0.00178085,11.9875,0.0375,0.926756,-173,0.364063,2,1,88,0.1375,68,0.10625,1.3,1,454,1.98437,0.0470076,0.0828751,0.507924,0.0470076,0.140987,0.842294,0.845052,0.446281,20,141,0.724037,0.491579,0.232458,1.98437,2.55763,6.52181,9.15432,0.910728,0.219858,0.000134468,0.16376,9,1024,408,640,256945,437526,93756,55050,3058,4.77813,540,0.84375,0.214248,0.364887,0.0524998,6116.67,0.20945,29203.4,298058,97.4683,77,1278,145.356,93,118,177,34,55050,1619.12,252,5986,1895.37,2730,5020,5986,9.55625,3,37,11.8323,12,29.3,33.15,116.686
3_-0.44_-0.13_0.28_0.21_-0.0_-0.49_-0.48_0.45_0.03_0.18,632,1088,46.8817,0.0430898,1.00823,184,444,0.922363,3.71719,0,0.3943,769.035,0.207655,0.0132789,9.36035,0.00141863,13.7418,0.0220588,1.01033,-173,0.420037,2,1,180,0.165441,74,0.0680147,1.32667,1,418,2.73416,0.0445786,0.0768496,0.584978,0,0,1,1,1,0,263,0.627036,0.226093,0.400943,2.73416,4.80202,23.6774,18.6977,0.563667,0.0418251,0.000250816,0.320579,9,1024,632,1088,344357,575944,102169,27722,4027,3.70129,954,0.876838,0.0805037,0.296695,0.0264378,3080.22,0.0858692,35871.1,191266,47.4959,40,303,40.2827,65,101,117,93,27722,298.086,167,2632,505.6,316,329.8,337.4,7.40257,7,28,6.94686,8,21,25,240.349
3_-0.44_-0.15_0.22_0.44_-0.09_0.28_-0.18_-0.37_0.24_0.44,424,672,43.7152,0.0650523,0.90005,184,236,1.0566,3.8188,2.22045e-16,0.394836,464.219,0.218329,0.00763696,9.37294,0.000814788,16.6262,0.0357143,0.955034,-173,0.370536,2,1,96,0.142857,80,0.119048,1.52669,1.22462,142,2.73527,0.032546,0.135327,0.538125,0.032546,0.0975447,0.503985,0.504314,0.135419,9,260,0.625306,0.376881,0.248425,2.73527,3.453,10.8459,13.5325,0.777636,0.0769231,0.000247955,0.207305,9,1024,424,672,361836,520558,91368,20752,1580,2.35119,496,0.738095,0.0573519,0.252512,0.0197906,2305.78,0.0649058,35525,79994,50.6291,24,375,60.237,94,109,120,92,20752,225.565,107,2472,487.621,257,267,275,4.70238,2,23,6.08233,7,15,20,83.4984
3_-0.44_-0.19_-0.02_-0.16_0.42_0.21_-0.15_0.43_0.23_0.39,404,632,36.403,0.0575996,0.963683,184,216,1.06566,3.61749,6.10623e-16,0.392749,430.04,0.311645,0.0113357,9.32926,0.00121506,13.0601,0.0379747,0.93664,-173,0.362342,2,1,136,0.21519,15,0.0237342,1.50943,1.27677,566,2.17297,0.0349741,0.124985,0.562106,0.0349741,0.101345,0.487964,0.519961,0.0948301,9,176,0.647209,0.352327,0.294882,2.17297,2.61015,5.46225,9.51074,0.780045,0.113636,0.000167847,0.171357,9,1024,404,632,346786,467232,63998,8208,688,1.08861,340,0.537975,0.0236688,0.184546,0.00782776,912,0.0291662,31269.1,37520,54.5349,48,190,41.7378,89,113,120,52,8208,157.846,212.5,296,124.026,288,295,296,2.17722,1,8,2.58653,5,6.9,7.45,66.7713
3_-0.44_-0.1_-0.47_-0.41_-0.07_-0.45_-0.46_0.07_0.05_-0.09,308,440,31.2782,0.0710869,0.702591,184,120,1.05522,3.36711,2.44249e-15,0.446296,337.642,0.0970934,0.0159351,9.19024,0.00173391,12.734,0.0545455,0.836018,-173,0.302273,2,1,24,0.0545455,40,0.0909091,1.38903,1.06848,2934,1.41918,0.050251,0.104543,0.434605,0.050251,0.150702,0.640353,0.641824,0.25148,17,92,0.726515,0.49827,0.228245,1.41918,2.5462,6.37933,6.36338,0.521238,0.119565,8.7738e-05,0.185192,9,1024,308,440,262199,360075,60312,24302,404,0.918182,220,0.5,0.0926853,0.230024,0.0231762,2700.22,0.110539,24427.8,60850,150.619,104,1283,217.351,114,175,780,20,24302,1215.1,2012.5,2046,991.176,2015,2046,2046,1.83636,0.5,9,2.34919,4,5,7,56.7394
3_-0.44_-0.38_0.17_0.25_-0.14_0.49_0.19_0.15_-0.49_0.35,460,744,43.7355,0.0587842,0.88987,184,272,1.03652,3.26002,0,0.3977,528.653,0.331677,0.0166055,9.36979,0.00177224,12.2916,0.0322581,0.958897,-173,0.383065,2,1,136,0.182796,34,0.0456989,1.34668,1.07448,376.5,2.44625,0.0381126,0.0614667,0.509326,0.0104942,0.0314827,0.985891,0.985891,0.687109,16,230,0.641315,0.291969,0.349346,2.44625,3.6223,13.0693,13.6686,0.723327,0.1,0.000219345,0.171763,9,1024,460,744,336219,523670,102635,34860,1084,1.45699,620,0.833333,0.103682,0.305262,0.0332451,3873.33,0.109488,35376.6,80629,74.381,73,308,60.7785,95,145,169,160,34860,217.875,88,1243,311.474,407,500.5,772.45,2.91398,3,9,2.16102,4,6,7,172.505
3_-0.44_-0.45_0.11_-0.2_-0.44_0.22_0.48_0.14_0.47_0.07,572,968,41.12,0.0424794,1.05077,184,384,0.962387,3.87827,1.66533e-16,0.409278,690.748,0.220113,0.0116163,9.32841,0.00124526,12.7291,0.0247934,1.01203,-173,0.410124,2,1,156,0.161157,91,0.0940083,1.31705,1.01312,242,2.65895,0.0379524,0.111642,0.62867,0.0191555,0.0574169,0.967766,0.968652,0.690448,21,268,0.652926,0.283211,0.369716,2.65895,3.52071,12.4398,15.5779,0.846941,0.119403,0.000255585,0.195587,9,1024,572,968,324287,513149,86914,14424,1880,1.94215,756,0.780992,0.0444791,0.268016,0.0137558,1602.67,0.0499156,32107.5,79380,42.2234,41,119,31.8444,63,91,99.05,160,14424,90.15,55,271,92.2326,162.5,259.6,268.05,3.8843,3,10,3.12862,6,8,9,99.1097
3_-0.44_-0.49_0.08_0.36_0.21_0.22_-0.05_-0.22_-0.34_0.41,368,560,44.7042,0.079829,0.873964,184,180,1.07555,3.34255,1.11022e-16,0.403811,391.969,0.307712,0.0124224,9.38059,0.00132427,12.456,0.0428571,0.910694,-173,0.344643,2,1,84,0.15,55,0.0982143,1.59944,1.20561,116,2.95091,0.0463133,0.1113,0.594653,0.0088501,0.0265112,0.131347,0.131411,0.0475248,21,228,0.607836,0.214056,0.39378,2.95091,3.9638,15.7652,17.3722,0.918495,0.140351,0.000217438,0.258974,9,1024,368,560,362722,489922,77018,21976,616,1.1,364,0.65,0.0605863,0.212333,0.0209579,2441.78,0.0714165,34190.7,47700,77.4351,68,442,87.3834,98,225,252,144,21976,152.611,1.5,560,181.152,262,524.7,551.65,2.2,2,7,2.16531,4,6,6,79.7096
3_-0.44_0.07_-0.0_-0.42_-0.06_-0.25_0.36_-0.5_0.48_-0.28,320,464,32.1836,0.0693611,0.701474,184,132,1.06507,3.31401,0,0.47167,378.446,0.191369,0.0132183,9.36308,0.00141175,12.5125,0.0517241,0.901065,-173,0.3125,2,1,60,0.12931,35,0.075431,1.46518,1.09889,843,2.18545,0.0567255,0.112976,0.537868,0.0567255,0.169896,0.608874,0.609137,0.208441,17,150,0.721807,0.593013,0.128794,2.18545,3.35421,12.2244,11.7882,0.752622,0.126667,0.000143051,0.140133,9,1024,320,464,271432,355646,51186,3814,60,0.12931,72,0.155172,0.0140514,0.188578,0.00363731,423.778,0.0173183,24469.9,6096,101.6,67.5,219,55.2166,158,185.7,209.05,32,3814,119.188,167,234,93.4811,190,219.1,226.4,0.258621,0,3,0.708577,0,1,2.7,83.226
3_-0.44_0.12_-0.34_-0.05_-0.26_-0.29_-0.47_-0.31_-0.43_-0.44,316,456,23.9059,0.0524251,1.02133,184,128,1.06221,3.39578,0,0.431109,332.789,0.225437,0.0111526,9.32097,0.0011965,14.0023,0.0526316,0.809629,-173,0.309211,2,1,80,0.175439,19,0.0416667,1.3138,1.01582,25832,0.593493,0.0574293,0.153031,0.60137,0.0574293,0.172112,0.867911,0.868994,0.455393,20,33,0.802403,0.638209,0.164194,0.593493,1.01885,0.905542,2.36186,0.285844,0.121212,3.14713e-05,0.157086,9,1024,316,456,181400,283344,61660,7840,1120,2.45614,400,0.877193,0.0432194,0.339912,0.00747681,871.111,0.0464551,18751.7,30894,27.5839,19,85,23.9297,48,64,72,54,7840,145.185,141,910,228.838,145,205,907.35,4.91228,5,14,3.9908,8,11,12,74.2197
3_-0.44_0.14_0.42_0.45_0.17_-0.39_-0.04_-0.15_0.01_-0.04,484,792,34.4668,0.0435187,0.693858,184,296,1.02148,3.41084,1.66533e-16,0.414813,588.648,0.256198,0.010096,9.39728,0.00107436,14.4446,0.030303,1.03648,-173,0.390152,2,1,108,0.136364,89,0.112374,1.31186,1.04116,531,2.85254,0.0466404,0.125619,0.587457,0.0140524,0.0421543,0.902192,0.902358,0.471491,12,224,0.68113,0.244431,0.4367,2.85254,3.61562,12.5093,15.3384,0.865791,0.102679,0.000213623,0.178984,9,1024,484,792,285484,441718,79324,10356,1008,1.27273,432,0.545455,0.0362752,0.277858,0.00987625,1150.67,0.0414877,27735.2,56222,55.7758,46.5,151,43.3361,90,123,126,48,10356,215.75,215.5,261,42.0983,258,259,259,2.54545,2,9,2.77533,5,6,9,98.9645
3_-0.44_0.23_-0.36_-0.31_-0.28_0.19_-0.5_-0.39_-0.41_-0.29,572,968,36.1418,0.0373366,1.00204,184,384,0.962387,3.82669,1.11022e-16,0.388745,648.471,0.273726,0.00725498,9.32957,0.000777633,16.0363,0.0247934,1.00627,-173,0.410124,2,1,184,0.190083,91,0.0940083,1.27401,1.01112,124,2.67118,0.0545616,0.147647,0.640426,0.0545616,0.163642,0.768051,0.768285,0.251703,21,198,0.704582,0.547338,0.157245,2.67118,3.70604,15.1644,15.3328,0.953441,0.161616,0.000188828,0.0749694,9,1024,572,968,289182,474148,86262,15918,1910,1.97314,661,0.682851,0.0550449,0.298297,0.0151806,1768.67,0.0607713,29103.7,112580,58.9424,56,263,41.5194,88,107,114,98,15918,162.429,198,292,116.869,282,290,290.15,3.94628,2,17,4.28084,8,10,12,73.3577
3_-0.44_0.29_-0.2_0.21_0.24_-0.44_0.1_0.23_0.46_-0.23,528,880,41.3358,0.0469725,1.15952,184,340,0.992257,3.22154,1.66533e-16,0.404464,622.259,0.205628,0.00784056,9.37418,0.000836399,16.8641,0.0272727,0.940246,-173,0.401136,2,1,148,0.168182,99,0.1125,1.35239,1.04566,1392,1.82458,0.0413656,0.093796,0.568274,0.0413656,0.12398,0.576824,0.577235,0.268839,21,123,0.710651,0.435217,0.275434,1.82458,2.11282,3.42565,7.15959,0.77929,0.162602,0.000117302,0.163493,9,1024,528,880,268474,498396,114722,42839,4293,4.87841,816,0.927273,0.159565,0.427311,0.0408545,4759.89,0.146864,32410.3,237990,55.4368,48,628,66.6274,69,102,117,89,42839,481.337,69,5770,1174.79,453,845.2,850.2,9.75682,6.5,42,10.351,11.25,29,33,67.4818
3_-0.45_-0.4_0.09_-0.29_0.12_0.17_-0.06_-0.27_-0.03_0.47,404,632,41.0522,0.0649559,0.973227,184,216,1.06566,3.81594,1.11022e-16,0.396445,427.932,0.283828,0.0113821,9.66313,0.00117789,13.1519,0.0379747,0.912762,-173,0.362342,2,1,96,0.151899,70,0.110759,1.5384,1.21453,1347,1.83055,0.0376081,0.113312,0.581179,0.0376081,0.112778,0.468577,0.468634,0.124826,9,148,0.637476,0.373271,0.264205,1.83055,2.76442,7.47312,8.73132,0.691587,0.135135,0.000141144,0.167783,9,1024,404,632,352895,488518,72371,16322,768,1.21519,472,0.746835,0.0462517,0.205078,0.0155659,1813.56,0.0551904,32860,55618,72.4193,73,248,47.9084,89.25,127,184,80,16322,204.025,206,297,82.8582,286,296,297,2.43038,2,8,2.00432,3,5,6.35,57.7693
3_-0.45_0.08_0.07_-0.09_-0.0_-0.11_-0.37_0.12_-0.29_0.13,304,432,25.5503,0.0591443,0.826553,184,116,1.05102,2.81669,5.24025e-14,0.425626,330.925,0.135652,0.010342,9.35945,0.00110498,15.3388,0.0555556,0.816734,-173,0.298611,2,1,60,0.138889,36,0.0833333,1.79077,1.50626,23071.5,0.876059,0.0563164,0.103261,0.423972,0.0563164,0.168948,0.672241,0.672291,0.263163,9,32,0.795966,0.532677,0.263289,0.876059,0.419259,-1.34089,2.26407,0.636586,0.28125,3.05176e-05,0.162638,9,1024,304,432,183502,325210,70710,42428,2712,6.27778,380,0.87963,0.231213,0.385336,0.0404625,4714.22,0.216299,21795,293932,108.382,79,1071,158.795,92,112,169.45,16,42428,2651.75,2284,5954,2103.78,3205.5,5948.5,5950.25,12.5556,7,34,12.5302,29,31,33,50.7686
3_-0.45_0.37_-0.33_0.02_0.02_0.34_-0.45_0.08_-0.24_-0.1,304,432,33.1432,0.0767204,0.68614,184,116,1.05102,3.45529,2.22045e-16,0.419891,325.514,0.16886,0.00986526,9.63696,0.00102369,13.2517,0.0555556,0.903878,-173,0.298611,2,1,36,0.0833333,48,0.111111,1.43193,1.20443,1382,1.50536,0.0564899,0.206356,0.652622,0.0564899,0.169459,0.704139,0.704212,0.162199,9,57,0.742692,0.509144,0.233548,1.50536,1.33055,0.248941,4.33548,0.763459,0.210526,5.43594e-05,0.18367,9,1024,304,432,242277,400204,94206,30654,1072,2.48148,336,0.777778,0.126525,0.388836,0.0292339,3406,0.120519,28261,81252,75.7948,44.5,549,109.008,79,137,331.45,42,30654,729.857,57,4525,1320.97,1300,1306,4522.95,4.96296,3,17,5.31233,8,15,15,63.0664
3_-0.45_0.3_-0.2_-0.49_-0.44_-0.4_0.08_-0.49_-0.41_0.07,408,640,40.1036,0.0626619,0.900869,184,220,1.06401,3.44094,2.77556e-16,0.429827,468.225,0.378852,0.0134334,9.35381,0.00143614,12.7853,0.075,0.989676,-173,0.364063,2,1,140,0.21875,37,0.0578125,1.3802,1.04035,429,1.86328,0.0357008,0.0927474,0.588227,0.0357008,0.107069,0.636643,0.636938,0.200654,32,180,0.66613,0.4007,0.26543,1.86328,2.79495,8.98917,9.64698,0.867487,0.238889,0.000171661,0.32783,9,1024,408,640,324306,458514,71472,10086,568,0.8875,364,0.56875,0.0311003,0.220384,0.00961876,1120.67,0.0365415,30668.3,40554,71.3979,65,259,46.7779,100.25,114,130,52,10086,193.962,101,391,138.476,387,389.9,390,1.775,2,7,1.874,3,5,5,82.8504
3_-0.45_0.3_0.25_-0.33_-0.02_-0.13_-0.31_0.02_0.28_-0.25,372,568,35.7755,0.0629851,0.828101,184,184,1.07499,3.70024,0,0.429843,428.941,0.229135,0.00935519,9.37291,0.000998109,15.6687,0.0422535,0.940683,-173,0.346831,2,1,88,0.15493,47,0.0827465,1.83861,1.50706,211,2.49378,0.05581,0.104587,0.503032,0.05581,0.167308,0.757439,0.757599,0.190404,17,142,0.683067,0.495949,0.187119,2.49378,3.13496,9.16934,11.6021,0.867679,0.140845,0.000135422,0.143676,9,1024,372,568,309364,434160,75880,7458,592,1.04225,384,0.676056,0.0241075,0.245277,0.0071125,828.667,0.0278959,29705.7,19500,32.9392,25,128,27.7761,40,52.9,106,92,7458,81.0652,60,135,31.8163,131,133,134,2.08451,2,6,1.85948,3,5,6,51.703
3_-0.46_-0.31_0.05_0.45_0.03_-0.43_-0.22_0.19_-0.37_-0.12,484,792,45.8694,0.0579159,1.03682,184,296,1.02148,3.2001,1.66533e-16,0.421059,596.094,0.374459,0.00582737,9.35934,0.000622626,19.1528,0.030303,0.884304,-173,0.390152,2,1,180,0.227273,71,0.0896465,1.45768,1.13291,3374,1.14455,0.0424404,0.115254,0.606046,0.0300236,0.090064,0.420512,0.420558,0.0904265,9,56,0.683902,0.333483,0.350419,1.14455,0.752079,-1.07934,3.47515,0.890262,0.357143,5.34058e-05,0.28528,9,1024,484,792,286990,543048,136498,50083,4984,6.29293,772,0.974747,0.174511,0.475619,0.0477629,5564.78,0.1539,36158.3,374172,75.0746,65,911,81.098,87,100,121,52,50083,963.135,930,3649,834.078,953.25,963.9,3649,12.5859,5,44,13.7109,12,37,39,54.4334
3_-0.46_0.09_-0.1_0.38_0.19_0.1_0.14_-0.19_-0.11_0.07,232,288,27.7768,0.0964472,0.431016,184,44,0.821126,3.60222,1.11022e-16,0.441237,232.669,0,0.013704,9.18123,0.00149261,14.089,0.0833333,0.818083,-173,0.197917,2,1,0,0,24,0.0833333,1.68458,1.40904,2086,1.0984,0.0381985,0.117901,0.305621,0.0160456,0.0481358,0.923859,0.923877,0.448047,21,74,0.760645,0.368258,0.392387,1.0984,1.03859,-0.0913616,3.71617,0.47464,0.148649,7.05719e-05,0.147126,9,1024,232,288,210954,330974,76744,28324,432,1.5,240,0.833333,0.134266,0.363795,0.0270119,3147.11,0.133512,23571.8,62962,145.745,104,398,105.833,198,324,376,36,28324,786.778,799.5,821,28.0289,809,811,813.5,3,3,6,2,4.25,6,6,85.6177
3_-0.46_0.13_-0.24_-0.16_-0.12_-0.03_-0.0_-0.33_0.06_-0.46,384,592,27.2088,0.0459608,0.774223,184,196,1.07241,3.57909,1.11022e-16,0.422618,427.999,0.305308,0.00926008,9.37115,0.000988147,15.5054,0.0405405,0.949941,-173,0.353041,2,1,132,0.222973,28,0.0472973,1.3901,1.06385,271,1.51702,0.0549984,0.144687,0.575716,0.0549984,0.164948,0.695158,0.695473,0.316304,21,82,0.774302,0.565744,0.208558,1.51702,1.71644,2.55072,5.82443,0.563887,0.134146,7.82013e-05,0.117546,9,1024,384,592,206066,329050,66595,13500,762,1.28716,468,0.790541,0.065513,0.323173,0.0128746,1500,0.0710616,21108.4,46020,60.3937,60,234,45.8829,85,101,150.95,80,13500,168.75,113,512,170.513,272.75,460.8,479.65,2.57432,3,8,1.87927,3,5,6,64.439
3_-0.46_0.16_0.33_0.15_-0.3_0.19_-0.33_0.1_-0.37_-0.36,436,696,36.5148,0.0524637,0.820615,184,248,1.05035,3.9356,2.22045e-16,0.404618,503.16,0.475317,0.00661757,9.35367,0.000707484,16.4338,0.0344828,1.01494,-173,0.375,2,1,192,0.275862,16,0.0229885,1.26289,1.01846,358,1.9466,0.0357456,0.149337,0.664552,0.0357456,0.107184,0.624714,0.626676,0.226479,9,162,0.693215,0.373924,0.319291,1.9466,2.3694,4.74908,8.35352,0.8293,0.17284,0.000154495,0.163205,9,1024,436,696,291664,456758,96436,25508,1156,1.66092,462,0.663793,0.0874568,0.330641,0.0243263,2834.22,0.0949539,29848.4,79908,69.1246,55,809,110.097,87,113,119,62,25508,411.419,113,1030,470.961,985.25,1021.9,1027.85,3.32184,3,10,3.1957,6,8,8,66.6224
3_-0.46_0.25_-0.24_0.4_0.1_-0.13_-0.44_-0.24_-0.23_0.47,468,760,40.0959,0.0527577,0.872412,184,280,1.03162,3.61132,3.88578e-16,0.39043,526.942,0.200855,0.0108991,9.56354,0.00113965,13.4323,0.0315789,0.989496,-173,0.385526,2,1,108,0.142105,60,0.0789474,1.24085,1.03788,1429,1.62752,0.0280514,0.0991694,0.593467,0.00937843,0.0281267,0.353704,0.354974,0.123869,9,188,0.631524,0.281533,0.349991,1.62752,2.82961,8.15641,8.35069,0.530066,0.106383,0.000179291,0.121249,9,1024,468,760,356975,506580,71844,15340,1884,2.47895,640,0.842105,0.0429722,0.201258,0.0146294,1704.44,0.0501091,34014.7,84260,44.724,36,218,35.5781,68,92.7,108,48,15340,319.583,370.5,504,163.572,481.75,494,503,4.95789,4,13,3.78895,8,12,13,128.624
3_-0.46_0.26_-0.24_-0.18_-0.09_-0.12_-0.25_0.3_0.4_-0.01,548,920,33.9259,0.036876,1.14137,184,360,0.978684,3.7942,3.33067e-16,0.400818,649.668,0.235836,0.00524029,9.37241,0.000559119,19.6635,0.026087,0.9466,-173,0.405435,2,1,176,0.191304,93,0.101087,1.55773,1.30294,3067,1.3656,0.0434284,0.150585,0.600161,0.0434284,0.130277,0.466845,0.466906,0.144809,21,64,0.709314,0.445124,0.264191,1.3656,1.10622,-0.307098,3.91846,0.779344,0.25,6.10352e-05,0.152957,9,1024,548,920,274808,463412,86562,21790,3263,3.54674,804,0.873913,0.0792917,0.314991,0.0207806,2421.11,0.0841133,28783.9,221640,67.9252,75,201,39.9748,95,113,120.9,48,21790,453.958,229,3648,973.273,319.25,345,3647,7.09348,7,26,5.26597,10,14,16,51.9328
3_-0.46_0.3_0.43_0.14_0.48_0.04_0.07_-0.3_0.04_-0.43,460,744,33.3829,0.0448695,0.875794,184,272,1.03652,3.54013,2.22045e-16,0.418153,550.29,0.195445,0.0121838,9.33136,0.00130568,13.4009,0.0322581,0.955767,-173,0.383065,2,1,104,0.139785,46,0.061828,1.29276,1.00474,71,2.40632,0.0420713,0.0987187,0.569127,0.0203714,0.0611124,0.965001,0.965093,0.707576,21,210,0.713954,0.319319,0.394635,2.40632,3.00243,8.57297,12.3747,0.885399,0.152381,0.000200272,0.182873,9,1024,460,744,255852,413608,77281,19119,1824,2.45161,640,0.860215,0.0747268,0.302054,0.0182333,2124.33,0.0806867,26328.2,69299,37.9929,22,195,39.0955,62,94,110.85,183,19119,104.475,12,1359,211.834,132.5,235,346,4.90323,3,23,5.32607,6,14,16,100.29
3_-0.46_0.42_-0.16_0.12_-0.36_0.1_-0.05_-0.43_0.01_0.06,352,528,30.317,0.0574185,0.988501,184,164,1.07598,3.26178,8.88178e-16,0.418717,391.251,0.236742,0.0121658,9.41214,0.00129256,12.9388,0.0454545,0.913789,-173,0.335227,2,1,60,0.113636,29,0.0549242,1.34366,1.0443,139,2.52693,0.0458746,0.122261,0.522877,0.0458746,0.137503,0.66687,0.667235,0.278092,21,195,0.723313,0.465891,0.257422,2.52693,2.95929,8.45419,12.3675,0.965114,0.164103,0.000185966,0.182972,9,1024,352,528,256330,355918,52908,9682,798,1.51136,408,0.772727,0.0377716,0.206406,0.00923347,1075.78,0.0449988,23906.8,35563,44.5652,29,130,38.9404,73.75,108,117,80,9682,121.025,103.5,244,82.9355,227.75,237.6,243.05,3.02273,3,10,2.59506,5,6,8,68.7743
3_-0.47_-0.28_0.06_0.49_-0.1_-0.2_-0.47_-0.29_0.36_-0.0,660,1144,43.1391,0.037709,1.30742,184,472,0.904287,3.47708,0,0.411569,829.801,0.280664,0.00974111,9.37242,0.00103934,13.9227,0.020979,0.994116,-173,0.423951,2,1,208,0.181818,121,0.105769,1.34584,1.11946,4446.5,1.21131,0.0320015,0.127438,0.645551,0.0320015,0.0960035,0.552689,0.552694,0.178726,9,104,0.646163,0.426325,0.219838,1.21131,2.15865,4.07569,5.15064,0.44313,0.105769,9.91821e-05,0.105471,9,1024,660,1144,344798,582880,102356,40077,6202,5.42133,1056,0.923077,0.116233,0.296858,0.0382204,4453,0.122201,36440,337264,54.3799,45,658,56.3205,92,106,114,28,40077,1431.32,218,6026,2003.87,1744,6022,6023.95,10.8427,8,40,8.64337,17,22,27,95.6674
3_-0.47_-0.34_-0.39_-0.37_0.23_0.09_-0.17_-0.45_-0.49_0.43,448,720,46.5823,0.0646976,0.734542,184,260,1.04362,3.89093,1.11022e-16,0.413004,510.928,0.336097,0.0117297,9.33043,0.00125714,13.4807,0.0333333,1.01142,-173,0.379167,2,1,132,0.183333,59,0.0819444,1.52355,1.17196,236,2.3794,0.0332727,0.0821424,0.577002,0.0212898,0.0637226,0.477456,0.478421,0.130425,8,275,0.593915,0.273958,0.319957,2.3794,3.98041,16.8685,15.4063,0.60778,0.0690909,0.00026226,0.227865,9,1024,448,720,391041,537655,86584,1184,104,0.144444,136,0.188889,0.00302782,0.221419,0.00112915,131.556,0.00362537,36287.4,2640,25.3846,10,56,22.7005,51,55,56,40,1184,29.6,10,65,27.8898,62,65,65,0.288889,0,3,0.687094,0,1,2,73.1237
3_-0.47_0.01_0.25_-0.27_-0.17_-0.24_-0.01_-0.43_-0.21_-0.13,284,392,30.7998,0.0785708,0.737198,184,96,1.02125,3.54089,1.11022e-16,0.442186,299.104,0.138162,0.0112327,9.35945,0.00120015,14.9969,0.0612245,0.900815,-173,0.278061,2,1,56,0.142857,15,0.0382653,1.93723,1.50562,2560,1.31316,0.051055,0.112593,0.387053,0.051055,0.153123,0.741459,0.741733,0.267157,20,72,0.725794,0.526175,0.199619,1.31316,1.68686,2.52473,5.06474,0.546936,0.152778,6.86646e-05,0.152884,9,1024,284,392,258796,354196,68416,3220,488,1.2449,248,0.632653,0.0124422,0.264363,0.00307083,357.778,0.0147481,24259.3,14488,29.6885,26,91,25.282,44,60,89,100,3220,32.2,5,133,47.228,50,133,133,2.4898,2,8,2.54047,5,6,7,71.7028
3_-0.47_0.02_0.23_0.01_0.02_0.47_0.12_-0.39_-0.48_0.34,460,744,49.3521,0.0663335,0.824823,184,272,1.03652,3.79284,5.55112e-17,0.412734,553.617,0.263561,0.00819314,9.36007,0.000875328,16.1402,0.0322581,0.962466,-173,0.383065,2,1,120,0.16129,64,0.0860215,1.29385,1.02686,509,2.27641,0.0363169,0.133968,0.607963,0.0210247,0.0630722,0.446999,0.447006,0.0694729,9,187,0.58832,0.283151,0.305169,2.27641,2.97396,8.13776,11.5435,0.773799,0.106952,0.000178337,0.28699,9,1024,460,744,393654,588510,108336,24200,4038,5.42742,626,0.841398,0.0614753,0.275206,0.0230789,2688.89,0.0677111,39711.2,211298,52.3274,49,498,47.3438,71,94,110,96,24200,252.083,137,2532,501.536,200.25,502,523,10.8548,6,36,12.0888,13,33,33,98.9868
3_-0.47_0.09_-0.27_0.44_-0.38_0.34_0.03_0.37_0.07_-0.17,280,384,27.4733,0.0715451,0.572633,184,92,1.0132,4.05388,0,0.422251,290.825,0.221088,0.0171557,9.1813,0.00186855,11.3742,0.0625,0.926523,-173,0.273438,2,1,48,0.125,8,0.0208333,1.21453,1.01024,3333,1.60117,0.0385532,0.118317,0.482576,0.0147343,0.0442028,0.69108,0.69108,0.401629,12,119,0.713086,0.303373,0.409713,1.60117,2.12162,3.46105,6.43377,0.755056,0.193277,0.000113487,0.174085,9,1024,280,384,260460,335550,50970,1236,84,0.21875,100,0.260417,0.00474545,0.195692,0.00117874,137.333,0.00592597,23174.8,2388,28.4286,43.5,52,22.4745,50,52,52,24,1236,51.5,51.5,52,0.5,52,52,52,0.4375,0,3,0.814101,1,2,2,86.0832
3_-0.47_0.19_0.2_-0.31_0.45_0.29_0.44_-0.41_0.19_-0.24,672,1168,38.5305,0.0329884,1.28701,184,484,0.896685,3.26552,6.77236e-15,0.392343,799.387,0.236961,0.00741668,9.37024,0.000791514,16.7612,0.0205479,0.896172,-173,0.425514,2,1,216,0.184932,79,0.067637,1.4665,1.1517,509.5,1.6739,0.0490294,0.116917,0.568556,0.0490294,0.14708,0.741219,0.741253,0.3049,21,96,0.725316,0.507038,0.218278,1.6739,1.95006,3.05651,6.48933,0.791117,0.208333,9.15527e-05,0.129731,9,1024,672,1168,259214,514602,98797,45245,26772,22.9212,1104,0.945205,0.174547,0.381141,0.043149,5027.22,0.163622,30724.6,1.42347e+06,53.1702,51,677,42.1715,73,94,105,32,45245,1413.91,298.5,7174,2266.01,1639.75,6618.5,7172,45.8425,21,108,45.371,101,105,105,82.9244
3_-0.47_0.21_0.45_0.28_0.12_0.33_0.33_-0.16_0.04_-0.12,592,1008,30.6102,0.0303673,1.05364,184,404,0.948891,3.90829,5.55112e-17,0.417108,764.547,0.279118,0.00853648,9.374,0.000910655,14.5482,0.0238095,1.07367,-173,0.41369,2,1,168,0.166667,136,0.134921,1.22066,1.01533,202,2.00094,0.0396175,0.108302,0.646605,0.0169048,0.0507107,0.975646,0.975758,0.728508,21,152,0.732133,0.343565,0.388568,2.00094,2.19272,3.8628,8.2251,0.938022,0.210526,0.000144958,0.154115,9,1024,592,1008,239364,435980,87070,24476,1568,1.55556,828,0.821429,0.102254,0.363756,0.0233421,2719.56,0.105295,25827.9,86650,55.2615,52,167,39.5383,80,113,125,120,24476,203.967,178.5,379,84.655,206,363.1,375.05,3.11111,3,7,2.20109,5,6,7,102.217
3_-0.47_0.29_-0.42_0.05_0.28_0.25_-0.32_0.39_-0.4_0.14,448,720,35.2335,0.0489354,1.05964,184,260,1.04362,3.49607,1.66533e-16,0.407989,531.551,0.328656,0.0142468,9.36336,0.00152154,11.6407,0.0333333,0.925565,-173,0.379167,2,1,132,0.183333,55,0.0763889,1.27104,1.05724,2102,1.48944,0.0351686,0.100861,0.599824,0.00950813,0.0285244,0.917512,0.917512,0.407388,21,128,0.675653,0.35097,0.324682,1.48944,2.62878,5.83715,6.66258,0.480546,0.0859375,0.00012207,0.154542,9,1024,448,720,303303,454556,72260,25857,1916,2.66111,648,0.9,0.0852514,0.238244,0.0246592,2873,0.096744,29696.9,101595,53.0245,29,618,79.1899,84,116,158.25,114,25857,226.816,37,1005,399.551,40,1000.7,1002.35,5.32222,5,18,3.62806,7,9,11,100.255
3_-0.47_0.34_0.01_-0.43_0.33_-0.02_-0.01_-0.5_0.26_0.36,612,1048,47.3312,0.0451634,1.08074,184,424,0.935535,3.24505,6.66134e-16,0.4136,761.828,0.302677,0.00772392,9.37431,0.000823945,16.8856,0.0229008,1.03487,-173,0.416985,2,1,188,0.179389,127,0.121183,1.73409,1.30057,27,2.34577,0.0466232,0.111148,0.54496,0.0466232,0.139865,0.642911,0.642933,0.163579,21,165,0.684256,0.469452,0.214804,2.34577,2.75407,7.65975,11.2426,0.981076,0.187879,0.000157356,0.169623,9,1024,612,1048,298058,563736,119513,55071,5692,5.4313,982,0.937023,0.184766,0.400972,0.0525198,6119,0.169848,36026.4,386439,67.8916,55,641,66.059,85,115,185,70,55071,786.729,89.5,7907,1877.84,99,2124.1,5302.25,10.8626,6,48,13.1704,9,37,42,85.3841
3_-0.47_0.35_-0.17_0.05_0.5_-0.03_-0.14_0.19_-0.31_-0.32,580,984,41.574,0.04225,0.937084,184,392,0.956975,3.71584,1.66533e-16,0.430829,772.565,0.126273,0.00752524,9.33324,0.000806284,17.5127,0.0243902,1.00326,-173,0.411585,2,1,84,0.0853659,177,0.179878,1.21794,1.00379,1433,2.24882,0.0356817,0.0945837,0.536893,0.0356817,0.107002,0.633432,0.638862,0.224845,9,181,0.651239,0.377398,0.273842,2.24882,2.80047,6.68809,9.91708,0.780624,0.110497,0.000172615,0.217455,9,1024,580,984,338329,547144,99062,33751,3838,3.90041,792,0.804878,0.0997579,0.292798,0.0321875,3750.11,0.107914,34750.9,211221,55.0341,45,527,54.2949,80,111,126,52,33751,649.058,656.5,2787,793.293,748,1396.9,2787,7.80081,5,31,7.70024,12,19,25,128.522
3_-0.47_0.3_0.17_0.17_-0.14_0.21_-0.3_0.36_-0.04_-0.07,280,384,28.3994,0.0739569,0.645385,184,92,1.0132,3.4873,0,0.416737,289.714,0.114286,0.0120557,9.39668,0.00128297,14.2163,0.0625,0.924902,-173,0.273438,2,1,24,0.0625,23,0.0598958,1.66052,1.38121,780,1.96481,0.0364485,0.107012,0.436442,0.023387,0.070159,0.553952,0.553975,0.203514,21,155,0.71832,0.357539,0.360781,1.96481,2.18954,3.39898,7.8649,0.760568,0.129032,0.00014782,0.148134,9,1024,280,384,257189,342160,59063,3266,108,0.28125,144,0.375,0.0126988,0.229648,0.0031147,362.889,0.0151675,23925.4,3644,33.7407,12,83,32.4549,78,82,82,72,3266,45.3611,44.5,83,34.2529,79,82,82.45,0.5625,0,2,0.788095,1,2,2,85.5252
3_-0.48_-0.02_-0.23_-0.44_-0.41_-0.13_0.3_-0.28_0.21_0.45,420,664,39.4965,0.0594827,1.04977,184,232,1.05856,3.10453,3.33067e-16,0.424075,485.463,0.229932,0.0149519,9.36933,0.00159584,12.3565,0.0361446,0.87773,-173,0.368976,2,1,104,0.156627,32,0.0481928,1.38752,1.07282,1183.5,1.98328,0.0541477,0.121002,0.562238,0.0541477,0.162407,0.735615,0.735976,0.23046,21,122,0.707801,0.514776,0.193025,1.98328,2.78169,8.02792,9.33316,0.89667,0.229508,0.000116348,0.105109,9,1024,420,664,283182,467252,98115,36314,4196,6.31928,488,0.73494,0.128236,0.346473,0.0346317,4034.89,0.130333,30958.3,380921,90.7819,88,1059,112.979,98,106,137,32,36314,1134.81,284.5,4627,1508.59,1854,4347.1,4626,12.6386,5,47,16.0624,33,37,43,76.6499
3_-0.48_-0.05_-0.22_0.4_0.22_0.48_0.19_-0.3_-0.2_-0.11,484,792,36.207,0.0457158,0.745336,184,296,1.02148,3.14655,0,0.420542,599.196,0.214679,0.010287,9.33068,0.00110249,14.1771,0.030303,1.02234,-173,0.390152,2,1,132,0.166667,76,0.0959596,1.2396,1.0254,1168,2.04153,0.0359516,0.110336,0.585229,0.0111446,0.0334311,0.587785,0.588313,0.25363,12,188,0.662667,0.299017,0.36365,2.04153,3.11579,9.18895,10.1995,0.699181,0.12234,0.000179291,0.143344,9,1024,484,792,316070,471644,83096,5970,1010,1.27525,509,0.642677,0.0188882,0.262904,0.00569344,663.333,0.021822,30397.4,22420,22.198,21,74,19.0094,36,50,56,63,5970,94.7619,66,212,85.5334,196,209,211.9,2.55051,2,9,2.49241,5,7,7,105.585
3_-0.48_-0.05_0.46_0.4_0.27_-0.15_0.2_-0.25_-0.16_0.42,808,1440,41.1714,0.0285913,0.941588,184,620,0.817206,3.62573,3.88578e-16,0.395482,1033.15,0.326615,0.00687405,9.38195,0.000732688,18.2329,0.0166667,1.09735,-173,0.439583,2,1,292,0.202778,168,0.116667,1.30353,1.07828,77,2.81918,0.0383768,0.105609,0.583581,0.0169525,0.0508566,0.948273,0.949095,0.568446,21,250,0.672475,0.304039,0.368436,2.81918,3.19898,9.64952,14.267,0.957569,0.128,0.000238419,0.157528,9,1024,808,1440,303238,595130,125441,32454,3258,2.2625,1184,0.822222,0.107025,0.413672,0.0309505,3606,0.104282,34579.4,175396,53.8355,44,272,37.708,79,101,109.15,188,32454,172.628,75.5,814,253.956,241,801,806.65,4.525,5,16,3.39803,7,8,11,112.342
3_-0.48_-0.14_-0.19_-0.35_-0.33_0.38_-0.31_0.38_-0.33_-0.4,364,552,38.3323,0.0694426,0.921388,184,176,1.07594,3.89111,1.11022e-16,0.412742,390.299,0.118786,0.00861879,9.36391,0.000920427,15.6857,0.0434783,0.894272,-173,0.342391,2,1,64,0.115942,42,0.076087,1.50135,1.18528,1133,2.00546,0.0442858,0.182976,0.566534,0.0442858,0.132743,0.378348,0.37849,0.0956239,9,136,0.64421,0.405412,0.238798,2.00546,2.84651,7.61943,9.34923,0.772282,0.147059,0.0001297,0.179885,9,1024,364,552,344642,450614,58356,7726,524,0.949275,304,0.550725,0.0224175,0.169324,0.00736809,858.444,0.0279939,30665.4,25165,48.0248,39,162,39.7975,59,111,121,60,7726,128.767,182.5,205,89.4428,201,203.1,204,1.89855,1,9,2.39047,3,5,6.45,25.3281
3_-0.48_-0.19_-0.17_0.21_-0.44_0.12_-0.1_-0.3_-0.47_-0.14,396,616,32.3335,0.0524895,0.877426,184,208,1.06868,3.39776,3.33067e-16,0.421675,457.259,0.37518,0.00868074,9.36901,0.000926537,14.5544,0.038961,0.886408,-173,0.358766,2,1,128,0.207792,34,0.0551948,1.37807,1.13995,62,1.88135,0.0598803,0.144232,0.642407,0.0598803,0.179635,0.800267,0.800316,0.22778,21,84,0.74742,0.544624,0.202796,1.88135,2.0797,3.08751,6.72974,0.738473,0.142857,8.01086e-05,0.159142,9,1024,396,616,239878,404656,101027,17328,914,1.48377,464,0.753247,0.0722367,0.42116,0.0165253,1925.33,0.070951,27136.1,43307,47.3818,41,134,36.3731,64,116.4,122,100,17328,173.28,133.5,376,93.4443,152.25,369,372,2.96753,3,8,2.35879,5,6,8,77.6628
3_-0.48_-0.43_0.2_0.35_0.28_0.44_-0.02_0.41_-0.31_-0.37,472,768,41.7071,0.0543061,1.22183,184,284,1.02912,3.81884,1.66533e-16,0.399973,540.625,0.2046,0.010699,9.3928,0.00113906,14.7542,0.03125,0.9211,-173,0.386719,2,1,84,0.109375,104,0.135417,1.29814,1.00892,852.5,1.77767,0.0344591,0.105245,0.505984,0.0115309,0.034543,0.668362,0.668475,0.34967,20,176,0.642302,0.353236,0.289065,1.77767,2.95205,9.10741,9.4423,0.71057,0.176136,0.000167847,0.154788,9,1024,472,768,339022,493820,71774,22180,1366,1.77865,648,0.84375,0.0654235,0.211709,0.0211525,2464.44,0.075013,32853.6,89014,65.164,55,344,57.5287,94,124,143.75,68,22180,326.176,364.5,511,164.943,500.25,509,510.65,3.55729,3,11,2.71701,5,7,9,130.044
3_-0.48_-0.49_-0.39_0.11_-0.26_-0.4_-0.02_0.3_-0.35_0.17,580,984,40.6373,0.0412981,1.11847,184,392,0.956975,3.51241,1.11022e-15,0.402426,690.066,0.29179,0.00825534,9.36404,0.0008816,15.2041,0.0243902,0.964645,-173,0.411585,2,1,156,0.158537,130,0.132114,1.54822,1.167,47,3.06991,0.0432549,0.134411,0.634462,0.0432549,0.129758,0.546961,0.547,0.15872,9,220,0.669423,0.374746,0.294677,3.06991,3.20378,8.99386,14.2153,0.939152,0.0909091,0.000209808,0.326769,9,1024,580,984,307948,499866,83642,21488,6810,6.92073,822,0.835366,0.069778,0.271611,0.0204926,2387.56,0.0767412,31111.8,494099,72.5549,73,344,31.2613,89,103,109,572,21488,37.5664,1,2516,220.493,1,2,129,13.8415,7,53,17.2168,12,45,50,76.4302
3_-0.48_0.37_0.16_0.22_-0.4_0.34_-0.26_0.48_0.23_-0.5,532,888,44.8482,0.0505047,0.895897,184,344,0.989548,3.71013,6.66134e-16,0.411517,656.574,0.373255,0.00700708,9.33066,0.000750974,16.486,0.027027,0.992445,-173,0.402027,2,1,208,0.234234,56,0.0630631,1.48149,1.11112,284,2.99034,0.0506535,0.156218,0.608464,0.00948334,0.0284472,0.568515,0.568664,0.141733,12,216,0.631599,0.175035,0.456564,2.99034,4.01735,15.7214,17.3229,0.852171,0.106481,0.000205994,0.229627,9,1024,532,888,333228,527978,102944,20006,1574,1.77252,692,0.779279,0.060037,0.30893,0.0190792,2222.89,0.0652229,34081.4,91883,58.3755,61,294,48.9451,81,109,145,36,20006,555.722,740,761,272.235,751,755.5,760.25,3.54505,3,12,2.79321,5,8,9,94.0382
3_-0.49_-0.41_-0.16_0.33_0.13_0.16_0.19_0.44_0.46_-0.33,676,1176,43.0516,0.0366085,1.00895,184,488,0.894171,3.28638,0,0.407405,836.828,0.233587,0.00724281,9.38246,0.000771952,16.1017,0.0204082,1.01378,-173,0.42602,2,1,200,0.170068,131,0.111395,1.36673,1.07335,3660,1.41725,0.0383139,0.123688,0.635944,0.0159826,0.0479412,0.959244,0.95936,0.562854,21,103,0.688799,0.351878,0.336921,1.41725,1.83827,2.58213,5.72929,0.689155,0.194175,9.82285e-05,0.161309,9,1024,676,1176,286190,555738,121041,42097,4224,3.59184,1114,0.947279,0.147095,0.422939,0.0401468,4677.44,0.136384,34296,269010,63.6861,67,312,50.2509,97,113,141,74,42097,568.878,52,6788,1543.25,63.75,1361.3,3268.85,7.18367,7,21,5.09988,11,16,17,103.15
3_-0.49_0.45_-0.19_-0.04_-0.34_0.31_0.1_-0.41_-0.15_0.05,592,1008,39.7292,0.0394139,1.0455,184,404,0.948891,3.54915,3.88578e-16,0.416464,754.865,0.374839,0.0054298,9.37204,0.000579362,19.8955,0.0238095,1.05958,-173,0.41369,2,1,228,0.22619,111,0.110119,1.56366,1.228,140,2.7164,0.0400038,0.111823,0.619727,0.0400038,0.120001,0.51877,0.51881,0.129287,9,192,0.669674,0.373953,0.295721,2.7164,2.83875,6.59526,11.4694,0.908633,0.104167,0.000183105,0.256357,9,1024,592,1008,309772,505192,88805,22723,2620,2.59921,816,0.809524,0.073354,0.286679,0.0216703,2524.78,0.0797606,31654.4,140145,53.4905,49,243,37.6605,75,96,108,60,22723,378.717,278.5,594,156.951,564.25,580.1,593,5.19841,5,13,3.67806,7,10,12,72.6861
3_-0.49_0.47_0.22_0.0_-0.32_-0.33_0.09_-0.28_-0.07_-0.4,428,680,38.7269,0.0569514,0.914052,184,240,1.05458,3.77139,1.11022e-16,0.419391,492.846,0.203827,0.0161847,9.37865,0.0017257,11.5153,0.0352941,1.02119,-173,0.372059,2,1,92,0.135294,63,0.0926471,1.28889,1.01754,533,2.24551,0.0329456,0.0915638,0.598768,0.031477,0.0944233,0.486151,0.486184,0.167044,9,204,0.651184,0.353693,0.297491,2.24551,3.01297,8.03345,10.3211,0.730873,0.0980392,0.00019455,0.238657,9,1024,428,680,331246,465030,70304,10612,472,0.694118,352,0.517647,0.0320366,0.212241,0.0101204,1179.11,0.038016,31016.2,27726,58.7415,39.5,174,41.7295,84,121.8,142.35,68,10612,156.059,172,208,45.5415,183.25,206,207,1.38824,1,6,1.56502,3,3,3,91.4807
3_-0.4_-0.12_-0.21_-0.0_-0.43_-0.4_0.1_-0.12_0.36_0.1,530,920,29.8893,0.0324884,1.41625,148,378,0.914892,3.04204,5.93803e-13,0.426489,689.648,0.238185,0.0104082,9.38339,0.00110922,13.5946,0.026087,0.793347,-137,0.425,3,0.107547,120,0.130435,157,0.170652,1.28065,1.01104,106,1.79534,0.0593204,0.147808,0.615755,0.0593204,0.177804,0.830706,0.831164,0.42159,21,100,0.789886,0.61932,0.170567,1.79534,2.17649,4.60408,7.51,0.851674,0.23,9.53674e-05,0.0791657,9,1024,530,920,195672,404580,60329,32348,11475,12.4728,858,0.932609,0.165317,0.308317,0.0308495,3594.22,0.150124,23941.6,712969,62.1324,22,990,92.3736,103,119,134,16,32348,2021.75,1664.5,3558,977.162,2746.25,3479.5,3499.5,24.9457,15,69,22.9026,45,65,68,70.1185
3_-0.4_-0.14_0.33_-0.45_0.36_-0.07_0.05_-0.1_0.38_-0.35,484,792,33.1332,0.0418348,1.24409,184,296,1.02148,3.48775,5.55112e-17,0.437744,602.842,0.229831,0.0130156,9.32839,0.00139527,12.1664,0.030303,0.889709,-173,0.390152,2,1,120,0.151515,68,0.0858586,1.35172,1.03978,1307,1.86842,0.0566778,0.120823,0.580195,0.0566778,0.169902,0.82571,0.82613,0.325461,20,110,0.758351,0.627058,0.131293,1.86842,2.37918,5.65909,8.2212,0.86739,0.209091,0.000104904,0.157952,9,1024,484,792,233989,414240,84051,21896,2652,3.34848,692,0.873737,0.093577,0.359209,0.0208817,2432.89,0.0942036,25825.9,152288,57.4238,44,340,56.9346,99,124.9,150,116,21896,188.759,43,845,299.75,160,823,841,6.69697,8,16,4.93688,11,13,14.45,82.3411
3_-0.4_-0.15_-0.07_0.04_-0.34_0.15_0.26_0.33_0.29_-0.4,592,1008,35.0664,0.0347881,1.21274,184,404,0.948891,3.10336,0,0.398825,706.952,0.204794,0.00889719,9.37449,0.000949085,15.5356,0.0238095,0.926656,-173,0.41369,2,1,140,0.138889,160,0.15873,1.40963,1.11286,300,1.46631,0.0436401,0.125114,0.555293,0.016161,0.04848,0.817169,0.817235,0.38053,21,86,0.736372,0.337975,0.398397,1.46631,1.34504,0.730027,5.09668,0.541004,0.127907,8.2016e-05,0.155646,9,1024,592,1008,230716,467218,105432,49888,6659,6.60615,910,0.902778,0.216231,0.456977,0.0475769,5543.11,0.197572,28056.1,374907,56.3008,45,585,62.4858,79,106,121,32,49888,1559,371.5,8490,2695.92,1615.75,7803.1,8489.45,13.2123,10,49,12.7541,18,38,41,85.9963
3_-0.4_-0.21_-0.37_0.09_0.37_-0.36_-0.3_-0.19_-0.45_0.09,420,664,37.4375,0.0563818,0.992015,184,232,1.05856,3.46073,2.77556e-16,0.418373,486.666,0.282313,0.00743752,9.37914,0.000792985,16.0187,0.0361446,0.914817,-173,0.368976,2,1,108,0.162651,84,0.126506,1.31347,1.05925,136,2.44474,0.0428467,0.133076,0.601886,0.0428467,0.128535,0.750496,0.750538,0.280672,25,177,0.677366,0.426392,0.250975,2.44474,2.83636,7.26137,11.1961,0.829782,0.112994,0.0001688,0.207178,9,1024,420,664,306164,462066,89150,12204,1316,1.98193,478,0.71988,0.039861,0.291184,0.0116386,1356,0.0443161,30598.3,57043,43.3457,36,271,45.1753,54.25,93.5,161,46,12204,265.304,200,1423,379.365,321.25,386,1420,3.96386,3,13,3.72009,6,9,11,85.5836
3_-0.4_-0.45_-0.36_-0.34_-0.43_0.47_0.01_0.36_-0.15_-0.14,452,728,36.2352,0.0497736,0.908158,184,264,1.0413,3.62941,5.55112e-17,0.399781,500.023,0.207754,0.0104103,9.35612,0.00111267,14.558,0.032967,0.906233,-173,0.380495,2,1,112,0.153846,98,0.134615,1.32808,1.0216,915,2.3727,0.0443306,0.121859,0.572118,0.0149212,0.0447626,0.505959,0.505992,0.221021,12,173,0.662123,0.244049,0.418074,2.3727,3.01977,8.41986,11.5827,0.852875,0.132948,0.000164986,0.178696,9,1024,452,728,307893,441511,61368,17170,4824,6.62637,524,0.71978,0.0557661,0.199316,0.0163746,1907.78,0.0674768,28273.1,234506,48.6124,44.5,495,39.7288,71,90,100,43,17170,399.302,177,2672,737.276,345,363,2672,13.2527,5,43,16.7982,32,41,43,87.7999
3_-0.4_-0.46_-0.44_0.18_-0.12_0.25_0.33_-0.03_-0.37_0.16,588,1000,41.5598,0.0415598,1.15274,184,400,0.951581,3.04836,9.99201e-16,0.409225,730.502,0.276482,0.00856446,9.333,0.000917654,15.332,0.024,0.906473,-173,0.413,2,1,176,0.176,105,0.105,1.44993,1.10964,120,2.2804,0.0426064,0.110571,0.59753,0.0197325,0.0591946,0.759092,0.759142,0.4678,21,170,0.700446,0.303123,0.397323,2.2804,2.56409,5.84216,10.3407,0.958844,0.188235,0.000162125,0.193043,9,1024,588,1000,269466,520324,109894,52522,6330,6.33,924,0.924,0.194911,0.407821,0.0500889,5835.78,0.180771,32282.6,405984,64.1365,46,675,78.2987,90,110,130,112,52522,468.946,1,5941,1247.91,160,2404.7,2577.45,12.66,8,40,11.1364,15,33,37,105.917
3_-0.4_0.39_0.42_0.2_0.19_0.42_0.27_0.02_-0.18_0.05,376,576,33.5197,0.058194,0.841732,184,188,1.07427,3.51925,5.77316e-15,0.419834,445.962,0.513931,0.00935566,9.18157,0.00101896,13.774,0.0416667,0.953704,-173,0.348958,2,1,144,0.25,0,0,1.20424,1.04213,4,2.46576,0.030262,0.149725,0.645556,0.0155249,0.0465746,0.929501,0.929501,0.510953,21,296,0.687864,0.349003,0.338861,2.46576,3.28521,10.4766,13.0223,0.791894,0.108108,0.000282288,0.1162,9,1024,376,576,295624,438238,84195,43280,624,1.08333,444,0.770833,0.146402,0.284804,0.041275,4808.89,0.163434,29424.1,79385,127.22,105,1002,216.673,115,120,952.55,142,43280,304.789,177,1027,418.014,782.75,1025,1026,2.16667,2,5,1.49536,3,4,4,96.6257
3_-0.5_-0.09_0.23_-0.31_-0.27_0.1_-0.31_-0.18_-0.06_-0.16,352,528,33.5862,0.0636102,0.822599,184,164,1.07598,3.73963,2.22045e-16,0.426704,390.847,0.295184,0.0133011,9.36831,0.00141979,12.7403,0.0454545,0.900081,-173,0.335227,2,1,92,0.174242,27,0.0511364,1.37243,1.12289,589,2.31015,0.0563192,0.121847,0.506757,0.0563192,0.168925,0.77561,0.775712,0.269834,21,152,0.695871,0.552391,0.14348,2.31015,3.5906,13.4605,12.3019,0.802243,0.157895,0.000144958,0.0993725,9,1024,352,528,303428,411184,62238,9511,680,1.28788,312,0.590909,0.0313452,0.205116,0.0090704,1056.78,0.0379177,27870.3,32839,48.2926,38.5,255,43.2058,79,94,105,58,9511,163.983,200,398,152.108,345.5,377,395.15,2.57576,1.5,12,2.78557,5,6,7,82.8359
3_-0.5_-0.2_0.01_0.36_0.4_0.07_0.03_-0.03_0.46_-0.35,580,984,39.0608,0.0396959,1.08196,184,392,0.956975,3.16069,1.66533e-16,0.432851,758.341,0.294089,0.00767277,9.37994,0.000817998,14.8987,0.0243902,1.00698,-173,0.411585,2,1,192,0.195122,97,0.0985772,1.41914,1.15065,14,2.75256,0.0393391,0.109064,0.659797,0.0168495,0.0505428,0.76479,0.764864,0.289727,21,241,0.679383,0.306328,0.373055,2.75256,3.08629,9.07266,13.9549,0.967936,0.13278,0.000229836,0.15303,9,1024,580,984,294950,507778,101662,33265,1904,1.93496,840,0.853659,0.112782,0.344675,0.031724,3696.11,0.115158,32096.1,110610,58.0935,41,359,60.3093,86,135.7,167.9,132,33265,252.008,219.5,490,184.554,471,474.9,485,3.86992,3,11,2.51486,6,7,8,82.1064
3_-0.5_0.15_0.29_0.05_0.19_-0.12_-0.26_0.35_-0.39_-0.4,520,864,41.9422,0.0485442,0.858117,184,332,0.997659,3.65042,1.66533e-16,0.401819,620.092,0.429304,0.00654586,9.3538,0.000699808,16.6765,0.0277778,1.03821,-173,0.399306,2,1,204,0.236111,75,0.0868056,1.28156,1.01176,115,3.19584,0.0435648,0.125462,0.69169,0.0435648,0.130609,0.489201,0.489318,0.0890948,9,249,0.641024,0.394617,0.246407,3.19584,3.65453,12.5799,16.9224,0.90135,0.0803213,0.000237465,0.223133,9,1024,520,864,344038,521940,89034,20924,1320,1.52778,660,0.763889,0.0608189,0.258791,0.0199547,2324.89,0.0692235,33585.3,94792,71.8121,68,356,48.9214,84,113,130,96,20924,217.958,175.5,611,200.451,247,610,610,3.05556,2.5,8,2.49938,5,8,8,65.7561
3_-0.5_0.47_-0.16_0.3_0.24_0.47_-0.44_-0.34_0.21_0.1,576,976,44.3742,0.0454654,1.12332,184,388,0.959679,3.82982,1.11022e-16,0.389868,677.187,0.299603,0.0116984,9.36777,0.00124879,13.7136,0.0245902,1.06601,-173,0.410861,2,1,156,0.159836,119,0.121926,1.27597,1.0402,1443,2.41641,0.0353699,0.112498,0.572299,0,0,1,1,1,0,266,0.597226,0.214638,0.382588,2.41641,4.42617,19.5909,15.7535,0.502332,0.0413534,0.000253677,0.292042,9,1024,576,976,385358,570668,85132,14520,1192,1.22131,640,0.655738,0.0376792,0.220917,0.0138474,1613.33,0.043952,36706.7,53220,44.6477,35,174,39.8335,79,100,104,140,14520,103.714,69,243,87.9191,189,235,242,2.44262,2,8,2.22246,5,5,6,151.406
3_0.01_-0.05_-0.41_-0.35_0.29_-0.24_0.35_0.46_0.22_0.12,432,688,31.9074,0.0463771,1.15976,184,244,1.05249,3.58282,1.05471e-15,0.41163,496.227,0.234347,0.0120519,9.3713,0.00128605,13.2173,0.0348837,0.903506,-173,0.373547,2,1,100,0.145349,40,0.0581395,1.25779,1.01983,574,2.01293,0.0567074,0.114631,0.535441,0.0567074,0.170118,0.703986,0.704026,0.294044,21,120,0.723371,0.590935,0.132436,2.01293,2.79631,8.02543,9.40719,0.838119,0.191667,0.000114441,0.0690775,9,1024,432,688,270208,410074,69864,14274,823,1.19622,481,0.699128,0.052826,0.258556,0.0136127,1586,0.0604197,26249.7,65308,79.3536,79,228,41.3965,103,125,134,60,14274,237.9,163,580,225.302,576,578,579,2.39244,2,9,2.53408,4,6,9,68.5771
3_0.01_-0.1_0.21_0.32_-0.41_-0.05_0.4_-0.4_-0.37_0.21,504,832,45.8093,0.0550593,0.986474,184,316,1.00837,3.43244,1.11022e-16,0.39315,578.304,0.263228,0.0117728,9.37755,0.00125543,13.3078,0.0288462,0.992368,-173,0.395433,2,1,92,0.110577,132,0.158654,1.28161,1.0118,342,2.105,0.0288887,0.12211,0.567696,0.0247555,0.0742664,0.639653,0.639661,0.227266,9,224,0.646252,0.323132,0.32312,2.105,2.72737,6.72103,10.0132,0.797861,0.142857,0.000213623,0.190101,9,1024,504,832,340785,548352,104426,47522,1540,1.85096,708,0.850962,0.139449,0.306428,0.0453205,5280.22,0.143955,36679.7,139489,90.5773,68,1226,135.95,100,198.1,347,100,47522,475.22,6,1797,722.282,380,1749,1757,3.70192,4,10,2.80583,6,8,9,146.246
3_0.01_-0.28_-0.42_-0.17_0.47_-0.42_-0.13_-0.44_-0.43_-0.42,348,520,36.007,0.0692442,0.67192,184,160,1.07558,3.64469,1.11022e-16,0.451874,399.78,0.409688,0.018525,9.3253,0.00198653,9.91454,0.0461538,0.905116,-173,0.332692,2,1,116,0.223077,12,0.0230769,1.29333,1,595,1.88894,0.051053,0.106314,0.606129,0.051053,0.153155,0.859105,0.859149,0.326303,20,117,0.703297,0.545078,0.158218,1.88894,2.41357,6.02272,8.49315,0.843271,0.196581,0.00011158,0.125796,9,1024,348,520,286770,415728,84572,6682,424,0.815385,308,0.592308,0.0233009,0.294912,0.00637245,742.444,0.0263138,28215,20890,49.2689,34,200,43.4741,53,109.7,130,84,6682,79.5476,33,286,99.077,85.25,271.7,282.85,1.63077,1,7,1.69224,3,4,4,87.1141
3_0.01_-0.48_-0.31_-0.49_-0.22_0.01_0.44_-0.22_-0.41_0.36,488,800,43.9361,0.0549201,1.00068,184,300,1.01889,3.97397,1.11022e-16,0.41277,570.982,0.360461,0.00989559,9.37292,0.00105576,14.9007,0.03,1.02118,-173,0.39125,2,1,156,0.195,87,0.10875,1.46653,1.10542,99,3.09195,0.0402594,0.0981964,0.572935,0.0402594,0.120772,0.558538,0.559083,0.0815515,9,233,0.642025,0.355709,0.286316,3.09195,3.32871,9.89241,14.6107,0.917393,0.0858369,0.000222206,0.287837,9,1024,488,800,336666,510606,96143,12992,534,0.6675,366,0.4575,0.0385902,0.285574,0.0123901,1443.56,0.0429773,33588.8,33356,62.4644,51,275,53.4058,93,119,140,76,12992,170.947,72,592,221.888,185,589.5,590.25,1.335,0,6,1.75863,3,5,5,86.1902
3_0.01_0.1_0.13_0.11_-0.46_0.15_0.22_-0.01_-0.06_0.06,232,288,25.7328,0.08935,0.591248,184,44,0.821126,3.78064,0,0.430407,228.423,0.336207,0.0157409,9.14977,0.00172036,11.5129,0.0833333,0.87612,-173,0.197917,2,1,36,0.125,0,0,1.36825,1.35919,532,2.3535,0.0672445,0.100654,0.464022,0.0672445,0.201698,0.928742,0.929285,0.503719,21,92,0.764249,0.689655,0.0745935,2.3535,2.62791,5.06996,8.09487,0.791292,0.0978261,8.7738e-05,0.0651127,9,1024,232,288,241056,365082,95390,15130,258,0.895833,252,0.875,0.0627655,0.395717,0.0144291,1681.11,0.064887,25908.3,24022,93.1085,123.5,185,53.37,138,145,170.15,104,15130,145.481,142.5,304,112.42,240,295.7,301.25,1.79167,2,5,1.24094,2.25,4,4,95.0004
3_0.01_0.26_0.31_-0.17_0.1_0.04_0.03_0.07_0.05_0.24,256,336,21.4066,0.06371,0.655805,184,68,0.944208,3.41702,2.22045e-16,0.418914,256.651,0.192336,0.0104712,9.18013,0.00114064,15.1314,0.0714286,0.902992,-173,0.241071,2,1,36,0.107143,12,0.0357143,1.23117,1.10584,602,1.73168,0.0497093,0.137667,0.390137,0.0497093,0.149028,0.833787,0.834657,0.452356,9,92,0.768964,0.545408,0.223556,1.73168,2.05825,2.91398,5.9473,0.843962,0.217391,8.7738e-05,0.0747739,9,1024,256,336,219724,279482,41906,0,0,0,0,0,0,0.190721,0,0,0,19505.2,0,0,0,0,0,0,0,0,0,0,0,0,0,0,0,0,0,0,0,0,0,0,0,0,65.747
3_0.01_0.26_0.46_0.4_0.16_-0.1_0.32_0.17_-0.17_0.44,556,936,34.359,0.0367083,0.852339,184,368,0.973246,3.94079,2.77556e-16,0.410283,713.715,0.239637,0.00827515,9.33465,0.000886498,16.3187,0.025641,1.05195,-173,0.407051,2,1,144,0.153846,118,0.126068,1.11995,1.04996,596,2.12484,0.0234509,0.119497,0.548566,0.0223999,0.0671997,0.60265,0.60265,0.204767,21,200,0.664534,0.372293,0.29224,2.12484,2.24429,3.25375,7.05784,0.878909,0.16,0.000190735,0.249842,9,1024,556,936,327220,511438,84280,20742,1628,1.73932,648,0.692308,0.0633885,0.257564,0.0197811,2304.67,0.0704472,32714.8,79874,49.0627,46,181,44.3191,71,122,132,72,20742,288.083,287.5,467,170.365,459,465.9,466.45,3.47863,2.5,11,3.43337,7,8,10,98.9193
3_0.01_0.39_-0.16_0.07_-0.42_-0.29_0.36_-0.16_0.48_-0.45,500,824,36.3808,0.0441514,1.01798,184,312,1.01102,3.87759,5.55112e-17,0.410993,583.337,0.337143,0.0126062,9.33409,0.00135056,13.48,0.0291262,0.979704,-173,0.394417,2,1,168,0.203883,46,0.0558252,1.37237,1.05567,234,2.34579,0.0499296,0.11443,0.578984,0.0499296,0.149632,0.751105,0.7537,0.280401,21,168,0.702126,0.504997,0.197128,2.34579,3.07218,9.88119,11.9468,0.951081,0.190476,0.000160217,0.124965,9,1024,500,824,283995,449243,83926,12916,1284,1.55825,596,0.723301,0.0454797,0.295519,0.0123177,1435.11,0.0505275,28402.6,64522,50.2508,54,151,35.4401,80,91,98,92,12916,140.391,109,346,129.583,325,328,345,3.1165,3,13,2.84401,5,7,8,83.9549
3_0.01_0.5_-0.02_0.11_-0.41_-0.43_0.15_0.45_0.17_-0.02,556,936,38.3417,0.0409634,1.1509,184,368,0.973246,3.85711,8.32667e-16,0.403272,681.821,0.268414,0.00673699,9.36042,0.000719732,16.9092,0.025641,0.97064,-173,0.407051,2,1,156,0.166667,129,0.137821,1.37182,1.06618,776,2.36218,0.0409088,0.153491,0.630741,0.0240116,0.0719929,0.318738,0.319059,0.105427,9,178,0.661343,0.318251,0.343092,2.36218,2.71572,6.17219,11.0106,0.838,0.11236,0.000169754,0.260086,9,1024,556,936,312278,481836,72994,11688,4856,5.18803,673,0.719017,0.0374282,0.233747,0.0111465,1298.67,0.0429678,30224.2,401312,82.6425,87,160,25.3977,98,107,112,72,11688,162.333,168.5,478,136.075,266,276.4,368.1,10.3761,6,46,13.7448,11,37,39,68.3616
3_0.02_-0.03_-0.12_-0.47_-0.43_-0.19_-0.16_0.04_-0.14_0.11,280,384,23.5574,0.0613474,0.586136,184,92,1.0132,3.52231,1.11022e-16,0.437464,299.788,0.428231,0.00985829,9.18615,0.00107317,14.118,0.0625,0.923005,-173,0.273438,2,1,84,0.21875,0,0,1.41658,1.07861,417,2.00779,0.0468636,0.160699,0.571516,0.0468636,0.140561,0.683513,0.683592,0.229754,9,100,0.76731,0.415997,0.351314,2.00779,1.70503,1.16615,6.10751,0.978655,0.2,9.53674e-05,0.286811,9,1024,280,384,199542,274328,50134,1274,72,0.1875,120,0.3125,0.00638462,0.251245,0.00121498,141.556,0.00777633,18203.4,1582,21.9722,17,49,13.0128,29,47.8,48.45,84,1274,15.1667,11.5,48,15.7985,25.25,45,47,0.375,0,2,0.599479,1,1,2,57.672
3_0.02_-0.04_-0.41_0.2_0.15_0.08_0.38_0.3_0.27_0.17,376,576,24.9366,0.0432927,0.902894,184,188,1.07427,3.88941,4.44089e-16,0.403989,415.608,0.224924,0.0133264,9.37993,0.00142073,11.3528,0.0416667,0.921195,-173,0.348958,2,1,80,0.138889,29,0.0503472,1.14167,1.06809,428,2.5244,0.0482788,0.120739,0.612797,0.0482788,0.144835,0.992825,0.992828,0.814493,21,170,0.741476,0.550722,0.190754,2.5244,3.34487,10.3441,11.069,0.790869,0.117647,0.000162125,0.0640427,9,1024,376,576,255532,362074,55632,9534,494,0.857639,354,0.614583,0.0373104,0.217711,0.00909233,1059.33,0.0448027,23644.4,32688,66.17,93,189,53.5078,108.75,114,137.35,114,9534,83.6316,32,210,78.0516,143,202.7,206.35,1.71528,1,8,1.89723,2,4,6,82.835
3_0.02_-0.12_0.01_0.46_0.06_-0.08_0.21_-0.1_0.36_0.43,364,552,33.7284,0.0611022,0.843165,184,176,1.07594,3.4275,1.11022e-16,0.419394,417.047,0.212193,0.00754561,9.37453,0.000804906,18.1109,0.0434783,0.960303,-173,0.342391,2,1,72,0.130435,86,0.155797,1.58352,1.40272,10.5,2.50343,0.0499926,0.107877,0.461615,0.0499926,0.14997,0.528086,0.528121,0.100888,9,144,0.676223,0.489227,0.186996,2.50343,2.94364,7.67645,10.6458,0.890747,0.138889,0.000137329,0.099765,9,1024,364,552,319340,446882,80462,12800,552,1,376,0.681159,0.0400827,0.251963,0.012207,1422.22,0.0468645,30347.5,32704,59.2464,26,397,75.6148,91.25,97,97.45,112,12800,114.286,62,434,158.203,80.25,417.8,420,2,2,6,1.73205,3,4.8,6,36.7928
3_0.02_-0.22_0.35_-0.47_0.08_0.03_-0.2_0.07_0.02_-0.44,280,384,30.9494,0.0805975,0.57801,184,92,1.0132,3.88155,1.11022e-16,0.439518,291.989,0.383333,0.0151855,9.18188,0.00165385,12.1687,0.0625,0.914222,-173,0.273438,2,1,68,0.177083,11,0.0286458,1.48443,1.13028,1434,1.75794,0.0532532,0.115438,0.49607,0.0532532,0.159664,0.747161,0.747445,0.19492,32,112,0.719746,0.556424,0.163321,1.75794,2.74935,8.05094,8.28675,0.649688,0.151786,0.000106812,0.142899,9,1024,280,384,266919,343603,52448,2976,68,0.177083,88,0.229167,0.0111494,0.196494,0.00283813,330.667,0.0138504,23874.2,4360,64.1176,37,196,61.1323,40,196,196,28,2976,106.286,43.5,196,77.7555,196,196,196,0.354167,0,2,0.691905,0,2,2,62.0799
3_0.02_-0.25_-0.4_-0.21_-0.34_0.05_0.48_0.4_-0.2_-0.36,568,960,40.6954,0.042391,1.0202,184,380,0.965098,3.66055,3.33067e-16,0.403964,684.738,0.152414,0.0113648,9.38325,0.00121118,13.5348,0.025,0.99518,-173,0.409375,2,1,84,0.0875,143,0.148958,1.35712,1.09445,165,2.43559,0.0351448,0.116544,0.612038,0.022089,0.0662632,0.932351,0.932487,0.430088,21,212,0.655809,0.322569,0.333241,2.43559,2.68951,6.1596,11.3611,0.929,0.150943,0.000202179,0.155649,9,1024,568,960,324134,521718,92488,29607,2640,2.75,776,0.808333,0.0913419,0.285339,0.0282354,3289.67,0.0987659,33307.7,157395,59.6193,48,448,54.4716,79,111.1,161,40,29607,740.175,54.5,5407,1583.03,814,1295.1,5395.45,5.5,5,18,4.92612,8,12,17,99.5813
3_0.02_-0.2_0.17_0.36_-0.06_0.47_0.49_0.21_0.18_-0.14,304,432,27.9007,0.0645849,1.1976,184,116,1.05102,3.80584,1.66533e-16,0.428139,332.865,0.240915,0.010007,9.35358,0.00106986,15.1631,0.0555556,0.861773,-173,0.298611,2,1,84,0.194444,15,0.0347222,1.78573,1.57564,271,1.93593,0.0354605,0.118174,0.504845,0.0277395,0.0832157,0.561677,0.561723,0.239797,12,119,0.722078,0.365046,0.357033,1.93593,1.59005,0.60691,5.84396,0.953511,0.193277,0.000113487,0.258612,9,1024,304,432,254274,362994,70082,27166,528,1.22222,368,0.851852,0.106838,0.275616,0.0259075,3018.44,0.120987,24948.4,39877,75.5246,18.5,568,132.485,127,150,517.65,136,27166,199.75,155,586,215.41,527.25,545.5,557.25,2.44444,2,6,1.65738,3,5,5,69.5217
3_0.02_0.05_0.24_-0.4_-0.41_0.33_0.48_0.43_-0.29_0.41,472,768,47.2899,0.0615754,1.00958,184,284,1.02912,3.31482,2.77556e-16,0.403448,560.527,0.309322,0.0106097,9.43003,0.0011251,13.3567,0.03125,1.01039,-173,0.386719,2,1,132,0.171875,98,0.127604,1.26806,1.0011,773,2.50527,0.0432968,0.135459,0.64528,0,0,1,1,1,0,198,0.617499,0.236357,0.381143,2.50527,3.95136,14.5137,13.883,0.617208,0.0555556,0.000188828,0.379443,9,1024,472,768,355746,561458,124240,26966,1236,1.60938,576,0.75,0.0758013,0.349238,0.0257168,2996.22,0.0791137,37872.3,67616,54.7055,32,517,73.2714,82,107,116.25,100,26966,269.66,93,938,344.402,156,924,933.05,3.21875,3,11,2.85301,5,7,9,161.432
3_0.02_0.26_-0.12_-0.28_-0.17_0.24_0.16_0.47_0.36_0.21,472,768,32.1111,0.0418114,1.14501,184,284,1.02912,4.01623,0,0.404301,560.34,0.180589,0.00761407,9.37248,0.000812386,16.3628,0.03125,0.918155,-173,0.386719,2,1,108,0.140625,108,0.140625,1.29476,1.09109,1480,1.62417,0.0361786,0.153229,0.649284,0.0138092,0.0414276,0.793181,0.793181,0.397752,21,128,0.692944,0.299397,0.393547,1.62417,2.27642,4.08382,6.68288,0.734444,0.179688,0.00012207,0.147167,9,1024,472,768,284074,430238,64258,11226,4294,5.59115,648,0.84375,0.0395179,0.226202,0.0107059,1247.33,0.0454385,27451,202919,47.2564,35,193,37.1993,84,99,108,52,11226,215.885,205.5,382,159.753,370.25,380,381,11.1823,15,27,6.95076,17,17,17,68.228
3_0.02_0.34_-0.07_0.27_0.18_0.47_-0.47_-0.2_0.18_0.37,424,672,37.754,0.0561815,0.981327,184,236,1.0566,3.82951,2.22045e-16,0.408168,503.91,0.325247,0.0181776,9.32846,0.00194862,11.2483,0.0357143,0.981529,-173,0.370536,2,1,120,0.178571,22,0.0327381,1.1928,1.05247,4099,1.02693,0.0218658,0.0741183,0.559213,0,0,1,1,1,0,152,0.638412,0.32399,0.314423,1.02693,2.91078,7.84062,5.20605,0.326164,0.0723684,0.000144958,0.161542,9,1024,424,672,356290,497498,76288,24170,996,1.48214,528,0.785714,0.067838,0.214118,0.0230503,2685.56,0.0794883,33785.6,51236,51.4418,32.5,1141,123.878,45,64.5,91,92,24170,262.717,66,1644,515.403,79,1533.9,1601,2.96429,3,8,2.24376,3.5,6,7,155.742
3_0.02_0.36_-0.07_0.48_0.28_0.33_-0.39_-0.25_0.48_-0.25,500,848,39.2032,0.0462302,1.07534,136,312,1.31575,3.62372,0,0.401347,605.337,0.13981,0.0193474,9.37956,0.00206272,11.713,0.0283019,0.939204,-149,0.411557,2,1,80,0.0943396,113,0.133255,1.20889,1,1236,1.49571,0.0227232,0.117623,0.600262,0.0101357,0.030406,0.979777,0.979824,0.659652,24,229,0.674405,0.291034,0.383371,1.49571,2.36263,6.09894,7.71586,0.670998,0.187773,0.000218391,0.0450388,9,1024,500,848,334529,507122,80288,30265,1604,1.89151,638,0.752358,0.0904705,0.240003,0.028863,3362.78,0.102218,32898.1,105841,65.9857,54,1418,119.233,79.25,99,110,105,30265,288.238,86,2215,647.212,100,2015.8,2023,3.78302,2.5,12,3.64719,7,9,11,166.535
3_0.02_0.4_0.27_-0.47_-0.18_-0.34_-0.14_0.34_-0.21_0.23,396,616,36.1952,0.0587584,0.899348,184,208,1.06868,3.62044,0,0.404103,440.324,0.279461,0.0179505,9.65437,0.00185932,11.5891,0.038961,0.922016,-173,0.358766,2,1,88,0.142857,41,0.0665584,1.36535,1.03961,1577,1.94671,0.0476465,0.0732085,0.537351,0.0115204,0.0345592,0.511309,0.511345,0.182643,8,132,0.67587,0.255966,0.419904,1.94671,2.96695,7.95507,9.30555,0.66364,0.113636,0.000125885,0.361792,9,1024,396,616,290038,421332,73710,9301,1258,2.04221,472,0.766234,0.0320682,0.254139,0.00887012,1033.44,0.0369745,27950.2,60551,48.1328,48.5,137,36.2693,80,93,103,62,9301,150.016,169,264,100.205,252,262,263,4.08442,5,9,3.08526,7,8,8,78.8176
3_0.03_-0.17_-0.32_0.38_-0.24_-0.31_0.29_0.49_-0.21_-0.21,652,1128,46.0783,0.0408496,1.298,184,464,0.909405,3.62051,4.44089e-16,0.38497,778.327,0.270815,0.00587895,9.38328,0.000626535,18.2387,0.0212766,1.0479,-173,0.422872,2,1,164,0.14539,182,0.161348,1.37477,1.13931,408,2.49926,0.0415249,0.120334,0.625924,0.0415249,0.124377,0.714154,0.714268,0.218017,9,186,0.642222,0.40909,0.233132,2.49926,3.19494,9.41657,12.0264,0.819408,0.107527,0.000177383,0.15843,9,1024,652,1128,350198,609626,122022,55876,2520,2.23404,956,0.847518,0.159555,0.348437,0.0532875,6208.44,0.160227,38747.8,261579,103.801,90,1406,103.486,108,128,251,88,55876,634.955,50.5,5886,1430.73,84.25,2920.6,2940.3,4.46809,3,13,3.57305,6,10,10,124.876
3_0.03_-0.27_0.24_0.28_-0.42_0.49_-0.48_-0.14_-0.14_-0.5,472,768,40.6065,0.0528731,0.913995,184,284,1.02912,3.37167,2.22045e-16,0.399122,536.735,0.0690073,0.0194868,9.36239,0.00208139,12.3961,0.03125,1.00119,-173,0.386719,2,1,56,0.0729167,72,0.09375,1.33333,1,508,1.87012,0.0296221,0.0669594,0.44057,0.00749016,0.0224676,0.977942,0.97807,0.5379,36,254,0.662428,0.291752,0.370676,1.87012,2.91698,10.3568,11.3582,0.863085,0.232283,0.000242233,0.152469,9,1024,472,768,322914,472562,68535,22269,1538,2.0026,570,0.742188,0.0689626,0.212239,0.0212374,2474.33,0.0801697,30863.7,82099,53.3804,44,283,48.781,72,108,139,88,22269,253.057,63.5,927,341.686,421.25,917,920.3,4.00521,3,11,3.48359,6,9,10,182.773
3_0.03_-0.29_-0.09_0.46_0.1_0.36_0.21_-0.04_-0.19_0.22,424,672,32.7244,0.048697,0.670503,184,236,1.0566,3.67996,2.22045e-16,0.398976,485.997,0.265723,0.00980767,9.60978,0.00102059,15.377,0.0357143,1.02178,-173,0.370536,2,1,92,0.136905,94,0.139881,1.23645,1.03613,348,2.20732,0.0378618,0.114594,0.521926,0.0212984,0.0638943,0.907352,0.90748,0.584189,12,168,0.70666,0.317221,0.38944,2.20732,2.35568,4.12675,9.00119,0.869882,0.136905,0.000160217,0.18344,9,1024,424,672,267914,424214,89164,14568,746,1.11012,548,0.815476,0.0543757,0.332808,0.0138931,1618.67,0.0582831,27772.5,30600,41.0188,25,179,39.0898,61,99,108.5,156,14568,93.3846,46,395,129.245,74,374.5,386.5,2.22024,2,8,1.81405,3,5,5,107.958
3_0.03_-0.43_-0.04_0.48_0.47_0.1_0.3_-0.23_0.45_-0.36,588,1000,39.5337,0.0395337,0.930462,184,400,0.951581,3.69368,0,0.40106,697.649,0.334305,0.00829337,9.36416,0.00088565,13.8295,0.024,1.0325,-173,0.413,2,1,204,0.204,92,0.092,1.37272,1.06688,530,2.30462,0.0434256,0.140016,0.682364,0.0172968,0.0518847,0.880601,0.880725,0.430669,12,176,0.670864,0.258924,0.41194,2.30462,2.86205,7.67262,11.3926,0.845118,0.130682,0.000167847,0.169882,9,1024,588,1000,299618,504168,100780,13349,2352,2.352,711,0.711,0.0445534,0.336362,0.0127306,1483.22,0.0476017,31159,110895,47.1492,28,151,41.8895,87,107,115,154,13349,86.6818,15,1546,246.558,74,204.7,213,4.704,2,29,6.71955,7,13,21,99.2785
3_0.03_-0.48_0.05_-0.31_0.04_0.13_0.39_-0.06_-0.2_0.22,444,712,32.687,0.0459087,1.28129,184,256,1.04591,3.38887,4.44089e-16,0.399581,496.265,0.241527,0.00749731,9.37267,0.000799912,15.3522,0.0337079,0.780884,-173,0.377809,2,1,112,0.157303,85,0.119382,1.46218,1.10771,3174,1.51313,0.0491514,0.155623,0.636997,0.0491514,0.147379,0.537281,0.537476,0.143726,9,76,0.735814,0.45499,0.280824,1.51313,1.52513,0.934105,5.0767,0.878967,0.263158,7.24792e-05,0.294583,9,1024,444,712,238530,394926,76152,21350,9644,13.5449,640,0.898876,0.0895066,0.319255,0.0203609,2372.22,0.0944933,25104.7,406749,42.1764,35,756,40.5948,64,90,98,64,21350,333.594,1,1519,453.487,717.75,774,1403.85,27.0899,25,69,21.259,49,61.9,64.45,42.1211
3_0.03_0.03_-0.24_-0.08_-0.47_0.06_-0.45_0.12_0.15_0.36,340,504,22.36,0.0443651,0.969745,184,152,1.07404,3.35644,2.22045e-16,0.436637,406.256,0.197759,0.0119982,9.32015,0.00128734,13.7391,0.047619,0.905431,-173,0.327381,2,1,72,0.142857,35,0.0694444,1.09691,1.04137,1351,1.62249,0.0260277,0.121762,0.523217,0.0260277,0.078083,0.989002,0.989002,0.677197,21,131,0.764235,0.515232,0.249002,1.62249,1.23694,-0.357989,4.46149,0.93474,0.244275,0.000124931,0.218911,9,1024,340,504,225486,330264,55792,23494,576,1.14286,336,0.666667,0.104193,0.24743,0.0224056,2610.44,0.121257,21528.2,54614,94.816,87,422,97.483,104,227.5,415,36,23494,652.611,728,732,109.222,731,731.5,732,2.28571,2,7,2.17437,5,5,5,81.463
3_0.03_0.19_-0.14_-0.13_0.07_-0.17_0.07_0.26_0.45_0.12,376,576,27.6652,0.0480299,0.74416,184,188,1.07427,3.61964,1.11022e-16,0.409594,420.278,0.202128,0.00804621,9.65009,0.000833796,16.5315,0.0416667,0.964711,-173,0.348958,2,1,72,0.125,73,0.126736,1.33756,1.12505,866,2.0434,0.0517159,0.136729,0.501741,0.0517159,0.155144,0.619223,0.61925,0.311762,9,116,0.742725,0.503698,0.239027,2.0434,2.47279,4.99603,8.07706,0.85299,0.172414,0.000110626,0.131862,9,1024,376,576,244628,363288,69664,5720,663,1.15104,408,0.708333,0.0233824,0.284775,0.00545502,635.556,0.0269291,23601,17506,26.4042,17,110,25.664,35,71,81,106,5720,53.9623,21,198,72.1471,28.75,186,190.5,2.30208,2,8,2.0997,4,5,5,60.5289
3_0.03_0.31_-0.03_0.43_0.44_-0.41_-0.46_0.29_-0.41_0.21,328,480,41.2819,0.086004,0.973682,184,140,1.06964,3.25111,2.22045e-16,0.408041,352.408,0.139954,0.0121559,9.3255,0.00130351,12.8431,0.05,0.914665,-173,0.31875,2,1,56,0.116667,26,0.0541667,1.53518,1.20564,773,2.33661,0.0429115,0.11076,0.552673,0.0123892,0.0371675,0.478821,0.478821,0.194837,9,185,0.646718,0.275718,0.371,2.33661,3.36407,10.827,12.2753,0.745217,0.108108,0.00017643,0.213103,9,1024,328,480,325548,461092,86810,34292,900,1.875,404,0.841667,0.105336,0.266658,0.0327034,3810.22,0.115896,32876.2,69446,77.1622,44,1841,207.895,68,117,128,84,34292,408.238,66.5,2523,854.16,122,2485.7,2489.85,3.75,3,13,3.07205,5,8,8.2,127.148
3_0.03_0.37_-0.12_-0.2_0.14_-0.16_0.4_-0.18_-0.25_-0.06,412,648,33.1669,0.0511835,0.796496,184,224,1.06227,3.22249,2.22045e-16,0.400179,457.036,0.292649,0.0102838,9.33268,0.00110191,13.9231,0.037037,0.93265,-173,0.365741,2,1,112,0.17284,56,0.0864198,1.16132,1.02469,134,2.85496,0.0594387,0.126187,0.57499,0.0594387,0.178212,0.792726,0.793054,0.267491,21,176,0.696921,0.588848,0.108073,2.85496,3.80627,14.1629,15.0106,0.873321,0.136364,0.000167847,0.104494,9,1024,412,648,305448,452056,81552,26576,832,1.28395,440,0.679012,0.0870066,0.266991,0.0253448,2952.89,0.0995499,29662.4,58145,69.8858,30,569,103.451,93,141.9,282,52,26576,511.077,563,625,172.814,623,624,625,2.5679,2,8,2.51876,4,6,8,76.8923
3_0.03_0.3_-0.03_-0.22_-0.46_0.35_0.27_0.1_0.35_-0.43,752,1328,42.0041,0.0316296,1.35042,184,564,0.848415,3.56723,1.11022e-16,0.387916,921.608,0.222391,0.00819625,9.37321,0.000874434,15.8278,0.0180723,0.987827,-173,0.434488,2,1,192,0.144578,188,0.141566,1.29639,1.00756,281,2.42238,0.0448875,0.117307,0.617811,0.0156517,0.0469551,0.985883,0.985893,0.681507,21,180,0.685036,0.29035,0.394686,2.42238,2.89211,7.91807,11.7947,0.956259,0.177778,0.000171661,0.195211,9,1024,752,1328,283252,565080,116024,38752,9193,6.92244,1228,0.924699,0.136811,0.409614,0.0369568,4305.78,0.129938,33137.2,499913,54.3797,49,517,42.652,81,103,115,100,38752,387.52,219,3450,661.412,560,585.3,798.05,13.8449,13,43,10.8452,17,34,36.65,97.3534
3_0.04_-0.44_-0.15_0.3_0.18_0.49_0.07_0.21_-0.24_-0.14,340,504,34.2268,0.0679103,0.65508,184,152,1.07404,3.40785,1.11022e-16,0.411986,373.33,0.142857,0.0110756,9.36307,0.0011829,14.5232,0.047619,0.937335,-173,0.327381,2,1,48,0.0952381,65,0.128968,1.30273,1.00727,658,2.42362,0.0439911,0.137786,0.531086,0.0129452,0.0388298,0.622442,0.623723,0.241728,16,197,0.670992,0.277261,0.393731,2.42362,3.38386,11.1247,12.9156,0.790307,0.116751,0.000187874,0.17217,9,1024,340,504,298874,398803,58837,8506,388,0.769841,312,0.619048,0.0284602,0.196862,0.00811195,945.111,0.0352095,26842.5,18514,47.7165,41,273,45.4366,53,62,79.65,92,8506,92.4565,103,303,98.9658,121.25,271,285,1.53968,1,4,1.48885,3,4,4,101.395
3_0.04_0.16_0.34_0.32_0.46_0.08_0.43_-0.33_-0.02_-0.41,376,576,27.6678,0.0480343,1.11945,184,188,1.07427,3.64548,1.33227e-15,0.437212,452.926,0.450101,0.00892606,9.35606,0.000954041,14.6831,0.0416667,0.834707,-173,0.348958,2,1,156,0.270833,19,0.0329861,1.44847,1.13754,1861,1.1055,0.0417452,0.142561,0.613229,0.0163689,0.0490971,0.764923,0.765065,0.289318,21,68,0.733457,0.318504,0.414952,1.1055,1.22514,0.408537,3.87027,0.517718,0.161765,6.48499e-05,0.152815,9,1024,376,576,235808,341260,48188,9812,5132,8.90972,480,0.833333,0.0416101,0.204353,0.00935745,1090.22,0.0494818,22032.8,267105,52.047,46,148,32.272,77,98,109,59,9812,166.305,89,1070,253.913,91,272,1068.1,17.8194,12,45,17.5058,41,43,44,79.7053
3_0.05_-0.05_-0.24_0.49_-0.26_0.24_-0.02_-0.06_0.47_-0.28,348,520,32.1217,0.0617726,0.829427,184,160,1.07558,3.80181,1.11022e-16,0.398137,353.847,0.246853,0.0102204,9.32516,0.001096,14.8524,0.0461538,0.897872,-173,0.332692,2,1,96,0.184615,14,0.0269231,1.54521,1.28529,704,1.92918,0.0294638,0.10523,0.553892,0.0294638,0.0883875,0.958414,0.958996,0.673316,9,173,0.693582,0.381685,0.311896,1.92918,2.4122,4.45531,7.34915,0.706488,0.115607,0.000164986,0.105854,9,1024,348,520,297420,399592,61318,2441,402,0.773077,259,0.498077,0.00820725,0.206166,0.00232792,271.222,0.0100012,27119,9764,24.2886,13,82,23.3281,40,64,74,64,2441,38.1406,17,122,47.6199,54,117.7,119.7,1.54615,0,7,1.90288,3,4,6,57.8637
3_0.05_-0.09_-0.24_0.28_0.23_-0.46_-0.28_0.01_-0.27_-0.01,292,408,33.5693,0.0822777,0.937211,184,104,1.03509,3.89382,2.77556e-16,0.413102,295.767,0.431181,0.0070193,9.18134,0.000764519,17.9462,0.0588235,0.854113,-173,0.286765,2,1,96,0.235294,12,0.0294118,1.49594,1.14485,362,1.87294,0.042367,0.157779,0.568237,0.042367,0.127078,0.73813,0.738688,0.150134,9,93,0.712654,0.380988,0.331666,1.87294,1.55917,0.661275,5.52881,0.964783,0.215054,8.86917e-05,0.242536,9,1024,292,408,258610,371540,80312,11076,392,0.960784,270,0.661765,0.042829,0.310553,0.0105629,1230.67,0.047229,26057.5,28318,72.2398,79,496,87.7732,103,122,130,36,11076,307.667,73,786,334.238,778,781.5,784.25,1.92157,2,8,1.85338,3,4,7,58.8814
3_0.05_-0.16_-0.44_-0.18_0.38_-0.49_0.34_-0.16_0.4_0.08,404,632,30.6933,0.0485653,1.19107,184,216,1.06566,3.91176,3.88578e-16,0.450229,499.668,0.300094,0.0158808,9.32615,0.00170282,10.8476,0.0379747,0.892823,-173,0.362342,2,1,120,0.189873,30,0.0474684,1.37156,1.03384,112,2.29231,0.0570669,0.119779,0.620202,0.0570669,0.170973,0.808234,0.808542,0.34917,18,156,0.748055,0.567534,0.18052,2.29231,3.16682,10.8396,11.9008,0.835475,0.147436,0.000148773,0.116341,9,1024,404,632,240750,366898,60920,15168,1504,2.37975,528,0.835443,0.0630031,0.253043,0.0144653,1685.33,0.0718449,23457.9,72601,48.2719,38.5,208,45.459,77,97.7,116.85,72,15168,210.667,132,452,172.437,438,448,449,4.75949,5,11,3.25582,7,9,10,78.3175
3_0.05_-0.17_-0.25_0.46_0.23_-0.4_-0.06_0.35_0.27_-0.46,708,1240,50.1244,0.0404229,1.11335,184,520,0.874432,3.50839,2.22045e-16,0.389993,858.347,0.371805,0.00720477,9.33111,0.000772124,17.0677,0.0193548,1.10313,-173,0.429839,2,1,264,0.212903,152,0.122581,1.44451,1.1055,162,3.28725,0.036315,0.112841,0.582557,0.0241127,0.0723152,0.595394,0.595603,0.201,9,356,0.602923,0.302846,0.300077,3.28725,4.23729,17.7882,21.4424,0.786568,0.0561798,0.000339508,0.244375,9,1024,708,1240,378337,625788,116386,17151,2086,1.68226,948,0.764516,0.0453326,0.307625,0.0163565,1905.67,0.0489995,38891.6,82742,39.6654,36.5,143,30.7067,60,80.5,93,252,17151,68.0595,46.5,248,79.0428,86,178.9,244,3.36452,3,15,2.9902,5,8,8,124.041
3_0.05_-0.23_-0.41_-0.46_-0.41_-0.21_0.44_-0.0_-0.44_-0.33,588,1000,42.0469,0.0420469,1.42786,184,400,0.951581,3.2838,2.22045e-16,0.402096,692.913,0.251539,0.0101798,9.37334,0.00108604,14.9149,0.024,0.954763,-173,0.413,2,1,180,0.18,124,0.124,1.31557,1.00681,312,1.74877,0.049633,0.103754,0.549719,0.049633,0.148888,0.827314,0.827364,0.217959,21,92,0.689638,0.45672,0.232918,1.74877,1.92917,2.82776,6.62121,0.849296,0.217391,8.7738e-05,0.213391,9,1024,588,1000,292650,520358,114318,18923,8261,8.261,896,0.896,0.0646609,0.39063,0.0180464,2102.56,0.0644052,32645.8,309891,37.5125,27,165,33.727,58,90,100,105,18923,180.219,2,3105,587.018,42,589,605,16.522,13,58,16.019,27,43,46.05,94.2871
3_0.05_-0.33_0.24_-0.28_-0.11_-0.02_0.46_0.33_0.11_-0.46,512,848,37.9574,0.0447611,1.07792,184,324,1.00303,3.57604,1.55431e-15,0.40304,594.47,0.244606,0.00731288,9.37284,0.00078022,17.216,0.0283019,0.996574,-173,0.397406,2,1,148,0.174528,78,0.0919811,1.51597,1.16018,316,2.08208,0.0383835,0.123512,0.552132,0.0383835,0.115142,0.494329,0.494383,0.156532,9,144,0.681512,0.403768,0.277744,2.08208,2.3285,4.00261,8.11024,0.829254,0.138889,0.000137329,0.27341,9,1024,512,848,299094,467342,75618,30376,2319,2.73467,669,0.788915,0.10156,0.252824,0.0289688,3375.11,0.114516,29472.9,147522,63.6145,48,868,74.8934,98,113.2,144,36,30376,843.778,149,4503,1354.51,1119,2817.5,4502,5.46934,6,20,4.07986,8,11,13,81.8071
3_0.05_-0.36_-0.2_-0.17_0.04_0.08_0.09_0.27_0.06_-0.16,236,296,24.4401,0.0825679,0.473182,184,48,0.846992,3.44304,0,0.431468,224.027,0.0815174,0.0122046,9.18872,0.00132822,14.1411,0.0810811,0.86613,-173,0.206081,2,1,16,0.0540541,0,0,1.60947,1.29796,405,2.0118,0.0485268,0.154983,0.409311,0.0485268,0.145576,0.61235,0.612425,0.209021,9,108,0.757618,0.462383,0.295235,2.0118,1.96616,2.36243,6.91759,0.925279,0.185185,0.000102997,0.192276,9,1024,236,296,218812,283770,49210,2578,114,0.385135,144,0.486486,0.0117818,0.224896,0.00245857,286.444,0.0143487,19963.1,3426,30.0526,34.5,52,15.3805,43,47.7,49,88,2578,29.2955,37,56,20.0041,44.25,51,52,0.77027,0,3,0.916033,1,2,2,62.0326
3_0.05_0.07_0.05_0.4_-0.36_-0.06_0.27_-0.45_-0.49_0.01,440,704,40.9476,0.0581642,1.0399,184,252,1.04816,3.32873,7.21645e-16,0.390284,481.17,0.227056,0.0170922,9.33873,0.00183025,11.8653,0.0340909,0.948451,-173,0.37642,2,1,84,0.119318,82,0.116477,1.33896,1.02997,1006,2.19514,0.0369644,0.107855,0.510296,0.0369644,0.110692,0.575078,0.575629,0.0887262,9,163,0.670823,0.384496,0.286327,2.19514,2.62744,5.64379,8.9818,0.808204,0.122699,0.000155449,0.228921,9,1024,440,704,307043,481126,98505,40680,772,1.09659,468,0.664773,0.13249,0.320818,0.0387955,4520,0.141609,31918.9,104348,135.166,104.5,725,141.062,120,127,347,80,40680,508.5,432.5,963,395.532,958,961,963,2.19318,2,6,2.11788,4,5,6,64.927
3_0.05_0.12_0.13_-0.27_-0.44_-0.04_-0.35_-0.13_-0.34_-0.21,256,336,26.2539,0.0781367,0.586819,184,68,0.944208,3.43505,0,0.441415,267.243,0.116815,0.0144815,9.19121,0.00157558,11.1964,0.0714286,0.864419,-173,0.241071,2,1,24,0.0714286,36,0.107143,1.33409,1.13058,79,2.30561,0.0601721,0.16526,0.568479,0.0601721,0.180511,0.738139,0.738176,0.39901,21,133,0.754559,0.59256,0.161999,2.30561,3.06887,8.82948,10.6061,0.814971,0.150376,0.000126839,0.131561,9,1024,256,336,237102,322352,65648,1274,128,0.380952,144,0.428571,0.00537321,0.276877,0.00121498,141.556,0.00627417,22561.6,2504,19.5625,23,32,9.88824,26,32,32,48,1274,26.5417,25.5,32,4.45794,32,32,32,0.761905,0,4,1.06479,1,2,2,85.4541
3_0.05_0.1_0.25_0.17_-0.48_-0.02_0.0_-0.15_0.17_-0.28,276,376,30.0834,0.080009,0.643914,184,88,1.0043,3.57621,2.77556e-16,0.411383,267.142,0.115942,0.0164439,9.371,0.00175476,12.1058,0.0638298,0.84043,-173,0.268617,2,1,24,0.0638298,9,0.0239362,1.2666,1.06736,13,3.01844,0.062377,0.136497,0.439702,0.062377,0.187059,0.749863,0.75035,0.191215,21,188,0.723722,0.564991,0.158731,3.01844,3.96187,15.2541,16.2035,0.851259,0.106383,0.000179291,0.137513,9,1024,276,376,271096,370644,64524,16662,632,1.68085,288,0.765957,0.0614616,0.238012,0.0158901,1851.33,0.072059,25691.9,34344,54.3418,42,168,45.2861,98,131,141,136,16662,122.515,2,1248,233.576,263.25,291,398,3.3617,2,11,3.49118,6,10,10,95.4317
3_0.05_0.32_0.25_0.14_-0.04_-0.42_0.42_-0.06_-0.47_-0.2,460,744,41.9418,0.0563733,0.916904,184,272,1.03652,3.62562,1.11022e-16,0.409066,541.43,0.417184,0.00833454,9.33169,0.000893144,15.3327,0.0322581,0.93676,-173,0.383065,2,1,168,0.225806,36,0.0483871,1.5888,1.24125,123,2.46898,0.0375729,0.0883037,0.60042,0.0211678,0.0634975,0.481856,0.482471,0.176509,9,236,0.639029,0.300411,0.338617,2.46898,3.41563,11.4724,13.8761,0.722301,0.0847458,0.000225067,0.217578,9,1024,460,744,339162,504482,86195,23847,1664,2.23656,560,0.752688,0.0703115,0.254141,0.0227423,2649.67,0.079745,33226.7,95067,57.1316,44,284,49.0209,79.25,116,126.85,114,23847,209.184,138,944,250.43,317,532.5,542.05,4.47312,5,12,3.41121,7,9,9,69.5301
3_0.05_0.46_-0.09_0.42_-0.47_-0.21_0.13_-0.01_0.32_-0.32,468,760,34.0969,0.0448643,1.06488,184,280,1.03162,3.90893,3.88578e-16,0.395577,527.375,0.115181,0.0109895,9.37277,0.00117249,13.6047,0.0315789,0.958032,-173,0.385526,2,1,72,0.0947368,109,0.143421,1.33381,1.09929,57,3.48631,0.0551233,0.1079,0.603363,0.0551233,0.165343,0.674313,0.675962,0.17142,21,262,0.695281,0.506356,0.188925,3.48631,4.40702,19.5082,20.7719,0.934274,0.10687,0.000249863,0.149427,9,1024,468,760,296734,444288,71927,12227,1464,1.92632,464,0.610526,0.0412053,0.242396,0.0116606,1358.56,0.0476805,28492.9,98722,67.4331,64,167,37.743,94.25,113,133,142,12227,86.1056,2,585,175.467,16,323,577,3.85263,1,14,4.394,9,10,12,93.3853
3_0.06_-0.01_-0.05_-0.31_0.45_-0.01_-0.16_-0.33_-0.06_-0.08,304,432,28.9909,0.0671085,0.856179,184,116,1.05102,3.53242,1.11022e-16,0.454449,358.098,0.315789,0.0125742,9.36565,0.00134259,13.24,0.0555556,0.897771,-173,0.298611,2,1,72,0.166667,24,0.0555556,1.40708,1.15334,13765,0.74363,0.0608978,0.100741,0.501849,0.0608978,0.18269,0.693553,0.693579,0.262163,21,33,0.761054,0.592344,0.16871,0.74363,1.27072,0.221539,2.64059,0.320061,0.121212,3.14713e-05,0.125657,9,1024,304,432,227760,351300,74113,18090,384,0.888889,360,0.833333,0.0794257,0.3254,0.017252,2010,0.0834185,24095.4,38430,100.078,81.5,255,84.2747,180,196,254,78,18090,231.923,28,488,224.849,485,487,488,1.77778,1,6,1.60054,3,4,6,67.4338
3_0.06_-0.09_-0.49_0.04_-0.09_-0.03_0.48_-0.21_0.05_-0.31,604,1032,31.0905,0.0301265,1.20021,184,416,0.940858,3.17085,2.44249e-15,0.399699,721.51,0.202933,0.0069429,9.383,0.000739944,17.3692,0.0232558,0.915755,-173,0.415698,2,1,116,0.112403,182,0.176357,1.2158,1.00757,577.5,2.28686,0.0621614,0.112869,0.624406,0.0621614,0.186479,0.931861,0.931878,0.498208,9,112,0.760961,0.556931,0.20403,2.28686,2.67245,5.91381,9.14907,0.9121,0.178571,0.000106812,0.151804,9,1024,604,1032,226666,446436,74542,32886,14131,13.6928,956,0.926357,0.145086,0.328863,0.0313625,3654,0.139692,26157.5,720109,50.9595,43,389,47.6819,73,96,110,44,32886,747.409,147,4239,1183.97,1233.5,1249.4,4239,27.3857,16,82,28.6191,61.25,73,74.45,83.5396
3_0.06_-0.0_-0.2_0.06_0.44_-0.02_-0.21_-0.29_0.17_-0.32,284,392,30.8326,0.0786547,0.932203,184,96,1.02125,3.43536,1.66533e-16,0.428109,292.283,0.208585,0.0144796,9.18635,0.00157621,12.4659,0.0612245,0.764148,-173,0.278061,2,1,56,0.142857,0,0,1.44447,1.1905,6,2.11158,0.0508928,0.111308,0.487097,0.0508928,0.15259,0.668471,0.668866,0.205869,9,133,0.720703,0.494315,0.226388,2.11158,2.75316,6.96646,9.39186,0.8036,0.150376,0.000126839,0.222019,9,1024,284,392,268409,373626,59158,21800,628,1.60204,306,0.780612,0.0812193,0.220402,0.0207901,2422.22,0.093967,25777.4,74243,118.221,92,542,115.769,118,187.3,508,138,21800,157.971,105,573,196.873,195,558.6,563.15,3.20408,3,9,2.79744,6,7,8,69.7106
3_0.06_-0.16_0.16_-0.46_0.39_-0.3_-0.28_-0.48_0.03_-0.03,364,552,29.2386,0.0529685,1.0271,184,176,1.07594,3.35363,2.22045e-16,0.445458,419.388,0.331502,0.0169741,9.15355,0.00185438,11.0134,0.0434783,0.914039,-173,0.342391,2,1,88,0.15942,55,0.0996377,1.32138,1.00105,2200,1.20977,0.050128,0.0764945,0.577651,0.050128,0.150323,0.884737,0.88482,0.379641,20,68,0.769699,0.545332,0.224367,1.20977,1.31984,1.26592,4.42862,0.51583,0.161765,6.48499e-05,0.163016,9,1024,364,552,208352,340558,74420,15675,1510,2.73551,464,0.84058,0.0752333,0.357184,0.0149488,1741.67,0.0776057,22442.5,69322,45.9086,36,318,50.6313,63,82,176,67,15675,233.955,54,2438,469.174,67,879.2,884,5.47101,3.5,15,4.30064,9,12,12,79.4675
3_0.06_-0.29_-0.14_0.44_-0.02_0.38_-0.34_0.36_0.38_0.28,436,696,33.4635,0.0480797,1.07101,184,248,1.05035,3.57556,2.77556e-16,0.405643,512.674,0.461555,0.0111687,9.3536,0.00119405,13.4422,0.0344828,0.958454,-173,0.375,2,1,180,0.258621,20,0.0287356,1.25496,1.05164,1143,1.95739,0.0381746,0.116453,0.63482,0.014183,0.0425491,0.87816,0.87816,0.522173,12,152,0.679702,0.297182,0.38252,1.95739,2.61845,5.82637,8.5369,0.781555,0.151316,0.000144958,0.152615,9,1024,436,696,295860,438380,74490,19708,836,1.20115,524,0.752874,0.0666126,0.251774,0.018795,2189.78,0.0769481,28457.9,61826,73.9545,58,397,78.2876,105,115,120.5,108,19708,182.481,117,416,164.542,408,415,416,2.4023,2,8,1.94144,3,5,6,137.332
3_0.06_-0.2_-0.37_-0.44_-0.34_-0.43_0.48_-0.07_0.26_-0.29,328,480,29.2418,0.0609203,0.971173,184,140,1.06964,3.79476,0,0.452171,369.937,0.272067,0.0135319,9.32101,0.00145176,12.3174,0.05,0.898572,-173,0.31875,2,1,76,0.158333,33,0.06875,1.35002,1.04383,139,2.26533,0.0567741,0.129086,0.588026,0.0567741,0.170291,0.765681,0.767352,0.297159,21,148,0.740857,0.595776,0.145082,2.26533,2.9908,9.57442,11.3417,0.857395,0.155405,0.000141144,0.0809954,9,1024,328,480,248620,342496,53962,7398,256,0.533333,280,0.583333,0.0297563,0.217046,0.00705528,822,0.0358594,22922.9,13698,53.5078,36,205,57.1506,68,137,186,90,7398,82.2,62,219,82.7586,203,216,217.55,1.06667,1,4,1.16714,2,3,3,63.5674
3_0.06_0.21_0.06_-0.35_0.03_0.03_-0.18_-0.03_0.35_-0.39,360,544,31.0348,0.0570493,0.916179,184,172,1.07615,3.75853,2.22045e-16,0.419429,398.754,0.446296,0.0104114,9.65161,0.00107872,14.09,0.0441176,0.873741,-173,0.340074,2,1,108,0.198529,42,0.0772059,1.53636,1.21933,2132,1.86675,0.0518389,0.0928074,0.563187,0.0518389,0.155458,0.595528,0.595586,0.175919,9,108,0.716154,0.466782,0.249372,1.86675,2.46139,5.20232,7.81759,0.820242,0.185185,0.000102997,0.164291,9,1024,360,544,269320,375910,56742,6216,488,0.897059,324,0.595588,0.0230804,0.210686,0.00592804,690.667,0.0276452,24983.2,21576,44.2131,24,235,45.5937,63,82,149,80,6216,77.7,56,314,102.645,72,310.3,313.05,1.79412,1,7,1.97081,3,5,6,57.0625
3_0.06_0.33_-0.34_-0.07_-0.06_-0.24_-0.11_0.13_0.12_0.02,316,456,26.3006,0.0576768,0.883916,184,128,1.06221,2.81265,8.32667e-16,0.409518,331.03,0.267631,0.0108989,9.37847,0.00116212,13.925,0.0526316,0.800418,-173,0.309211,2,1,80,0.175439,37,0.0811404,1.29946,1.12022,1108.5,1.47214,0.0679588,0.105567,0.548474,0.0679588,0.203744,0.649066,0.649219,0.226689,9,48,0.778081,0.600639,0.177442,1.47214,1.38041,0.231315,4.1924,0.740259,0.1875,4.57764e-05,0.166546,9,1024,316,456,211702,342522,72822,35280,1916,4.20175,384,0.842105,0.166649,0.343984,0.0336456,3920,0.170314,23016.3,103807,54.179,27,497,77.8999,48,108,224.25,44,35280,801.818,377,4626,1301.79,1352,1415,4624.85,8.40351,6,22,7.4271,14,19.5,22,64.4463
3_0.06_0.43_0.06_0.45_0.21_0.49_0.43_0.34_-0.01_0.09,268,360,23.4787,0.0652187,0.634807,184,80,0.983665,3.5037,3.33067e-16,0.414503,275.814,0.183724,0.0135567,9.18013,0.00147674,13.6592,0.0666667,0.864073,-173,0.258333,2,1,36,0.1,8,0.0222222,1.06512,1.00063,10531,0.538993,0.0194511,0.145544,0.430817,0.0150986,0.0452948,0.330816,0.33083,0.125957,36,71,0.74726,0.422365,0.324895,0.538993,-0.52209,-0.333819,1.84813,0,0,6.77109e-05,0.133012,9,1024,268,360,244640,322412,52817,4666,72,0.2,108,0.3,0.0190729,0.215897,0.00444984,518.444,0.0231837,22362.4,8354,116.028,116,131,10.2333,128,130.7,131,36,4666,129.611,131,139,6.86488,133,138,139,0.4,0,2,0.663325,1,1.1,2,67.2351
3_0.07_-0.02_0.27_-0.09_-0.34_0.26_0.01_0.17_-0.15_0.44,268,360,30.1473,0.0837424,0.457661,184,80,0.983665,3.66596,1.66533e-16,0.418889,278.724,0.179104,0.0122709,9.38775,0.00130712,12.6831,0.0666667,0.909465,-173,0.258333,2,1,36,0.1,36,0.1,1.21313,1.14447,3885,1.12172,0.0214577,0.151846,0.57126,0.0214577,0.064373,0.793042,0.793042,0.347594,33,116,0.671694,0.428032,0.243662,1.12172,1.31279,0.580224,3.70569,0.561067,0.172414,0.000110626,0.0960765,9,1024,268,360,325984,405330,56342,9216,36,0.1,48,0.133333,0.0282713,0.172837,0.00878906,1024,0.035489,28854,11876,329.889,117,785,310.124,735,784.5,785,12,9216,768,784,785,23.3381,785,785,785,0.2,0,2,0.541603,0,1,2,94.0231
3_0.07_-0.14_-0.04_-0.16_-0.1_-0.08_-0.26_0.4_0.29_0.28,196,216,23.7726,0.110058,0.67154,184,8,0.388509,3.68872,5.55112e-17,0.441174,174.351,0,0.0156366,9.14306,0.00171022,13.0801,0.111111,0.77749,-173,0.0972222,2,1,0,0,0,0,1.70296,1.53882,1649,1.3284,0.0317545,0.100127,0.219426,0.0264606,0.079381,0.544766,0.544775,0.238906,12,80,0.727025,0.381958,0.345067,1.3284,0.947914,-1.04458,3.49418,0.885419,0.2875,7.62939e-05,0.268398,9,1024,196,216,252992,302960,43761,1992,192,0.888889,171,0.791667,0.00787377,0.172974,0.00189972,221.333,0.0101611,21782.5,2792,14.5417,5.5,57,17.8538,21,51,55.45,90,1992,22.1333,8,57,22.3265,48.75,56,56,1.77778,2,5,1.42617,2,4,5,34.559
3_0.07_-0.46_-0.08_0.1_-0.48_-0.44_-0.32_-0.13_-0.28_-0.23,352,528,34.1779,0.0647308,0.590087,184,164,1.07598,3.91702,1.14908e-14,0.451706,420.804,0.228896,0.0122832,9.3254,0.00131717,13.4523,0.0454545,0.929716,-173,0.335227,2,1,72,0.136364,50,0.094697,1.39392,1.06678,595,2.35815,0.0484591,0.104342,0.512021,0.0484591,0.145372,0.815575,0.815602,0.355035,21,172,0.715569,0.472193,0.243376,2.35815,3.07721,9.23768,11.648,0.788527,0.116279,0.000164032,0.173118,9,1024,352,528,265612,393010,73666,19356,656,1.24242,320,0.606061,0.0728732,0.277344,0.0184593,2150.67,0.0810753,26526.8,70542,107.534,107,628,108.204,127,158,193,32,19356,604.875,625,1120,509.078,1111.25,1117.5,1118.9,2.48485,2,12,2.85637,4,7,7,89.2057
3_0.07_0.03_0.4_-0.02_-0.22_-0.14_0.08_0.05_-0.18_0.43,280,384,31.8502,0.0829431,0.67799,184,92,1.0132,3.45085,1.11022e-16,0.4141,287.504,0.207143,0.0116005,9.14767,0.00126814,13.7011,0.0625,0.862738,-173,0.273438,2,1,36,0.09375,29,0.0755208,1.24508,1.1388,882,2.19479,0.0504084,0.0873171,0.488334,0.0504084,0.151224,0.650565,0.650574,0.170322,9,118,0.697641,0.507504,0.190138,2.19479,2.70244,6.04816,8.52614,0.862931,0.169492,0.000112534,0.119489,9,1024,280,384,299728,418762,80058,22424,348,0.90625,240,0.625,0.0748145,0.267102,0.0213852,2491.56,0.0842901,29559.3,50616,145.448,122,704,151.244,169,457,458,36,22424,622.889,125.5,1634,710.747,1625,1629.5,1634,1.8125,1.5,6,1.87812,3,5,6,61.9959
3_0.07_0.19_0.17_0.38_0.09_-0.38_0.02_0.29_0.27_-0.22,316,456,35.693,0.0782742,0.94859,184,128,1.06221,3.21112,0,0.411678,330.808,0.254973,0.00767864,9.36012,0.000820358,17.4796,0.0526316,0.878131,-173,0.309211,2,1,72,0.157895,34,0.0745614,1.7924,1.43011,2153,1.57335,0.042202,0.160209,0.498996,0.0181513,0.0544338,0.191976,0.192098,0.0370177,9,92,0.652248,0.282429,0.36982,1.57335,1.78155,2.01396,5.95262,0.814593,0.217391,8.7738e-05,0.371938,9,1024,316,456,320416,415046,59078,8724,396,0.868421,296,0.649123,0.0272271,0.184379,0.00831985,969.333,0.0335629,28881.1,25786,65.1162,66,203,47.2418,85,130.5,175.5,80,8724,109.05,102.5,245,106.738,206.5,230,240.2,1.73684,2,6,1.48118,3,3,4,24.725
3_0.07_0.48_-0.21_0.36_0.18_-0.12_0.05_0.43_-0.11_0.2,340,504,30.6957,0.0609041,0.890446,184,152,1.07404,3.71864,1.11022e-16,0.413311,387.103,0.423529,0.0143325,9.37,0.00152962,11.0699,0.047619,0.928881,-173,0.327381,2,1,108,0.214286,0,0,1.12935,1.04569,3,2.12824,0.0395842,0.112683,0.582434,0.0395842,0.118727,0.577902,0.577974,0.114987,21,140,0.704463,0.495637,0.208826,2.12824,2.26222,4.20055,7.86668,0.996816,0.228571,0.000133514,0.095271,9,1024,340,504,288787,417402,83971,7218,792,1.57143,432,0.857143,0.0249942,0.290771,0.00688362,802,0.0278071,28841.6,26943,34.0189,32,87,22.387,43.25,64,85,72,7218,100.25,102,140,38.7892,139,140,140,3.14286,3,6,1.88442,4,6,6,56.2567
3_0.08_-0.04_-0.43_-0.34_-0.04_0.5_0.11_-0.3_0.12_0.35,624,1072,43.2073,0.0403053,1.25503,184,436,0.927608,3.99714,5.55112e-16,0.393971,753.729,0.296856,0.00570133,9.37724,0.000607996,19.1905,0.0223881,0.981445,-173,0.418843,2,1,228,0.212687,96,0.0895522,1.65946,1.35282,120,2.46219,0.0352421,0.101991,0.600936,0.0124207,0.037221,0.973761,0.974287,0.443196,24,240,0.631582,0.309363,0.322219,2.46219,3.32353,11.0961,13.3919,0.844374,0.145833,0.000228882,0.148678,9,1024,624,1072,349424,568364,95251,31453,3761,3.5084,980,0.914179,0.0900139,0.272594,0.0299959,3494.78,0.0978722,35707.6,259504,68.9987,67,224,34.6,90,108,119,174,31453,180.764,72,939,220.194,215.5,572,621.35,7.01679,7,21,5.15756,10,14,16,131.894
3_0.08_-0.19_0.23_0.02_0.46_-0.26_-0.29_-0.42_-0.42_0.27,384,592,37.4224,0.0632135,0.76941,184,196,1.07241,4.03364,0,0.406833,420.527,0.178571,0.0151292,9.33127,0.00162135,12.3349,0.0405405,1.0054,-173,0.353041,2,1,88,0.148649,12,0.0202703,1.46008,1.14068,1561,1.64175,0.0301857,0.107706,0.478508,0.0237904,0.0713701,0.596588,0.596592,0.263426,8,176,0.65981,0.349998,0.309812,1.64175,2.56759,6.46868,8.05184,0.563921,0.107955,0.000167847,0.18688,9,1024,384,592,325132,440684,67056,6448,380,0.641892,240,0.405405,0.0198319,0.206242,0.00614929,716.444,0.0241543,29661.1,15360,40.4211,26,192,40.0036,47,89,128,68,6448,94.8235,92,197,69.6725,128,196,196.65,1.28378,0,8,2.01696,2,5,5,111.005
3_0.08_-0.48_0.1_-0.36_0.08_-0.3_0.2_0.14_0.46_0.03,368,560,26.1681,0.0467287,0.815989,184,180,1.07555,4.00423,0,0.425241,407.113,0.20264,0.0098956,9.37115,0.00105596,15.5361,0.0428571,0.951959,-173,0.344643,2,1,100,0.178571,47,0.0839286,1.35933,1.0298,55,1.9581,0.0503435,0.113845,0.505124,0.0503435,0.150961,0.742386,0.742607,0.353851,20,128,0.76948,0.54749,0.22199,1.9581,2.13916,4.29355,8.37445,0.986511,0.242188,0.00012207,0.11558,9,1024,368,560,208744,315692,58022,8756,676,1.20714,376,0.671429,0.0419461,0.277958,0.00835037,972.889,0.0484163,20094.3,46036,68.1006,68,138,27.5966,88,101,111,88,8756,99.5,70.5,189,75.346,179,188,189,2.41429,2,8,2.36034,5,6,7,65.2171
3_0.08_0.14_-0.32_0.48_0.44_-0.16_-0.45_0.5_0.21_0.06,688,1200,45.7423,0.0381186,0.848107,184,500,0.88669,3.40423,1.11022e-16,0.406287,898.063,0.321567,0.0094486,9.18661,0.00102852,15.9524,0.02,1.13424,-173,0.4275,2,1,180,0.15,187,0.155833,1.11593,1.00837,410,2.67235,0.0253181,0.108889,0.588496,0.0101671,0.0305014,0.84334,0.84334,0.274701,12,366,0.580864,0.299225,0.281639,2.67235,4.1783,17.6707,15.9529,0.714908,0.0874317,0.000349045,0.11672,9,1024,688,1200,413039,653750,115062,21871,2052,1.71,822,0.685,0.0529514,0.278574,0.0208578,2430.11,0.0579563,41930.1,101121,49.2792,34,294,49.1378,71,101,110,122,21871,179.27,20,403,169.248,341,381,400,3.42,3,11,3.14064,6,7.1,9,207.643
3_0.08_0.16_0.06_0.12_0.09_-0.14_0.37_0.26_-0.45_-0.42,460,744,36.7289,0.0493668,1.17637,184,272,1.03652,2.91939,0,0.399169,531.285,0.167909,0.00665943,9.38302,0.000709732,18.6151,0.0322581,0.93847,-173,0.383065,2,1,72,0.0967742,114,0.153226,1.42604,1.1141,762,1.93,0.0421324,0.101425,0.513185,0.0421324,0.126341,0.719089,0.719259,0.25814,9,104,0.713631,0.391283,0.322348,1.93,1.78517,1.48752,6.1401,0.927176,0.192308,9.91821e-05,0.21358,9,1024,460,744,261878,440048,93827,48092,2294,3.08333,698,0.938172,0.183643,0.358285,0.0458641,5343.56,0.183727,29084.3,203771,88.8278,77,557,83.0016,104,114,176,13,48092,3699.38,1,45870,12176.2,542,565,18687,6.16667,5,15,4.10634,8,15,15,82.7915
3_0.08_0.17_0.05_-0.3_0.38_0.48_-0.02_-0.34_-0.1_-0.32,340,504,36.8615,0.0731378,0.780428,184,152,1.07404,3.80848,1.11022e-16,0.409245,359.977,0.12549,0.0107827,9.41637,0.00114511,14.3104,0.047619,0.979389,-173,0.327381,2,1,32,0.0634921,79,0.156746,1.58403,1.29132,870,2.06634,0.0311499,0.11629,0.475151,0.0311499,0.0934381,0.664897,0.664956,0.198895,9,188,0.656409,0.377905,0.278504,2.06634,2.70103,6.05102,8.92153,0.718908,0.106383,0.000179291,0.152336,9,1024,340,504,331174,439664,68438,5298,120,0.238095,180,0.357143,0.0159976,0.206653,0.00505257,588.667,0.0193204,30468.6,9656,80.4667,86,95,11.335,90,92,93,60,5298,88.3,99,105,15.9147,101,103,103.05,0.47619,0,2,0.698232,1,2,2,83.7421
3_0.08_0.23_-0.2_-0.2_0.28_0.02_0.12_-0.39_0.13_0.22,552,928,32.798,0.0353427,1.26433,184,364,0.975965,3.62158,5.55112e-17,0.396794,657.44,0.307798,0.00802981,9.37404,0.000856601,15.7227,0.0258621,1.00681,-173,0.40625,2,1,184,0.198276,96,0.103448,1.41739,1.12491,88.5,2.67083,0.0516672,0.104203,0.605415,0.0516672,0.15499,0.660481,0.6611,0.224252,9,168,0.727684,0.475332,0.252352,2.67083,2.94008,7.67776,11.9284,0.915878,0.119048,0.000160217,0.202804,9,1024,552,928,252842,437364,83561,19004,2094,2.25647,794,0.855603,0.0751616,0.330487,0.0181236,2111.56,0.0799507,26410.7,113968,54.426,48,167,36.4587,81,103,115,97,19004,195.918,188,450,150.309,299,445,446,4.51293,4,14,3.39844,7,9,11,76.7379
3_0.08_0.28_0.45_-0.42_-0.11_-0.04_-0.31_-0.4_-0.31_0.29,476,776,41.1774,0.0530637,0.950875,184,288,1.0266,3.66363,1.38778e-15,0.395217,539.083,0.228291,0.014538,9.37836,0.00155017,12.0291,0.0309278,1.00248,-173,0.387887,2,1,104,0.134021,64,0.0824742,1.45308,1.13522,263,2.341,0.0443821,0.106212,0.587701,0.0149155,0.0447426,0.608193,0.608233,0.211067,33,172,0.653518,0.26734,0.386178,2.341,3.06284,8.95224,11.681,0.770821,0.116279,0.000164032,0.373874,9,1024,476,776,316856,491318,97638,17298,2578,3.32216,454,0.585052,0.0545926,0.308146,0.0164967,1922,0.0590031,32574.5,163792,63.5345,61,471,50.2703,96,108,118,48,17298,360.375,331.5,743,316.58,742.25,743,743,6.64433,3,17,6.97324,14,15,16,85.3179
3_0.08_0.35_-0.25_0.03_0.27_-0.23_0.22_0.23_0.12_0.13,376,576,27.0549,0.0469703,1.11798,184,188,1.07427,3.6172,4.996e-15,0.417855,437.625,0.212766,0.0127489,9.60919,0.00132674,12.2615,0.0416667,0.946459,-173,0.348958,2,1,60,0.104167,37,0.0642361,1.17826,1.02161,59,2.94,0.0609636,0.0928789,0.596845,0.0609636,0.182692,0.808366,0.808486,0.255055,21,188,0.749976,0.593516,0.15646,2.94,3.73333,13.6225,15.282,0.985733,0.170213,0.000179291,0.0737615,9,1024,376,576,243796,363894,67864,10068,696,1.20833,468,0.8125,0.0412968,0.278364,0.00960159,1118.67,0.0470727,23764.6,24450,35.1293,16,171,45.8947,28.25,123,169,168,10068,59.9286,35,196,73.8076,74,194,195.3,2.41667,2,7,1.94544,3,6,7,78.6568
3_0.09_-0.06_0.15_-0.45_-0.12_-0.13_0.1_0.32_-0.1_-0.3,364,552,31.9983,0.057968,0.887394,184,176,1.07594,3.73008,2.22045e-16,0.406048,390.928,0.309262,0.0072452,9.37993,0.000772415,17.749,0.0434783,0.911179,-173,0.342391,2,1,96,0.173913,56,0.101449,1.35333,1.04103,376.5,2.14674,0.0431023,0.158245,0.525446,0.0431023,0.129254,0.539495,0.540629,0.146465,9,128,0.715423,0.393647,0.321775,2.14674,2.13833,2.99451,7.71165,0.908005,0.15625,0.00012207,0.228835,9,1024,364,552,258673,374587,66430,18608,564,1.02174,384,0.695652,0.0719364,0.256811,0.017746,2067.56,0.0827174,24995.4,39218,69.5355,62,895,128.504,87,100,148,60,18608,310.133,168,898,293.992,173,898,898,2.04348,2,5,1.80526,3,5,5,45.9144
3_0.09_-0.29_0.12_-0.13_0.15_-0.24_-0.2_0.0_0.16_0.09,244,312,21.5124,0.06895,0.659832,184,56,0.891609,3.62998,2.22045e-16,0.433117,239.021,0.12256,0.0110646,9.1883,0.0012042,13.2168,0.0769231,0.841945,-173,0.221154,2,1,24,0.0769231,12,0.0384615,1.35626,1.13653,3510,1.24639,0.063982,0.203592,0.585314,0.063982,0.191844,0.660614,0.660626,0.230042,9,47,0.779058,0.588971,0.190086,1.24639,1.36129,0.326386,3.85999,0.653833,0.191489,4.48227e-05,0.199894,9,1024,244,312,208062,263140,37118,3228,60,0.192308,72,0.230769,0.0155146,0.178399,0.00307846,358.667,0.0196408,18261.3,7488,124.8,103,232,53.7937,103,232,232,12,3228,269,269,269,0,269,269,269,0.384615,0,3,0.835598,0,1,3,49.6843
3_0.09_-0.48_0.47_0.24_-0.05_0.14_0.32_0.03_-0.08_-0.4,488,800,39.8704,0.049838,1.0895,184,300,1.01889,3.61245,5.55112e-17,0.399101,562.244,0.360461,0.00879366,9.32575,0.000942944,14.4841,0.03,0.959675,-173,0.39125,2,1,156,0.195,55,0.06875,1.41216,1.06981,267,2.23541,0.0470343,0.13601,0.664244,0.0470343,0.140953,0.513561,0.513662,0.143845,9,138,0.684076,0.428125,0.255951,2.23541,2.56597,5.54057,9.48831,0.873931,0.144928,0.000131607,0.297173,9,1024,488,800,295042,472552,84800,30602,3336,4.17,688,0.86,0.103721,0.287417,0.0291843,3400.22,0.111093,30606.9,187088,56.0815,42,571,62.1499,82,111,130,56,30602,546.464,164.5,4047,1040.9,169,1185.5,4047,8.34,4,37,9.38639,11,24.2,29,68.0742
3_0.09_-0.5_-0.13_-0.21_0.06_-0.08_-0.01_-0.1_0.36_-0.1,284,392,25.0747,0.0639661,0.723725,184,96,1.02125,3.65219,0,0.440893,299.443,0.21328,0.0109215,9.35358,0.00116763,14.7885,0.0612245,0.865683,-173,0.278061,2,1,72,0.183673,11,0.0280612,1.50853,1.1314,13,1.85669,0.0514879,0.122643,0.483937,0.0514879,0.154446,0.719075,0.719176,0.275333,21,106,0.765578,0.495116,0.270462,1.85669,1.96141,2.95199,7.12889,0.835799,0.188679,0.000101089,0.199306,9,1024,284,392,208080,286302,53908,252,130,0.331633,152,0.387755,0.00121107,0.259073,0.000240326,28,0.00146852,19066.8,504,3.87692,2,11,3.43067,7,10,10,62,252,4.06452,1,11,4.13042,9,10,11,0.663265,0,3,0.9307,1,2,2,62.1962
3_0.09_0.07_-0.44_0.39_-0.14_0.1_-0.16_-0.07_0.43_0.37,520,864,34.2432,0.0396333,0.780255,184,332,0.997659,3.25701,1.11022e-16,0.394138,614.054,0.33315,0.00618958,9.32568,0.000663714,18.5267,0.0277778,1.05189,-173,0.399306,2,1,204,0.236111,25,0.0289352,1.26913,1.0796,271,3.10106,0.0456991,0.108815,0.549434,0.0456991,0.137088,0.886683,0.886721,0.457318,9,228,0.702271,0.447478,0.254793,3.10106,3.5423,11.6106,14.8367,0.906207,0.0877193,0.000217438,0.160559,9,1024,520,864,284885,463376,89213,19053,1200,1.38889,628,0.726852,0.0668796,0.313154,0.0181704,2117,0.071683,29532.8,73166,60.9717,56,389,54.8422,78,103,113,84,19053,226.821,137,612,245.326,596,609,610,2.77778,3,11,2.51416,4,6,6,92.052
3_0.09_0.22_-0.21_-0.41_0.16_-0.37_-0.28_-0.24_0.14_-0.27,308,440,32.179,0.073134,0.737517,184,120,1.05522,3.57965,1.11022e-16,0.422465,312.974,0.296228,0.0119995,9.36012,0.00128198,13.6841,0.0545455,0.935256,-173,0.302273,2,1,80,0.181818,9,0.0204545,1.37261,1.07797,577.5,2.00767,0.0535641,0.148911,0.54526,0.0535641,0.160608,0.693728,0.693939,0.22498,16,128,0.700132,0.46559,0.234543,2.00767,2.9023,9.02606,9.79272,0.821212,0.179688,0.00012207,0.115846,9,1024,308,440,292560,375970,52840,1852,224,0.509091,216,0.490909,0.00633033,0.180613,0.0017662,205.778,0.00802703,25635.6,5970,26.6518,23.5,67,16.1661,38,52,56.85,64,1852,28.9375,15,88,28.9233,30,84,87.4,1.01818,0,6,1.30022,2,3,3,47.2672
3_0.09_0.22_0.34_-0.15_0.23_-0.44_0.19_0.18_0.18_0.35,328,480,28.8601,0.0601253,0.824911,184,140,1.06964,3.59461,0,0.414419,353.822,0.127758,0.00798055,9.32101,0.00085619,17.108,0.05,0.916498,-173,0.31875,2,1,48,0.1,64,0.133333,1.38668,1.07217,289,2.28672,0.0448809,0.121279,0.496335,0.0448809,0.134622,0.547045,0.547112,0.199082,9,128,0.738981,0.414343,0.324638,2.28672,2.11834,2.80523,7.77388,0.961439,0.15625,0.00012207,0.265754,9,1024,328,480,232372,336994,63864,20992,420,0.875,336,0.7,0.0903379,0.274835,0.0200195,2332.44,0.102988,22647.7,32170,76.5952,33,1371,220.319,73,93,105,72,20992,291.556,112,1371,472.984,115,1363.5,1371,1.75,2,4,1.43614,3,4,4,43.1179
3_0.09_0.26_0.49_-0.18_-0.38_0.17_-0.09_-0.33_-0.03_0.14,556,936,39.7051,0.0424199,1.19454,184,368,0.973246,2.92439,3.60822e-15,0.410235,698.613,0.250428,0.00760984,9.33291,0.000815377,17.8955,0.025641,0.974299,-173,0.407051,2,1,156,0.166667,136,0.145299,1.2516,1.0259,1715,2.10802,0.0317545,0.0875704,0.521352,0.0317545,0.0952606,0.680705,0.681274,0.341691,9,179,0.666149,0.385347,0.280802,2.10802,2.59623,5.26764,8.53271,0.755621,0.111732,0.000170708,0.20335,9,1024,556,936,320357,511210,87055,31467,3648,3.89744,852,0.910256,0.0982248,0.271744,0.0300093,3496.33,0.105911,33011.9,169503,46.4646,20,440,62.5091,78.25,108,119,36,31467,874.083,294,2273,993.005,2271,2272,2273,7.79487,8,21,4.39364,9,14,15,141.304
3_0.09_0.38_-0.39_-0.08_0.35_-0.34_-0.35_-0.16_0.04_0.37,716,1256,44.1713,0.0351682,1.57899,184,528,0.869604,3.53222,4.66294e-15,0.372766,832.221,0.199122,0.00940351,9.37324,0.00100323,16.0286,0.0191083,0.868862,-173,0.430732,2,1,176,0.140127,191,0.15207,1.23455,1.00643,667,1.87756,0.0319443,0.088044,0.532729,0.0319443,0.0957956,0.611349,0.611856,0.237493,33,160,0.690148,0.434767,0.255382,1.87756,2.21745,3.80708,7.40578,0.707191,0.125,0.000152588,0.242976,9,1024,716,1256,293606,595480,132171,90397,11496,9.15287,1184,0.942675,0.307885,0.450165,0.0862093,10044.1,0.275034,36519.5,955938,83.154,89,1361,91.834,103,113,123,17,90397,5317.47,48,84309,19755.8,1380,1382.8,17969,18.3057,17,53,12.679,29,37,42,129.727
3_0.09_0.39_0.28_0.11_-0.26_-0.29_-0.25_-0.32_-0.19_0.39,496,816,35.0457,0.0429482,0.908002,184,308,1.01366,3.41567,5.55112e-17,0.393066,577.062,0.256528,0.0116421,9.33147,0.00124762,13.5448,0.0294118,1.03225,-173,0.393382,2,1,132,0.161765,70,0.0857843,1.2333,1.01645,292,1.90825,0.0388117,0.0889902,0.571922,0.0113935,0.0341787,0.805201,0.805327,0.430676,33,152,0.694745,0.32364,0.371105,1.90825,2.5091,5.77644,8.49143,0.661183,0.131579,0.000144958,0.416545,9,1024,496,816,279458,453578,87074,24882,1135,1.39093,613,0.751225,0.0890366,0.311582,0.0237293,2764.67,0.0945234,29248.5,57050,50.2643,28,281,58.6995,74,129.6,175,100,24882,248.82,2,1688,528.612,104,1646,1674,2.78186,3,10,2.60636,4,6,8,132.759
3_0.09_0.3_-0.43_0.23_0.28_-0.02_0.35_0.48_0.36_0.08,460,744,34.3959,0.046231,0.902281,184,272,1.03652,3.86005,1.11022e-16,0.411184,554.867,0.16087,0.0126958,9.42007,0.00134774,13.2283,0.0322581,0.996385,-173,0.383065,2,1,108,0.145161,64,0.0860215,1.21597,1.07714,255,3.10404,0.0460024,0.11584,0.552541,0.0460024,0.138007,0.893051,0.893051,0.41615,9,237,0.685573,0.456705,0.228868,3.10404,4.13216,16.41,15.9029,0.820461,0.0843882,0.000226021,0.111785,9,1024,460,744,312296,472958,82596,19359,1610,2.16398,636,0.854839,0.0619893,0.26448,0.0184622,2151,0.069523,30939.4,70274,43.6484,38,217,36.3639,64,89,112,152,19359,127.362,14.5,503,167.901,123,479.8,496.8,4.32796,4,13,3.1341,7,8,8,107.862
3_0.09_0.44_0.45_-0.44_0.21_-0.09_0.04_0.24_0.35_0.04,352,528,35.1257,0.0665259,1.20596,184,164,1.07598,3.80711,0,0.416259,390.476,0.228896,0.00799877,9.36823,0.000853819,15.7082,0.0454545,0.958299,-173,0.335227,2,1,72,0.136364,70,0.132576,1.52687,1.18057,174,2.43652,0.0431595,0.176577,0.587076,0.0281372,0.0843163,0.30842,0.308529,0.121224,9,162,0.675424,0.310312,0.365111,2.43652,2.4537,4.52645,10.3518,0.910507,0.123457,0.000154495,0.265239,9,1024,352,528,295134,406912,64742,21384,516,0.977273,344,0.651515,0.0724552,0.219365,0.0203934,2376,0.0862935,27533.9,40988,79.4341,52.5,952,130.537,100,142.5,162.25,68,21384,314.471,157,1346,465.045,175.25,1295,1328.15,1.95455,2,7,1.87028,3,4,5,35.6979
3_0.09_0.46_-0.24_-0.21_0.3_0.18_0.0_-0.06_0.37_0.24,808,1440,38.7295,0.0268955,1.36301,184,620,0.817206,3.65976,4.44089e-16,0.398253,1043.04,0.269684,0.00543483,9.33114,0.00058244,19.8491,0.0166667,1.07333,-173,0.439583,2,1,240,0.166667,194,0.134722,1.22301,1.07281,234,3.47946,0.0545588,0.118393,0.646246,0.0545588,0.163669,0.691414,0.691495,0.189453,9,218,0.685927,0.495104,0.190824,3.47946,4.04663,15.4218,17.3397,0.94668,0.0917431,0.000207901,0.141761,9,1024,808,1440,309850,591690,111768,35713,6996,4.85833,1304,0.905556,0.115259,0.360716,0.0340586,3968.11,0.114987,34509.1,302747,43.2743,38,925,48.346,62,89,103,72,35713,496.014,56.5,2736,985.422,103,2721.5,2733.45,9.71667,10,24,6.45047,14,19,20,85.0047
3_0.0_-0.19_0.42_0.19_0.38_-0.37_-0.43_-0.19_0.16_-0.39,464,752,40.3994,0.0537227,1.15061,184,276,1.03408,3.79472,1.05471e-15,0.404414,520.772,0.295772,0.0126389,9.32664,0.00135514,13.9864,0.0319149,0.916592,-173,0.384309,2,1,132,0.175532,74,0.0984043,1.26,1,1650,1.54387,0.0380774,0.0971327,0.529905,0.0380774,0.114219,0.67207,0.672363,0.367654,33,144,0.70236,0.457852,0.244508,1.54387,2.78938,8.66394,7.80673,0.444015,0.0833333,0.000137329,0.153346,9,1024,464,752,291483,495792,116612,44408,2166,2.88032,650,0.864362,0.152352,0.400064,0.0423508,4934.22,0.151742,32517.3,186305,86.0134,83,1791,142.348,102,120,126,139,44408,319.482,10,29468,2519.48,35.5,125.2,246.1,5.76064,5,16,4.87298,9,14.9,15,133.871
3_0.0_-0.22_-0.26_0.14_0.42_0.39_0.27_0.07_-0.09_-0.42,532,888,34.4415,0.0387854,1.1342,184,344,0.989548,3.71085,2.22045e-16,0.39335,618.127,0.220551,0.0105745,9.5921,0.00110241,13.6708,0.027027,0.972179,-173,0.402027,2,1,128,0.144144,97,0.109234,1.38286,1.08036,693,2.38874,0.0440187,0.122806,0.602749,0.0147228,0.0441656,0.822661,0.822959,0.473485,21,190,0.705173,0.309086,0.396087,2.38874,2.96262,8.41704,11.8603,0.927652,0.168421,0.000181198,0.166598,9,1024,532,888,263047,443292,78604,23493,2904,3.27027,784,0.882883,0.089311,0.298821,0.0224047,2610.33,0.0957601,27259.1,166090,57.1935,50.5,452,46.9631,91,107,115,108,23493,217.528,189.5,596,205.338,312,575,589.65,6.54054,5.5,21,4.8561,10,13,14,107.415
3_0.0_-0.33_0.21_-0.49_0.4_-0.45_-0.12_0.4_0.37_-0.08,384,592,37.0831,0.0626403,0.854255,184,196,1.07241,3.50052,1.11022e-16,0.430536,439.418,0.294891,0.0117291,9.35369,0.00125396,12.7511,0.0405405,0.92792,-173,0.353041,2,1,124,0.209459,31,0.0523649,1.35184,1.01898,529,2.3083,0.0472078,0.127912,0.575029,0.0472078,0.141469,0.711545,0.711685,0.256118,16,184,0.679245,0.41908,0.260165,2.3083,3.49909,13.3005,12.7881,0.86159,0.168478,0.000175476,0.160224,9,1024,384,592,306780,423906,65186,6556,818,1.38176,388,0.655405,0.0213704,0.212485,0.00625229,728.444,0.0257136,28329.2,18818,23.0049,13,93,23.5257,35,61,73,114,6556,57.5088,54.5,145,55.1596,102,139.9,144,2.76351,2,9,2.68972,5,7,7,86.2474
3_0.0_0.2_0.11_-0.35_-0.33_0.43_-0.06_-0.08_0.22_-0.28,396,616,37.7801,0.0613314,1.04668,184,208,1.06868,3.67134,3.88578e-16,0.392402,419.717,0.323232,0.0115625,9.64551,0.00119874,13.3405,0.038961,0.89206,-173,0.358766,2,1,96,0.155844,49,0.0795455,1.87607,1.52114,577,2.51929,0.0386257,0.12949,0.584485,0.0386257,0.115875,0.463375,0.463391,0.110725,9,188,0.653715,0.391975,0.26174,2.51929,2.83339,6.75402,11.1083,0.853706,0.106383,0.000179291,0.196929,9,1024,396,616,331418,457936,68556,12426,1312,2.12987,472,0.766234,0.0374934,0.206857,0.0118504,1380.67,0.0445692,30978.1,57036,43.4726,42,186,28.6092,56,73,81,104,12426,119.481,66,345,127.139,102,344,344,4.25974,5,11,3.1966,7,8,10,52.0364
3_0.0_0.38_0.18_-0.08_-0.13_-0.17_0.1_0.15_0.5_-0.28,480,784,33.7982,0.0431099,1.03858,184,292,1.02405,3.24251,1.11022e-16,0.40729,567.069,0.373413,0.00898547,9.37186,0.000958772,15.6456,0.0306122,0.901461,-173,0.389031,2,1,156,0.19898,74,0.0943878,1.24392,1.01776,605.5,1.534,0.0353327,0.119246,0.53412,0.0320883,0.0962601,0.86511,0.865153,0.485979,17,96,0.734488,0.410284,0.324204,1.534,1.3982,0.163794,4.61809,0.819559,0.208333,9.15527e-05,0.143324,9,1024,480,784,241440,432578,105134,35938,2527,3.22321,604,0.770408,0.148849,0.435446,0.0342731,3993.11,0.142368,28047.8,170088,67.3083,51,1029,90.5697,89,113,130,48,35938,748.708,516.5,5148,1341.72,555.25,559,5148,6.44643,3,30,8.54697,7,24,25,109.755
3_0.11_-0.05_0.27_0.21_0.4_-0.15_-0.27_0.37_-0.33_-0.36,484,792,38.8801,0.0490911,0.752679,184,296,1.02148,3.36878,1.66533e-16,0.407625,582.472,0.309721,0.00814555,9.32561,0.000873461,16.6957,0.030303,1.04655,-173,0.390152,2,1,144,0.181818,71,0.0896465,1.36241,1.09872,853,1.90425,0.0342741,0.105852,0.573136,0.0342741,0.102815,0.482178,0.482201,0.150112,9,156,0.67268,0.380967,0.291713,1.90425,2.45213,4.9004,7.94845,0.72347,0.128205,0.000148773,0.173753,9,1024,484,792,314970,482918,90174,29477,754,0.95202,512,0.646465,0.0935867,0.286294,0.0281115,3275.22,0.103048,31783.5,73243,97.1393,82,776,127.159,101,104,286,62,29477,475.435,792,857,397.235,815.25,827.8,853.7,1.90404,1,6,1.9243,3,5,6,92.2031
3_0.11_-0.11_-0.43_-0.14_0.41_0.39_0.36_-0.0_0.04_-0.11,668,1160,30.8818,0.0266222,1.40372,184,480,0.899209,3.79927,1.11022e-16,0.391762,806.831,0.274309,0.00706366,9.37201,0.000753697,15.6036,0.0206897,0.940273,-173,0.425,2,1,204,0.175862,173,0.149138,1.12225,1.02645,31,2.03279,0.0262222,0.162917,0.654787,0.0262222,0.0786667,0.9901,0.9901,0.675121,21,166,0.733211,0.476521,0.25669,2.03279,1.62143,0.739096,5.93675,0.987924,0.192771,0.00015831,0.187034,9,1024,668,1160,253900,488760,97592,24020,8352,7.2,1047,0.902586,0.0946042,0.384372,0.0229073,2668.89,0.0933031,28604.5,346442,41.4801,35,363,35.7614,65,86.9,97,112,24020,214.464,55,2828,518.31,307,317.4,319.45,14.4,8,57,16.2016,12,44,50,77.7257
3_0.11_-0.16_-0.37_0.49_-0.1_0.47_-0.1_-0.14_-0.1_-0.38,340,504,34.4051,0.0682641,0.671746,184,152,1.07404,3.76938,5.55112e-17,0.420372,380.09,0.284034,0.0106748,9.3608,0.00114037,13.9448,0.047619,0.942983,-173,0.327381,2,1,84,0.166667,21,0.0416667,1.44479,1.15276,3875.5,1.38824,0.0387297,0.145824,0.582266,0,0,1,1,1,0,112,0.676015,0.251467,0.424548,1.38824,2.68544,6.18481,6.41661,0.494623,0.0982143,0.000106812,0.167342,9,1024,340,504,299124,408134,65162,8732,396,0.785714,316,0.626984,0.0291919,0.217843,0.00832748,970.222,0.0348555,27835.5,23716,59.8889,48,232,45.1026,66,86,178.75,48,8732,181.917,248.5,325,102.624,256.75,273,325,1.57143,1,7,1.75675,2,4,4,104.333
3_0.11_-0.16_0.48_-0.42_0.48_-0.18_-0.32_0.27_-0.41_0.38,300,424,33.7169,0.079521,0.868236,184,112,1.04629,2.41033,1.66533e-16,0.411897,302.276,0.0196825,0.0182006,9.33054,0.00195065,10.5678,0.0566038,0.910247,-173,0.294811,2,1,16,0.0377358,20,0.0471698,1.37563,1.07471,357,1.83247,0.043643,0.124958,0.51595,0.043643,0.130773,0.636662,0.636949,0.184273,21,128,0.691933,0.484459,0.207474,1.83247,2.33922,5.25278,8.07348,0.903537,0.242188,0.00012207,0.182277,9,1024,300,424,292210,381082,56912,13344,328,0.773585,224,0.528302,0.0456658,0.194764,0.0127258,1482.67,0.0555232,26703.5,25572,77.9634,32,452,104.319,89.25,229,287,72,13344,185.333,32,671,267.626,286.25,669.1,671,1.54717,1,6,1.71085,3,4,4,78.7805
3_0.11_-0.48_0.22_0.06_-0.0_-0.47_-0.44_-0.28_-0.16_0.4,352,528,40.2763,0.0762808,0.918777,184,164,1.07598,3.67435,2.22045e-16,0.429534,397.216,0.289773,0.0117167,9.37181,0.0012502,13.3021,0.0454545,0.889867,-173,0.335227,2,1,84,0.159091,48,0.0909091,1.68207,1.2743,835,2.24639,0.0409803,0.129774,0.514224,0.0257158,0.0770969,0.360844,0.360965,0.120496,24,177,0.647769,0.305463,0.342306,2.24639,2.88261,7.70413,11.1977,0.75903,0.107345,0.0001688,0.271782,9,1024,352,528,326395,446966,70742,20253,916,1.73485,397,0.751894,0.0620506,0.216737,0.0193148,2250.33,0.0727219,30944.4,61979,67.6627,76,403,72.3226,97,123.5,176,116,20253,174.595,129.5,538,194.278,168,535.5,536.5,3.4697,3,10,2.96044,6,8,8,65.7583
3_0.11_0.05_-0.06_-0.46_-0.4_-0.48_-0.34_-0.22_0.44_0.49,484,792,36.6599,0.0462877,0.780427,184,296,1.02148,3.94366,2.77556e-16,0.444202,630.525,0.429555,0.00991002,9.32572,0.00106265,14.3072,0.030303,1.06074,-173,0.390152,2,1,180,0.227273,69,0.0871212,1.34098,1.01589,306,2.68965,0.0407877,0.109261,0.583975,0.0338011,0.101087,0.844312,0.855491,0.303154,9,224,0.685534,0.347633,0.337901,2.68965,3.18331,8.98266,13.3275,0.829151,0.0892857,0.000213623,0.247138,9,1024,484,792,287104,439522,80850,4678,476,0.60101,440,0.555556,0.0162937,0.281605,0.00446129,519.778,0.0184711,28140,8996,18.8992,9,73,22.0015,24,54,68.25,112,4678,41.7679,27,76,26.8098,68,73.9,75,1.20202,1,5,1.35944,2,3,3,104.933
3_0.11_0.28_-0.05_-0.31_0.23_-0.3_0.43_-0.15_-0.45_0.27,396,616,39.9311,0.0648231,0.840134,184,208,1.06868,3.8354,1.11022e-16,0.400164,429.636,0.260702,0.0103839,9.37885,0.00110716,13.9966,0.038961,0.91162,-173,0.358766,2,1,104,0.168831,63,0.102273,1.33369,1.10527,126,2.88515,0.0504818,0.121195,0.61071,0.0504818,0.151336,0.662485,0.662686,0.17252,21,241,0.652747,0.529827,0.12292,2.88515,4.52394,22.3944,18.6383,0.878157,0.13278,0.000229836,0.0813817,9,1024,396,616,346680,492862,87909,8670,724,1.17532,440,0.714286,0.0250087,0.253574,0.00826836,963.333,0.0286931,33573.7,25742,35.5552,23,159,38.967,49,83,146,136,8670,63.75,31,259,80.6753,60,257,258,2.35065,2,13,2.70049,3,5,8,113.018
3_0.11_0.31_-0.23_-0.47_0.5_0.49_-0.37_-0.49_0.4_-0.4,884,1592,61.6618,0.0387323,1.22362,184,696,0.778147,3.74358,1.66533e-16,0.390918,1093.89,0.261582,0.00911246,9.3728,0.000972224,15.6689,0.0150754,1.11844,-173,0.445352,2,1,240,0.150754,251,0.157663,1.42039,1.07065,320,1.96629,0.0211363,0.144641,0.644607,0.0107307,0.0321903,0.613744,0.613772,0.221947,4,316,0.543679,0.245914,0.297765,1.96629,3.42128,13.1181,12.2849,0.718988,0.161392,0.000301361,0.270595,9,1024,884,1592,456500,763648,122880,31461,4969,3.12123,1326,0.832915,0.0689179,0.269179,0.0300035,3495.67,0.074113,47166.7,219220,44.1175,36,317,40.0454,70,96,108,134,31461,234.784,14.5,2297,545.375,183.75,367.7,1744,6.24246,5,20,4.86968,10,12,14,169.052
3_0.11_0.38_-0.12_-0.12_0.39_-0.16_-0.06_-0.12_-0.19_-0.24,424,672,29.9209,0.0445251,0.96098,184,236,1.0566,3.63648,7.77156e-16,0.420532,508.404,0.202606,0.00784546,9.33167,0.000840735,15.6085,0.0357143,0.923313,-173,0.370536,2,1,96,0.142857,104,0.154762,1.48246,1.27798,380,2.26557,0.0555792,0.16787,0.626093,0.0555792,0.166732,0.753694,0.753737,0.261547,21,140,0.728055,0.558918,0.169137,2.26557,3.11025,9.28105,10.6875,0.78309,0.142857,0.000133514,0.0680853,9,1024,424,672,266388,406462,67618,30396,1752,2.60714,584,0.869048,0.114104,0.253833,0.0289879,3377.33,0.128993,26182.4,124882,71.2797,54,498,76.9708,87,122,141,60,30396,506.6,591.5,946,404.979,932,945,946,5.21429,6,12,3.81592,8,11,12,79.6439
3_0.11_0.46_-0.15_0.29_0.29_0.47_-0.18_0.12_-0.19_0.07,340,504,28.2553,0.0560621,0.6999,184,152,1.07404,3.74042,2.22045e-16,0.405438,379.46,0.423529,0.00878364,9.38772,0.000935652,14.2612,0.0793651,1.07803,-173,0.327381,2,1,108,0.214286,45,0.0892857,1.17206,1.17206,218,1.88124,0.0309649,0.157828,0.677143,0.0309649,0.0928946,0.591136,0.591136,0.200981,12,150,0.71169,0.451967,0.259723,1.88124,2.15861,3.27946,6.52634,0.809098,0.16,0.000143051,0.378517,9,1024,340,504,302410,417474,69256,21690,324,0.642857,252,0.5,0.0717238,0.229014,0.0206852,2410,0.0840527,28672.5,50868,157,107.5,580,148.242,110,571,576,36,21690,602.5,602,608,3.84057,605,608,608,1.28571,0.5,4,1.4357,3,3,4,74.0277
3_0.11_0.48_0.12_-0.05_0.1_-0.41_-0.47_-0.3_-0.22_0.36,484,792,38.7398,0.0489139,0.856256,184,296,1.02148,3.81075,5.55112e-17,0.401777,572.037,0.243605,0.0113369,9.34731,0.00121285,12.6213,0.030303,1.04161,-173,0.390152,2,1,120,0.151515,74,0.0934343,1.28863,1.01201,614,2.53017,0.0415154,0.149891,0.646791,0.00740814,0.0222206,0.730639,0.730816,0.369973,12,246,0.651516,0.255937,0.395579,2.53017,4.22922,18.012,15.6754,0.586907,0.0609756,0.000234604,0.353833,9,1024,484,792,321967,475866,78109,8277,911,1.15025,472,0.59596,0.0257076,0.242599,0.00789356,919.667,0.0297904,30871.3,28538,31.326,17,104,31.5822,56,85,98,68,8277,121.721,67.5,266,96.4418,242.25,259.3,262.3,2.30051,2,10,2.42579,3,5,6,114.179
3_0.12_-0.04_-0.34_0.34_-0.35_0.36_0.49_0.08_-0.3_-0.2,604,1032,37.9603,0.0367833,1.12148,184,416,0.940858,3.55816,1.11022e-16,0.399302,745.17,0.289026,0.00898741,9.37396,0.000958763,13.8367,0.0232558,1.01779,-173,0.415698,2,1,180,0.174419,108,0.104651,1.14241,1.00801,333,2.09573,0.0289402,0.149476,0.650413,0.0158024,0.0474072,0.749407,0.749407,0.183246,21,196,0.6737,0.360418,0.313282,2.09573,2.19583,3.54255,8.41959,0.901804,0.163265,0.00018692,0.144332,9,1024,604,1032,311926,544068,110976,27388,5408,5.24031,796,0.771318,0.0878029,0.355777,0.0261192,3043.11,0.089473,34011.5,400272,74.0148,72,538,51.5272,92,106,114,48,27388,570.583,171,3650,967.244,349,907,3650,10.4806,5,47,13.7866,11,37,40,88.198
3_0.12_-0.19_-0.29_-0.27_0.41_0.15_0.32_0.06_0.17_0.24,256,336,25.2259,0.075077,0.76185,184,68,0.944208,3.84497,1.11022e-16,0.445039,269.809,0.304688,0.0142847,9.40395,0.00151901,10.088,0.0714286,0.874456,-173,0.241071,2,1,36,0.107143,7,0.0208333,1.40958,1.19456,2061,1.53082,0.0620031,0.212312,0.63485,0.0620031,0.186007,0.711727,0.711747,0.209611,9,56,0.767879,0.551554,0.216325,1.53082,1.43789,0.535447,4.52178,0.684919,0.160714,5.34058e-05,0.168281,9,1024,256,336,218008,312368,71232,5154,132,0.392857,204,0.607143,0.0236413,0.32674,0.00491524,572.667,0.0264096,21684,5886,44.5909,32,106,37.6342,99,103,104,72,5154,71.5833,77,106,31.3186,102,104,105,0.785714,1,2,0.724921,1,2,2,74.0045
3_0.12_-0.19_0.1_-0.13_0.12_0.32_0.21_-0.49_0.09_-0.31,364,552,28.1345,0.0509683,1.01977,184,176,1.07594,3.63059,8.88178e-16,0.412227,391.39,0.272632,0.0107519,9.32532,0.00115297,14.2139,0.0434783,0.871663,-173,0.342391,2,1,96,0.173913,12,0.0217391,1.52195,1.1472,332,2.05461,0.0458164,0.146442,0.624839,0.0458164,0.137421,0.608715,0.60894,0.216626,9,124,0.742917,0.427004,0.315913,2.05461,2.15739,3.22189,7.6472,0.878987,0.16129,0.000118256,0.211855,9,1024,364,552,229750,334638,49803,20609,1100,1.99275,424,0.768116,0.0897018,0.21677,0.0196543,2289.89,0.106395,21522.6,79746,72.4964,57,513,67.7909,88,109,121,44,20609,468.386,128,1794,571.455,1140,1163.7,1791.85,3.98551,4,13,3.52421,6,9.8,11,63.4671
3_0.12_-0.39_0.27_0.49_-0.48_0.04_-0.06_0.08_-0.35_-0.22,472,768,43.5594,0.0567179,0.98023,184,284,1.02912,3.85999,3.88578e-16,0.397739,546.305,0.232849,0.0178087,9.32946,0.00190887,11.6316,0.03125,0.961964,-173,0.386719,2,1,124,0.161458,47,0.0611979,1.26474,1.00376,1934,1.46461,0.0280046,0.086933,0.557785,0.00842285,0.0252657,0.838026,0.838139,0.420147,12,196,0.636281,0.357403,0.278878,1.46461,3.05558,10.953,8.62655,0.500019,0.117347,0.00018692,0.166714,9,1024,472,768,352036,527358,86205,46562,936,1.21875,568,0.739583,0.132265,0.244876,0.044405,5173.56,0.147509,35072.8,108278,115.682,103,671,122.108,119.25,143.5,529,128,46562,363.766,194,933,306.817,634.5,878.3,924.65,2.4375,2,10,2.06313,4,6,6,166.025
3_0.12_-0.43_0.13_0.29_0.17_0.38_0.44_0.23_0.24_0.36,280,384,29.3625,0.0764649,0.855322,184,92,1.0132,3.24021,0,0.42651,294.673,0.428231,0.00985232,9.32098,0.001057,14.0217,0.0625,0.882922,-173,0.273438,2,1,84,0.21875,0,0,1.65113,1.28327,2545.5,1.71111,0.0465088,0.150423,0.567202,0.00900555,0.0270109,0.383788,0.384735,0.189955,21,116,0.703599,0.268646,0.434953,1.71111,2.71369,6.23135,7.66775,0.576428,0.0948276,0.000110626,0.216229,9,1024,280,384,262042,337016,46840,4982,248,0.645833,216,0.5625,0.0190122,0.17875,0.00475121,553.556,0.0239231,23139,10220,41.2097,27,106,32.4932,83.25,92.3,97.65,88,4982,56.6136,36.5,107,32.4942,90,100,103,1.29167,1,6,1.60024,2,4,5,82.9648
3_0.12_-0.4_-0.22_0.13_0.15_-0.13_0.42_0.45_0.17_0.04,436,696,33.9671,0.0488033,0.87271,184,248,1.05035,3.93625,1.66533e-16,0.409542,507.753,0.302752,0.00808205,9.41142,0.000858749,15.9744,0.0344828,1.00504,-173,0.375,2,1,144,0.206897,42,0.0603448,1.43027,1.12916,281,2.74757,0.0454378,0.11721,0.576869,0.0454378,0.136306,0.882054,0.882179,0.375613,9,185,0.710319,0.414291,0.296027,2.74757,2.90278,7.08236,11.8341,0.924056,0.108108,0.00017643,0.237249,9,1024,436,696,267918,419244,84402,16410,1016,1.45977,520,0.747126,0.0612501,0.315029,0.0156498,1823.33,0.0669609,27229.8,46180,45.4528,31,364,59.1659,73,102.5,111,112,16410,146.518,68.5,396,139.249,204.25,380.9,394.45,2.91954,3,10,2.4127,5,6,7,98.1611
3_0.12_0.23_-0.38_-0.06_-0.21_-0.14_0.48_-0.07_-0.32_-0.35,672,1168,39.6821,0.0339744,1.50991,184,484,0.896685,3.8515,1.19238e-13,0.380293,778.961,0.156604,0.00807737,9.37939,0.000861183,15.0361,0.0205479,0.885932,-173,0.425514,2,1,148,0.126712,156,0.133562,1.27218,1.0315,113.5,2.05679,0.0560122,0.123619,0.650584,0.0560122,0.168034,0.839078,0.839095,0.226844,21,112,0.715161,0.535774,0.179387,2.05679,2.56849,6.05785,8.77195,0.819576,0.178571,0.000106812,0.12602,9,1024,672,1168,275536,537978,95872,41528,13812,11.8253,1120,0.958904,0.150717,0.347947,0.0396042,4614.22,0.141357,32642.4,727462,52.6688,45,566,48.4952,76,104,117,72,41528,576.778,31,5848,1405.74,189.25,1914.6,3688.15,23.6507,28,62,15.0581,34,38,49,86.9451
3_0.12_0.45_-0.42_0.1_-0.35_0.44_-0.02_-0.1_-0.23_0.07,340,504,33.2575,0.0659871,0.757262,184,152,1.07404,3.44168,1.66533e-16,0.421406,392.534,0.282353,0.0114155,9.60185,0.00118888,13.4157,0.047619,0.981758,-173,0.327381,2,1,72,0.142857,57,0.113095,1.31541,1.2332,385,2.17523,0.0314217,0.102639,0.562954,0.0314217,0.0941658,0.560696,0.560979,0.198045,21,181,0.669218,0.453568,0.21565,2.17523,2.36653,4.62717,8.49846,0.935485,0.176796,0.000172615,0.122355,9,1024,340,504,327184,448958,83700,2298,372,0.738095,294,0.583333,0.00702357,0.255819,0.00219154,255.333,0.0080714,31634.3,7560,20.3226,20,43,10.4144,27,34,42,78,2298,29.4615,13,56,21.4982,55,56,56,1.47619,1.5,5,1.44318,3,3,4,63.8361
3_0.13_-0.01_0.48_-0.01_-0.09_0.37_-0.44_-0.13_-0.1_0.15,472,768,33.4206,0.0435164,0.903455,184,284,1.02912,4.04114,1.27676e-15,0.395184,550.24,0.127119,0.00983899,9.60744,0.0010241,15.8089,0.03125,0.968111,-173,0.386719,2,1,60,0.078125,110,0.143229,1.10044,1.01267,962.5,1.82207,0.038518,0.11,0.516104,0.038518,0.115552,0.453817,0.453828,0.162673,9,128,0.681664,0.476439,0.205226,1.82207,2.7469,6.60966,7.23273,0.691795,0.15625,0.00012207,0.103893,9,1024,472,768,320424,477854,77444,24922,976,1.27083,600,0.78125,0.0777782,0.241692,0.0237675,2769.11,0.0887664,31195.5,67904,69.5738,55,381,70.7576,106,135,169,48,24922,519.208,181,1689,673.513,552.5,1689,1689,2.54167,2,8,2.18859,4,6,7,100.45
3_0.13_-0.06_-0.03_0.3_0.02_0.38_0.09_-0.22_-0.49_0.38,352,528,36.3116,0.068772,0.822044,184,164,1.07598,3.76323,2.22045e-16,0.402946,387.962,0.363636,0.00911525,9.4105,0.000968625,15.7602,0.0454545,0.981231,-173,0.335227,2,1,96,0.181818,29,0.0549242,1.62964,1.42119,1007,1.83023,0.0271597,0.124187,0.535293,0.0255957,0.0767832,0.29967,0.299697,0.0822487,21,141,0.640717,0.363215,0.277501,1.83023,1.92782,1.97124,5.97693,0.765574,0.141844,0.000134468,0.131954,9,1024,352,528,348322,465202,72980,5296,384,0.727273,312,0.590909,0.0152043,0.209519,0.00505066,588.444,0.0183234,32114.4,10240,26.6667,13,112,28.1887,40,75,93.25,76,5296,69.6842,56,162,51.9345,123,149,154.5,1.45455,1,6,1.55877,3,3,3,56.2805
3_0.13_-0.07_0.37_-0.17_-0.14_-0.38_0.19_0.2_-0.2_-0.07,280,384,31.3601,0.0816669,0.492052,184,92,1.0132,3.73857,6.10623e-16,0.431537,296.088,0.49966,0.00985772,9.18165,0.00107363,14,0.0625,0.882196,-173,0.273438,2,1,84,0.21875,0,0,1.44687,1.15442,394,1.87556,0.0539103,0.163056,0.596994,0.0539103,0.161727,0.746516,0.746528,0.15428,9,92,0.729805,0.481829,0.247976,1.87556,1.99192,2.72603,6.79598,0.914261,0.217391,8.7738e-05,0.186138,9,1024,280,384,251732,360532,76372,17498,369,0.960938,240,0.625,0.0695104,0.303386,0.0166874,1944.22,0.0765741,25390.1,39311,106.534,96,625,141.983,125,152.2,594.6,36,17498,486.056,642,671,239.009,659.5,667.5,669,1.92188,1,6,1.96563,3,5,6,75.949
3_0.13_-0.11_0.18_-0.43_-0.08_-0.16_0.26_0.42_0.33_0.19,256,336,28.0709,0.0835443,0.621811,184,68,0.944208,3.4832,2.22045e-16,0.44399,267.57,0.192336,0.0104133,9.18134,0.00113418,15.5343,0.0714286,0.864271,-173,0.241071,2,1,36,0.107143,0,0,1.66696,1.29557,1504,1.6543,0.042613,0.103463,0.360428,0.0310173,0.0930395,0.478779,0.47947,0.154517,9,98,0.722934,0.359131,0.363803,1.6543,1.58397,0.913447,5.77657,0.85372,0.204082,9.34601e-05,0.266542,9,1024,256,336,245890,311314,46958,732,140,0.416667,200,0.595238,0.00297694,0.190972,0.00069809,81.3333,0.00367675,22121,1150,8.21429,7,22,4.97391,12,14,18.05,60,732,12.2,12,24,5.62376,16,20.2,22,0.833333,1,3,0.923675,1,3,3,45.53
3_0.13_-0.14_0.49_0.4_-0.26_0.29_0.22_-0.16_-0.25_0.18,520,864,40.4798,0.0468517,0.90233,184,332,0.997659,3.38815,7.21645e-16,0.403393,640.267,0.42674,0.0131828,9.1985,0.00143315,12.458,0.0277778,1.01341,-173,0.399306,2,1,168,0.194444,95,0.109954,1.11855,1.01074,2391,1.2102,0.0146427,0.100111,0.621735,0.00669098,0.0200729,0.978581,0.978581,0.700956,9,229,0.638257,0.358414,0.279843,1.2102,1.54615,1.90117,5.25365,0.491648,0.139738,0.000218391,0.0751004,9,1024,520,864,364050,557414,103494,18167,740,0.856481,554,0.641204,0.0499025,0.284285,0.0173254,2018.56,0.0544048,37102.5,66029,89.2284,84,181,36.5349,108,141,153,148,18167,122.75,81,213,72.6911,193.25,201.3,206.65,1.71296,2,5,1.5474,3,4,4,166.86
3_0.13_-0.31_-0.03_-0.41_0.23_-0.2_-0.38_-0.33_0.05_0.22,292,408,30.3283,0.0743341,1.05538,184,104,1.03509,3.52395,1.11022e-16,0.463088,339.666,0.53392,0.0125673,9.19123,0.00136731,11.5472,0.0588235,0.814682,-173,0.286765,2,1,96,0.235294,0,0,1.49321,1.17268,142,2.18535,0.0454206,0.165999,0.627939,0.0454206,0.136259,0.689428,0.689474,0.263193,37,162,0.718904,0.465875,0.253029,2.18535,2.74896,7.20614,10.2352,0.7574,0.117284,0.000154495,0.157312,9,1024,292,408,261449,345820,49566,9639,568,1.39216,312,0.764706,0.0368676,0.189582,0.00919247,1071,0.0442736,24190.5,49431,87.0264,89,198,36.5357,102,115,173,76,9639,126.829,55.5,255,113.017,240.25,253,254,2.78431,3,8,2.108,4,5,6,77.4793
3_0.13_0.16_-0.32_-0.22_-0.26_0.38_0.38_0.25_0.19_-0.33,836,1496,38.1698,0.0255146,1.11579,184,648,0.802385,3.79908,1.05471e-15,0.391734,1050.13,0.278195,0.00676016,9.37395,0.000721165,16.1396,0.0160428,1.04827,-173,0.441845,2,1,276,0.184492,157,0.104947,1.22377,1.00309,44,2.719,0.0397692,0.118478,0.647615,0.018815,0.0564451,0.76236,0.76236,0.436801,21,228,0.692767,0.310749,0.382018,2.719,3.06404,8.47509,13.0886,0.8713,0.100877,0.000217438,0.158487,9,1024,836,1496,280488,565780,103704,35732,6652,4.44652,1272,0.850267,0.127392,0.369727,0.0340767,3970.22,0.125313,31682.5,370066,55.6323,48,284,40.4585,85,107,124,88,35732,406.045,218,4710,959.286,220,643,646,8.89305,9,26,6.8394,14,19,20,97.2308
3_0.13_0.16_0.13_0.27_-0.06_0.22_0.46_0.21_-0.11_-0.02,364,552,24.2444,0.043921,0.762626,184,176,1.07594,3.56941,1.11022e-16,0.403823,405.603,0.300105,0.00942446,9.37684,0.00100508,14.1824,0.0434783,0.973072,-173,0.342391,2,1,96,0.173913,53,0.0960145,1.18442,1.09219,366,1.83357,0.0266724,0.146812,0.639439,0.0266724,0.0799446,0.741637,0.741912,0.415629,21,146,0.745311,0.483456,0.261855,1.83357,1.4319,0.174183,5.22489,0.969848,0.219178,0.000139236,0.187431,9,1024,364,552,242068,349640,64402,1966,228,0.413043,216,0.391304,0.00812168,0.266049,0.00187492,218.444,0.00963544,22670.9,4046,17.7456,12,39,9.73942,28,32,33.65,68,1966,28.9118,32,40,11.7733,37.25,38.3,39,0.826087,0,3,1.16664,2,3,3,82.9942
3_0.14_-0.03_-0.48_0.44_-0.0_-0.07_-0.29_0.02_-0.16_-0.06,496,816,30.9214,0.0378939,1.13217,184,308,1.01366,3.66294,1.66533e-16,0.395979,582.92,0.376152,0.00888294,9.38174,0.000946833,15.525,0.0294118,0.893844,-173,0.393382,2,1,144,0.176471,75,0.0919118,1.10461,1.00623,443,2.64849,0.0592508,0.0922482,0.550039,0.0592508,0.177745,0.962414,0.962579,0.526061,9,134,0.733377,0.555501,0.177876,2.64849,3.21466,8.8214,10.8261,0.889259,0.149254,0.000127792,0.112835,9,1024,496,816,265592,445586,82210,31020,3012,3.69118,756,0.926471,0.116796,0.309535,0.029583,3446.67,0.120561,28588.6,172540,57.2842,46,376,47.6878,89,107,141,42,31020,738.571,314.5,2004,803.291,1991,2000,2002,7.38235,8,19,4.87625,10,15,18,109.019
3_0.14_-0.11_0.17_0.49_0.26_-0.37_-0.2_-0.14_0.34_-0.48,416,656,42.2638,0.0644266,0.800436,184,228,1.06045,3.43858,3.33067e-16,0.426374,489.48,0.18109,0.0113088,9.41651,0.00120096,13.854,0.0365854,0.937502,-173,0.367378,2,1,84,0.128049,48,0.0731707,1.58828,1.20325,277,2.04272,0.0345287,0.105878,0.51196,0.0165224,0.0495405,0.845733,0.845832,0.450333,20,227,0.635457,0.330807,0.30465,2.04272,3.3778,12.7812,12.3345,0.698102,0.136564,0.000216484,0.186619,9,1024,416,656,346120,485144,73836,11704,808,1.23171,400,0.609756,0.0338149,0.213325,0.0111618,1300.44,0.0400484,32471.8,58636,72.5693,74,231,37.2041,93,109,120,97,11704,120.66,68,329,132.628,211,327,328,2.46341,2.5,9,2.60016,4,6,8,140.511
3_0.14_-0.16_0.32_-0.11_0.28_0.25_-0.38_0.22_0.34_-0.13,344,512,32.9033,0.0642643,0.668627,184,156,1.07493,3.24909,1.11022e-16,0.410092,371.854,0.216777,0.0101592,9.37043,0.00108418,14.8792,0.046875,0.901598,-173,0.330078,2,1,60,0.117188,48,0.09375,1.30284,1.16789,1440,1.38591,0.0208912,0.106008,0.484565,0.0208912,0.0626736,0.959286,0.959286,0.71308,21,176,0.678359,0.356318,0.322042,1.38591,1.96191,3.16157,5.42021,0.556721,0.136364,0.000167847,0.066346,9,1024,344,512,327722,437570,69976,6204,320,0.625,252,0.492188,0.0189307,0.213522,0.0059166,689.333,0.0230669,29884.1,15752,49.225,5,333,74.5962,79.75,90.6,107.7,100,6204,62.04,4,362,130.905,5,361,362,1.25,0,4,1.5,2,4,4,83.4166
3_0.14_-0.17_-0.26_0.11_-0.31_-0.01_0.25_0.3_0.35_-0.49,472,768,36.3537,0.0473355,1.35035,184,284,1.02912,3.56137,1.16573e-15,0.407663,546.773,0.26816,0.00908779,9.3741,0.000969458,15.8677,0.03125,0.866004,-173,0.386719,2,1,124,0.161458,104,0.135417,1.56072,1.17642,75,2.57972,0.0476122,0.110103,0.537019,0.0250387,0.0751133,0.941645,0.941693,0.473072,21,188,0.719162,0.313568,0.405594,2.57972,2.84686,7.19858,12.4466,0.867595,0.106383,0.000179291,0.253014,9,1024,472,768,244619,434866,95147,33275,5740,7.47396,740,0.963542,0.136028,0.38896,0.0317335,3697.22,0.133116,27774.4,337344,58.7707,53,549,50.5182,85,105,115,208,33275,159.976,21,5333,729.65,92.25,270,273.3,14.9479,10,51,13.3052,15.75,37,45,96.445
3_0.14_-0.24_-0.23_-0.26_0.09_0.47_-0.3_-0.19_-0.25_0.39,280,384,40.2924,0.104928,0.793804,184,92,1.0132,3.48174,2.77556e-16,0.428556,295.692,0.242517,0.0115413,9.32015,0.00123832,13.6666,0.0625,0.905156,-173,0.273438,2,1,60,0.15625,16,0.0416667,2.49663,2.12781,108,1.48632,0.0315304,0.0887696,0.486432,0.0247707,0.0743084,0.263853,0.263877,0.0813645,21,92,0.653898,0.353151,0.300747,1.48632,1.09071,-0.470576,4.43616,0.789584,0.217391,8.7738e-05,0.128488,9,1024,280,384,330001,480112,121671,8570,336,0.875,288,0.75,0.0259696,0.368699,0.00817299,952.222,0.0273306,34840.9,18330,54.5536,50,235,50.4915,59,69,214,60,8570,142.833,72.5,282,98.5133,258.25,278,280.05,1.75,1,5,1.54785,3,5,5,50.2304
3_0.14_-0.3_0.31_0.39_-0.13_-0.5_0.27_-0.28_0.36_0.02,388,600,39.898,0.0664967,0.962604,184,200,1.07129,4.03086,2.22045e-16,0.416952,428.043,0.314188,0.0134676,9.36012,0.00143882,13.1227,0.04,0.979835,-173,0.355,2,1,128,0.213333,14,0.0233333,1.39701,1.04776,114,1.74327,0.0366278,0.150769,0.58091,0.0366278,0.109848,0.737113,0.73745,0.206239,32,155,0.681432,0.424717,0.256715,1.74327,2.47441,6.77357,8.33143,0.806615,0.225806,0.00014782,0.166567,9,1024,388,600,305700,448376,85516,16479,571,0.951667,392,0.653333,0.0539058,0.279738,0.0157156,1831,0.0603484,30340.5,47420,83.0473,80,383,67.7813,106.5,131,141.5,50,16479,329.58,157,1102,303.665,447.75,646,1101,1.90333,2,6,1.72549,3,5,5,91.7207
3_0.14_0.07_0.2_-0.07_-0.09_-0.16_-0.33_0.27_0.17_0.14,268,360,23.8695,0.0663041,0.790206,184,80,0.983665,4.04644,1.66533e-16,0.4316,286.634,0.474769,0.0132191,9.18085,0.00143986,11.9949,0.0666667,0.90942,-173,0.258333,2,1,72,0.2,0,0,1.32928,1.20115,414,1.09532,0.0303841,0.145965,0.580253,0.0303841,0.091032,0.539949,0.540289,0.218981,21,68,0.733839,0.465397,0.268442,1.09532,0.474935,-1.42976,2.81549,0.731262,0.294118,6.48499e-05,0.12281,9,1024,268,360,251870,320012,47110,84,48,0.133333,72,0.2,0.000333505,0.187041,8.01086e-05,9.33333,0.000426225,21897.7,156,3.25,3,4,0.661438,4,4,4,30,84,2.8,3,4,1.16619,4,4,4,0.266667,0,2,0.573488,0,1,2,59.4798
3_0.14_0.14_-0.49_0.32_-0.12_0.02_0.22_0.23_-0.26_-0.48,520,864,40.989,0.047441,1.07523,184,332,0.997659,3.30743,7.77156e-16,0.398227,617.788,0.241026,0.00842587,9.65371,0.000872811,16.6013,0.0277778,0.970825,-173,0.399306,2,1,144,0.166667,74,0.0856481,1.45137,1.09952,792,1.89732,0.0436468,0.0921244,0.570565,0.0274467,0.0823345,0.825153,0.825279,0.287078,9,119,0.687774,0.304476,0.383298,1.89732,1.9944,2.63763,7.55186,0.855553,0.168067,0.000113487,0.266329,9,1024,520,864,281692,491026,96320,42054,3264,3.77778,824,0.953704,0.149291,0.341934,0.0401058,4672.67,0.148418,31483.2,182015,55.7644,35,845,76.9792,76,111,131,88,42054,477.886,184,1418,531.858,872.25,1406,1417,7.55556,6,17,4.48523,11,14,15,92.2732
3_0.14_0.48_0.12_-0.1_0.29_0.33_0.48_-0.05_0.24_-0.46,408,640,37.4094,0.0584522,0.806681,184,220,1.06401,3.7816,1.11022e-16,0.396259,438.535,0.0863679,0.00986306,9.37234,0.00105236,14.3773,0.0375,0.951151,-173,0.364063,2,1,48,0.075,94,0.146875,1.49517,1.14426,581.5,2.6049,0.0404739,0.10264,0.538595,0.0186672,0.055995,0.530908,0.53102,0.175382,9,234,0.660896,0.302477,0.358419,2.6049,3.45109,11.4472,14.3304,0.773111,0.0854701,0.00022316,0.232299,9,1024,408,640,315761,435808,65837,5166,536,0.8375,364,0.56875,0.0163605,0.208503,0.00492668,574,0.0197674,29037.7,19462,36.3097,27.5,148,31.9452,58,77.5,88.25,84,5166,61.5,29,186,65.5623,111,161.7,183.85,1.675,1,8,2.18675,2,5,5.15,75.9825
3_0.15_-0.18_-0.02_0.32_0.21_-0.0_0.31_0.3_0.35_-0.37,416,656,34.6725,0.0528545,0.88199,184,228,1.06045,3.83545,3.88578e-16,0.401265,458.852,0.169643,0.00947987,9.37193,0.00101152,15.8877,0.0365854,0.928005,-173,0.367378,2,1,92,0.140244,64,0.097561,1.48935,1.19467,172,2.65013,0.0359106,0.119787,0.494741,0.0288334,0.0864954,0.614946,0.615008,0.228487,21,220,0.685644,0.343384,0.34226,2.65013,2.79763,6.26555,11.5225,0.90966,0.127273,0.000209808,0.189291,9,1024,416,656,292026,427892,70310,17480,976,1.4878,524,0.79878,0.0598577,0.240766,0.0166702,1942.22,0.0688404,28213.4,76418,78.2971,82,297,45.359,97,114,140,100,17480,174.8,180,394,123.229,222,394,394,2.97561,2,8,2.41679,5,6,7,72.1541
3_0.15_-0.35_-0.15_-0.48_0.1_-0.15_-0.43_-0.03_-0.4_0.38,300,424,32.5126,0.0766806,0.820808,184,112,1.04629,3.41274,2.22045e-16,0.419872,306.612,0.106667,0.0224887,9.38123,0.0023972,9.96598,0.0566038,0.885803,-173,0.294811,2,1,24,0.0566038,23,0.0542453,1.39902,1.05986,4438.5,1.47591,0.0450048,0.13553,0.555369,0.019186,0.0575399,0.404753,0.404908,0.124795,16,96,0.69481,0.275038,0.419772,1.47591,2.09658,3.61012,6.2182,0.645927,0.15625,9.15527e-05,0.227104,9,1024,300,424,272887,358214,50827,10292,400,0.943396,280,0.660377,0.0377152,0.186257,0.00981522,1143.56,0.0457204,25012,35426,88.565,79.5,365,67.3627,107,115.4,162,36,10292,285.889,180,502,196.011,500,501,502,1.88679,2,5,1.67287,3,4,5,74.9214
3_0.15_-0.45_-0.4_-0.48_0.03_-0.11_-0.21_0.39_-0.3_0.3,280,384,33.7823,0.0879746,0.498909,184,92,1.0132,3.42729,2.77556e-16,0.443498,302.006,0.313946,0.0103714,9.32718,0.00111196,12.9567,0.0625,0.848823,-173,0.273438,2,1,60,0.15625,36,0.09375,1.71531,1.29948,739,1.73195,0.0399446,0.165365,0.599372,0.0295248,0.0885735,0.602241,0.602254,0.225162,9,128,0.697641,0.321701,0.37594,1.73195,2.15384,3.65132,7.32886,0.725307,0.148438,0.00012207,0.25571,9,1024,280,384,275362,370468,62264,22120,212,0.552083,168,0.4375,0.0803306,0.226117,0.0210953,2457.78,0.0945947,25982.2,37328,176.075,94,586,189.365,203,548,550,20,22120,1106,1196.5,1965,509.173,1198,1965,1965,1.10417,0,7,1.72288,1.25,5,5,77.35
3_0.15_0.42_-0.23_0.45_-0.4_0.27_-0.24_0.33_-0.4_0.14,304,432,24.329,0.0563172,0.718718,184,116,1.05102,3.63618,5.55112e-17,0.41038,330.425,0.157895,0.0130984,9.57995,0.00136727,12.5475,0.0925926,1.0325,-173,0.298611,2,1,36,0.0833333,22,0.0509259,1.11163,1.11163,1679,1.38951,0.0245295,0.113389,0.524118,0.0245295,0.0735884,0.684135,0.684135,0.397429,21,117,0.738718,0.537039,0.201679,1.38951,1.19692,-0.302512,3.88504,0.880981,0.282051,0.00011158,0.286299,9,1024,304,432,274057,362004,55867,3951,288,0.666667,252,0.583333,0.0144167,0.203852,0.00376797,439,0.0177576,24721.8,7272,25.25,3,96,38.7774,28.5,96,96,72,3951,54.875,55,103,47.3852,102.25,103,103,1.33333,1,4,1.31233,2.25,3,3,73.6067
3_0.15_0.47_-0.48_-0.1_-0.17_0.07_0.32_-0.29_0.02_0.09,688,1200,37.5723,0.0313102,1.46834,184,500,0.88669,3.12054,2.77556e-16,0.383291,819.803,0.30897,0.00713195,9.33096,0.000764332,16.5927,0.02,0.982483,-173,0.4275,2,1,256,0.213333,104,0.0866667,1.29523,1.08539,23,2.7227,0.0582991,0.111281,0.580087,0.0582991,0.174772,0.605935,0.606114,0.114613,9,143,0.708413,0.513077,0.195336,2.7227,3.05234,8.22603,11.7682,0.953966,0.13986,0.000136375,0.200325,9,1024,688,1200,281958,531152,103864,29921,6572,5.47667,1107,0.9225,0.106119,0.368367,0.0285349,3324.56,0.104159,31918.2,348706,53.0593,49,473,42.5355,80,101,114,76,29921,393.697,34.5,3879,862.477,663,721,1520.5,10.9533,10,40,8.46854,16,21,27,74.7041
3_0.16_-0.04_-0.07_0.03_0.03_-0.13_0.09_-0.47_-0.26_-0.34,232,288,22.9612,0.0797264,0.497308,184,44,0.821126,3.35222,0,0.463634,242.586,0.336207,0.0157551,9.35907,0.00168341,11.4807,0.0833333,0.852541,-173,0.197917,2,1,36,0.125,0,0,1.53995,1.17255,52,1.41701,0.0527182,0.100952,0.461085,0.0527182,0.158153,0.720111,0.720122,0.277518,21,68,0.775519,0.492121,0.283399,1.41701,1.31805,0.477122,4.6225,0.651804,0.176471,6.48499e-05,0.215064,9,1024,232,288,196974,253728,41944,2362,36,0.125,72,0.25,0.0119914,0.212942,0.00225258,262.444,0.0147875,17747.7,2362,65.6111,64.5,76,5.01264,70,72.5,74.25,36,2362,65.6111,64.5,76,5.01264,70,72.5,74.25,0.25,0,1,0.433013,0.25,1,1,69.8175
3_0.16_-0.04_-0.17_0.41_0.01_0.45_0.45_0.43_-0.4_-0.29,436,696,40.716,0.0585,0.857191,184,248,1.05035,3.75876,1.66533e-16,0.39191,489.429,0.138925,0.00902497,9.3816,0.000961987,15.2763,0.0344828,1.0294,-173,0.375,2,1,72,0.103448,134,0.192529,1.19871,1.0045,845,1.9322,0.0296555,0.143439,0.619277,0.00670433,0.020113,0.481516,0.481516,0.140316,12,224,0.612892,0.285862,0.32703,1.9322,3.57881,12.8409,10.8385,0.568036,0.102679,0.000213623,0.143005,9,1024,436,696,374931,512844,72641,10364,612,0.87931,360,0.517241,0.0276424,0.193745,0.00988388,1151.56,0.033305,34576,37463,61.2141,52,147,34.1533,86,107,122,60,10364,172.733,124,286,82.0796,269.5,276.1,281.1,1.75862,1,6,2.11978,3,5,6,131.385
3_0.16_-0.21_-0.13_0.31_-0.35_-0.07_0.48_-0.33_-0.19_0.47,640,1104,46.4603,0.0420836,1.01055,184,452,0.917153,3.96598,1.11022e-16,0.390241,768.614,0.24256,0.00844254,9.37477,0.00090056,16.053,0.0217391,1.06487,-173,0.421196,2,1,168,0.152174,161,0.145833,1.27258,1.04309,75,3.22824,0.0516052,0.098722,0.611881,0.0516052,0.154688,0.626404,0.6266,0.142016,21,255,0.639118,0.481403,0.157715,3.22824,4.62537,22.4144,20.5898,0.914834,0.12549,0.000243187,0.123929,9,1024,640,1104,359570,608924,125506,26405,2200,1.99275,924,0.836957,0.0734349,0.349045,0.0251818,2933.89,0.0760048,38601.4,81179,36.8995,26,230,36.2592,53,88,101,134,26405,197.052,93,911,282.061,227,876.7,899.05,3.98551,3.5,11,2.77537,6,8,8.85,91.5376
3_0.16_-0.29_0.04_0.46_0.37_-0.35_-0.23_0.11_-0.12_0.33,392,608,42.7317,0.0702825,0.778684,184,204,1.07004,3.09786,2.22045e-16,0.387318,411.761,0.217444,0.0109682,9.33498,0.00117496,13.3089,0.0394737,1.00409,-173,0.356908,2,1,68,0.111842,62,0.101974,1.73569,1.40732,485,2.1849,0.0347948,0.12856,0.564121,0.00753403,0.0226021,0.527389,0.527389,0.156557,9,222,0.611279,0.236353,0.374926,2.1849,3.68333,13.885,12.6365,0.599908,0.0900901,0.000211716,0.15883,9,1024,392,608,371122,504572,78758,11002,804,1.32237,404,0.664474,0.0296452,0.212216,0.0104923,1222.44,0.0347874,35140.4,29704,36.9453,13,311,55.3208,35,118,129,108,11002,101.87,28,417,137.471,137.25,403,412,2.64474,2,8,2.49053,5,6,7,90.3665
3_0.16_-0.36_0.19_0.41_-0.11_0.22_-0.0_-0.42_0.41_0.45,456,736,45.1864,0.0613946,0.84033,184,268,1.03893,3.59699,3.88578e-16,0.411685,537.557,0.360902,0.00815842,9.37288,0.000870428,15.5531,0.0326087,1.02605,-173,0.381793,2,1,140,0.190217,79,0.107337,1.46893,1.14761,418,2.12948,0.0436573,0.137557,0.590113,0.0436573,0.130836,0.55976,0.559947,0.0980199,17,151,0.640926,0.432604,0.208323,2.12948,2.91152,8.38569,10.2855,0.761844,0.13245,0.000144005,0.18131,9,1024,456,736,348040,530894,107369,41126,1264,1.71739,572,0.777174,0.118165,0.308496,0.0392208,4569.56,0.127511,35836.6,86515,68.4454,38.5,666,115.048,88,112,194.4,68,41126,604.794,649.5,3645,836.077,775,874,2674.2,3.43478,3,15,3.42324,5,8,11,60.5014
3_0.16_-0.38_-0.17_0.23_0.08_-0.07_0.12_0.08_0.49_-0.45,420,664,38.5173,0.0580079,0.887684,184,232,1.05856,3.33737,0,0.396289,447.224,0.24263,0.00844804,9.37909,0.000900732,16.5881,0.0361446,0.946463,-173,0.368976,2,1,88,0.13253,85,0.128012,1.48065,1.13896,139,2.64696,0.042367,0.114269,0.491523,0.042367,0.127015,0.611812,0.612429,0.186883,9,181,0.684959,0.382899,0.30206,2.64696,2.78812,6.34988,11.1954,0.910328,0.110497,0.000172615,0.262387,9,1024,420,664,294243,445017,89494,17984,660,0.993976,440,0.662651,0.0611196,0.30415,0.0171509,1998.22,0.0665767,30013.8,44996,68.1758,46,411,83.3098,90,105,236,120,17984,149.867,17,734,253.721,42,718,731,1.98795,2,6,1.87722,3,5,5,65.3811
3_0.16_0.14_0.12_0.44_0.09_-0.24_-0.29_0.42_0.24_-0.48,472,768,44.3036,0.057687,0.893063,184,284,1.02912,3.63809,1.11022e-16,0.412841,570.051,0.399516,0.00997508,9.37999,0.00106344,14.5443,0.03125,0.970103,-173,0.386719,2,1,168,0.21875,64,0.0833333,1.55349,1.17688,50,3.00664,0.0412703,0.100258,0.587879,0.0271406,0.0813694,0.438843,0.438875,0.120162,9,260,0.642645,0.289816,0.352829,3.00664,3.49541,11.4546,16.697,0.852439,0.0769231,0.000247955,0.246044,9,1024,472,768,331482,514406,101726,24368,1490,1.9401,506,0.658854,0.0735123,0.306882,0.0232391,2707.56,0.079616,34007.7,96550,64.7987,54,598,66.1673,75,100,203,98,24368,248.653,100,1674,458.02,122,1305,1307,3.88021,3,23,4.05319,7,9,9,80.2305
3_0.16_0.17_0.11_-0.39_-0.08_0.24_-0.21_-0.03_-0.29_-0.08,268,360,28.8824,0.0802288,0.755328,184,80,0.983665,3.08998,0,0.410163,261.256,0.350391,0.0082726,9.18134,0.000901024,16.7377,0.0666667,0.860941,-173,0.258333,2,1,72,0.2,0,0,1.60999,1.27777,198,1.99772,0.0484762,0.159365,0.521776,0.0484762,0.1454,0.652433,0.65283,0.128731,9,96,0.733847,0.429207,0.30464,1.99772,1.74735,1.43639,6.34154,0.981999,0.208333,9.15527e-05,0.233343,9,1024,268,360,241370,338160,70400,8832,372,1.03333,216,0.6,0.0365911,0.291668,0.00842285,981.333,0.0422172,23244.9,25884,69.5806,64,269,52.4496,74,83,229,36,8832,245.333,326.5,359,140.98,354,357,358.25,2.06667,1,7,2.1746,4,5,7,59.3957
3_0.17_-0.16_-0.34_-0.06_0.05_0.14_0.39_-0.23_-0.26_-0.41,468,760,36.6808,0.0482642,0.976813,184,280,1.03162,3.83341,1.11022e-16,0.398116,521.203,0.343101,0.0087038,9.33052,0.000932831,15.5748,0.0315789,0.929802,-173,0.385526,2,1,152,0.2,61,0.0802632,1.37586,1.08052,636,2.00353,0.0385141,0.0945652,0.561773,0.0385141,0.115539,0.647103,0.647125,0.199763,9,128,0.686148,0.383528,0.30262,2.00353,2.09603,2.8164,7.18476,0.859033,0.15625,0.00012207,0.222524,9,1024,468,760,293175,450456,78185,18846,1912,2.51579,612,0.805263,0.0642824,0.266684,0.0179729,2094,0.0716416,29228.8,84186,44.0303,35,451,46.5073,63,84.9,95,48,18846,392.625,81,3477,933.592,230,233,3474,5.03158,5,16,4.01694,7,10,12,86.361
3_0.17_-0.33_0.21_0.1_-0.28_0.26_0.38_-0.22_-0.32_-0.41,420,664,41.6125,0.0626694,0.821138,184,232,1.05856,3.21963,3.88578e-16,0.410676,478.698,0.198186,0.0141413,9.33944,0.00151415,11.8692,0.0361446,0.894469,-173,0.368976,2,1,64,0.0963855,75,0.112952,1.28666,1.01046,1302.5,1.68818,0.033267,0.134726,0.601027,0.033267,0.0997982,0.722137,0.722162,0.21041,9,154,0.660888,0.366876,0.294012,1.68818,2.59863,6.33668,7.75188,0.638943,0.12987,0.000146866,0.145843,9,1024,420,664,326771,487326,88273,46685,1345,2.0256,537,0.808735,0.142868,0.270137,0.0445223,5187.22,0.156541,33136.5,126510,94.0595,82,920,133.065,106,127,215,72,46685,648.403,104.5,3148,1038.19,935.25,2753,2930.95,4.0512,3,13,3.59892,7,10,11,122.753
3_0.17_-0.34_-0.45_0.31_0.24_0.34_0.33_-0.46_-0.3_0.16,920,1664,50.8277,0.0305455,1.03441,184,732,0.760895,3.78936,4.44089e-16,0.391723,1174.12,0.346998,0.00602424,9.37394,0.000642658,18.1207,0.0144231,1.18247,-173,0.447716,2,1,396,0.237981,132,0.0793269,1.31516,1.0065,110,3.29787,0.0457458,0.11542,0.638772,0.0106268,0.0318747,0.640754,0.640843,0.253055,21,292,0.616982,0.219948,0.397034,3.29787,4.49014,20.7373,21.6502,0.903705,0.109589,0.000278473,0.209604,9,1024,920,1664,353708,678502,133650,31382,4218,2.53486,1366,0.820913,0.0887229,0.377854,0.0299282,3486.89,0.0883303,39475.6,258416,61.2651,65,402,46.7168,92,109,120,140,31382,224.157,218,677,216.907,344.25,664.1,669.1,5.06971,5,20,4.06408,7,10,11,110.621
3_0.17_0.11_-0.03_0.0_-0.3_-0.07_0.22_-0.29_-0.48_0.13,220,264,31.8413,0.120611,0.700744,184,32,0.72529,3.76974,0,0.431739,205.188,0,0.0129757,9.38673,0.00138235,13.1407,0.0909091,0.802091,-173,0.170455,2,1,0,0,24,0.0909091,2.55005,2.13692,728,2.22603,0.0406513,0.198514,0.441061,0.0406513,0.121952,0.745118,0.745289,0.357456,9,166,0.684738,0.423727,0.261011,2.22603,2.81719,6.93783,9.85504,0.796142,0.120482,0.00015831,0.179661,9,1024,220,264,304412,372340,49442,15140,332,1.25758,216,0.818182,0.0497352,0.162418,0.0144386,1682.22,0.0622586,27019.9,25940,78.1325,37,669,119.995,88,131,134,88,15140,172.045,91,907,294.704,100,907,907,2.51515,2,7,2.01692,4,6,7,113.891
3_0.17_0.32_-0.34_-0.45_-0.33_0.05_-0.48_0.25_0.35_0.33,676,1176,40.9911,0.0348564,0.960189,184,488,0.894171,3.69603,2.22045e-16,0.409492,876.532,0.26909,0.00787155,9.33206,0.000843495,16.7144,0.0204082,1.03432,-173,0.42602,2,1,228,0.193878,129,0.109694,1.30254,1.00195,422,2.53328,0.0477276,0.114928,0.585597,0.0105038,0.0315094,0.778968,0.779064,0.370593,21,188,0.677018,0.253827,0.423191,2.53328,3.3371,10.8173,13.2534,0.921305,0.170213,0.000179291,0.202036,9,1024,676,1176,288683,533556,113360,26196,3444,2.92857,1092,0.928571,0.0907431,0.39268,0.0249825,2910.67,0.0910298,31974.9,145644,42.2892,36,250,33.9481,59,88,94,150,26196,174.64,11,684,234.263,221,667,676.05,5.85714,6,18,3.70052,7,11,11,102.281
3_0.17_0.34_-0.32_-0.34_0.45_0.07_0.07_0.2_0.39_0.16,744,1312,39.2012,0.029879,1.37335,184,556,0.853048,3.96823,9.4369e-16,0.394871,933.792,0.352023,0.00802948,9.33195,0.000860428,15.0209,0.0182927,1.10711,-173,0.433689,2,1,288,0.219512,147,0.112043,1.24934,1.01848,104,2.59177,0.0500393,0.108749,0.647897,0.0500393,0.149925,0.662279,0.662431,0.176712,21,181,0.702958,0.494121,0.208838,2.59177,3.23476,10.2134,12.8843,0.958237,0.176796,0.000172615,0.124747,9,1024,744,1312,285535,550202,109557,31972,3550,2.70579,1164,0.887195,0.111972,0.38369,0.0304909,3552.44,0.109704,32382,172554,48.6068,41,225,38.8962,69,103,112.55,120,31972,266.433,61,1211,412.224,225,1192.1,1201.15,5.41159,5,17,3.92263,8,11,13,87.7801
3_0.17_0.3_-0.32_-0.36_0.46_0.4_0.48_-0.14_0.28_-0.37,696,1216,43.0872,0.0354335,1.30539,184,508,0.881755,4.02533,1.11022e-16,0.400625,859.299,0.259442,0.00642989,9.39063,0.000684713,17.4488,0.0197368,1.07088,-173,0.428454,2,1,192,0.157895,198,0.162829,1.62812,1.30598,2,5.2289,0.0374584,0.144929,0.690659,0.0374584,0.112369,0.413236,0.413286,0.137635,9,624,0.648246,0.359365,0.28888,5.2289,5.70531,31.8995,36.0574,0.941718,0.0384615,0.000595093,0.239599,9,1024,696,1216,338742,571556,104330,18544,1676,1.37829,884,0.726974,0.0547437,0.307993,0.0176849,2060.44,0.0588218,35028.6,92227,55.028,58.5,185,40.1811,84,106,120,250,18544,74.176,4,537,141.533,97,238,526.55,2.75658,2,11,2.83191,4,8,10,77.5217
3_0.17_0.45_-0.31_0.36_0.43_0.32_-0.0_-0.0_0.0_0.35,448,720,35.8234,0.0497548,0.637785,184,260,1.04362,3.77951,1.66533e-16,0.411921,551.801,0.538478,0.00993399,9.32675,0.00106511,13.9621,0.0888889,1.14769,-173,0.379167,2,1,180,0.25,40,0.0555556,1.00367,1.00367,406,2.58028,0.0239706,0.122514,0.628258,0.0239706,0.0719118,0.601103,0.601103,0.23622,21,336,0.634528,0.415432,0.219096,2.58028,3.60357,12.6186,12.6931,0.785076,0.0982143,0.000320435,0.325416,9,1024,448,720,383335,538896,89572,9513,450,0.625,414,0.575,0.0248164,0.233665,0.0090723,1057,0.0290551,36379.1,21240,47.2,29,188,52.2433,42,135.1,186,117,9513,81.3077,68,193,77.7525,189,191,193,1.25,1,3,1.19896,2,3,3,104.62
3_0.18_-0.05_-0.08_-0.11_-0.45_-0.38_0.29_-0.24_-0.32_0.34,396,616,36.4839,0.0592271,0.965486,184,208,1.06868,3.71849,3.88578e-16,0.397589,424.135,0.280904,0.0128109,9.33128,0.00137289,12.3178,0.038961,0.965107,-173,0.358766,2,1,120,0.194805,27,0.0438312,1.3254,1.0575,283,2.38441,0.0497055,0.123779,0.596954,0.0497055,0.148953,0.62871,0.62887,0.161965,21,177,0.675569,0.527477,0.148091,2.38441,3.43707,12.8347,13.0229,0.90642,0.175141,0.0001688,0.11952,9,1024,396,616,317178,439580,64600,11728,488,0.792208,374,0.607143,0.0369761,0.203671,0.0111847,1303.11,0.0441458,29518.3,36427,74.6455,72,209,45.4535,105,123,139,102,11728,114.98,22,298,121.29,253,278,295.95,1.58442,1,7,1.63446,3,4,4,76.8309
3_0.18_-0.09_0.18_-0.1_0.3_0.13_0.33_0.21_-0.01_-0.44,340,504,27.0219,0.0536149,0.751498,184,152,1.07404,3.42223,1.66533e-16,0.412259,365.689,0.142857,0.010144,9.37812,0.00108166,13.9604,0.047619,0.940435,-173,0.327381,2,1,48,0.0952381,85,0.168651,1.43127,1.10665,214,2.05388,0.0484943,0.155717,0.59654,0.0484943,0.145476,0.698861,0.698918,0.251937,9,106,0.758415,0.443808,0.314608,2.05388,1.88076,1.92241,6.77782,0.957506,0.188679,0.000101089,0.248962,9,1024,340,504,213286,324538,68631,15691,524,1.03968,316,0.626984,0.0735679,0.321779,0.0149641,1743.44,0.0822808,21188.9,35093,66.9714,47,487,82.1632,94,110.7,140,72,15691,217.931,262.5,588,220.822,296,568,577.55,2.07937,2,8,1.99047,3,4,6,75.8601
3_0.18_-0.24_0.14_-0.21_0.1_-0.32_0.05_-0.08_-0.19_-0.11,232,288,17.2668,0.0599542,0.715161,184,44,0.821126,3.65564,0,0.455562,238.213,0.336207,0.0157551,9.35907,0.00168341,11.4807,0.0833333,0.802912,-173,0.197917,2,1,36,0.125,0,0,1.28519,1.05922,16904.5,0.696373,0.0651827,0.100952,0.461085,0.0651827,0.195504,0.724228,0.724523,0.387743,21,32,0.822169,0.65825,0.163919,0.696373,1.33929,0.228693,2.537,0.317019,0.125,3.05176e-05,0.129188,9,1024,232,288,164429,213328,30474,5835,72,0.25,108,0.375,0.0354864,0.185332,0.00556469,648.333,0.044989,14410.9,9336,129.667,125.5,145,11.2571,142,143,144,36,5835,162.083,163,166,3.87567,164.25,165,166,0.5,0,2,0.707107,1,2,2,66.2291
3_0.18_-0.48_-0.16_0.3_-0.06_-0.04_0.24_-0.35_0.42_-0.04,460,744,37.26,0.0500807,1.01902,184,272,1.03652,3.80401,4.44089e-16,0.402313,516.688,0.298551,0.00779408,9.65113,0.000807582,16.0249,0.0322581,0.913218,-173,0.383065,2,1,128,0.172043,75,0.100806,1.8723,1.41841,377,2.55316,0.0480556,0.154775,0.66153,0.0480556,0.144149,0.490352,0.490535,0.148457,17,180,0.678656,0.436844,0.241812,2.55316,3.18026,9.74206,12.7458,0.840306,0.111111,0.000171661,0.218331,9,1024,460,744,304932,438896,60984,13524,1468,1.97312,560,0.752688,0.0443509,0.199992,0.0128975,1502.67,0.0526387,28546.8,111560,75.9946,78,258,40.9537,98,115,131.65,64,13524,211.312,169.5,405,123.571,271.25,403,404.7,3.94624,3,14,3.82371,7,10,12,58.8323
3_0.18_0.01_-0.29_0.19_0.15_-0.03_-0.46_0.05_-0.22_0.11,400,624,31.3011,0.0501621,0.788061,184,212,1.06722,3.44931,3.33067e-16,0.420642,484.424,0.24,0.0140997,9.37252,0.00150437,12.178,0.0384615,0.956559,-173,0.360577,2,1,72,0.115385,42,0.0673077,1.0645,1.04362,25,3.65833,0.061058,0.0967823,0.545708,0.061058,0.183039,0.93032,0.930562,0.699676,9,216,0.714307,0.619495,0.0948114,3.65833,4.49818,18.5046,18.4634,0.768171,0.0416667,0.000205994,0.0332354,9,1024,400,624,293620,467298,94714,42557,716,1.14744,504,0.807692,0.144939,0.322573,0.0405855,4728.56,0.151927,31123.8,93416,130.469,101,965,151.549,116,313,432.75,138,42557,308.384,143,1525,411.236,474,501,1499,2.29487,3,7,1.55752,3,4,5,127.784
3_0.18_0.15_0.17_0.18_-0.46_-0.15_0.45_0.31_0.49_-0.42,552,928,42.7875,0.0461073,1.05784,184,364,0.975965,2.83589,2.77556e-16,0.412987,679.878,0.155625,0.0115034,9.33383,0.00123244,14.1625,0.0258621,1.01063,-173,0.40625,2,1,76,0.0818966,161,0.173491,1.43796,1.1234,143,3.15797,0.031909,0.107532,0.554354,0.031909,0.0957241,0.762216,0.762243,0.171654,9,278,0.644119,0.319887,0.324232,3.15797,3.38565,9.7325,13.7718,0.878669,0.0719424,0.000265121,0.241379,9,1024,552,928,340158,528742,94936,22974,1669,1.79849,652,0.702586,0.0675392,0.279094,0.0219097,2552.67,0.0754432,33835.6,71840,43.0437,15,472,61.35,73,99,169.6,124,22974,185.274,13,493,205.225,406.5,456.7,468.85,3.59698,3,11,3.34465,5,9,10,97.5475
3_0.19_-0.17_-0.28_0.11_0.44_0.31_-0.33_-0.28_0.17_-0.32,436,696,42.5833,0.0611829,0.816956,184,248,1.05035,3.85649,1.66533e-16,0.402841,491.793,0.201835,0.0153106,9.62358,0.00159094,11.8197,0.0344828,0.979412,-173,0.375,2,1,76,0.109195,54,0.0775862,1.2259,1.01036,590.5,1.80757,0.0228205,0.121466,0.551895,0.0149488,0.0448446,0.958695,0.959956,0.682748,9,240,0.612391,0.285521,0.326871,1.80757,2.38041,5.13654,8.94348,0.69943,0.133333,0.000228882,0.131313,9,1024,436,696,382677,524644,78664,8748,500,0.718391,376,0.54023,0.02286,0.205562,0.00834274,972,0.0273056,35597.1,21610,43.22,24,156,42.5531,55,126,135.05,92,8748,95.087,59,212,76.0981,171,195.9,200,1.43678,1,5,1.72674,3,5,5,135.959
3_0.19_-0.23_-0.39_0.46_-0.33_0.15_-0.35_-0.09_0.48_0.3,664,1152,40.7768,0.0353965,1.09315,184,476,0.901743,3.03538,6.10623e-16,0.388317,804.123,0.160499,0.00563725,9.33149,0.00060411,20.1584,0.0208333,1.02744,-173,0.424479,2,1,164,0.142361,146,0.126736,1.25783,1.04048,71,2.62164,0.0494261,0.0976141,0.5394,0.0494261,0.148267,0.905813,0.905866,0.393388,9,148,0.697324,0.438623,0.2587,2.62164,2.69803,6.03271,10.4902,0.96672,0.135135,0.000141144,0.221048,9,1024,664,1152,287348,555234,122152,45621,6075,5.27344,1080,0.9375,0.158766,0.425101,0.0435076,5069,0.148096,34227.8,295322,48.6127,36,408,50.6992,73,108,122,53,45621,860.774,1,43081,5857.19,1,1,623,10.5469,12,24,5.68589,13,18,21,122.143
3_0.19_-0.29_0.08_0.2_-0.05_0.16_0.15_0.33_-0.48_0.35,304,432,31.3254,0.0725124,0.791615,184,116,1.05102,3.90734,0,0.400994,312.625,0.230263,0.0116816,9.5916,0.0012179,12.5375,0.0555556,0.923743,-173,0.298611,2,1,60,0.138889,17,0.0393519,1.4375,1.20461,4619,1.31156,0.0300055,0.165788,0.596129,0.00838089,0.0251427,0.724905,0.724933,0.331369,33,134,0.690416,0.312847,0.377569,1.31156,2.0145,3.93635,5.82363,0.393504,0.0820896,0.000127792,0.128026,9,1024,304,432,293187,384910,59389,3718,286,0.662037,292,0.675926,0.0126813,0.202564,0.00354576,413.111,0.0155254,26608.7,7142,24.972,10,91,31.7424,58.25,77,87,102,3718,36.451,28,92,34.8534,76,90,91.9,1.32407,1,5,1.23849,2,3,3,126.83
3_0.19_-0.39_-0.16_-0.16_-0.48_-0.26_-0.2_0.22_0.32_-0.25,452,728,33.441,0.0459355,0.930877,184,264,1.0413,2.88837,1.11022e-16,0.431962,554.085,0.39507,0.00928236,9.3825,0.000989326,13.9485,0.032967,0.944289,-173,0.380495,2,1,128,0.175824,105,0.144231,1.46474,1.16249,263,2.22089,0.0394211,0.104379,0.594491,0.0394211,0.118259,0.597812,0.597863,0.192868,21,153,0.727031,0.412495,0.314536,2.22089,2.29238,3.73482,8.29597,0.854414,0.130719,0.000145912,0.176456,9,1024,452,728,248962,412216,90706,11348,1785,2.45192,628,0.862637,0.0455813,0.364337,0.0108223,1260.89,0.0468533,26911.4,44469,24.9126,17,110,24.2325,42,58,76,66,11348,171.939,86,401,143.339,297.25,394,395.75,4.90385,5,13,3.39345,8,10,10,80.3636
3_0.19_0.05_-0.41_0.13_0.26_0.44_0.39_-0.49_0.14_-0.13,484,792,38.0575,0.0480524,1.03059,184,296,1.02148,3.43027,1.66533e-16,0.409019,575.339,0.202283,0.0111667,9.32938,0.00119694,13.7971,0.030303,0.931605,-173,0.390152,2,1,120,0.151515,66,0.0833333,1.42359,1.07306,358.5,2.29754,0.0517731,0.117931,0.569991,0.0156584,0.0469732,0.751178,0.751256,0.254454,12,136,0.682693,0.236359,0.446334,2.29754,2.64938,6.21786,10.3138,0.92168,0.169118,0.0001297,0.210487,9,1024,484,792,278484,459094,93436,20985,3033,3.82955,676,0.853535,0.0753544,0.335517,0.0200129,2331.67,0.0801292,29098.8,118365,39.0257,29,277,37.4321,62,90,100,56,20985,374.732,223,941,336.828,791.75,920.5,935.75,7.65909,8,18,5.33995,12,14,17,92.0858
3_0.19_0.18_-0.25_0.2_-0.31_0.36_-0.47_-0.0_-0.35_-0.48,364,552,29.883,0.0541358,0.870318,184,176,1.07594,3.86618,1.11022e-16,0.411337,407.691,0.263475,0.0132254,9.32429,0.00141839,12.1292,0.0434783,0.967578,-173,0.342391,2,1,96,0.173913,42,0.076087,1.363,1.03257,64,2.23974,0.044632,0.106837,0.595288,0.044632,0.133704,0.815903,0.816203,0.264533,20,174,0.7386,0.500793,0.237806,2.23974,2.58431,6.5224,10.5144,0.950899,0.178161,0.000165939,0.180773,9,1024,364,552,239542,349166,62716,7352,568,1.02899,304,0.550725,0.0306919,0.261816,0.00701141,816.889,0.0355634,22970,38626,68.0035,71,104,23.6987,85,96,98,88,7352,83.5455,74,171,55.9316,158.5,169,171,2.05797,1,9,2.41303,5,5.9,6,89.0058
3_0.19_0.24_-0.5_-0.25_0.03_0.09_0.48_0.02_-0.18_0.2,1000,1824,41.6162,0.0228159,1.4168,184,812,0.725196,3.96002,4.996e-16,0.383835,1261.91,0.276571,0.00356515,9.36916,0.000380519,21.4755,0.0131579,1.04349,-173,0.452303,2,1,364,0.199561,205,0.11239,1.20097,1.0294,32,2.59679,0.0501909,0.136474,0.693184,0.0501909,0.150526,0.669749,0.670299,0.123875,9,140,0.694654,0.469964,0.22469,2.59679,2.7634,6.43748,10.1154,0.961153,0.142857,0.000133514,0.160277,9,1024,1000,1824,294911,653682,125702,40014,14771,8.09814,1756,0.962719,0.135682,0.426237,0.0381603,4446,0.122801,36205,610135,41.3063,32,221,35.1148,65,94,107,80,40014,500.175,38,5865,1292.41,136.75,1304.1,1546.85,16.1963,15,54,11.6104,25,31.7,34,82.5579
3_0.19_0.35_-0.09_0.45_-0.43_0.27_-0.03_-0.05_0.16_0.24,268,360,27.0156,0.0750433,0.479655,184,80,0.983665,3.45161,1.11022e-16,0.420979,281.165,0.183724,0.0161583,9.19117,0.00175802,10.3656,0.0666667,0.925904,-173,0.258333,2,1,36,0.1,36,0.1,1.11171,1.07585,683,2.20814,0.0456514,0.145993,0.601944,0.0456514,0.136889,0.674739,0.675505,0.201488,21,140,0.695171,0.546258,0.148913,2.20814,3.23072,9.11244,9.19371,0.590003,0.0642857,0.000133514,0.0476516,9,1024,268,360,309319,368064,38249,300,72,0.2,108,0.3,0.000969873,0.123656,0.000286102,33.3333,0.00125792,26498.9,480,6.66667,6.5,10,2.13437,9,9,10,54,300,5.55556,8,9,3.37017,9,9,9,0.4,0,2,0.663325,1,1.1,2,73.6006
3_0.19_0.36_-0.39_-0.21_-0.21_-0.28_0.19_-0.5_-0.15_0.19,444,712,39.0375,0.054828,0.933891,184,256,1.04591,3.63456,1.66533e-16,0.398943,493.614,0.265551,0.0107461,9.37922,0.00114573,13.288,0.0337079,0.925047,-173,0.377809,2,1,120,0.168539,77,0.108146,1.37098,1.02824,256,2.40825,0.0455589,0.130079,0.575084,0.0455589,0.136586,0.674743,0.675046,0.217177,20,185,0.68193,0.477962,0.203968,2.40825,3.04504,9.69759,12.3596,0.944232,0.167568,0.00017643,0.172955,9,1024,444,712,301381,451486,76177,19545,896,1.25843,536,0.752809,0.0648515,0.25276,0.0186396,2171.67,0.0730633,29723.1,64561,72.0547,67,221,50.9814,106,136,162,86,19545,227.267,168.5,478,143.736,396,461,463,2.51685,3,7,1.94943,3,6,6,67.6774
3_0.19_0.36_0.45_0.11_0.03_0.05_0.11_-0.07_0.37_0.03,284,392,26.1563,0.0667253,0.854987,184,96,1.02125,3.53903,1.11022e-16,0.410045,284.491,0.199195,0.00948675,9.35358,0.00101424,16.0528,0.0612245,0.836367,-173,0.278061,2,1,64,0.163265,19,0.0484694,1.99048,1.75287,26395.5,0.216898,0.0290241,0.140994,0.451404,0.0273609,0.0820808,0.306041,0.306045,0.0815998,21,32,0.730698,0.440168,0.290529,0.216898,-0.379779,-1.66514,1.27108,0,0,3.05176e-05,0.126398,9,1024,284,392,251992,336964,52488,7766,2846,7.2602,280,0.714286,0.0308184,0.208292,0.00740623,862.889,0.0369448,23356.2,121667,42.7502,37,301,35.6031,66,82,93,16,7766,485.375,193.5,1483,577.546,517.25,1482,1482.25,14.5204,6,35,14.0295,31,33,33,42.8183
3_0.19_0.46_-0.03_-0.23_-0.24_-0.02_-0.24_-0.22_0.17_0.21,292,408,32.1391,0.0787724,0.525946,184,104,1.03509,3.79064,0,0.43043,319.368,0.435747,0.0109596,9.18165,0.00119364,13.3602,0.0588235,0.934547,-173,0.286765,2,1,72,0.176471,0,0,1.55733,1.35029,433,2.04769,0.0392504,0.137722,0.524142,0.0392504,0.117694,0.630156,0.630253,0.183019,21,164,0.684232,0.467634,0.216598,2.04769,2.7148,6.77935,9.40772,0.737511,0.121951,0.000156403,0.194148,9,1024,292,408,307682,400400,61536,6802,212,0.519608,248,0.607843,0.0221072,0.199999,0.00648689,755.778,0.0267431,28260.6,12498,58.9528,6,152,61.2219,121,140,148,160,6802,42.5125,4,153,61.2611,123,145,150,1.03922,1,4,1.22412,1,4,4,59.1071
3_0.1_-0.04_-0.42_-0.06_-0.29_0.19_0.07_0.23_-0.02_-0.33,592,1008,29.8086,0.029572,1.39421,184,404,0.948891,3.59221,1.66533e-16,0.386841,692.262,0.228443,0.00747206,9.36478,0.000797889,15.1527,0.0238095,0.884682,-173,0.41369,2,1,168,0.166667,90,0.0892857,1.25445,1.02824,853,1.60315,0.036314,0.129081,0.655622,0.0243511,0.0730314,0.495688,0.495939,0.263583,21,114,0.733417,0.383871,0.349545,1.60315,1.47249,0.776973,5.64454,0.871422,0.245614,0.000108719,0.129074,9,1024,592,1008,241482,425388,68798,24768,8092,8.02778,916,0.90873,0.102567,0.284899,0.0236206,2752,0.110871,24821.6,411974,50.9113,49,367,37.5367,73,102,109,92,24768,269.217,111.5,3343,668.807,124,410,410,16.0556,11,57,17.9277,24,49,51,85.804
3_0.1_-0.08_0.38_0.16_-0.39_-0.42_0.3_0.09_-0.13_0.43,408,640,42.8618,0.0669716,1.0214,184,220,1.06401,3.00398,4.996e-16,0.400199,452.465,0.244865,0.0170586,9.34088,0.00182622,11.0329,0.0375,0.958459,-173,0.364063,2,1,84,0.13125,66,0.103125,1.5076,1.17781,1745,2.00888,0.0375271,0.0841754,0.571431,0.0375271,0.112533,0.578997,0.579702,0.0847103,9,133,0.650916,0.376172,0.274744,2.00888,2.24848,3.64785,7.66781,0.837958,0.150376,0.000126839,0.248425,9,1024,408,640,330212,493640,101046,26178,1160,1.8125,420,0.65625,0.0792763,0.306003,0.0249653,2908.67,0.0855368,34004.9,88174,76.0121,44,711,105.171,102,107.1,188,60,26178,436.3,58,1160,517.77,1158.25,1160,1160,3.625,2,11,3.67381,7,10,10,95.7335
3_0.1_-0.32_0.38_0.39_-0.02_-0.01_-0.21_-0.24_0.4_0.4,484,792,41.0291,0.0518044,1.01279,184,296,1.02148,3.33942,5.55112e-16,0.40158,565.88,0.225699,0.00863211,9.37575,0.000920685,16.7594,0.030303,1.00777,-173,0.390152,2,1,96,0.121212,137,0.17298,1.55351,1.28037,780,2.60904,0.045928,0.0849051,0.502618,0.045928,0.137694,0.69009,0.690785,0.127693,9,189,0.665876,0.441189,0.224688,2.60904,3.3269,10.4958,13.036,0.836632,0.10582,0.000180244,0.176401,9,1024,484,792,323986,513822,101382,27988,1570,1.98232,572,0.722222,0.0863864,0.312921,0.0266914,3109.78,0.090739,34271.7,143125,91.1624,90,516,67.8909,104,123,158,156,27988,179.41,2,2131,557.178,4,128,2087,3.96465,3,13,3.5375,7,10,10,107.413
3_0.1_-0.46_-0.36_-0.49_-0.48_-0.38_0.49_0.4_0.44_0.34,408,640,34.7046,0.054226,0.764253,184,220,1.06401,3.3634,0,0.447952,499.558,0.0994398,0.0151256,9.37953,0.00161262,11.418,0.0375,0.976085,-173,0.364063,2,1,52,0.08125,112,0.175,1.33637,1.00731,266.5,2.84338,0.0422049,0.138542,0.58036,0.0310411,0.0931158,0.859637,0.859748,0.444527,9,248,0.685555,0.319439,0.366116,2.84338,3.39193,10.5805,15.2676,0.831388,0.0806452,0.000236511,0.272942,9,1024,408,640,285602,402786,63330,3358,216,0.3375,236,0.36875,0.0117576,0.221742,0.00320244,373.111,0.0140596,26537.9,7812,36.1667,30,136,20.3472,49,55.5,61,76,3358,44.1842,43.5,181,38.6576,55,65,97.75,0.675,0,5,1.12667,1,3,3,106.611
3_0.1_0.04_-0.46_0.16_-0.15_0.15_-0.41_-0.49_-0.18_-0.29,372,568,32.4075,0.0570555,0.904411,184,184,1.07499,3.61462,0,0.404965,398.351,0.245264,0.0123537,9.37686,0.00131747,13.0715,0.0422535,0.951091,-173,0.346831,2,1,80,0.140845,63,0.110915,1.36962,1.03237,62,2.04418,0.0429029,0.115025,0.57129,0.0429029,0.12865,0.598831,0.599116,0.253415,20,148,0.714964,0.465295,0.249669,2.04418,2.37074,5.17176,8.88106,0.939847,0.209459,0.000141144,0.187215,9,1024,372,568,262800,377832,60058,12691,909,1.60035,456,0.802817,0.0482915,0.228531,0.0121031,1410.11,0.0569332,24767.8,43145,47.4642,32,162,43.7196,70,127,149.2,54,12691,235.019,159,380,119.716,364,374.7,377,3.2007,3,8,2.41296,5,6,8,56.7772
3_0.1_0.05_-0.22_0.31_-0.01_0.4_0.37_0.08_0.26_0.14,304,432,22.1359,0.0512405,0.287721,184,116,1.05102,3.50687,0,0.426331,339.408,0.315789,0.0103105,9.38773,0.0010983,13.4529,0.0555556,0.961356,-173,0.298611,2,1,72,0.166667,36,0.0833333,1.13169,1.0654,291,2.02624,0.0324383,0.155195,0.633698,0.0324383,0.0973148,0.764091,0.764091,0.310592,12,140,0.753825,0.442276,0.311549,2.02624,1.8271,1.45505,6.02442,0.908272,0.164286,0.000133514,0.348736,9,1024,304,432,229136,314642,54854,2682,36,0.0833333,72,0.166667,0.0117048,0.239395,0.00255775,298,0.0141127,21115.7,2682,74.5,74.5,83,4.08588,77.25,79.5,81.25,36,2682,74.5,74.5,83,4.08588,77.25,79.5,81.25,0.166667,0,1,0.372678,0,1,1,77.6983
3_0.1_0.29_-0.46_-0.2_-0.02_-0.31_0.21_-0.07_0.27_-0.09,436,696,29.6048,0.0425356,1.19567,184,248,1.05035,3.56272,1.66533e-16,0.401956,484.699,0.166448,0.00997673,9.37758,0.00106389,14.9482,0.0344828,0.853272,-173,0.375,2,1,96,0.137931,81,0.116379,1.23363,1.02235,918,1.89563,0.0654202,0.121209,0.530861,0.0654202,0.196012,0.729801,0.730019,0.26804,21,96,0.764449,0.669335,0.0951138,1.89563,2.56076,6.35458,8.2155,0.836421,0.208333,9.15527e-05,0.0560345,9,1024,436,696,233626,387284,73212,21173,4160,5.97701,650,0.933908,0.0906278,0.313373,0.0201921,2352.56,0.0944794,24900.2,194715,46.8065,36,360,43.0884,64,103,121,56,21173,378.089,162,2568,650.756,183.5,801,2545.5,11.954,11,36,8.94576,15,25,28,83.7254
3_0.1_0.31_0.21_0.03_-0.22_-0.26_0.04_-0.24_0.29_0.29,376,576,31.3285,0.0543898,0.823674,184,188,1.07427,3.24375,0,0.406724,416.421,0.247974,0.0137467,9.36674,0.00146761,12.6302,0.0416667,0.942259,-173,0.348958,2,1,84,0.145833,48,0.0833333,1.18366,1.0088,653,2.05602,0.0424261,0.0902842,0.493074,0.0424261,0.127247,0.652501,0.652826,0.319982,33,168,0.700867,0.505181,0.195685,2.05602,2.93273,8.6675,10.1697,0.706667,0.119048,0.000160217,0.0841266,9,1024,376,576,290882,399094,55668,9872,612,1.0625,392,0.680556,0.0339382,0.191377,0.00941467,1096.89,0.040468,27105.1,35516,58.0327,51,187,31.134,78,96,111,84,9872,117.524,84,214,80.1386,211,212,213,2.125,2,7,2.04761,3,5,7,105.33
3_0.1_0.45_0.39_-0.29_0.09_-0.35_-0.42_-0.26_0.27_0.22,412,648,37.4259,0.057756,0.615037,184,224,1.06227,3.51415,1.11022e-16,0.413853,475.035,0.148636,0.0159479,9.36706,0.00170255,12.3384,0.037037,1.03928,-173,0.365741,2,1,60,0.0925926,62,0.095679,1.23546,1.00173,1491,1.93517,0.0339689,0.0897573,0.485002,0.0165472,0.0496397,0.587168,0.587209,0.266429,9,200,0.653546,0.321051,0.332496,1.93517,3.20778,9.99818,10.3953,0.615046,0.095,0.000190735,0.252132,9,1024,412,648,327686,459938,72356,9736,496,0.765432,336,0.518519,0.0297114,0.220809,0.00928497,1081.78,0.0350934,30825.6,25284,50.9758,44,203,54.1533,80,147,154,76,9736,128.105,188.5,280,115.628,249,278.5,279,1.53086,1,6,1.77838,3,4,5,146.148
3_0.1_0.45_0.44_0.34_-0.14_-0.43_0.46_-0.16_-0.19_-0.45,624,1072,46.3939,0.0432779,1.08286,184,436,0.927608,3.81146,0,0.398805,755.439,0.254121,0.0106537,9.32952,0.00114193,13.8087,0.0223881,1.0202,-173,0.418843,2,1,188,0.175373,124,0.115672,1.3,1,61,2.50455,0.0400963,0.0772072,0.594718,0.00735664,0.0220633,0.913977,0.914067,0.488166,8,250,0.633076,0.218794,0.414282,2.50455,4.06312,17.5641,15.8339,0.73115,0.124,0.000238419,0.168842,9,1024,624,1072,342695,573276,111642,24405,2612,2.43657,908,0.847015,0.0712149,0.325777,0.0232744,2711.67,0.0749608,36174.5,131560,50.3675,36,316,46.8705,88,109,121,162,24405,150.648,45,576,183.614,261,415,572,4.87313,5,15,3.82143,7.25,10,13,150.068
3_0.21_-0.17_-0.37_-0.2_0.44_-0.38_-0.39_0.37_-0.5_0.31,412,648,43.6775,0.0674035,1.21414,184,224,1.06227,3.65899,2.22045e-16,0.386586,429.253,0.266759,0.0127612,9.33173,0.00136751,11.5652,0.037037,0.875472,-173,0.365741,2,1,104,0.160494,53,0.0817901,1.37016,1.09321,797,1.55724,0.0270348,0.134208,0.643875,0.0270348,0.0810728,0.656542,0.656917,0.226606,29,153,0.638682,0.341681,0.297001,1.55724,2.0396,3.78326,6.47633,0.693441,0.176471,0.000145912,0.171572,9,1024,412,648,352374,516958,90075,25611,1456,2.24691,512,0.790123,0.0726813,0.255623,0.0244246,2845.67,0.0805196,35341.3,130259,89.4636,93,331,58.3218,110,163,197.25,80,25611,320.137,337,561,193.835,472,553.3,557.1,4.49383,4,14,3.80585,7,10,12,110.264
3_0.21_-0.1_0.23_-0.05_0.19_0.27_0.17_-0.34_-0.27_-0.25,328,480,28.1453,0.058636,0.538424,184,140,1.06964,3.37341,1.11022e-16,0.420007,358.21,0.207027,0.00880716,9.37225,0.000939706,15.9792,0.05,0.93381,-173,0.31875,2,1,60,0.125,53,0.110417,1.37933,1.12446,865,2.24814,0.0499086,0.148061,0.552574,0.0499086,0.149722,0.693008,0.693019,0.260411,9,140,0.726944,0.466484,0.26046,2.24814,2.71184,6.30722,9.61176,0.860299,0.142857,0.000133514,0.196954,9,1024,328,480,257540,349930,49922,13300,168,0.35,200,0.416667,0.0516425,0.193842,0.0126839,1477.78,0.0634281,23298.5,27104,161.333,123,398,94.8566,151.5,384,391.65,48,13300,277.083,273.5,426,140.639,418,422,425,0.7,0,5,1.17331,1,1.2,3.05,64.9359
3_0.21_-0.21_-0.27_0.5_-0.46_0.5_-0.07_-0.29_-0.29_-0.04,424,672,34.9334,0.0519842,1.02491,184,236,1.0566,3.6169,2.22045e-16,0.39121,467.126,0.241914,0.00940731,9.37724,0.00100321,14.8237,0.0357143,0.98082,-173,0.370536,2,1,116,0.172619,64,0.0952381,1.3367,1.12014,518,2.43648,0.0471611,0.0916211,0.563086,0.0471611,0.141402,0.698364,0.699366,0.131262,9,165,0.67776,0.448236,0.229525,2.43648,3.09249,8.83119,11.4813,0.840048,0.121212,0.000157356,0.16169,9,1024,424,672,313018,448850,71672,11214,664,0.988095,436,0.64881,0.0358254,0.228971,0.0106945,1246,0.0419587,29695.9,42018,63.2801,69,201,44.2079,85,98,146.85,78,11214,143.769,223,246,112.508,232.75,241.9,245,1.97619,2,5,1.72241,3,5,5,73.0437
3_0.21_-0.31_0.1_-0.16_0.01_0.25_0.37_-0.02_-0.1_0.29,472,768,29.8177,0.0388252,1.51661,184,284,1.02912,3.09156,4.996e-16,0.392635,533.303,0.211663,0.00650445,9.36475,0.000694567,18.1087,0.03125,0.772729,-173,0.386719,2,1,124,0.161458,58,0.0755208,1.44119,1.19436,905.5,1.44124,0.0545959,0.115046,0.542768,0.0545959,0.163696,0.523275,0.523415,0.13711,9,56,0.749027,0.492653,0.256374,1.44124,1.19113,-0.11504,4.08179,0.74569,0.214286,5.34058e-05,0.208541,9,1024,472,768,232583,395974,71797,20030,21714,28.2734,648,0.84375,0.0861198,0.308694,0.0191021,2225.56,0.0886831,25095.6,1.49944e+06,69.054,70,566,36.7278,90,103,108,32,20030,625.938,150,2668,876.513,1018,2503.3,2668,56.5469,87,98,41.6882,96.25,97,97,49.0812
3_0.21_-0.42_0.04_0.22_0.4_0.32_-0.29_0.3_0.05_0.09,352,528,35.5173,0.0672675,0.729087,184,164,1.07598,3.64824,2.22045e-16,0.400431,377.165,0.289773,0.00995268,9.37241,0.00106191,13.8373,0.0454545,0.986938,-173,0.335227,2,1,84,0.159091,42,0.0795455,1.51367,1.18255,30,2.20434,0.0403385,0.125971,0.590285,0.0205126,0.0615082,0.4324,0.432643,0.106402,21,191,0.681296,0.290154,0.391143,2.20434,2.968,8.60896,11.3088,0.692836,0.0994764,0.000182152,0.195959,9,1024,352,528,291930,415298,80602,6794,456,0.863636,296,0.560606,0.0232727,0.2761,0.00647926,754.889,0.0268328,28133.1,13904,30.4912,16.5,130,33.3562,48.25,87,128,72,6794,94.3611,57.5,185,63.9697,183.25,185,185,1.72727,1,5,1.86308,3,5,5,97.7112
3_0.21_-0.5_-0.44_0.12_-0.43_-0.48_0.38_0.41_0.34_0.08,688,1200,46.8401,0.0390334,1.21547,184,500,0.88669,3.14591,3.33067e-16,0.426248,910.109,0.274086,0.00791761,9.37402,0.000844633,15.5496,0.02,1.06031,-173,0.4275,2,1,208,0.173333,129,0.1075,1.37268,1.02951,794.5,2.09931,0.0406599,0.117666,0.652624,0.0319424,0.0958176,0.613366,0.613467,0.214765,9,148,0.671089,0.328889,0.3422,2.09931,2.40475,4.51892,8.96701,0.826453,0.135135,0.000141144,0.258538,9,1024,688,1200,302305,573128,114397,51277,6051,5.0425,1060,0.883333,0.16962,0.378416,0.0489016,5697.44,0.159832,35646.4,447806,74.0053,73,659,67.2892,97,109,161.5,64,51277,801.203,154,5449,1446.67,484.25,2512.8,5005.25,10.085,6,45,11.496,14,31,40.1,81.8584
3_0.21_0.01_0.39_0.18_0.45_0.36_0.14_-0.1_0.31_0.17,376,576,26.257,0.0455851,0.889594,184,188,1.07427,3.73776,3.33067e-16,0.406081,419.656,0.279889,0.00822337,9.37131,0.000877505,16.1546,0.0416667,0.924022,-173,0.348958,2,1,108,0.1875,62,0.107639,1.55359,1.41809,368,2.17857,0.0448561,0.0949216,0.544841,0.0448561,0.134568,0.969683,0.969683,0.69548,21,140,0.738945,0.523067,0.215878,2.17857,2.64592,6.10034,8.4984,0.805983,0.142857,0.000133514,0.0709921,9,1024,376,576,253678,368170,60151,14400,1164,2.02083,464,0.805556,0.0567649,0.237116,0.0137329,1600,0.065871,24289.9,57973,49.805,49,238,45.1531,75,105,132.85,84,14400,171.429,143,455,182.264,432,450.7,453,4.04167,4.5,14,3.41031,6,9,10,70.2361
3_0.21_0.06_-0.41_0.41_0.15_-0.3_-0.32_0.07_0.25_-0.11,656,1136,40.1384,0.0353331,1.33804,184,468,0.906842,3.8564,8.32667e-16,0.393102,805.196,0.238676,0.00846069,9.35369,0.00090453,15.9237,0.0211268,0.917319,-173,0.423415,2,1,184,0.161972,117,0.102993,1.24609,1.03841,153.5,2.32538,0.0411091,0.105276,0.596141,0.0411091,0.123319,0.912648,0.912698,0.359068,9,152,0.681889,0.415502,0.266387,2.32538,2.61287,5.55936,9.16364,0.868392,0.131579,0.000144958,0.203032,9,1024,656,1136,305564,545062,101991,34184,5080,4.47183,980,0.862676,0.111872,0.33378,0.0326004,3798.22,0.11201,33909.5,305207,60.0801,56,431,45.7678,89,106,121.05,84,34184,406.952,221,1028,353.752,872.5,973.7,978.85,8.94366,11,24,6.37891,13,15.5,23,126.304
3_0.21_0.12_-0.26_0.4_0.41_-0.04_-0.43_-0.25_-0.42_-0.49,484,792,42.2538,0.0533508,0.980721,184,296,1.02148,3.75864,5.44009e-15,0.399623,561.885,0.190083,0.0158849,9.57698,0.00165866,11.4517,0.030303,1.01969,-173,0.390152,2,1,84,0.106061,89,0.112374,1.32911,1.00184,1830,1.98004,0.0413399,0.11265,0.605541,0.00817108,0.0245113,0.893974,0.89401,0.535479,16,185,0.657207,0.280365,0.376842,1.98004,3.7157,14.3127,11.6369,0.544408,0.0810811,0.00017643,0.288217,9,1024,484,792,316114,491526,87789,46798,1200,1.51515,660,0.833333,0.148042,0.277713,0.0446301,5199.78,0.160967,32303.4,122100,101.75,77,901,132.542,103,129,206,96,46798,487.479,245.5,972,361.372,893.75,963,972,3.0303,3,11,2.61292,4,7,8,147.276
3_0.21_0.36_-0.13_0.49_0.16_-0.49_-0.25_-0.12_-0.16_-0.15,340,504,34.5552,0.0685618,0.699985,184,152,1.07404,3.64414,1.11022e-16,0.417557,376.334,0.247059,0.0153649,9.42408,0.00163039,11.5149,0.047619,0.925383,-173,0.327381,2,1,48,0.0952381,47,0.093254,1.39797,1.05375,561,2.23851,0.0437956,0.0917802,0.534824,0.0246878,0.0740509,0.632221,0.632275,0.183512,32,181,0.692441,0.339142,0.353299,2.23851,2.953,8.37738,11.4479,0.736013,0.104972,0.000172615,0.300744,9,1024,340,504,276632,386972,68248,8164,474,0.940476,320,0.634921,0.0295121,0.24671,0.0077858,907.111,0.0343189,26431.9,26980,56.9198,59,174,46.8451,98,105,125.4,72,8164,113.389,84.5,237,82.2423,215.25,233.8,235.45,1.88095,1,8,2.00637,3,5,6,96.3437
3_0.21_0.36_-0.16_-0.34_-0.35_-0.12_0.3_0.46_0.36_-0.32,692,1208,43.9081,0.0363478,0.867327,184,504,0.884217,3.87842,3.33067e-16,0.413259,896.758,0.332232,0.00922164,9.37054,0.00098411,14.5732,0.0198675,1.05364,-173,0.42798,2,1,224,0.18543,114,0.0943709,1.24225,1.0127,119,2.81447,0.0343084,0.120184,0.636328,0.020051,0.060153,0.871482,0.871482,0.357195,21,296,0.644913,0.312489,0.332424,2.81447,3.48319,11.5308,15.7468,0.85952,0.108108,0.000282288,0.154583,9,1024,692,1208,336394,588638,108922,28376,2907,2.40646,960,0.794702,0.0843535,0.323793,0.0270615,3152.89,0.086927,36270.5,154291,53.0757,46,205,43.9182,81,117,133,116,28376,244.621,205.5,948,266.74,273.25,760.5,929.25,4.81291,4,19,4.28049,8,11,13,113.584
3_0.21_0.48_0.16_0.38_-0.06_-0.14_-0.37_0.03_-0.26_-0.26,256,336,28.9121,0.086048,0.718367,184,68,0.944208,3.27963,2.22045e-16,0.422614,258.257,0.304688,0.0120374,9.14456,0.00131634,12.8348,0.0714286,0.837338,-173,0.241071,2,1,36,0.107143,12,0.0357143,1.63821,1.3962,3364,0.931096,0.0281248,0.161946,0.576266,0.00867367,0.0260181,0.795961,0.796066,0.300882,24,95,0.712958,0.310911,0.402047,0.931096,1.33619,1.18358,3.74756,0.36523,0.115789,9.05991e-05,0.116846,9,1024,256,336,271538,348568,52582,5856,216,0.642857,204,0.607143,0.021566,0.193645,0.00558472,650.667,0.0260222,25004.3,11950,55.3241,41,102,29.9067,92.5,100,102,72,5856,81.3333,80.5,122,38.073,119,120.9,121.45,1.28571,1,4,1.3054,2,4,4,124.551
3_0.22_-0.25_-0.19_-0.15_0.22_-0.29_0.47_0.23_-0.04_-0.18,460,744,33.5054,0.0450342,0.947505,184,272,1.03652,2.83023,4.44089e-16,0.420204,554.718,0.328778,0.00986122,9.38224,0.00105105,13.4286,0.0322581,0.924891,-173,0.383065,2,1,120,0.16129,102,0.137097,1.23245,1.03278,8430,1.29889,0.0655842,0.0968524,0.618207,0.0655842,0.19662,0.857718,0.857827,0.565278,21,56,0.791688,0.681694,0.109994,1.29889,1.58631,1.84222,4.63909,0.53634,0.142857,5.34058e-05,0.122713,9,1024,460,744,202492,436842,111208,59120,5661,7.60887,688,0.924731,0.291962,0.549197,0.0563812,6568.89,0.23066,28478.6,298062,52.6518,16,729,80.2125,89,103,155,40,59120,1478,1,7222,2274.21,3134.75,3579.1,7218.1,15.2177,16,45,10.8681,21,28,32,90.8803
3_0.22_-0.28_-0.09_-0.41_-0.5_-0.16_0.18_-0.27_0.06_0.06,296,416,27.9507,0.0671892,0.711936,184,108,1.041,3.42193,1.11022e-16,0.435238,309.431,0.236165,0.015212,9.18152,0.0016568,11.8083,0.0576923,0.872441,-173,0.290865,2,1,64,0.153846,20,0.0480769,1.35426,1.06356,1652,1.69796,0.0535202,0.107315,0.55817,0.0535202,0.160559,0.775952,0.775963,0.343971,21,103,0.745602,0.562199,0.183403,1.69796,2.36002,5.53526,7.39347,0.717389,0.184466,9.82285e-05,0.108322,9,1024,296,416,241742,327000,51420,9622,516,1.24038,248,0.596154,0.0398028,0.212706,0.00917625,1069.11,0.047984,22280.6,40295,78.0911,93,223,46.8324,105,115,126,56,9622,171.821,133.5,359,101.588,293.25,345,359,2.48077,2,8,2.62378,5,7,7,74.2887
3_0.22_-0.32_-0.37_-0.26_-0.12_0.0_0.25_-0.22_0.2_-0.02,304,432,27.2523,0.0630841,0.755554,184,116,1.05102,3.49824,2.22045e-16,0.432988,323.128,0.337406,0.0144381,9.18931,0.00157119,12.9192,0.0555556,0.842067,-173,0.298611,2,1,76,0.175926,14,0.0324074,1.37736,1.13518,1040,2.27964,0.05966,0.100684,0.459229,0.05966,0.178957,0.76933,0.769549,0.354574,17,126,0.732506,0.551695,0.180811,2.27964,3.04444,8.3807,10.2622,0.831899,0.15873,0.000120163,0.150781,9,1024,304,432,259598,334603,41481,5387,644,1.49074,288,0.666667,0.0207513,0.159789,0.00513744,598.556,0.0262717,22783.2,12717,19.7469,9,107,26.8822,23,48,95.85,86,5387,62.6395,30,487,98.9636,76.75,127,131.75,2.98148,3,13,3.36576,4,9,11,85.815
3_0.22_-0.41_0.08_0.1_0.21_-0.43_-0.3_0.17_0.31_-0.2,432,688,41.7515,0.0606853,0.928036,184,244,1.05249,3.90052,2.22045e-16,0.40047,473.539,0.323854,0.0131958,9.36753,0.00140868,12.965,0.0348837,0.935422,-173,0.373547,2,1,124,0.180233,49,0.0712209,1.71082,1.32966,303,2.00693,0.0447493,0.106616,0.576723,0.0447493,0.134242,0.565112,0.56514,0.16497,9,134,0.689043,0.443597,0.245446,2.00693,2.52032,5.56141,8.70251,0.802185,0.149254,0.000127792,0.179464,9,1024,432,688,292863,489284,118913,44862,752,1.09302,520,0.755814,0.153184,0.406036,0.0427837,4984.67,0.151435,32916.1,106797,142.017,108,874,175.779,133.75,185,801,78,44862,575.154,228,1960,726.544,953.25,1894,1946.95,2.18605,2,7,1.92452,3,5,6,67.1923
3_0.22_0.0_-0.1_-0.06_0.3_-0.1_-0.35_-0.42_-0.21_0.17,256,336,33.3271,0.0991877,0.496425,184,68,0.944208,3.71407,1.11022e-16,0.435992,263.779,0.304688,0.0120374,9.14456,0.00131634,12.8348,0.0714286,0.888971,-173,0.241071,2,1,36,0.107143,12,0.0357143,1.41188,1.10303,216,1.98774,0.0384903,0.161946,0.576266,0.0384903,0.115467,0.549571,0.54958,0.114008,9,120,0.677544,0.364498,0.313046,1.98774,1.98314,2.29558,6.81703,0.88526,0.166667,0.000114441,0.243553,9,1024,256,336,300686,373284,54686,196,48,0.142857,72,0.214286,0.000651843,0.181871,0.00018692,21.7778,0.000823834,26434.7,356,7.41667,7,12,1.99826,9,10,11,30,196,6.53333,7,12,3.17,8.75,10.1,11,0.285714,0,2,0.589015,0,1,2,55.8718
3_0.22_0.12_-0.2_-0.24_-0.48_-0.41_-0.19_-0.37_0.4_-0.09,340,504,30.7763,0.0610641,0.871727,184,152,1.07404,3.63835,1.11022e-16,0.428942,368.111,0.236975,0.01309,9.36634,0.00139756,11.8667,0.047619,0.870745,-173,0.327381,2,1,72,0.142857,18,0.0357143,1.30653,1.02607,539.5,2.2125,0.0550232,0.13615,0.566102,0.0550232,0.16499,0.764554,0.764904,0.318947,18,152,0.720495,0.55092,0.169576,2.2125,3.27231,11.5925,11.608,0.824094,0.151316,0.000144958,0.0795773,9,1024,340,504,273172,367428,49698,8714,580,1.15079,314,0.623016,0.0318993,0.181929,0.00831032,968.222,0.0395084,24506.8,33562,57.8655,57,181,38.1745,81,107.1,127,102,8714,85.4314,96,237,85.5192,123.75,224,235.95,2.30159,2,7,2.35625,5,6,6,74.5396
3_0.22_0.43_0.32_-0.5_-0.24_-0.11_0.0_0.18_-0.33_0.42,432,688,42.4787,0.0617423,1.06718,184,244,1.05249,3.18169,3.77476e-15,0.393544,478.597,0.24978,0.0165017,9.34562,0.00176572,11.2399,0.0348837,0.888367,-173,0.373547,2,1,100,0.145349,57,0.0828488,1.52444,1.14333,3042,1.72129,0.0498648,0.0825424,0.569574,0.00641251,0.0192366,0.759666,0.759762,0.388747,24,105,0.682384,0.231697,0.450687,1.72129,2.64268,5.96867,7.6728,0.609348,0.104762,0.000100136,0.388168,9,1024,432,688,280817,476604,118452,36282,2545,3.69913,592,0.860465,0.129202,0.421812,0.0346012,4031.33,0.124762,32312.3,135977,53.4291,42,833,84.9997,74,101,110,48,36282,755.875,124,2768,1109.38,757.75,2638.3,2758.3,7.39826,8.5,20,5.13352,11,14,16,98.5783
3_0.22_0.45_0.41_-0.22_-0.06_0.07_-0.16_0.28_-0.43_0.34,304,432,33.5825,0.0777372,0.969306,184,116,1.05102,3.75163,1.11022e-15,0.410167,326.714,0.572368,0.0184141,9.45306,0.00194795,9.33898,0.0555556,0.896461,-173,0.298611,2,1,108,0.25,0,0,1.71716,1.49752,1275,1.38686,0.0330601,0.101936,0.624477,0.00921154,0.0276308,0.689485,0.690876,0.242094,33,105,0.671991,0.33055,0.341441,1.38686,1.79368,2.33363,5.1657,0.48637,0.104762,0.000100136,0.180772,9,1024,304,432,309350,418072,64202,19796,504,1.16667,348,0.805556,0.0639922,0.207538,0.0188789,2199.56,0.0740302,29711.6,56030,111.171,108,401,93.4203,141.25,218.7,284.85,48,19796,412.417,412,431,9.0619,419,421,429.65,2.33333,2,6,1.74801,3,5,6,68.4756
3_0.22_0.49_0.06_-0.26_-0.06_-0.08_-0.41_0.04_-0.42_0.23,316,456,31.8682,0.0698865,0.824801,184,128,1.06221,3.45878,2.22045e-16,0.412154,341.189,0.335443,0.0123434,9.37119,0.00131716,12.1697,0.0526316,0.957529,-173,0.309211,2,1,72,0.157895,24,0.0526316,1.7102,1.45755,953,1.69817,0.0351315,0.0911746,0.58393,0.0132542,0.0397587,0.417726,0.418664,0.120853,33,138,0.67553,0.33259,0.34294,1.69817,2.41639,4.99239,7.17679,0.664175,0.144928,0.000131607,0.173007,9,1024,316,456,303424,398488,61124,4088,302,0.662281,253,0.554825,0.0134729,0.201447,0.00389862,454.222,0.0164698,27579.1,8914,29.5166,28,74,21.1541,47,56,72.45,74,4088,55.2432,49,101,32.4366,75,100.4,101,1.32456,1,6,1.54321,3,3,4,57.6724
3_0.23_-0.43_0.48_-0.32_-0.31_-0.5_0.18_-0.42_0.1_0.38,428,680,42.2012,0.0620606,0.963796,184,240,1.05458,3.37898,1.11022e-16,0.404892,454.925,0.291055,0.011677,9.3537,0.00124838,14.093,0.0352941,0.95603,-173,0.372059,2,1,120,0.176471,48,0.0705882,1.38491,1.03868,105,2.34796,0.0478802,0.109837,0.565442,0.0478802,0.143634,0.773433,0.774437,0.272275,16,170,0.682384,0.423752,0.258633,2.34796,2.96541,9.33429,11.9282,0.956536,0.182353,0.000162125,0.151517,9,1024,428,680,304424,484240,106970,17874,2136,3.14118,578,0.85,0.0587142,0.351385,0.017046,1986,0.0618249,32123,120851,56.5782,47,459,52.0398,87,105,129,83,17874,215.349,7,2788,493.434,157,837.4,1629.7,6.28235,5,18,5.03572,11,13,15,73.8364
3_0.23_0.08_-0.03_0.02_-0.25_-0.09_0.31_0.45_-0.37_-0.25,460,744,36.0395,0.0484401,1.187,184,272,1.03652,3.54418,1.66533e-16,0.403861,544.768,0.367909,0.0122619,9.33743,0.0013132,11.8584,0.0322581,0.946875,-173,0.383065,2,1,156,0.209677,30,0.0403226,1.39232,1.19341,192,1.8991,0.0266285,0.116726,0.660349,0.0266285,0.0798817,0.895918,0.896022,0.406098,21,181,0.670645,0.353695,0.31695,1.8991,2.27178,3.92427,7.18675,0.674551,0.110497,0.000172615,0.106979,9,1024,460,744,320026,474078,72904,18938,2224,2.98925,616,0.827957,0.0591764,0.227806,0.0180607,2104.22,0.0671588,31332,123274,55.429,54,214,41.4561,83,106,116,72,18938,263.028,261,518,229.352,495.5,509,513.45,5.97849,6,17,4.39569,10,11,13,93.2029
3_0.23_0.28_0.03_-0.37_-0.39_0.09_-0.05_0.25_0.03_0.44,532,888,35.5795,0.040067,0.989876,184,344,0.989548,3.46315,0,0.413053,675.948,0.340673,0.00787183,9.34172,0.000842653,16.3274,0.027027,1.03759,-173,0.402027,2,1,180,0.202703,85,0.0957207,1.25246,1.00464,1789,2.09597,0.0410719,0.115362,0.586693,0.0134201,0.0402594,0.881207,0.88125,0.435027,9,170,0.67946,0.282227,0.397233,2.09597,3.04575,8.60891,10.2761,0.715509,0.117647,0.000162125,0.190282,9,1024,532,888,293076,463410,81204,11638,1258,1.41667,740,0.833333,0.0397098,0.277075,0.0110989,1293.11,0.0447595,28890.2,55806,44.3609,46,105,30.5353,66,88,97,176,11638,66.125,88,154,58.537,115,144,148,2.83333,2,8,2.29554,5,7,8,111.986
3_0.23_0.36_-0.21_-0.5_0.04_0.34_0.46_0.03_-0.1_0.3,700,1224,47.0128,0.0384091,1.32595,184,512,0.879303,3.20042,3.88578e-16,0.3858,850.403,0.232245,0.00638756,9.37712,0.000681185,17.0894,0.0196078,1.06107,-173,0.428922,2,1,176,0.143791,161,0.131536,1.50319,1.1274,579,2.44774,0.0515823,0.118829,0.66579,0.01052,0.0315495,0.285574,0.285747,0.0769062,21,159,0.659284,0.226286,0.432998,2.44774,3.27736,10.1805,12.4402,0.792411,0.125786,0.000151634,0.252172,9,1024,700,1224,303245,582904,110790,57396,5192,4.24183,1168,0.954248,0.189273,0.365348,0.0547371,6377.33,0.178256,35776.3,384543,74.0645,75,558,71.5312,100,121,211,28,57396,2049.86,687.5,7899,2673.43,2901.5,7896.6,7898.65,8.48366,9,33,5.66188,12,15,15,87.5576
3_0.24_-0.06_-0.22_0.23_0.25_-0.33_0.32_-0.28_-0.31_-0.34,348,520,35.5927,0.0684474,0.795681,184,160,1.07558,3.59608,4.44089e-16,0.435134,397.922,0.44636,0.0131748,9.56156,0.00137789,11.9801,0.0461538,0.946058,-173,0.332692,2,1,104,0.2,28,0.0538462,1.47753,1.20451,1276,1.95739,0.0546446,0.12158,0.624854,0.0546446,0.163918,0.736102,0.736232,0.178874,9,108,0.70858,0.513371,0.19521,1.95739,2.57957,5.93256,8.32879,0.833114,0.185185,0.000102997,0.167737,9,1024,348,520,280081,425106,97093,30234,428,0.823077,364,0.7,0.107947,0.34666,0.0288334,3359.33,0.114041,29457.3,60346,140.995,100,720,178.343,105,121,694.65,72,30234,419.917,684.5,747,337.41,730.25,744.3,746,1.64615,1.5,5,1.43506,3,4,4,90.8215
3_0.24_-0.11_0.3_-0.29_0.21_-0.23_0.42_0.08_-0.15_0.04,496,816,24.2448,0.0297118,1.16185,184,308,1.01366,3.73199,5.88418e-15,0.416529,609.443,0.183948,0.00696146,9.36478,0.000743366,17.5906,0.0294118,0.933293,-173,0.393382,2,1,120,0.147059,96,0.117647,1.229,1.02988,12601,1.25422,0.0648193,0.10334,0.539574,0.0648193,0.194389,0.784342,0.784583,0.351322,21,52,0.796134,0.641857,0.154277,1.25422,1.51215,1.2,4.23372,0.605984,0.173077,4.95911e-05,0.069339,9,1024,496,816,193630,347912,64076,20824,6758,8.28186,688,0.843137,0.107545,0.33092,0.0198593,2313.78,0.112223,20617.7,506508,74.9494,73,324,31.8854,91,104,110,56,20824,371.857,6,3428,891.426,108.5,828.5,3423.5,16.5637,8,57,18.437,41,45,51,77.5134
3_0.24_-0.22_-0.3_-0.41_0.01_-0.41_0.39_0.1_-0.48_-0.25,592,1008,43.0136,0.0426723,1.32677,184,404,0.948891,3.72887,2.22045e-16,0.405855,714.701,0.239704,0.00772433,9.38168,0.000823342,15.7724,0.0357143,0.991876,-173,0.41369,2,1,168,0.166667,146,0.144841,1.27886,1.00434,247,2.25669,0.0418558,0.141272,0.587589,0.0418558,0.125564,0.86347,0.86351,0.418395,20,212,0.670341,0.459866,0.210476,2.25669,3.68122,15.1379,13.2372,0.780021,0.146226,0.000202179,0.13747,9,1024,592,1008,322361,540958,89530,32134,4892,4.85317,904,0.896825,0.0996833,0.277732,0.0306454,3570.44,0.104166,34276.5,241089,49.2823,36,323,48.8699,67,99,126,96,32134,334.729,298,2115,434.187,302.25,864.5,872.25,9.70635,9,29,7.50814,13,21,24,148.559
3_0.24_-0.29_-0.32_0.36_0.1_-0.39_0.44_0.02_0.15_-0.27,616,1056,41.3861,0.0391914,1.26521,184,428,0.932885,3.43838,4.44089e-16,0.39378,729.535,0.300711,0.00793716,9.37171,0.000846928,15.5894,0.0227273,1.01908,-173,0.417614,2,1,188,0.17803,112,0.106061,1.30329,1.03436,168,2.7491,0.0501909,0.123523,0.624102,0.0501909,0.150365,0.679356,0.679745,0.181463,21,219,0.67311,0.503222,0.169888,2.7491,3.84394,16.3415,16.3299,0.93718,0.146119,0.000208855,0.126111,9,1024,616,1056,319630,529564,88944,32288,3655,3.46117,929,0.879735,0.101017,0.278272,0.0307922,3587.56,0.107767,33289.8,211152,57.7707,47,281,42.6151,87,105,119.3,132,32288,244.606,172.5,833,275.167,362.25,816,827,6.92235,7,22,4.67683,10,12.5,13,71.2265
3_0.24_-0.37_0.06_-0.33_0.13_-0.26_-0.49_0.16_0.15_0.26,316,456,30.3615,0.0665823,0.749918,184,128,1.06221,3.1816,5.55112e-17,0.432064,351.37,0.151899,0.0188594,9.37698,0.00201124,9.73325,0.0526316,0.945991,-173,0.309211,2,1,36,0.0789474,0,0,1.2499,1.0026,988,1.60507,0.0371361,0.124133,0.618765,0.015996,0.0479803,0.7444,0.744604,0.370709,9,140,0.702603,0.315128,0.387475,1.60507,2.45879,5.47494,7.3997,0.644419,0.142857,0.000133514,0.152818,9,1024,316,456,272940,360268,53248,3656,84,0.184211,144,0.315789,0.0133949,0.19509,0.00348663,406.222,0.0164674,24668.3,4748,56.5238,57,76,8.91825,64,67,73,60,3656,60.9333,60,76,6.80163,66,68.5,74.05,0.368421,0,2,0.581335,1,1,2,102.56
3_0.24_-0.37_0.06_-0.44_0.46_0.05_-0.44_0.49_-0.07_-0.14,448,720,39.9357,0.0554662,0.975657,184,260,1.04362,2.85398,6.66134e-16,0.414025,529.195,0.205357,0.019117,9.41559,0.00203035,11.331,0.0333333,0.975785,-173,0.379167,2,1,84,0.116667,63,0.0875,1.29712,1.00293,193,1.9264,0.0290775,0.0728683,0.537356,0.00542831,0.0162849,0.979831,0.979831,0.575402,12,254,0.668341,0.272032,0.396309,1.9264,2.879,8.97811,11.0508,0.68887,0.137795,0.000242233,0.164971,9,1024,448,720,317322,465884,73723,22924,732,1.01667,560,0.777778,0.0722421,0.232329,0.021862,2547.11,0.0813307,31317.9,52764,72.082,60,259,58.7586,95,157,226,173,22924,132.509,118,269,95.5239,230,238,250,2.03333,2,9,1.78932,3,4,5,192.108
3_0.24_0.26_-0.47_-0.25_-0.41_-0.1_-0.04_0.08_-0.49_0.05,456,736,36.1105,0.0490632,0.879581,184,268,1.03893,3.70399,1.11022e-16,0.395982,516.151,0.391604,0.00781049,9.37127,0.000833451,15.9871,0.0326087,0.956403,-173,0.381793,2,1,148,0.201087,77,0.10462,1.19225,1.02193,94,2.65442,0.0546684,0.129673,0.602898,0.0546684,0.16397,0.714079,0.715221,0.132469,9,133,0.701535,0.484896,0.21664,2.65442,2.78998,6.54779,10.3643,0.986464,0.150376,0.000126839,0.18063,9,1024,456,736,288436,477044,115189,13839,1259,1.7106,552,0.75,0.0479794,0.399357,0.0131979,1537.67,0.048992,31386.1,58153,46.1898,43,186,37.7081,78,92,113,112,13839,123.562,86.5,417,131.644,129.25,403.7,409.45,3.4212,2,13,3.39546,6,8,10,79.2577
3_0.24_0.26_0.44_0.26_-0.23_-0.21_-0.03_0.3_0.13_-0.25,424,672,36.702,0.054616,1.0327,184,236,1.0566,3.48137,2.22045e-16,0.40336,490.003,0.416442,0.00768289,9.36083,0.00082075,16.9394,0.0357143,0.987714,-173,0.370536,2,1,144,0.214286,52,0.077381,1.31085,1.12359,950,1.94132,0.0289745,0.131143,0.568578,0.0243645,0.0730591,0.333917,0.333981,0.124908,33,170,0.662639,0.366617,0.296021,1.94132,2.21899,3.38117,7.43342,0.723977,0.117647,0.000162125,0.114204,9,1024,424,672,323394,472784,81478,27556,804,1.19643,344,0.511905,0.0852088,0.251947,0.0262794,3061.78,0.0959963,31894.7,90286,112.296,86,1766,210.785,100,177,229,36,27556,765.444,77,2164,982.589,2150,2158.5,2160.75,2.39286,2,11,2.93184,3.5,6,9,77.6042
3_0.24_0.31_0.34_0.13_-0.28_0.34_0.2_0.39_0.12_0.4,340,504,29.6549,0.0588391,0.823126,184,152,1.07404,3.59237,0,0.406217,380.04,0.0529412,0.0135293,9.36738,0.0014443,11.7368,0.0793651,1.04597,-173,0.327381,2,1,36,0.0714286,69,0.136905,1.01871,1.01871,124,1.66119,0.0269823,0.146139,0.594398,0.0269823,0.0809469,0.574707,0.574707,0.141331,21,144,0.682673,0.434364,0.248309,1.66119,1.95367,2.60741,5.69152,0.738455,0.166667,0.000137329,0.342182,9,1024,340,504,332875,437001,64888,3834,684,1.35714,360,0.714286,0.0115178,0.194932,0.00365639,426,0.0141639,30076.4,21186,30.9737,25,53,12.0983,46,50,52,72,3834,53.25,53.5,91,37.7517,91,91,91,2.71429,2,6,2.24972,5,5,6,84.5731
3_0.24_0.36_-0.23_-0.28_-0.42_0.47_-0.18_0.12_0.29_-0.04,656,1136,39.8927,0.0351168,0.927228,184,468,0.906842,3.72303,4.44089e-16,0.394422,811.569,0.330139,0.00736989,9.37303,0.000786286,15.4499,0.0211268,1.06827,-173,0.423415,2,1,224,0.197183,120,0.105634,1.2863,1.08396,386.5,2.36674,0.0301952,0.126521,0.666769,0.020792,0.062376,0.88138,0.88138,0.362173,21,252,0.665325,0.367908,0.297417,2.36674,2.96678,7.65103,11.4368,0.816657,0.126984,0.000240326,0.134854,9,1024,656,1136,319304,552746,106780,22354,4632,4.07746,768,0.676056,0.0700085,0.334415,0.0213184,2483.78,0.0728368,34100.6,336184,72.5786,67,433,39.3869,88.25,106,117,108,22354,206.981,74,2488,470.127,136.25,599,600,8.15493,2,45,13.584,7,37,44,122.322
3_0.24_0.43_-0.12_0.47_-0.45_-0.21_-0.21_0.18_0.43_0.39,604,1032,40.2743,0.0390255,0.664748,184,416,0.940858,3.72022,1.11022e-16,0.402796,757.487,0.24046,0.0077261,9.37717,0.000823927,15.8587,0.0232558,1.12433,-173,0.415698,2,1,168,0.162791,106,0.102713,1.18787,1.01047,692,2.15717,0.0290098,0.104771,0.60401,0.018259,0.0547199,0.554811,0.55612,0.21384,21,228,0.646341,0.336869,0.309472,2.15717,2.84456,7.00074,10.2334,0.791143,0.140351,0.000217438,0.11341,9,1024,604,1032,340476,547792,101430,14790,1750,1.69574,764,0.74031,0.0434392,0.297906,0.0141048,1643.33,0.0473499,34706.1,73233,41.8474,25,177,38.7804,74,95.1,108,116,14790,127.5,86,402,140.629,90,397,399,3.39147,3,12,3.1038,5,8,10,108.674
3_0.24_0.47_-0.28_-0.24_0.45_0.32_-0.29_-0.0_-0.35_-0.03,544,912,45.0801,0.04943,0.862275,184,356,0.981403,3.96447,1.66533e-16,0.399829,663.99,0.253501,0.0100359,9.38622,0.00106922,13.947,0.0263158,1.03564,-173,0.404605,2,1,120,0.131579,152,0.166667,1.17865,1.01608,169.5,3.10652,0.0370712,0.0912125,0.626073,0.0370712,0.111155,0.555449,0.55604,0.116928,9,276,0.624582,0.38271,0.241873,3.10652,3.92382,14.7658,16.3816,0.820944,0.0724638,0.000263214,0.16039,9,1024,544,912,370864,597252,124358,49926,1312,1.4386,696,0.763158,0.134621,0.33532,0.0476131,5547.33,0.140737,39416.4,112394,85.6662,68,884,132.101,89,116.8,340,110,49926,453.873,94,1375,595.923,1229.75,1353,1368.55,2.87719,3,9,2.21494,4,6,8,127.335
3_0.25_-0.12_-0.28_-0.29_0.32_0.22_-0.3_-0.4_0.16_-0.04,352,528,39.4423,0.0747014,0.939204,184,164,1.07598,3.81589,2.22045e-16,0.412385,376.196,0.223214,0.0114237,9.19755,0.00124203,13.5319,0.0454545,0.912907,-173,0.335227,2,1,68,0.128788,50,0.094697,1.48259,1.17047,3662,1.5636,0.0432348,0.14179,0.575378,0.0432348,0.129689,0.603056,0.603647,0.13156,9,93,0.673728,0.410171,0.263557,1.5636,1.89958,2.61257,5.96804,0.795473,0.215054,8.86917e-05,0.176265,9,1024,352,528,311908,454642,84252,32172,1008,1.90909,480,0.909091,0.103146,0.270118,0.0306816,3574.67,0.113173,31585.9,85268,84.5913,56,983,136.57,102,158,363,112,32172,287.25,2,2481,753.95,95.75,2216,2451,3.81818,3.5,14,2.915,6,7,9,54.4269
3_0.25_-0.17_0.11_0.46_-0.46_-0.33_0.38_0.13_-0.35_0.25,588,1000,50.6918,0.0506918,0.913854,184,400,0.951581,3.39063,3.88578e-16,0.399118,716.9,0.330904,0.0081705,9.32953,0.000875767,15.7097,0.024,1.06877,-173,0.413,2,1,180,0.18,129,0.129,1.2452,1.02065,289,2.40364,0.0255175,0.114842,0.643511,0.0255175,0.0665894,0.419936,0.449976,0.0596357,9,294,0.572021,0.278356,0.293665,2.40364,3.48357,11.4645,13.1151,0.69896,0.0884354,0.00028038,0.201907,9,1024,588,1000,422650,645628,110184,29646,1556,1.556,732,0.732,0.0701431,0.260698,0.0282726,3294,0.0782646,42088,122991,79.0431,75,556,69.5056,101,121,144,104,29646,285.058,127,998,379.033,175,990.7,993,3.112,3,12,2.77911,4,7,9,113.788
3_0.25_0.18_0.14_0.4_-0.43_0.24_-0.05_0.18_-0.16_-0.14,232,288,28.1437,0.0977211,0.459263,184,44,0.821126,3.45282,0,0.418012,222.287,0.336207,0.0157409,9.14977,0.00172036,11.5129,0.0833333,0.847914,-173,0.197917,2,1,36,0.125,0,0,1.27814,1.16903,1772,1.26297,0.0411129,0.100654,0.464022,0.0411129,0.123242,0.376629,0.376662,0.0613507,21,68,0.708144,0.519089,0.189055,1.26297,1.52359,0.966042,3.94789,0.52053,0.132353,6.48499e-05,0.0692289,9,1024,232,288,286376,365984,62100,5636,132,0.458333,168,0.583333,0.0196804,0.216848,0.00537491,626.222,0.0240039,26088.4,8238,62.4091,48,129,33.296,72,126,129,60,5636,93.9333,78,129,28.1744,126,129,129,0.916667,1,4,1.15169,1,3,4,48.7472
3_0.25_0.26_0.49_-0.09_-0.26_0.46_0.16_0.28_0.47_-0.16,424,672,41.2166,0.0613342,0.931926,184,236,1.0566,3.31695,2.9976e-15,0.406653,492.151,0.303235,0.0135522,9.36771,0.00144669,11.8598,0.0357143,0.952117,-173,0.370536,2,1,108,0.160714,48,0.0714286,1.25198,1.04139,262,2.32776,0.0390558,0.0992584,0.613519,0.00893402,0.0268021,0.985555,0.985555,0.67029,36,189,0.652952,0.273964,0.378988,2.32776,3.22753,9.7798,11.3049,0.734628,0.121693,0.000180244,0.167828,9,1024,424,672,324044,504522,115857,45597,480,0.714286,300,0.446429,0.140712,0.357535,0.0434847,5066.33,0.145811,34745.9,75998,158.329,104.5,1370,276.334,112,333.1,391.55,48,45597,949.938,993.5,1751,760.33,1689.5,1750,1750,1.42857,0,7,2.04291,3,5,6,130
3_0.25_0.35_-0.45_0.06_-0.12_0.04_0.05_0.33_0.04_0.31,484,792,31.0257,0.0391738,1.11116,184,296,1.02148,3.56187,2.77556e-16,0.401238,580.998,0.122393,0.00959381,9.36955,0.00102393,14.96,0.030303,0.95659,-173,0.390152,2,1,116,0.146465,65,0.0820707,1.30019,1.20636,736,1.8843,0.0293884,0.114769,0.588945,0.0293884,0.0881176,0.528057,0.529445,0.192481,21,154,0.695879,0.456377,0.239502,1.8843,1.8483,2.05772,6.50374,0.930048,0.207792,0.000146866,0.130543,9,1024,484,792,297485,452750,69742,17079,2940,3.71212,744,0.939394,0.0574113,0.234439,0.0162878,1897.67,0.0650069,29191.8,124753,42.433,33,152,35.2477,72,96,107,109,17079,156.688,155,437,158.073,177,427,430,7.42424,7,19,4.62638,11,14,14.45,80.1076
3_0.25_0.37_0.46_-0.39_-0.35_-0.22_-0.38_-0.36_-0.3_0.12,500,824,39.4564,0.047884,0.954525,184,312,1.01102,3.7,2.22045e-16,0.395982,571.412,0.201333,0.0148677,9.57051,0.00155349,11.7849,0.0291262,1.02513,-173,0.394417,2,1,108,0.131068,105,0.127427,1.37952,1.09485,738,2.1204,0.0358248,0.119997,0.589915,0.014163,0.0424862,0.508271,0.508306,0.207795,9,224,0.649139,0.291463,0.357677,2.1204,3.55922,13.0737,12.3621,0.616767,0.0892857,0.000213623,0.26216,9,1024,500,824,330439,490362,75793,15760,944,1.14563,622,0.754854,0.0476941,0.229371,0.0150299,1751.11,0.0551685,31741.1,34090,36.1123,23,226,39.6576,50.5,94,111.85,142,15760,110.986,120,342,107.108,178,293,308.85,2.29126,2,7,1.89343,3,5,6,94.772
3_0.25_0.41_0.22_0.46_0.25_-0.14_0.41_0.23_0.31_-0.13,384,592,28.9763,0.0489465,1.11169,184,196,1.07241,3.09704,3.88578e-16,0.402612,422.212,0.206349,0.00942038,9.33075,0.00100961,15.2106,0.0405405,0.892023,-173,0.353041,2,1,96,0.162162,61,0.103041,1.57767,1.44007,445,1.82408,0.0248899,0.0903828,0.522592,0.0240602,0.0721798,0.713355,0.713384,0.37892,12,166,0.70371,0.377729,0.32598,1.82408,1.96526,2.11521,5.87136,0.756882,0.138554,0.00015831,0.249679,9,1024,384,592,284690,399198,56533,15847,993,1.67736,483,0.815878,0.0556641,0.198577,0.0151129,1760.78,0.0657077,26797.1,55148,55.5368,44,243,50.924,80,111,160,90,15847,176.078,161,452,140.603,204,442.1,450.55,3.35473,3,13,2.98858,5,8,9,108.204
3_0.25_0.42_0.24_-0.13_0.41_0.07_0.2_-0.3_0.2_0.34,424,672,35.1671,0.052332,1.01191,184,236,1.0566,3.61799,2.22045e-16,0.401682,481.72,0.323675,0.00769904,9.3722,0.000821476,17.1074,0.0357143,0.976813,-173,0.370536,2,1,132,0.196429,78,0.116071,1.63729,1.3644,17999,0.730267,0.0332642,0.0942075,0.518308,0.0320635,0.0961847,0.439988,0.440046,0.112302,21,40,0.690194,0.385132,0.305062,0.730267,-0.0862247,-1.65343,1.92781,0,0,3.8147e-05,0.147735,9,1024,424,672,290012,449934,90556,15311,1601,2.38244,564,0.839286,0.0527944,0.312249,0.0146017,1701.22,0.0572435,29719.1,46491,29.0387,10,133,33.6877,55,79,96,76,15311,201.461,25,575,251.979,566.25,572,573.25,4.76488,5,13,3.34985,8,9,10,54.6373
3_0.25_0.43_-0.44_-0.24_-0.37_-0.49_-0.35_0.16_-0.02_0.1,420,664,38.1779,0.0574968,0.933553,184,232,1.05856,3.50514,1.27121e-14,0.399836,463.087,0.144218,0.0114857,9.38353,0.00122403,13.6578,0.0361446,0.920536,-173,0.368976,2,1,72,0.108434,56,0.0843373,1.40938,1.06235,577,2.30263,0.0417557,0.115719,0.575117,0.0289698,0.0868654,0.499258,0.499449,0.104415,9,172,0.683123,0.316167,0.366956,2.30263,2.59879,5.6217,10.5135,0.829472,0.116279,0.000164032,0.240318,9,1024,420,664,288522,436804,81488,18294,1128,1.6988,488,0.73494,0.0634059,0.282433,0.0174465,2032.67,0.0696565,29181.3,101990,90.4167,103,209,36.2713,106,120,131,137,18294,133.533,119,376,78.9779,170,255,279.4,3.39759,3,11,3.0927,5,9,9,90.9585
3_0.25_0.49_-0.26_-0.13_-0.16_0.4_0.26_0.21_-0.13_-0.31,744,1312,42.6828,0.0325327,1.01102,184,556,0.853048,3.15963,3.66374e-15,0.392898,940.873,0.310804,0.00774067,9.33353,0.00082934,16.3139,0.0182927,1.04258,-173,0.433689,2,1,240,0.182927,161,0.122713,1.24769,1.034,482,1.7833,0.0410194,0.12472,0.620179,0.0236988,0.0710964,0.986596,0.986596,0.747983,12,107,0.725278,0.32094,0.404338,1.7833,1.59368,0.927416,6.05158,0.924862,0.214953,0.000102043,0.205886,9,1024,744,1312,245118,591950,130602,81386,5288,4.03049,1284,0.978659,0.332028,0.532813,0.0776157,9042.89,0.252072,35874.3,488314,92.3438,76,674,91.4514,107,195,267,44,81386,1849.68,1203.5,11091,3097.57,2805.75,2823,11089,8.06098,6,22,5.15574,11,16,20,119.555
3_0.26_-0.09_-0.28_0.21_0.3_0.25_-0.37_0.29_0.43_0.09,508,840,41.1969,0.0490439,0.823404,184,320,1.00571,3.59475,1.11022e-16,0.412325,633.734,0.400075,0.00651764,9.37361,0.000695317,17.338,0.0285714,1.04987,-173,0.396429,2,1,204,0.242857,91,0.108333,1.17677,1.00103,114,2.69879,0.0339241,0.14494,0.63291,0.0135393,0.040616,0.742098,0.742205,0.276179,21,260,0.647687,0.306435,0.341252,2.69879,3.12569,9.28116,13.6181,0.93074,0.123077,0.000247955,0.143854,9,1024,508,840,333878,545248,123449,32249,972,1.15714,600,0.714286,0.0965892,0.369743,0.030755,3583.22,0.100953,35493.9,93042,95.7222,86,576,95.1999,106,110,162,120,32249,268.742,205,656,249.581,597,605.2,653,2.31429,2,8,2.28687,4,5.1,7,113.71
3_0.26_-0.14_-0.12_0.15_-0.28_0.06_0.1_0.33_0.31_0.48,304,432,28.9848,0.0670944,0.787158,184,116,1.05102,3.5031,1.11022e-16,0.428617,341.709,0.418546,0.0118736,9.18947,0.00129209,13.2663,0.0555556,0.927919,-173,0.298611,2,1,72,0.166667,27,0.0625,1.42536,1.30104,914,1.16394,0.0259428,0.145921,0.552633,0.0227127,0.0680714,0.970192,0.970768,0.66076,21,81,0.723872,0.446058,0.277814,1.16394,0.502138,-1.64947,2.90295,0.956638,0.395062,7.72476e-05,0.182018,9,1024,304,432,262418,388842,92391,5723,72,0.166667,108,0.25,0.0218087,0.352076,0.00545788,635.889,0.0237301,26796.7,8675,120.486,120,137,7.34657,122,134,135,36,5723,158.972,154,171,6.71849,168,168,168.5,0.333333,0,2,0.62361,0.25,1,2,41.7404
3_0.26_-0.15_-0.32_0.47_0.16_-0.48_0.31_-0.42_-0.4_-0.45,620,1064,47.2403,0.0443988,1.16396,184,432,0.930242,3.32078,6.66134e-16,0.40754,755.17,0.313825,0.0129518,9.38256,0.00138041,12.8851,0.0225564,0.994636,-173,0.418233,2,1,160,0.150376,159,0.149436,1.32302,1.00229,1813,1.89258,0.0371799,0.113025,0.637818,0.0371799,0.111534,0.747917,0.748001,0.206399,20,156,0.674047,0.433006,0.24104,1.89258,2.75544,7.17194,8.60485,0.677561,0.121795,0.000148773,0.181811,9,1024,620,1064,307132,573130,131248,77992,3050,2.86654,856,0.804511,0.253936,0.427334,0.074379,8665.78,0.238168,36385.1,360056,118.051,104,1730,138.775,113,135,245,32,77992,2437.25,183,9623,3273.14,4489,9110.6,9621.35,5.73308,5,20,4.67639,8,12,15,107.175
3_0.26_-0.1_0.47_0.05_-0.25_0.11_0.21_0.17_0.12_0.08,268,360,26.8874,0.0746872,0.859078,184,80,0.983665,3.83916,1.11022e-16,0.40949,262.749,0.238806,0.0148081,9.3756,0.00157943,10.9978,0.0666667,0.866751,-173,0.258333,2,1,48,0.133333,0,0,1.18957,1.11522,98,2.63022,0.0626507,0.21133,0.597527,0.0626507,0.18772,0.633569,0.633647,0.14946,9,122,0.721533,0.600205,0.121327,2.63022,3.11034,8.03154,10.5933,0.750149,0.0737705,0.000116348,0.0600272,9,1024,268,360,280852,368134,61236,5252,192,0.533333,144,0.4,0.0187002,0.218037,0.0050087,583.556,0.0227974,25597.4,13408,69.8333,57,163,54.7288,111.25,161,162,24,5252,218.833,221.5,225,5.39804,223,224,224.85,1.06667,0,3,1.33998,3,3,3,65.5621
3_0.26_-0.43_-0.28_0.4_-0.13_-0.09_0.36_0.39_-0.16_-0.08,676,1176,46.0439,0.039153,1.17613,184,488,0.894171,3.44531,2.22045e-16,0.378612,799.648,0.268245,0.00658401,9.65661,0.000681814,18.4855,0.0204082,1.05534,-173,0.42602,2,1,196,0.166667,144,0.122449,1.41068,1.09639,187,2.63002,0.0360308,0.103113,0.549805,0.0335627,0.100678,0.874275,0.87558,0.350093,9,197,0.660956,0.334341,0.326615,2.63002,2.7776,6.12313,10.7391,0.877956,0.101523,0.000187874,0.257655,9,1024,676,1176,317805,581188,118577,53078,4333,3.68452,1126,0.957483,0.167014,0.373112,0.0506191,5897.56,0.162321,36332.6,239098,55.1807,34,935,72.1702,90,111,148,104,53078,510.365,2,3924,1134.53,17,3334,3366.25,7.36905,6,22,4.84854,11,13.5,17,91.0061
3_0.26_-0.44_0.35_-0.31_0.19_0.49_-0.37_0.19_0.46_0.01,588,1000,42.0194,0.0420194,0.983761,184,400,0.951581,3.78976,3.33067e-16,0.400113,710.849,0.294623,0.013719,9.35382,0.00146668,13.245,0.024,1.04993,-173,0.413,2,1,184,0.184,96,0.096,1.29342,1.00006,702,1.86851,0.0291662,0.120671,0.619757,0.00537014,0.0161104,0.98015,0.98015,0.707178,12,233,0.653374,0.254001,0.399373,1.86851,2.83785,8.40326,10.401,0.611237,0.0987124,0.000222206,0.185022,9,1024,588,1000,332910,525654,86323,18663,1876,1.876,806,0.806,0.0560602,0.259298,0.0177984,2073.67,0.0629376,32948,121019,64.5091,69,224,37.0759,91,104.5,113,170,18663,109.782,107,296,70.3549,130,147,287,3.752,3,13,3.17214,6,7,11,174.207
3_0.26_0.31_-0.22_0.45_0.4_-0.48_-0.06_-0.2_0.01_-0.13,412,648,35.3348,0.0545291,0.871227,184,224,1.06227,3.53273,1.11022e-16,0.414662,478.539,0.383264,0.00869571,9.18729,0.000946493,12.8542,0.037037,0.947225,-173,0.365741,2,1,120,0.185185,83,0.128086,1.52307,1.15384,483,1.35836,0.0431023,0.1768,0.696934,0.0430279,0.12908,0.531809,0.531822,0.114334,9,56,0.740924,0.391953,0.34897,1.35836,0.771452,-1.22374,3.25773,0.987679,0.357143,5.34058e-05,0.298207,9,1024,412,648,226537,406598,101173,43282,1260,1.94444,516,0.796296,0.191059,0.446607,0.0412769,4809.11,0.176988,27172,127195,100.948,65,1312,179.257,104,169,372,48,43282,901.708,10.5,3580,1544.77,904,3577,3580,3.88889,3,11,3.1368,7,8,8,44.8835
3_0.27_-0.09_0.38_0.14_0.2_0.04_0.27_-0.39_-0.03_-0.5,408,640,25.2898,0.0395153,1.07637,184,220,1.06401,3.71222,1.11022e-16,0.416676,465.977,0.235061,0.00963236,9.33105,0.00103229,14.0386,0.0375,0.856224,-173,0.364063,2,1,116,0.18125,40,0.0625,1.45715,1.09286,1731,1.8904,0.0481243,0.145013,0.668304,0.0481243,0.144368,0.801681,0.801705,0.380609,9,100,0.772237,0.433477,0.338759,1.8904,1.77971,1.55412,6.23181,0.923018,0.2,9.53674e-05,0.237046,9,1024,408,640,195618,312362,50119,14264,1704,2.6625,520,0.8125,0.0729176,0.256209,0.0136032,1584.89,0.0822547,19268.1,122943,72.1496,74,181,37.269,100,112,129,72,14264,198.111,79.5,529,184.044,269,525.5,527.45,5.325,5,15,3.75591,8,9.2,11.1,75.3107
3_0.27_-0.18_-0.38_-0.47_0.25_-0.45_0.23_-0.5_-0.03_-0.09,228,280,31.4954,0.112483,0.554174,184,40,0.792484,3.89073,1.11022e-16,0.472689,225.729,0.0843776,0.0175568,9.18013,0.00191248,12.4701,0.0857143,0.792247,-173,0.189286,2,1,16,0.0571429,1,0.00357143,1.56741,1.17555,2634,1.61532,0.0527105,0.117586,0.299993,0.0527105,0.158127,0.56649,0.566968,0.175401,16,92,0.699983,0.458519,0.241464,1.61532,2.29277,5.26659,6.92784,0.760616,0.206522,8.7738e-05,0.151522,9,1024,228,280,287500,337468,37698,982,56,0.2,76,0.271429,0.00341565,0.131123,0.000936508,109.111,0.00455129,23973.7,1676,29.9286,26,58,11.4687,33,48,57,28,982,35.0714,29.5,58,13.4109,41,57,57.65,0.4,0,3,0.744504,1,1.1,2,29.6361
3_0.27_-0.19_-0.15_0.33_-0.31_-0.47_-0.35_0.44_0.16_0.25,640,1104,44.7164,0.040504,0.780752,184,452,0.917153,3.5597,1.11022e-16,0.408296,819.332,0.201935,0.0073116,9.38353,0.000779195,17.5358,0.0217391,1.12963,-173,0.421196,2,1,156,0.141304,177,0.160326,1.35632,1.03273,272.5,3.10056,0.050684,0.114464,0.571249,0.011548,0.0346413,0.639568,0.639713,0.224582,12,224,0.643289,0.196228,0.447061,3.10056,3.91761,14.9315,17.6487,0.894073,0.102679,0.000213623,0.219451,9,1024,640,1104,320928,562256,120056,27484,2208,2,780,0.706522,0.0856391,0.37409,0.0262108,3053.78,0.0884257,34535,98514,44.6168,37,401,48.1459,56,97,129,146,27484,188.247,32,707,253.003,123,674,690.75,4,3,12,3.88932,7.25,10,12,105.905
3_0.27_-0.24_0.45_-0.45_-0.48_-0.04_0.15_0.01_-0.1_0.41,416,656,41.5917,0.063402,1.13604,184,228,1.06045,3.77947,1.16573e-15,0.403513,461.229,0.232143,0.0165403,9.33076,0.00177266,11.8156,0.0365854,0.903165,-173,0.367378,2,1,104,0.158537,49,0.0746951,1.36721,1.0517,316,1.77263,0.0400429,0.122714,0.545192,0.0334539,0.100276,0.623634,0.624421,0.137935,25,109,0.680681,0.353856,0.326825,1.77263,1.74675,1.69781,6.41221,0.81239,0.174312,0.000103951,0.229404,9,1024,416,656,292894,483030,116701,62505,1937,2.95274,576,0.878049,0.213405,0.398441,0.0596094,6945,0.214202,32422.7,166547,85.9819,58,1353,153.856,103,119,161,33,62505,1894.09,1381,7174,1486.68,2669,4463.2,4467.2,5.90549,6,17,3.74332,8,11,11,84.3167
3_0.27_-0.31_0.06_0.42_0.1_0.2_-0.05_0.2_-0.01_0.04,220,264,24.3338,0.0921735,0.813466,184,32,0.72529,3.68977,0,0.418356,199.67,0,0.0125796,9.14884,0.00137499,13.3479,0.0909091,0.78603,-173,0.170455,2,1,0,0,12,0.0454545,1.66127,1.37674,5273.5,1.22363,0.0458736,0.193975,0.489564,0.0458736,0.137542,0.437674,0.437835,0.12345,17,56,0.738544,0.461214,0.277329,1.22363,0.928022,-0.706811,3.47837,0.65292,0.214286,5.34058e-05,0.173129,9,1024,220,264,241610,286524,32253,2739,62,0.234848,120,0.454545,0.0113365,0.133492,0.00261211,304.333,0.0148985,20427.1,2743,44.2419,51,63,18.2498,62,63,63,44,2739,62.25,62,93,22.9932,83,90.7,92,0.469697,0,2,0.528569,1,1,1,30.7181
3_0.27_-0.35_-0.01_0.13_0.36_-0.25_0.02_-0.43_-0.36_-0.1,368,560,34.6718,0.061914,0.865609,184,180,1.07555,3.46879,6.10623e-16,0.410326,394.783,0.177536,0.0135034,9.61054,0.00140506,11.7313,0.0428571,0.918717,-173,0.344643,2,1,64,0.114286,52,0.0928571,1.45903,1.13396,2545,1.5429,0.043498,0.159275,0.656408,0.043498,0.130491,0.552621,0.552639,0.146624,9,99,0.690151,0.439143,0.251008,1.5429,2.1821,3.74386,6.23966,0.758498,0.20202,9.44138e-05,0.169002,9,1024,368,560,293875,404486,56472,21033,732,1.30714,368,0.657143,0.0715712,0.192163,0.0200586,2337,0.0854337,27354.6,68904,94.1311,72,802,108.32,114,136,212,36,21033,584.25,305,1361,555.427,1339,1360,1360.25,2.61429,2.5,8,2.48304,5,6,7,53.4152
3_0.27_-0.38_-0.02_-0.16_-0.12_-0.28_0.2_0.41_-0.21_-0.2,376,576,34.7511,0.0603317,1.07335,184,188,1.07427,3.49472,4.44089e-16,0.41524,420.475,0.450101,0.00930482,9.37706,0.000992296,13.8963,0.0416667,0.925463,-173,0.348958,2,1,116,0.201389,55,0.0954861,1.53868,1.22767,384,2.07677,0.0477839,0.158335,0.658506,0.0477839,0.143288,0.51784,0.518422,0.122639,9,133,0.695251,0.447715,0.247537,2.07677,2.63235,6.17861,9.14094,0.821722,0.150376,0.000126839,0.187651,9,1024,376,576,290152,415416,67031,14860,1100,1.90972,496,0.861111,0.0512145,0.23102,0.0141716,1651.11,0.0586414,28156.1,53994,49.0855,36,148,40.1102,76,117,133,100,14860,148.6,139,292,85.909,148,276.1,287,3.81944,4.5,10,2.51703,5,7,8,46.9837
3_0.27_0.13_-0.17_-0.25_0.05_0.12_-0.04_0.01_-0.22_-0.3,300,424,28.7117,0.0677162,0.785475,184,112,1.04629,3.85447,0,0.40072,294.845,0.213333,0.0100905,9.59439,0.00105171,15.4415,0.0566038,0.896707,-173,0.294811,2,1,48,0.113208,26,0.0613208,1.5499,1.29159,1149,1.95585,0.0539045,0.154649,0.500233,0.0539045,0.161643,0.619983,0.620035,0.157952,9,101,0.724522,0.50634,0.218182,1.95585,2.27096,4.02975,7.51442,0.886935,0.19802,9.63211e-05,0.16986,9,1024,300,424,262230,349666,56144,8252,272,0.641509,280,0.660377,0.0314686,0.214102,0.00786972,916.889,0.0377961,24258.8,20050,73.7132,34,375,84.6469,101,109,372,88,8252,93.7727,29.5,408,146.634,35.25,403,405.65,1.28302,1,4,1.26457,2,3,4,50.31
3_0.27_0.28_0.03_0.35_-0.41_0.12_0.23_0.05_-0.46_-0.29,280,384,37.2195,0.0969259,0.640864,184,92,1.0132,3.44335,2.77556e-16,0.415338,288.116,0.14966,0.0114866,9.32518,0.00123179,12.4671,0.0625,0.911156,-173,0.273438,2,1,48,0.125,48,0.125,1.7588,1.47385,728,2.31037,0.0307198,0.143391,0.581698,0.0307198,0.0921555,0.633472,0.633519,0.106525,9,176,0.646616,0.360842,0.285774,2.31037,2.44209,4.25449,8.3615,0.833809,0.113636,0.000167847,0.173347,9,1024,280,384,338967,442000,77673,2756,192,0.5,216,0.5625,0.00813058,0.229146,0.00262833,306.222,0.00968194,31628.2,4426,23.0521,11,85,23.6493,37.25,64.3,76.45,88,2756,31.3182,10,126,44.4442,73,108,125,1,1,3,1.02062,2,2,3,50.0688
3_0.27_0.2_0.15_-0.22_0.17_-0.42_-0.25_0.24_-0.45_-0.42,480,784,39.4842,0.0503625,1.15852,184,292,1.02405,3.55548,0,0.418384,585.584,0.258333,0.0146104,9.67013,0.00151087,11.8523,0.0612245,0.961213,-173,0.389031,2,1,108,0.137755,101,0.128827,1.36907,1.06959,302,2.61589,0.0387554,0.0891545,0.615041,0.0387554,0.116263,0.609931,0.609956,0.240186,24,235,0.671044,0.39645,0.274594,2.61589,3.33721,10.8094,13.5722,0.904114,0.148936,0.000224113,0.153791,9,1024,480,784,311858,481484,77884,25816,2412,3.07653,660,0.841837,0.0827813,0.249742,0.0246201,2868.44,0.0917849,31251.8,176106,73.0124,63,667,56.5836,86,107,134,60,25816,430.267,184,1630,604.725,268,1622,1630,6.15306,6,16,4.54086,10,13,13.85,81.4808
3_0.28_-0.23_-0.33_-0.42_-0.26_-0.34_0.46_0.19_0.0_0.02,600,1024,33.2934,0.0325131,1.115,184,412,0.943529,3.5532,2.22045e-16,0.418663,762.108,0.339841,0.00925333,9.38165,0.000986323,15.2443,0.0234375,0.992883,-173,0.415039,2,1,192,0.1875,144,0.140625,1.2881,1.00633,3412,1.49644,0.0507631,0.106458,0.581576,0.0507631,0.152285,0.911676,0.911699,0.410744,21,84,0.765903,0.510321,0.255583,1.49644,1.75764,2.16252,5.56742,0.778767,0.22619,8.01086e-05,0.184002,9,1024,600,1024,211622,445312,101628,48304,5372,5.24609,812,0.792969,0.228256,0.480234,0.0460663,5367.11,0.20336,26392.1,337004,62.7334,40,976,73.5665,99,118,146,68,48304,710.353,148,3894,1008.79,415,2093.3,3264.35,10.4922,15,36,9.11407,17,19,21,91.4724
3_0.28_-0.34_0.03_0.01_-0.45_-0.12_-0.24_-0.1_-0.05_-0.03,304,432,26.6372,0.0616601,0.602908,184,116,1.05102,3.46951,0,0.450538,356.429,0.315789,0.0125742,9.36565,0.00134259,13.24,0.0555556,0.927646,-173,0.298611,2,1,72,0.166667,27,0.0625,1.24365,1.01385,656.5,2.61052,0.0564909,0.100741,0.501849,0.0564909,0.169469,0.805972,0.806002,0.37432,9,160,0.738312,0.513426,0.224886,2.61052,3.20718,9.48098,12.2422,0.885201,0.125,0.000152588,0.196787,9,1024,304,432,247370,327082,48106,4086,396,0.916667,336,0.777778,0.0165178,0.19447,0.00389671,454,0.0206487,21986.9,8528,21.5354,13,78,22.6466,28.25,60,74.5,92,4086,44.413,19.5,95,36.4433,94,95,95,1.83333,2,4,1.30171,3,3,4,85.2858
3_0.28_0.06_-0.15_0.15_0.44_-0.33_-0.05_0.09_-0.08_0.1,352,528,30.6993,0.0581427,0.998215,184,164,1.07598,3.92649,2.22045e-16,0.407411,385.028,0.289773,0.0139644,9.37635,0.00148932,11.1675,0.0454545,0.954726,-173,0.335227,2,1,84,0.159091,27,0.0511364,1.2936,1.06033,911,1.95143,0.0479631,0.119002,0.621583,0.0479631,0.143819,0.612951,0.61333,0.196321,9,104,0.722711,0.461702,0.261008,1.95143,2.00701,2.60176,6.90203,0.911725,0.192308,9.91821e-05,0.184693,9,1024,352,528,259102,379398,67656,19792,612,1.15909,416,0.787879,0.0763869,0.261117,0.0188751,2199.11,0.086289,25485.4,43884,71.7059,51,262,59.7685,114,146.9,158,128,19792,154.625,156.5,361,135.276,301.25,357,360,2.31818,2,7,1.87616,3,5,5,84.7452
3_0.28_0.13_-0.27_-0.39_0.16_-0.41_-0.26_-0.01_-0.19_-0.23,308,440,35.1506,0.0798878,0.773689,184,120,1.05522,3.95561,5.55112e-17,0.418116,312.892,0.296228,0.0123976,9.32111,0.00133006,13.3631,0.0545455,0.929228,-173,0.302273,2,1,80,0.181818,1,0.00227273,1.38722,1.08944,694,1.71936,0.0462132,0.142611,0.521494,0.0462132,0.13856,0.603115,0.603485,0.170624,20,118,0.685952,0.510634,0.175318,1.71936,2.51777,6.69904,7.94975,0.874793,0.262712,0.000112534,0.170426,9,1024,308,440,303486,401106,62476,6706,204,0.463636,214,0.486364,0.0220966,0.205861,0.00639534,745.111,0.0265964,28015.5,12480,61.1765,31.5,167,53.2295,101.25,145,156,74,6706,90.6216,101,181,66.2613,163,173,176.7,0.927273,0,5,1.26282,1,3,4,56.963
3_0.28_0.13_0.01_0.49_0.24_-0.42_0.13_-0.43_-0.17_0.46,484,792,40.3193,0.0509083,1.04142,184,296,1.02148,3.4419,0,0.40028,569.06,0.258756,0.00897639,9.37921,0.000957053,14.4724,0.030303,1.05206,-173,0.390152,2,1,108,0.136364,136,0.171717,1.37754,1.07062,156,3.01773,0.0422068,0.108794,0.640226,0.0217924,0.0653524,0.258114,0.258167,0.0661351,9,264,0.641236,0.286968,0.354268,3.01773,3.65544,12.9396,17.3767,0.838096,0.0757576,0.00025177,0.261119,9,1024,484,792,332028,491066,83898,10602,1440,1.81818,432,0.545455,0.031931,0.252684,0.0101109,1178,0.037059,31787.1,54028,37.5194,36,179,28.2356,54,66,79,80,10602,132.525,2,324,145.627,282.75,313.4,317.3,3.63636,5,8,3.44496,7,8,8,58.647
3_0.29_-0.0_-0.0_-0.13_0.4_-0.3_0.32_-0.33_-0.08_-0.22,196,216,22.8921,0.105982,0.526806,184,8,0.388509,3.57393,5.55112e-17,0.468664,183.227,0,0.0156366,9.14306,0.00171022,13.0801,0.111111,0.801838,-173,0.0972222,2,1,0,0,0,0,1.98222,1.62477,6215,1.3693,0.0600662,0.100127,0.219426,0.0600662,0.180197,0.800164,0.800566,0.367938,21,64,0.774672,0.58597,0.188702,1.3693,1.76998,2.22319,4.96241,0.530303,0.125,6.10352e-05,0.103945,9,1024,196,216,211612,264402,42676,14228,152,0.703704,156,0.722222,0.0672363,0.201671,0.0135689,1580.89,0.0832604,18987.3,16370,107.697,19,367,139.408,90,350,351,68,14228,209.235,347,367,153.676,350,351,364,1.40741,1,5,1.24005,2,3,4,70.0428
3_0.29_-0.4_0.4_0.07_-0.39_-0.33_0.07_0.44_0.31_-0.36,548,920,50.0495,0.0544017,1.07769,184,360,0.978684,3.2704,0,0.420734,682.103,0.289364,0.00817386,9.37413,0.000871959,15.3887,0.026087,1.00116,-173,0.405435,2,1,168,0.182609,156,0.169565,1.59779,1.26141,558,2.27971,0.0344343,0.1243,0.65203,0.0186653,0.0559902,0.46741,0.467504,0.179482,17,274,0.585447,0.343721,0.241726,2.27971,4.18507,21.0082,16.1159,0.680879,0.10219,0.000261307,0.211846,9,1024,548,920,398596,601344,104906,29090,2508,2.72609,680,0.73913,0.0729812,0.263189,0.0277424,3232.22,0.080613,40095.6,149896,59.7671,50,715,73.8425,91,103,110,140,29090,207.786,3,4457,762.761,85,104,986.05,5.45217,4,26,5.89804,8,16,19,133.67
3_0.29_0.14_0.22_-0.05_0.09_0.34_-0.33_0.17_0.44_0.16,316,456,31.6928,0.0695018,0.392979,184,128,1.06221,3.42101,1.11022e-16,0.415513,345.196,0.440627,0.011337,9.36116,0.00121107,13.4044,0.0526316,0.962018,-173,0.309211,2,1,96,0.210526,18,0.0394737,1.3487,1.14082,628,2.08149,0.031992,0.0939908,0.526678,0.0248632,0.0745859,0.570007,0.570026,0.147281,21,170,0.678119,0.358053,0.320065,2.08149,2.22331,3.35911,8.02018,0.765988,0.117647,0.000162125,0.136388,9,1024,316,456,304004,398006,62046,2388,144,0.315789,180,0.394737,0.00785516,0.204096,0.00227737,265.333,0.00975139,27209.8,3742,25.9861,20,69,23.8418,44.5,62.7,67,72,2388,33.1667,28.5,71,28.5317,63,70,70,0.631579,0,3,0.900908,1,2,3,84.8519
3_0.29_0.17_-0.02_0.03_0.23_-0.48_-0.4_-0.23_0.14_-0.14,264,352,32.731,0.0929857,0.529061,184,76,0.971751,4.00891,0,0.442242,274.217,0.179293,0.02085,9.15034,0.00227861,10.4687,0.0681818,0.879368,-173,0.252841,2,1,28,0.0795455,9,0.0255682,1.72306,1.30535,877,1.90218,0.0411062,0.0880188,0.431717,0.0411062,0.123314,0.684944,0.684974,0.225992,8,132,0.692609,0.411395,0.281214,1.90218,2.41079,4.81891,7.83418,0.767139,0.143939,0.000125885,0.165696,9,1024,264,352,284630,354662,48146,4136,176,0.5,160,0.454545,0.0145311,0.169153,0.0039444,459.556,0.0183383,25059.9,9382,53.3068,45,123,28.3739,60,118,120,56,4136,73.8571,79,123,49.2216,119,121,122,1,0,6,1.3484,2,3,3,65.8044
3_0.29_0.1_-0.27_0.24_0.38_0.4_-0.27_0.07_-0.47_-0.43,556,936,42.8618,0.0457925,1.01824,184,368,0.973246,3.69124,7.71605e-15,0.400155,681.533,0.302158,0.0160389,9.56289,0.0016772,11.6333,0.025641,1.03481,-173,0.407051,2,1,156,0.166667,80,0.0854701,1.29053,1.00301,357,2.21751,0.0326204,0.119434,0.619159,0,0,1,1,1,0,280,0.634952,0.24024,0.394711,2.21751,3.71332,15.4884,14.3849,0.650334,0.0964286,0.000267029,0.22552,9,1024,556,936,348626,531380,85532,18110,1436,1.53419,592,0.632479,0.0519468,0.24534,0.017271,2012.22,0.059527,33803.5,74542,51.9095,30,263,55.1259,103,122,134,73,18110,248.082,6,522,248.898,505,510,514.6,3.06838,2,10,3.18443,6,7,9,180.584
3_0.29_0.23_0.4_-0.35_0.31_0.11_-0.37_-0.46_-0.5_-0.14,468,760,40.6878,0.0535366,0.690687,184,280,1.03162,3.64922,5.55112e-17,0.415976,563.007,0.230566,0.0125406,9.33936,0.00134277,14.1815,0.0315789,1.05559,-173,0.385526,2,1,120,0.157895,97,0.127632,1.38965,1.0635,201,2.78897,0.039238,0.0691752,0.522927,0.0270004,0.0809975,0.531227,0.531279,0.129609,9,255,0.640827,0.298649,0.342178,2.78897,3.5174,11.7652,15.6137,0.789955,0.0784314,0.000243187,0.243197,9,1024,468,760,335524,482748,78372,6718,848,1.11579,492,0.647368,0.0200224,0.233581,0.00640678,746.444,0.0236268,31593.1,27378,32.2854,35,87,23.5327,51,63,68,76,6718,88.3947,92,128,25.8493,108,118.5,127,2.23158,2,6,2.07721,5,5,5,70.1411
3_0.29_0.4_0.41_0.08_-0.11_0.24_0.05_-0.46_-0.26_-0.44,304,432,35.456,0.0820741,0.827841,184,116,1.05102,3.70763,5.55112e-17,0.43343,333.26,0.223371,0.0157126,9.33183,0.00168377,12.2053,0.0555556,0.910057,-173,0.298611,2,1,60,0.138889,23,0.0532407,1.41573,1.08346,1161,1.6725,0.0422001,0.0889179,0.436312,0.0208673,0.0625963,0.489909,0.49003,0.124345,26,121,0.696779,0.298728,0.398051,1.6725,2.14203,4.11801,7.3283,0.619135,0.123967,0.000115395,0.221427,9,1024,304,432,273796,389220,80541,24314,421,0.974537,288,0.666667,0.0888033,0.294164,0.0231876,2701.56,0.0981135,27535,39347,93.4608,55,1760,282.437,75,87,165,66,24314,368.394,114,1767,643.205,119,1711,1753,1.94907,2,6,1.75124,3,5,6,83.1442
3_0.2_-0.18_-0.04_0.38_-0.18_0.08_-0.36_-0.16_0.07_0.45,496,816,33.9403,0.0415935,0.992037,184,308,1.01366,3.84011,7.77156e-16,0.418722,628.645,0.425883,0.00970951,9.33226,0.00104042,14.7647,0.0294118,0.970211,-173,0.393382,2,1,180,0.220588,30,0.0367647,1.14096,1.01871,415,2.08423,0.0336189,0.100315,0.585359,0.0336189,0.100729,0.572537,0.572801,0.193244,9,164,0.691499,0.405695,0.285804,2.08423,2.49132,4.83852,7.97327,0.776976,0.121951,0.000156403,0.123379,9,1024,496,816,298506,477142,86220,39666,1272,1.55882,708,0.867647,0.132882,0.288838,0.0378284,4407.33,0.143481,30717.3,132349,104.048,86.5,558,82.8541,104,139,209,96,39666,413.188,162,871,333.574,830.5,855,870,3.11765,3,8,2.1111,4,6,7,86.8951
3_0.2_-0.1_-0.44_-0.04_-0.2_-0.4_0.26_0.3_0.26_-0.38,648,1120,41.175,0.0367634,1.38665,184,460,0.911978,3.74574,7.82707e-15,0.400626,790.153,0.292034,0.00666229,9.37446,0.000710685,17.2054,0.0214286,0.958162,-173,0.422321,2,1,196,0.175,133,0.11875,1.52585,1.20462,778,2.02751,0.0478868,0.116571,0.620777,0.0478868,0.14344,0.571767,0.572172,0.183596,21,135,0.706604,0.509607,0.196997,2.02751,2.63131,6.55695,9.14901,0.755265,0.148148,0.000128746,0.138265,9,1024,648,1120,277124,534284,103764,38542,6784,6.05714,1020,0.910714,0.139079,0.374432,0.0367565,4282.44,0.129978,32947.4,675606,99.5881,103,558,68.7756,103,119,152.8,48,38542,802.958,157.5,6084,1645.05,580.5,1199.3,6080.65,12.1143,8,49,13.463,14,37,48.05,73.9004
3_0.2_-0.31_0.01_0.43_0.0_-0.09_-0.48_0.46_0.48_-0.08,556,936,47.6325,0.0508894,0.881531,184,368,0.973246,3.9438,2.22045e-16,0.406987,688.844,0.289997,0.00992418,9.35367,0.00106099,14.5275,0.025641,1.01981,-173,0.407051,2,1,180,0.192308,95,0.101496,1.2952,1.0714,139,1.93084,0.0281706,0.120968,0.594025,0.00603676,0.0180779,0.895159,0.895719,0.4543,29,234,0.59807,0.243605,0.354465,1.93084,3.26579,11.7039,11.022,0.721348,0.188034,0.00022316,0.129432,9,1024,556,936,391974,609122,123877,16024,1167,1.24679,653,0.69765,0.0408803,0.316034,0.0152817,1780.44,0.0445457,39968.9,77464,66.3787,61,201,46.6522,100,111,124,150,16024,106.827,49,258,102.007,199,253,257,2.49359,2,9,2.20769,4,5,6,120.714
3_0.2_-0.33_-0.47_0.23_0.14_0.46_0.29_-0.03_0.33_0.25,628,1080,39.4358,0.0365147,1.30999,184,440,0.924981,3.1905,2.27596e-15,0.404008,785.2,0.227025,0.00758047,9.38236,0.000807949,15.0292,0.0222222,1.00302,-173,0.419444,2,1,156,0.144444,167,0.15463,1.24024,1.01659,1743,1.53789,0.0411968,0.122552,0.664609,0.0194044,0.0582132,0.64157,0.64157,0.315257,12,92,0.704777,0.321991,0.382786,1.53789,1.55747,1.02545,5.37774,0.872733,0.25,8.7738e-05,0.178294,9,1024,628,1080,266432,526458,98674,44500,8411,7.78796,1032,0.955556,0.167022,0.370353,0.0424385,4944.44,0.151013,32741.8,409200,48.6506,32,530,52.6698,67,107,144,124,44500,358.871,1,4721,950.656,231,815,2093,15.5759,12,53,13.9324,22,39,47,109.539
3_0.2_-0.45_-0.25_-0.36_-0.36_0.23_-0.5_-0.29_-0.32_-0.22,528,880,34.5468,0.0392577,0.889844,184,340,0.992257,3.63109,4.996e-16,0.41891,649.112,0.324315,0.00918723,9.37333,0.000980146,15.451,0.0272727,1.02399,-173,0.401136,2,1,200,0.227273,28,0.0318182,1.31787,1.01375,164,2.25783,0.0490198,0.109287,0.581469,0.0490198,0.146975,0.834035,0.834509,0.291378,21,160,0.719481,0.499113,0.220367,2.25783,2.78751,7.8943,10.9012,0.964763,0.2,0.000152588,0.14693,9,1024,528,880,263290,436952,83430,16686,2654,3.01591,584,0.663636,0.063375,0.316875,0.015913,1854,0.0688072,26944.9,151288,57.0038,53,239,42.6875,84,108,123,48,16686,347.625,380.5,623,258.432,621,622,623,6.03182,5,19,5.81408,12,14,15,91.1888
3_0.2_-0.47_0.25_-0.13_0.47_0.3_-0.16_0.34_0.28_-0.47,472,768,42.457,0.0552826,0.828242,184,284,1.02912,3.71013,5.55112e-16,0.404281,540.001,0.307708,0.00995207,9.32954,0.00106673,14.2911,0.0625,0.985669,-173,0.386719,2,1,148,0.192708,53,0.0690104,1.40475,1.0696,938,1.90462,0.0394182,0.107802,0.568378,0.0394182,0.102676,0.470483,0.492342,0.124207,20,234,0.661427,0.357399,0.304029,1.90462,3.75133,17.9639,13.9454,0.689434,0.149573,0.00022316,0.184938,9,1024,472,768,336793,493174,81998,16101,1065,1.38672,580,0.755208,0.0478068,0.243467,0.0153551,1789,0.0545941,32769.1,63265,59.4038,43,434,62.466,89,106,115,81,16101,198.778,64,607,225.31,494,568,581,2.77344,2,10,2.49494,4,7,8,88.1993
3_0.2_0.03_-0.31_0.31_0.33_0.29_0.38_0.19_0.18_0.49,388,600,31.782,0.0529699,0.704731,184,200,1.07129,3.44426,2.22045e-16,0.414138,455.797,0.322779,0.0121927,9.32535,0.00130748,13.3098,0.04,0.956375,-173,0.355,2,1,108,0.18,20,0.0333333,1.03852,1.00718,1551,1.20104,0.0186787,0.121085,0.545671,0.0135078,0.0405235,0.985703,0.985703,0.76928,33,146,0.677769,0.41749,0.260279,1.20104,1.26581,0.417705,4.02362,0.478213,0.136986,0.000139236,0.0777685,9,1024,388,600,318420,465920,93500,12234,630,1.05,390,0.65,0.038421,0.293637,0.0116673,1359.33,0.0434839,31260.6,38867,61.6937,67,177,38.5085,80,113,126,66,12234,185.364,206,228,63.4096,227,227,228,2.1,2,9,2.05183,3,4,4,89.8941
3_0.2_0.28_0.36_0.18_-0.33_0.23_0.29_-0.46_0.06_-0.12,364,552,34.578,0.0626412,1.00451,184,176,1.07594,3.65329,2.22045e-16,0.414608,409.72,0.276557,0.0198015,9.37785,0.00211152,10.2626,0.0434783,0.960437,-173,0.342391,2,1,88,0.15942,15,0.0271739,1.33278,1.01999,944,1.83668,0.038044,0.142205,0.564504,0.0321503,0.0963783,0.62265,0.622685,0.172483,9,136,0.694037,0.323587,0.37045,1.83668,2.15067,3.47768,7.4549,0.756991,0.147059,0.0001297,0.242776,9,1024,364,552,280980,396816,66153,15826,716,1.2971,386,0.699275,0.0563243,0.235437,0.0150928,1758.44,0.0654551,26864.9,49555,69.2109,54,399,65.9365,93,113.5,124.25,110,15826,143.873,101,440,151.489,150,423,434.55,2.5942,2,8,2.53422,5,7,8,103.867
3_0.31_-0.15_0.25_0.33_-0.47_0.32_-0.26_0.25_-0.49_0.22,376,576,32.2869,0.0560537,0.875251,184,188,1.07427,2.94282,1.11022e-16,0.400467,422.402,0.154002,0.0173857,9.32445,0.00186453,11.5125,0.0416667,0.920435,-173,0.348958,2,1,60,0.104167,40,0.0694444,1.17354,1.06686,11026,0.651722,0.0147476,0.114213,0.551315,0.0130634,0.0391579,0.446404,0.446908,0.193365,33,92,0.702413,0.42536,0.277053,0.651722,-0.329473,-1.71872,1.9316,0,0,8.7738e-05,0.117173,9,1024,376,576,296630,445616,90514,30056,1404,2.4375,492,0.854167,0.101325,0.305141,0.0286636,3339.56,0.11217,29772.3,126940,90.4131,74,746,86.5337,94,108,178,52,30056,578,2.5,2317,932.485,252,2250,2317,4.875,5,11,3.28692,7,9,11,112.585
3_0.31_-0.34_0.46_-0.4_0.5_-0.16_0.31_0.33_0.23_0.04,368,560,25.1119,0.0448426,1.05359,184,180,1.07555,3.98215,2.22045e-16,0.416945,401.429,0.12293,0.0117861,9.35618,0.00125972,13.5027,0.0428571,0.855004,-173,0.344643,2,1,68,0.121429,58,0.103571,1.27488,1.00649,654,1.44368,0.0598059,0.137812,0.528999,0.0598059,0.179282,0.808975,0.809102,0.381502,20,72,0.781127,0.648005,0.133122,1.44368,1.71133,2.59328,5.51258,0.70661,0.222222,6.86646e-05,0.0746694,9,1024,368,560,207920,315150,52432,14283,5260,9.39286,464,0.828571,0.0686947,0.252174,0.0136213,1587,0.0789163,20109.9,370136,70.3681,69,434,32.3541,87,99,107,28,14283,510.107,151,2550,848.84,416.25,2549,2549.65,18.7857,5,52,21.197,45,48,51,72.591
3_0.31_-0.47_-0.11_0.21_0.5_0.07_-0.3_-0.14_-0.19_0.08,400,624,42.846,0.0686634,0.965982,184,212,1.06722,3.72969,3.88578e-16,0.403636,445.864,0.439762,0.00963987,9.33024,0.00103319,14.5602,0.0384615,0.951549,-173,0.360577,2,1,156,0.25,0,0,1.46804,1.1178,703,2.4127,0.0368652,0.128164,0.572173,0.0246544,0.0739498,0.503424,0.50379,0.148233,9,224,0.627151,0.309855,0.317297,2.4127,3.25785,10.1988,13.1672,0.740925,0.0892857,0.000213623,0.240741,9,1024,400,624,352366,486886,70365,16896,1008,1.61538,528,0.846154,0.0479501,0.199693,0.0161133,1877.33,0.056724,33096,68050,67.5099,62,259,43.5599,94,107.3,118,160,16896,105.6,95,300,87.9775,119.25,280.1,292.05,3.23077,3,9,2.58409,5,7,7,136.011
3_0.31_0.03_-0.47_-0.47_0.34_-0.34_0.13_-0.31_0.27_-0.06,340,504,33.8647,0.0671918,1.00556,184,152,1.07404,3.44371,1.66533e-16,0.433674,372.187,0.27619,0.0149892,9.18836,0.00163132,12.0147,0.047619,0.890224,-173,0.327381,2,1,72,0.142857,32,0.0634921,1.39478,1.06202,660,2.10639,0.0514059,0.139703,0.517313,0.0514059,0.154129,0.625944,0.626459,0.22896,16,152,0.697107,0.47486,0.222247,2.10639,3.34226,12.1841,11.2087,0.717306,0.125,0.000144958,0.0965418,9,1024,340,504,293348,385104,52850,3878,228,0.452381,216,0.428571,0.0132198,0.180161,0.00369835,430.889,0.0164819,26143.2,13198,57.886,59.5,85,17.7876,76,79,80,60,3878,64.6333,34,130,46.9599,121,124,126.05,0.904762,0,3,1.19143,2,3,3,69.1323
3_0.31_0.35_0.48_-0.22_-0.38_-0.19_-0.25_0.11_-0.09_-0.46,464,752,42.6359,0.0566967,0.839001,184,276,1.03408,3.70015,1.66533e-16,0.39206,513.683,0.249795,0.0128826,9.34017,0.00137927,13.8861,0.0319149,1.04299,-173,0.384309,2,1,116,0.154255,80,0.106383,1.40329,1.07395,913,2.25327,0.0377789,0.104011,0.515426,0.0167074,0.0500784,0.521037,0.521228,0.20453,9,228,0.626306,0.256838,0.369468,2.25327,3.81211,15.0465,13.753,0.64917,0.0877193,0.000217438,0.224573,9,1024,464,752,352250,498026,73924,13606,572,0.760638,424,0.56383,0.038626,0.209862,0.0129757,1511.78,0.045683,33092.8,39231,68.5857,70.5,279,48.0422,87,109,162.45,76,13606,179.026,176,279,45.0158,187,265.5,278.25,1.52128,1,8,1.74873,3,3,5,136.07
3_0.31_0.48_0.19_-0.24_0.39_0.3_0.36_-0.18_0.16_0.38,556,936,41.8899,0.0447542,1.30761,184,368,0.973246,3.36672,4.996e-16,0.38804,648.212,0.29839,0.007093,9.3742,0.000756651,17.1255,0.025641,0.908745,-173,0.407051,2,1,196,0.209402,92,0.0982906,1.44788,1.24817,1117,1.43008,0.0288534,0.118734,0.598641,0.013957,0.0415277,0.509285,0.512122,0.193018,24,138,0.642556,0.313141,0.329415,1.43008,2.18672,4.22116,6.19677,0.505424,0.108696,0.000131607,0.178158,9,1024,556,936,344582,565546,105829,49410,14056,15.0171,824,0.880342,0.143391,0.307123,0.047121,5490,0.149696,36674.2,609304,43.3483,35,1296,60.9072,63,93,104,52,49410,950.192,167,5539,1462.67,1296,1454.9,5539,30.0342,17,86,28.2527,62,66,81,31.1276
3_0.32_-0.02_0.25_-0.05_0.08_-0.27_-0.39_-0.45_-0.13_0.01,264,352,25.0234,0.0710892,0.76621,184,76,0.971751,3.42427,1.11022e-16,0.437061,271.484,0.179293,0.0208206,9.1502,0.00227542,10.5065,0.0681818,0.830319,-173,0.252841,2,1,28,0.0795455,8,0.0227273,1.31013,1.00779,360,1.56086,0.0423069,0.085553,0.425011,0.0423069,0.126822,0.78857,0.789036,0.409842,24,96,0.769189,0.451428,0.31776,1.56086,1.54174,1.11996,5.28019,0.773515,0.197917,9.15527e-05,0.229229,9,1024,264,352,201308,285743,59031,8786,272,0.772727,192,0.545455,0.0436446,0.293237,0.00837898,976.222,0.0499557,19541.8,24014,88.2868,98,292,66.1739,115,146,287,64,8786,137.281,146,333,126.727,190.75,329,329.85,1.54545,1,8,1.9593,3,4,6,57.1553
3_0.32_-0.13_-0.39_0.22_0.33_0.35_0.0_-0.14_-0.03_-0.23,484,792,36.3473,0.0458931,0.847877,184,296,1.02148,3.69804,2.77556e-16,0.394271,558.866,0.290437,0.0115639,9.38699,0.00123191,12.7749,0.030303,1.03133,-173,0.390152,2,1,132,0.166667,80,0.10101,1.19552,1.03658,270,2.26607,0.0288219,0.13863,0.590347,0.0142536,0.0427608,0.77871,0.77871,0.272589,21,248,0.651279,0.315817,0.335463,2.26607,2.8311,7.36099,10.9751,0.823527,0.129032,0.000236511,0.130643,9,1024,484,792,335466,493478,82386,9046,744,0.939394,504,0.636364,0.0269655,0.245587,0.00862694,1005.11,0.0314124,31997.3,33171,44.5847,38,123,33.247,78,93,102,96,9046,94.2292,101,164,49.4666,127.5,151.5,159.25,1.87879,2,6,1.64699,3,4,4,90.1837
3_0.32_-0.13_0.26_0.3_0.5_0.14_0.41_-0.22_0.4_0.16,516,856,29.3496,0.0342869,1.07608,184,328,1.00035,3.69298,1.66533e-16,0.408954,621.476,0.198782,0.00649587,9.35626,0.000694281,17.0223,0.0280374,0.944212,-173,0.398364,2,1,136,0.158879,68,0.0794393,1.33757,1.15751,813,1.9399,0.0475445,0.152722,0.595903,0.0475445,0.14238,0.57366,0.574015,0.2602,9,104,0.730343,0.492802,0.237541,1.9399,2.16159,3.35154,6.77028,0.882338,0.192308,9.91821e-05,0.162264,9,1024,516,856,257556,421926,73006,19770,2779,3.2465,760,0.88785,0.07676,0.283457,0.0188541,2196.67,0.0851537,25796.5,102753,36.9748,27,257,31.97,56,78,90,72,19770,274.583,249.5,824,210.821,476.5,498.3,647.65,6.49299,6,25,5.40508,9,13,18,60.1016
3_0.32_-0.32_-0.27_-0.24_-0.36_0.31_0.33_0.23_-0.3_-0.37,728,1280,45.3913,0.035462,1.03554,184,540,0.862443,3.52971,2.22045e-16,0.383713,873.262,0.270931,0.0078518,9.36984,0.000837986,17.3115,0.01875,1.12249,-173,0.432031,2,1,252,0.196875,149,0.116406,1.24874,1.00166,178,2.34489,0.0372448,0.112919,0.579333,0.0144186,0.0432558,0.922426,0.922436,0.602578,21,204,0.638616,0.281807,0.356809,2.34489,2.91497,8.18717,11.8975,0.899883,0.156863,0.00019455,0.151842,9,1024,728,1280,339972,604864,121598,31686,3460,2.70312,980,0.765625,0.0932018,0.357671,0.0302181,3520.67,0.0953881,36908.9,214380,61.9595,59,636,52.0056,89,107,118,92,31686,344.413,184,890,322.222,808,881,882.45,5.40625,5,22,4.86062,9,12.1,14,136.639
3_0.32_-0.35_-0.33_-0.2_0.09_-0.07_0.45_0.21_0.01_0.28,388,600,34.8708,0.058118,0.673395,184,200,1.07129,3.54332,1.11022e-16,0.421682,451.213,0.279823,0.0126948,9.37513,0.0013541,12.5153,0.04,1.00075,-173,0.355,2,1,88,0.146667,50,0.0833333,1.25645,1.01874,90,3.09236,0.0475922,0.090708,0.567931,0.0475922,0.142775,0.797073,0.797105,0.278979,9,240,0.684273,0.449509,0.234764,3.09236,3.74707,13.6489,16.6923,0.866636,0.0833333,0.000228882,0.190112,9,1024,388,600,302612,429718,77227,5804,432,0.72,360,0.6,0.0191797,0.255201,0.00553513,644.889,0.0224897,28674.9,9990,23.125,9,148,31.4906,33.25,58,111.45,60,5804,96.7333,53.5,191,62.0894,155.25,188,188.05,1.44,1,8,1.56835,2,4,4,90.3513
3_0.32_-0.36_0.21_-0.38_-0.32_0.09_0.15_-0.49_0.13_-0.48,276,376,32.9898,0.0877389,0.843543,184,88,1.0043,3.7686,2.77556e-16,0.439712,272.267,0.0772947,0.0202337,9.63332,0.00210039,10.139,0.0638298,0.880572,-173,0.268617,2,1,16,0.0425532,59,0.156915,1.55068,1.16886,200,1.70964,0.052577,0.117418,0.510989,0.052577,0.157548,0.654741,0.655229,0.156213,21,97,0.707096,0.533097,0.173999,1.70964,2.18332,4.67917,7.21256,0.764607,0.195876,9.25064e-05,0.132895,9,1024,276,376,278502,355412,50478,6306,212,0.56383,216,0.574468,0.0226426,0.181248,0.00601387,700.667,0.0277841,25218.3,11850,55.8962,51.5,137,41.0855,91,98,135,68,6306,92.7353,55.5,153,50.7823,144,152,152.65,1.12766,1,4,1.24827,2,3,3,48.4592
3_0.32_-0.39_0.49_0.17_0.05_0.15_-0.48_0.42_-0.13_-0.4,512,848,41.652,0.049118,0.973778,184,324,1.00303,3.17553,1.11022e-16,0.391832,588.114,0.238095,0.0165866,9.33282,0.00177724,11.5975,0.0283019,1.0218,-173,0.397406,2,1,128,0.150943,65,0.0766509,1.27402,1.00581,1040,1.3637,0.0228577,0.120518,0.615148,0.0154953,0.0464392,0.792606,0.793262,0.320432,13,210,0.654175,0.383482,0.270693,1.3637,2.23773,5.90062,7.33766,0.558231,0.147619,0.000200272,0.122507,9,1024,512,848,338681,509522,83108,16150,1732,2.04245,728,0.858491,0.047685,0.245387,0.0154018,1794.44,0.0537957,33356.7,73892,42.6628,28,384,48.4673,62,89,119.45,128,16150,126.172,28,748,232.54,89,726.3,740.65,4.08491,3,15,3.00037,6,8,10,156.97
3_0.32_-0.44_0.25_-0.49_-0.17_-0.43_-0.37_0.35_0.11_0.4,512,848,34.3027,0.0404513,1.0226,184,324,1.00303,3.50962,3.33067e-16,0.411441,608.385,0.188616,0.011426,9.36541,0.00122002,14.5819,0.0283019,0.995509,-173,0.397406,2,1,124,0.146226,107,0.126179,1.32667,1,522.5,2.74788,0.0517578,0.102632,0.544229,0.0101109,0.0303307,0.847698,0.847753,0.526883,12,206,0.687941,0.223274,0.464666,2.74788,3.84528,14.3389,15.4986,0.816737,0.11165,0.000196457,0.211631,9,1024,512,848,273026,426234,63404,15408,2120,2.5,662,0.78066,0.0564342,0.232227,0.0146942,1712,0.065201,26257.3,127471,60.1278,48,185,38.5767,93.25,109,127.05,51,15408,302.118,395,1050,215.466,404,412,609.5,5,5,19,3.98878,8,10,10,138.189
3_0.32_-0.47_-0.48_-0.42_0.21_-0.44_0.13_-0.22_-0.47_0.01,480,784,42.3907,0.0540698,1.10611,184,292,1.02405,3.30556,0,0.417225,554.595,0.184722,0.017346,9.58095,0.00181047,11.2744,0.0306122,0.909472,-173,0.389031,2,1,84,0.107143,122,0.155612,1.32022,1.00524,2238,1.39137,0.0330534,0.0935572,0.577093,0.0330534,0.0991545,0.706035,0.706109,0.291041,24,120,0.666879,0.369753,0.297126,1.39137,2.09798,4.30437,5.94772,0.643781,0.191667,0.000114441,0.158831,9,1024,480,784,320185,501580,92661,40190,3228,4.11735,692,0.882653,0.125521,0.289398,0.0383282,4465.56,0.136409,32736.5,202522,62.7392,58,954,75.9482,82,102.3,124,48,40190,837.292,216.5,2942,926.097,1337.5,1929,2939.65,8.23469,8,29,5.6956,12,15,17,113.121
3_0.32_-0.4_-0.03_0.45_-0.28_0.01_0.34_0.28_-0.28_-0.36,688,1200,49.6441,0.0413701,0.993794,184,500,0.88669,3.80886,0,0.394268,853.073,0.330288,0.00907714,9.37577,0.000968149,13.9135,0.02,1.14183,-173,0.4275,2,1,232,0.193333,101,0.0841667,1.27735,1.00844,308,2.62705,0.0329561,0.0928133,0.674561,0.0165348,0.0495958,0.578249,0.578467,0.140896,9,304,0.595855,0.258883,0.336972,2.62705,3.90716,15.9135,16.8139,0.772164,0.105263,0.000289917,0.214093,9,1024,688,1200,389272,631066,111506,18640,2222,1.85167,896,0.746667,0.0478843,0.286448,0.0177765,2071.11,0.0521183,39738.7,91430,41.1476,36,131,29.4198,62,86,98,148,18640,125.946,85,432,139.487,89,427,429,3.70333,3,11,3.57379,6,10,10,119.991
3_0.32_0.05_-0.35_-0.34_-0.21_0.28_0.43_-0.25_-0.03_-0.1,596,1016,39.9955,0.0393657,1.06898,184,408,0.946207,3.70594,1.42109e-14,0.397271,712.489,0.235858,0.00923565,9.3778,0.000984842,13.0741,0.023622,0.985866,-173,0.41437,2,1,152,0.149606,127,0.125,1.41543,1.15389,263,2.38517,0.034194,0.143404,0.65751,0.034194,0.102581,0.680009,0.680022,0.355711,21,198,0.675714,0.383436,0.292277,2.38517,2.78548,6.42123,10.0196,0.790981,0.10101,0.000188828,0.140754,9,1024,596,1016,308566,526554,96748,39990,5118,5.0374,864,0.850394,0.1296,0.313541,0.0381374,4443.33,0.134586,33014.9,262746,51.3376,29,553,61.7325,87,109,127,70,39990,571.286,65,6807,1556.04,567.75,737,4074.3,10.0748,8,32,8.93085,19,22,25,87.7041
3_0.32_0.33_-0.31_0.01_-0.19_-0.41_0.08_-0.04_-0.21_-0.01,220,264,32.8281,0.124349,0.598386,184,32,0.72529,3.53123,0,0.437446,207.572,0,0.0129757,9.38673,0.00138235,13.1407,0.0909091,0.753355,-173,0.170455,2,1,0,0,24,0.0909091,1.80086,1.41429,16936,0.764824,0.051837,0.198514,0.441061,0.051837,0.155354,0.619802,0.61987,0.14026,21,40,0.754457,0.539989,0.214468,0.764824,0.828117,0.371319,2.7483,0.274413,0.1,3.8147e-05,0.114757,9,1024,220,264,227564,356134,92156,23470,1016,3.84848,228,0.863636,0.103136,0.404967,0.0223827,2607.78,0.0997087,26154,76672,75.4646,37,793,150.822,59,109,136,56,23470,419.107,26,3513,922.161,119.5,1004.5,3511.25,7.69697,7,16,5.88004,14,16,16,67.9188
3_0.32_0.49_0.3_-0.48_-0.1_0.26_0.21_-0.25_0.46_-0.1,392,608,46.7806,0.0769418,0.822092,184,204,1.07004,3.57828,2.22045e-16,0.416513,442.244,0.302478,0.00785209,9.36842,0.000838144,15.8148,0.0394737,0.912364,-173,0.356908,2,1,108,0.177632,51,0.0838816,1.95665,1.48231,614,2.34207,0.0421801,0.160795,0.625647,0.0089016,0.0267048,0.792163,0.792163,0.393336,12,203,0.613121,0.266318,0.346803,2.34207,3.9065,15.5776,13.9655,0.69218,0.1133,0.000193596,0.36886,9,1024,392,608,361489,520136,91597,35870,936,1.53947,472,0.776316,0.0992285,0.253388,0.0342083,3985.56,0.110865,35949.8,73452,78.4744,53.5,591,110.401,87,177,302,93,35870,385.699,88,2199,703.203,220,2198,2199,3.07895,3,9,2.53145,4,7,8,178.472
3_0.33_-0.05_0.09_-0.32_0.02_-0.04_-0.09_0.45_0.36_0.33,304,432,30.9497,0.0716427,0.654845,184,116,1.05102,2.86827,1.11022e-16,0.415561,319.942,0.372494,0.0112047,9.18777,0.00121953,13.1186,0.0555556,0.899192,-173,0.298611,2,1,84,0.194444,0,0,1.33562,1.10079,937,1.41769,0.0399141,0.131293,0.588093,0.0125189,0.0375261,0.2569,0.257129,0.104293,33,96,0.705934,0.323557,0.382377,1.41769,1.84903,2.47398,5.42793,0.526698,0.114583,9.15527e-05,0.225776,9,1024,304,432,266545,379611,65471,21934,360,0.833333,264,0.611111,0.08229,0.245628,0.0209179,2437.11,0.0941999,25871.7,41089,114.136,36,581,154.466,193,338,529.7,36,21934,609.278,864.5,901,379.388,883.5,892,894.25,1.66667,2,6,1.74271,3,4,6,60.3092
3_0.33_-0.1_-0.1_0.38_-0.46_-0.4_0.16_-0.38_0.38_-0.12,376,576,40.2644,0.0699035,0.728083,184,188,1.07427,3.71074,0,0.425087,423.618,0.145137,0.0170114,9.38107,0.00181337,11.1911,0.0416667,0.948869,-173,0.348958,2,1,60,0.104167,49,0.0850694,1.34522,1.06201,855,2.5851,0.0550737,0.121822,0.549891,0.0550737,0.165042,0.63493,0.635181,0.175056,16,196,0.645848,0.492804,0.153045,2.5851,4.87057,25.4134,16.7136,0.72436,0.117347,0.00018692,0.0859369,9,1024,376,576,359414,474074,64964,7056,536,0.930556,376,0.652778,0.019632,0.18075,0.00672913,784,0.0243247,32230.6,13412,25.0224,9,142,39.64,17,96,135,96,7056,73.5,69.5,157,55.1562,111,153,155,1.86111,2,8,2.05687,3,4,8,86.6771
3_0.33_-0.1_0.42_0.28_0.18_-0.48_-0.35_0.49_0.12_0.39,424,672,45.6215,0.0678892,0.697385,184,236,1.0566,3.76399,1.83187e-15,0.40138,484.612,0.27336,0.0133558,9.32512,0.00143224,13.1263,0.0357143,1.00644,-173,0.370536,2,1,96,0.142857,71,0.105655,1.32881,1.00667,524,2.77135,0.0477057,0.131755,0.527821,0.00710869,0.0213232,0.687557,0.687684,0.274819,8,248,0.620087,0.230629,0.389458,2.77135,4.77049,23.948,19.0796,0.67069,0.0766129,0.000236511,0.251785,9,1024,424,672,348370,522186,97074,43304,576,0.857143,360,0.535714,0.124305,0.278652,0.0412979,4811.56,0.137387,35022,104922,182.156,108,1007,214.537,151.75,529,671,48,43304,902.167,88,3422,1448.56,913.75,3422,3422,1.71429,1,6,1.97949,3,5,6,141.261
3_0.33_0.02_-0.14_-0.28_0.11_0.16_-0.36_-0.13_-0.17_0.17,388,600,33.5105,0.0558509,0.811849,184,200,1.07129,3.31697,2.22045e-16,0.418686,458.411,0.252577,0.00985856,9.55164,0.00103213,13.8971,0.04,0.85563,-173,0.355,2,1,96,0.16,36,0.06,1.33798,1.12751,1403,1.13517,0.0519934,0.121622,0.61367,0.0519934,0.155977,0.760935,0.760973,0.33825,9,44,0.773162,0.496763,0.276399,1.13517,0.746358,-1.00672,2.9589,0.601128,0.204545,4.19617e-05,0.172579,9,1024,388,600,206313,420436,99530,51319,2174,3.62333,588,0.98,0.248743,0.482422,0.0489416,5702.11,0.198661,28702.8,241519,111.094,84,670,124.315,118,222.7,427.35,24,51319,2138.29,2137.5,3141,976.893,3103,3140,3140.85,7.24667,6,18,3.29229,9,13,13,85.0491
3_0.33_0.31_-0.47_-0.08_-0.14_0.18_0.37_0.05_-0.07_-0.32,968,1760,41.2431,0.0234336,1.9995,184,780,0.739056,3.6429,9.54792e-15,0.391945,1241.75,0.171389,0.00493742,9.37452,0.000526685,20.6636,0.0136364,0.848055,-173,0.450568,2,1,236,0.134091,319,0.18125,1.33781,1.10259,30009,0.43715,0.0368557,0.116345,0.592229,0.0296345,0.0888948,0.599567,0.59962,0.13246,21,33,0.744644,0.403576,0.341068,0.43715,-0.417694,-1.16395,1.63331,0,0,3.14713e-05,0.135672,9,1024,968,1760,229176,622814,136918,43748,89952,51.1091,1744,0.990909,0.190893,0.597436,0.0417213,4860.89,0.140832,34515.5,6.7623e+06,75.1768,77,556,29.8252,91,103,107,18,43748,2430.44,2405.5,5196,1689.63,2423.25,5190.3,5191.75,102.218,51.5,209,81.8936,189,192,205,89.2154
3_0.33_0.33_-0.14_-0.16_0.07_-0.37_0.02_-0.01_0.19_-0.45,372,568,35.8429,0.0631037,0.894428,184,184,1.07499,3.92045,2.22045e-16,0.407006,398.513,0.250896,0.0126507,9.6132,0.00131597,11.6352,0.0422535,0.868079,-173,0.346831,2,1,80,0.140845,44,0.0774648,1.68306,1.29466,377,2.35424,0.0422363,0.125794,0.658426,0.0422363,0.126559,0.527475,0.529198,0.133183,21,192,0.680573,0.431529,0.249043,2.35424,3.08375,9.49096,11.9155,0.895641,0.166667,0.000183105,0.154029,9,1024,372,568,302421,414892,58571,11768,952,1.67606,392,0.690141,0.0389126,0.193674,0.0112228,1307.56,0.0467135,27991,77068,80.9538,90,171,35.9537,98,107.9,125.45,72,11768,163.444,142,213,31.3045,181,213,213,3.35211,2,11,3.41537,7,8,10,53.2579
3_0.33_0.33_0.16_-0.27_0.16_-0.09_-0.44_-0.06_0.18_0.4,472,768,38.2501,0.0498048,0.725864,184,284,1.02912,3.15584,0,0.409464,571.984,0.182203,0.0146628,9.60927,0.0015259,12.3749,0.03125,1.02147,-173,0.386719,2,1,72,0.09375,96,0.125,1.18404,1.00343,614,2.11483,0.0295267,0.0973003,0.555801,0.0197115,0.0591326,0.696534,0.696586,0.300578,9,215,0.649839,0.345932,0.303907,2.11483,2.83973,6.67774,9.76894,0.692707,0.0930233,0.00020504,0.259447,9,1024,472,768,336250,500734,85908,25012,1506,1.96094,438,0.570312,0.0743851,0.255488,0.0238533,2779.11,0.0845884,32854.5,93434,62.0412,46,533,81.6424,80,115,134,90,25012,277.911,1,1746,580.242,167.75,1746,1746,3.92188,1,19,4.6931,7,10,10,131.794
3_0.33_0.42_-0.36_0.35_-0.18_0.19_0.1_0.27_0.27_0.1,340,504,30.4197,0.0603565,0.741119,184,152,1.07404,3.693,2.22045e-16,0.415558,387.309,0.0529412,0.01268,9.40151,0.00134872,13.6301,0.047619,0.886864,-173,0.327381,2,1,36,0.0714286,38,0.0753968,1.101,1.03005,1086,1.50189,0.0214672,0.114502,0.488691,0.0184584,0.0553751,0.733003,0.733003,0.269585,21,141,0.673806,0.415672,0.258134,1.50189,1.40973,0.126234,4.49221,0.845617,0.22695,0.000134468,0.219325,9,1024,340,504,319557,419628,53041,14268,960,1.90476,360,0.714286,0.0446493,0.165983,0.013607,1585.33,0.0549442,28853.5,82210,85.6354,80.5,225,34.8285,99,115,132,60,14268,237.8,323.5,339,116.636,338,339,339,3.80952,4,8,2.80508,6,7,8,88.5318
3_0.34_-0.06_-0.27_-0.32_-0.01_-0.2_0.46_0.32_0.02_0.05,340,504,33.9429,0.0673469,0.879234,184,152,1.07404,3.63417,0,0.427645,385.374,0.262465,0.00927182,9.18758,0.00100917,15.8607,0.047619,0.893642,-173,0.327381,2,1,96,0.190476,20,0.0396825,2.14714,1.76962,442,2.34606,0.0502272,0.102312,0.468207,0.0502272,0.150662,0.719597,0.720354,0.262389,9,153,0.700227,0.479989,0.220238,2.34606,2.99749,8.42068,10.9747,0.8345,0.130719,0.000145912,0.162124,9,1024,340,504,288155,410954,74010,22196,1700,3.37302,472,0.936508,0.077028,0.256841,0.0211678,2466.22,0.0868767,28387.6,141386,83.1682,81,458,54.7421,96,107,112.05,112,22196,198.179,24,639,248.175,473,596.9,613,6.74603,7,21,4.5842,10,11,12,58.5081
3_0.34_-0.21_0.21_-0.05_0.28_0.44_-0.25_0.24_0.35_0.4,412,648,34.7365,0.0536057,0.954535,184,224,1.06227,3.34912,0,0.407941,480.853,0.216597,0.0163695,9.32448,0.00175554,11.6565,0.037037,0.916262,-173,0.365741,2,1,96,0.148148,35,0.0540123,1.14993,1.00871,2343,1.34213,0.026783,0.112759,0.5303,0.00939655,0.0281897,0.98374,0.98374,0.678139,25,149,0.684485,0.291794,0.392692,1.34213,2.14623,4.30121,5.83017,0.502988,0.134228,0.000142097,0.153715,9,1024,412,648,302802,464126,92988,19918,994,1.53395,528,0.814815,0.065779,0.307092,0.0189953,2213.11,0.0715496,30931.1,81634,82.1268,82,317,58.6514,108,119,155.7,112,19918,177.839,215,381,155.328,354.25,378.9,380,3.0679,3,8,2.16631,5,6,8,136.478
3_0.34_-0.31_-0.4_-0.34_-0.44_-0.16_-0.42_-0.13_0.45_0.05,444,712,35.0058,0.0491654,1.19473,184,256,1.04591,3.17392,2.77556e-14,0.444464,560.082,0.205491,0.0112912,9.3732,0.00120463,13.268,0.0337079,0.834915,-173,0.377809,2,1,100,0.140449,51,0.0716292,1.23414,1.00609,1900.5,2.07455,0.0521641,0.101418,0.602527,0.0521641,0.155386,0.794888,0.813153,0.32062,11,136,0.70547,0.509088,0.196383,2.07455,3.16177,9.52034,10.0562,0.752225,0.147059,0.0001297,0.16337,9,1024,444,712,287248,447189,67559,36398,4680,6.57303,602,0.845506,0.126713,0.235194,0.0347118,4044.22,0.139707,28947.9,533164,113.924,103,817,89.6435,106,119,159.05,54,36398,674.037,93,4125,1125.95,879.75,1647.4,4123.35,13.1461,5.5,45,15.3837,15.5,37,45,83.9939
3_0.34_0.11_0.24_-0.23_0.08_-0.48_-0.37_0.48_0.45_0.27,460,744,42.1934,0.0567116,0.899426,184,272,1.03652,3.38943,1.11022e-16,0.412576,548.281,0.233126,0.0133363,9.18705,0.00145164,12.0755,0.0322581,0.99538,-173,0.383065,2,1,132,0.177419,60,0.0806452,1.3386,1.01409,262,3.14069,0.0495472,0.0985803,0.618061,0,0,1,1,1,0,248,0.625837,0.17255,0.453287,3.14069,4.5109,19.9203,19.634,0.671034,0.0443548,0.000236511,0.384495,9,1024,460,744,340420,494552,80494,17588,1752,2.35484,472,0.634409,0.0516656,0.236455,0.0167732,1954.22,0.0602782,32420,131160,74.863,86,306,51.6081,102,114,144,144,17588,122.139,2,391,170.54,334.25,389,391,4.70968,3,20,4.9287,7,11,16,138.678
3_0.34_0.15_0.39_-0.02_0.03_0.42_-0.25_-0.03_0.23_0.44,388,600,35.909,0.0598483,0.579145,184,200,1.07129,4.03865,0,0.407241,448.942,0.17354,0.0143979,9.61719,0.0014971,11.6804,0.04,1.01008,-173,0.355,2,1,48,0.08,40,0.0666667,1.09029,1.04612,553,2.14879,0.0284348,0.120313,0.608682,0.0284348,0.0852089,0.644213,0.644552,0.190291,9,236,0.625877,0.406223,0.219654,2.14879,3.64132,13.0996,10.7219,0.609732,0.0847458,0.000225067,0.0537165,9,1024,388,600,379842,508124,74189,8954,356,0.593333,288,0.48,0.023573,0.195315,0.0085392,994.889,0.0284737,34940.6,17915,50.323,18,162,56.6188,112,140,154.25,92,8954,97.3261,119,176,69.2026,161.5,167,169,1.18667,0,6,1.63049,2,4,5,138.738
3_0.34_0.16_-0.11_0.0_-0.38_-0.17_-0.03_0.47_-0.16_0.23,316,456,30.2458,0.0663285,0.621846,184,128,1.06221,3.2986,5.55112e-17,0.412378,343.39,0.335443,0.0121784,9.54587,0.00127578,12.1136,0.0526316,0.958402,-173,0.309211,2,1,72,0.157895,18,0.0394737,1.56898,1.40927,16737,0.894257,0.0279045,0.0946949,0.586253,0.0231457,0.0694332,0.313209,0.31324,0.0903358,21,59,0.703935,0.414062,0.289872,0.894257,0.0761717,-1.73925,2.33881,0.400984,0.186441,5.62668e-05,0.153366,9,1024,316,456,281238,395620,78500,9704,264,0.578947,252,0.552632,0.0345046,0.279123,0.00925446,1078.22,0.0391545,27537.6,24251,91.8598,86,361,85.7825,94,99,337.85,72,9704,134.778,25,390,167.392,360.25,379.7,385.25,1.15789,1,3,1.20364,2,3,3,57.7038
3_0.34_0.25_0.41_-0.26_0.32_0.33_-0.24_0.35_0.49_-0.08,468,760,41.3226,0.0543718,0.885393,184,280,1.03162,3.55776,0,0.395902,535.52,0.280423,0.00728895,9.3727,0.000777679,16.2012,0.0315789,1.00376,-173,0.385526,2,1,120,0.157895,79,0.103947,1.52025,1.25067,290,2.44709,0.0333643,0.137675,0.612573,0.022213,0.066638,0.303022,0.303036,0.0595517,21,204,0.619926,0.315481,0.304445,2.44709,2.74214,6.1249,10.9792,0.806578,0.0980392,0.00019455,0.190443,9,1024,468,760,363554,522000,86136,11096,1024,1.34737,574,0.755263,0.0305209,0.236928,0.010582,1232.89,0.0357843,34453.3,44546,43.502,41,139,31.8866,65,92,98.25,128,11096,86.6875,124,170,69.8195,149,170,170,2.69474,2,8,2.21869,5,6,6,65.0579
3_0.34_0.39_-0.17_0.46_-0.3_-0.43_0.35_-0.23_-0.28_0.33,720,1264,48.0421,0.038008,0.967301,184,532,0.867206,3.99134,0,0.387014,882.333,0.374868,0.00736557,9.3301,0.000789442,16.4595,0.0189873,1.13163,-173,0.431171,2,1,324,0.256329,70,0.0553797,1.28916,1.00194,145,3.20434,0.0440197,0.114003,0.613584,0.0440197,0.13187,0.633004,0.633293,0.206707,16,312,0.634136,0.384113,0.250023,3.20434,4.4238,21.9324,21.658,0.917388,0.099359,0.000297546,0.127524,9,1024,720,1264,357866,614494,123776,22921,1808,1.43038,958,0.757911,0.0640491,0.345872,0.0218592,2546.78,0.0671902,37904,84369,46.6643,21,310,52.0506,83,103,118.65,184,22921,124.571,58,456,136.683,194,353,425.85,2.86076,3,8,2.26026,5,6,7,122.22
3_0.34_0.41_-0.25_0.41_-0.11_0.14_-0.42_-0.38_-0.17_0.16,352,528,36.9349,0.0699524,0.745358,184,164,1.07598,3.79279,0,0.397995,376.585,0.289773,0.0123249,9.63275,0.00127948,13.1521,0.0454545,0.980328,-173,0.335227,2,1,84,0.159091,39,0.0738636,1.41108,1.12586,868,2.13596,0.0387449,0.103953,0.530654,0.0203123,0.0608959,0.281582,0.282198,0.0802854,9,170,0.661741,0.32324,0.338501,2.13596,2.69189,6.27309,9.95349,0.771222,0.117647,0.000162125,0.220034,9,1024,352,528,314116,431786,67580,17880,468,0.886364,408,0.772727,0.0569216,0.215143,0.0170517,1986.67,0.0664372,29902.9,37152,79.3846,46.5,395,93.3973,89,122,378.05,86,17880,207.907,129,420,175.111,404,415,416,1.77273,1.5,5,1.5055,3,4,5,67.6511
3_0.34_0.44_0.43_0.4_0.35_0.04_0.28_0.19_-0.17_-0.46,508,840,33.1039,0.0394094,0.980081,184,320,1.00571,3.68864,8.88178e-16,0.402235,611.811,0.451256,0.00643014,9.3769,0.000685742,17.2745,0.0285714,1.03083,-173,0.396429,2,1,216,0.257143,56,0.0666667,1.36393,1.04383,105,2.40828,0.0515785,0.156839,0.666751,0.020627,0.0618782,0.859521,0.859635,0.444894,12,147,0.723351,0.257636,0.465715,2.40828,2.51254,5.31571,10.4818,0.96422,0.156463,0.00014019,0.185876,9,1024,508,840,236064,413642,87958,22444,1788,2.12857,660,0.785714,0.0950759,0.372602,0.0214043,2493.78,0.0970338,25700.1,123782,69.2293,64,256,50.7247,97,123,148.65,36,22444,623.444,806.5,842,275.38,823,832,840,4.25714,3.5,14,3.6398,7,10,10,97.1897
3_0.34_0.46_-0.38_-0.4_0.07_0.19_0.01_0.43_0.09_0.19,496,816,40.4651,0.0495896,0.960177,184,308,1.01366,3.00853,1.66533e-16,0.398066,586.829,0.303763,0.00916112,9.41652,0.000972877,14.9557,0.0294118,0.987133,-173,0.393382,2,1,128,0.156863,75,0.0919118,1.4415,1.13802,205,2.47748,0.0425177,0.102648,0.621956,0.0180187,0.0540428,0.306164,0.30781,0.0842742,21,189,0.653522,0.275249,0.378273,2.47748,2.99668,8.39853,12.2962,0.805767,0.10582,0.000180244,0.208733,9,1024,496,816,318818,490180,91574,12472,790,0.968137,634,0.776961,0.0391195,0.28723,0.0118942,1385.78,0.0427482,32417.2,32052,40.5722,6,198,48.417,79,100,105.55,124,12472,100.581,113.5,230,78.6969,128,228,230,1.93627,2,5,1.35251,3,3,4,83.9151
3_0.35_-0.04_-0.22_0.05_-0.05_0.36_0.26_-0.18_-0.28_0.37,388,600,40.2498,0.067083,0.97328,184,200,1.07129,3.57097,1.11022e-16,0.388337,415.558,0.274914,0.0100962,9.56493,0.00105554,13.1436,0.04,0.947647,-173,0.355,2,1,80,0.133333,68,0.113333,1.61409,1.44115,1111.5,1.28103,0.0273876,0.122889,0.620279,0.0154848,0.0464449,0.223679,0.224019,0.0356548,21,88,0.61738,0.333021,0.284359,1.28103,0.909338,-0.692808,3.90377,0.946408,0.363636,8.39233e-05,0.146381,9,1024,388,600,372589,519642,90015,12564,720,1.2,480,0.8,0.0337208,0.241593,0.011982,1396,0.0383509,36400.7,47442,65.8917,68,262,50.2863,88,100,161.05,40,12564,314.1,517,534,255.697,520,531.2,533.05,2.4,3,6,1.78885,3,5,5,57.6822
3_0.35_-0.0_-0.15_0.13_0.33_0.44_0.39_-0.44_0.05_-0.34,440,716,36.5852,0.0510967,0.800002,160,252,1.28176,3.63072,0,0.412308,518.726,0.196753,0.0135315,9.36488,0.00144492,13.7719,0.0335196,0.96256,-161,0.386872,2,1,84,0.117318,96,0.134078,1.30773,1.01113,647,2.26212,0.0446577,0.102415,0.479223,0.00780964,0.0234261,0.915211,0.915478,0.504721,33,172,0.672785,0.271763,0.401022,2.26212,3.23855,9.9829,11.4169,0.585134,0.0639535,0.000164032,0.28955,9,1024,440,716,296346,444442,75674,15478,1176,1.64246,520,0.726257,0.0522295,0.255357,0.014761,1719.78,0.0599334,28694.8,49370,41.9813,33,173,35.7233,62,88,95.25,88,15478,175.886,127,1041,237.999,134.25,436,532,3.28492,3,14,2.96013,5,7,7,115.781
3_0.35_-0.11_0.45_0.09_0.09_0.17_0.15_-0.25_-0.25_-0.08,316,456,27.1325,0.0595011,0.545862,184,128,1.06221,3.77438,0,0.42235,348.61,0.367089,0.0124032,9.59842,0.00129222,12.1109,0.0526316,0.959257,-173,0.309211,2,1,72,0.157895,42,0.0921053,1.27112,1.08953,273,3.13299,0.0623322,0.116441,0.578138,0.0623322,0.186991,0.763234,0.763277,0.227015,9,184,0.735653,0.560408,0.175245,3.13299,3.76695,13.2716,15.5904,0.920758,0.108696,0.000175476,0.148523,9,1024,316,456,256814,348808,58850,4130,96,0.210526,156,0.342105,0.0160817,0.229154,0.00393867,458.889,0.0194499,23593.3,6788,70.7083,78.5,117,42.1124,108.5,115,116,74,4130,55.8108,4,119,55.348,111,117.7,118.35,0.421053,0,2,0.633768,1,1,2,83.2921
3_0.35_-0.24_0.46_0.28_0.11_0.21_-0.14_0.19_-0.34_0.36,340,504,26.8251,0.0532244,0.840899,184,152,1.07404,3.4252,1.66533e-16,0.399083,366.092,0.264426,0.0131703,9.33138,0.0014114,11.4334,0.047619,0.968506,-173,0.327381,2,1,84,0.166667,12,0.0238095,1.33743,1.15295,133,2.74885,0.0577517,0.128974,0.634418,0.0577517,0.173066,0.560061,0.560118,0.137517,21,166,0.738593,0.560072,0.178521,2.74885,3.36018,10.5357,12.9798,0.876166,0.120482,0.00015831,0.107208,9,1024,340,504,253030,350768,59282,1888,128,0.253968,176,0.349206,0.00746157,0.234288,0.00180054,209.778,0.00894741,23445.7,2268,17.7188,16,55,15.0109,20.75,40.6,50,72,1888,26.2222,18.5,55,14.5165,38,50,52,0.507937,0,3,0.794285,1,2,2,61.3874
3_0.35_-0.25_-0.01_-0.06_-0.12_0.25_-0.0_0.25_-0.15_-0.41,268,384,31.5013,0.0820346,0.743697,160,104,1.06477,3.72715,0,0.416573,279.028,0.283582,0.0132912,9.36244,0.00141963,12.5997,0.0625,0.85595,-149,0.304688,2,1,72,0.1875,0,0,1.64748,1.29383,140.5,1.66615,0.0353336,0.10948,0.553777,0.029314,0.0879087,0.527961,0.528251,0.189665,21,136,0.70662,0.376718,0.329903,1.66615,2.05699,3.25097,6.8005,0.692494,0.147059,0.0001297,0.146187,9,1024,268,384,270613,359788,57824,6959,240,0.625,216,0.5625,0.0257157,0.213678,0.00663662,773.222,0.0308161,25091.5,14603,60.8458,34,171,49.2532,92,142.2,155.15,48,6959,144.979,135,207,45.2822,188,205,206,1.25,1,3,1.25,2.25,3,3,73.3494
3_0.35_-0.37_-0.46_-0.09_-0.06_-0.15_-0.03_-0.22_0.03_0.24,448,720,34.8564,0.0484116,1.04589,184,260,1.04362,3.61164,0,0.414647,527.708,0.31824,0.0065634,9.3769,0.000699954,17.7168,0.0333333,0.927222,-173,0.379167,2,1,156,0.216667,48,0.0666667,1.39836,1.12168,80,2.4051,0.0508289,0.132774,0.594729,0.0508289,0.152481,0.604845,0.604899,0.180077,21,154,0.694427,0.481218,0.213208,2.4051,2.90972,8.13783,11.2721,0.834965,0.12987,0.000146866,0.167685,9,1024,448,720,292702,437892,73626,13420,1608,2.23333,568,0.788889,0.0458487,0.251539,0.0127983,1491.11,0.0525907,28353.1,78664,48.9204,43,195,40.8462,80,103,119,72,13420,186.389,173,356,118.812,315,353.3,354.9,4.46667,5,15,3.56433,7,8,12,64.9056
3_0.35_-0.39_-0.16_-0.35_-0.09_0.03_0.4_-0.17_0.42_0.27,448,720,35.7037,0.0495885,0.937743,184,260,1.04362,3.2494,1.11022e-16,0.430013,543.04,0.150085,0.00881888,9.38068,0.000940111,15.3056,0.0333333,0.883564,-173,0.379167,2,1,72,0.1,81,0.1125,1.40241,1.11302,741,2.16756,0.0526562,0.125117,0.525122,0.0526562,0.157956,0.694857,0.694948,0.208985,9,128,0.707152,0.485685,0.221467,2.16756,2.72513,6.67251,9.53117,0.850897,0.15625,0.00012207,0.186775,9,1024,448,720,279766,440880,83924,39947,1672,2.32222,640,0.888889,0.142787,0.299979,0.0380964,4438.56,0.154399,28747.3,116936,69.9378,53,706,94.2597,83,105.5,167.8,52,39947,768.212,565,4650,1148.75,691,718,4644.8,4.64444,4,13,3.33354,5,11,11,72.0072
3_0.35_-0.3_-0.28_0.02_-0.1_-0.06_0.41_0.15_-0.34_-0.4,580,984,44.0651,0.0447816,1.3349,184,392,0.956975,3.80983,1.11022e-16,0.411541,725.515,0.29064,0.00668318,9.34098,0.000715469,16.1249,0.0243902,0.998039,-173,0.411585,2,1,168,0.170732,120,0.121951,1.3443,1.06129,47.5,1.92734,0.0482502,0.114638,0.665402,0.0482502,0.144745,0.82511,0.825157,0.165705,9,86,0.678911,0.405718,0.273193,1.92734,1.66191,1.20886,6.11202,0.996235,0.232558,8.2016e-05,0.28442,9,1024,580,984,301746,548434,125027,25895,4477,4.5498,895,0.909553,0.0858172,0.414345,0.0246954,2877.22,0.0815159,35296.5,195844,43.7445,29,253,42.7411,64,104,120,62,25895,417.661,582.5,833,360.796,782,826,830.8,9.09959,8,22,5.81859,14,16,18,82.4415
3_0.35_0.23_-0.12_0.33_-0.31_-0.44_0.36_0.46_-0.3_0.47,700,1224,48.4786,0.0396067,1.07572,184,512,0.879303,3.63784,9.99201e-16,0.395771,887.173,0.358912,0.00825202,9.38919,0.000878886,15.293,0.0196078,1.09852,-173,0.428922,2,1,280,0.228758,111,0.0906863,1.31268,1.01496,240,3.28406,0.0383015,0.0954121,0.632047,0.0213165,0.0638304,0.365317,0.365418,0.078759,9,351,0.599485,0.288119,0.311366,3.28406,4.50109,20.6603,22.4256,0.767347,0.0569801,0.00033474,0.240054,9,1024,700,1224,379852,608468,97190,19505,3608,2.94771,1028,0.839869,0.0513489,0.255863,0.0186014,2167.22,0.0569836,38032.4,245327,67.9953,72,164,34.8638,95,108,115,136,19505,143.419,174,300,104.227,222.25,296,297,5.89542,5,18,4.58566,9,12,13,92.5655
3_0.36_-0.05_0.24_0.48_-0.09_-0.42_0.1_0.41_0.1_0.22,376,576,40.3415,0.0700374,0.832391,184,188,1.07427,3.43401,0,0.396432,406.438,0.271277,0.009201,9.40371,0.000978443,13.4382,0.0416667,0.96369,-173,0.348958,2,1,84,0.145833,43,0.0746528,1.38626,1.08302,19,2.13795,0.0426207,0.181605,0.631832,0.0236416,0.0709066,0.391372,0.391594,0.0498715,9,142,0.670011,0.302191,0.36782,2.13795,2.27987,4.03761,9.03289,0.852707,0.140845,0.000135422,0.308365,9,1024,376,576,301372,472140,95626,28112,966,1.67708,426,0.739583,0.0932801,0.317302,0.0268097,3123.56,0.0977134,31966.5,87682,90.7681,58,309,89.1799,168,240,258,69,28112,407.42,18,2294,864.357,20,2292,2293,3.35417,3,11,3.25207,5,9,10,50.5922
3_0.36_-0.08_-0.06_-0.5_-0.21_0.32_0.48_0.18_-0.2_0.34,628,1080,44.9896,0.041657,0.917751,184,440,0.924981,3.16605,1.11022e-16,0.408992,804.266,0.387322,0.0104275,9.33052,0.00111757,13.042,0.0222222,1.06583,-173,0.419444,2,1,264,0.244444,42,0.0388889,1.3507,1.01303,305,2.87618,0.0496426,0.107541,0.677205,0.00720024,0.021596,0.937297,0.937599,0.573202,21,226,0.648789,0.212376,0.436414,2.87618,4.15234,17.1139,17.2925,0.856835,0.141593,0.00021553,0.23543,9,1024,628,1080,316248,553160,108592,40164,3528,3.26667,924,0.855556,0.127002,0.343376,0.0383034,4462.67,0.130507,34195,172841,48.9912,34,314,48.2936,74,92,115,108,40164,371.889,336,988,300.137,342,954,965.25,6.53333,6,15,4.7961,11,13,15,126.996
3_0.36_-0.11_0.3_0.07_-0.3_-0.32_0.28_0.38_-0.1_-0.06,316,456,37.3927,0.0820015,0.599774,184,128,1.06221,3.56076,1.11022e-16,0.426436,351.097,0.594635,0.0100926,9.18269,0.00109909,12.7584,0.0526316,0.917048,-173,0.309211,2,1,120,0.263158,12,0.0263158,1.44732,1.19285,199,2.46173,0.0476618,0.160612,0.670926,0.0476618,0.140466,0.622215,0.63361,0.116627,9,152,0.694353,0.426769,0.267584,2.46173,2.64991,5.79567,10.4336,0.914886,0.131579,0.000144958,0.210477,9,1024,316,456,289871,439296,103180,29255,486,1.06579,327,0.717105,0.100924,0.355951,0.0278997,3250.56,0.10404,31243.5,71630,147.387,90,785,173.369,117.75,184,730,45,29255,650.111,803,861,326.12,834,859,860,2.13158,2,6,1.77588,3,5,6,51.228
3_0.36_-0.2_-0.24_0.01_0.24_0.44_-0.49_0.16_-0.09_-0.43,424,672,45.2327,0.0673106,0.959111,184,236,1.0566,3.51639,3.88578e-16,0.425276,518.04,0.339623,0.0202866,9.38198,0.00216229,9.88171,0.0357143,0.916359,-173,0.370536,2,1,108,0.160714,33,0.0491071,1.28937,1.0021,595,1.92865,0.0289755,0.0906294,0.604964,0.0183039,0.0421791,0.947236,0.958336,0.613623,14,231,0.638247,0.263823,0.374425,1.92865,2.76476,7.85672,10.4871,0.732098,0.151515,0.000220299,0.23494,9,1024,424,672,348959,520326,95467,60748,1386,2.0625,562,0.83631,0.174083,0.273577,0.0579338,6749.78,0.189236,35668.5,153288,110.597,79,998,163.168,108,138,556.75,65,60748,934.585,949,2994,900.431,1018,2856,2944,4.125,3,14,3.29942,6,8,11,190.728
3_0.36_-0.31_-0.22_0.36_0.25_0.27_0.18_0.33_0.15_-0.42,484,792,40.0538,0.050573,0.887002,184,296,1.02148,3.94903,1.66533e-16,0.391772,547.917,0.282172,0.012252,9.37293,0.00130717,13.2642,0.030303,1.04437,-173,0.390152,2,1,144,0.181818,52,0.0656566,1.31066,1.02396,265,2.87377,0.0406208,0.104782,0.589274,0.00856018,0.0256805,0.888979,0.889009,0.409503,21,288,0.639539,0.242188,0.397351,2.87377,4.28482,18.9566,18.2925,0.814496,0.111111,0.000274658,0.192626,9,1024,484,792,335412,490908,80648,12900,676,0.853535,400,0.505051,0.0384602,0.240445,0.0123024,1433.33,0.0451462,31748.7,58614,86.7071,82,224,45.991,106,117,204.25,92,12900,140.217,179,260,105.556,235,249,259,1.70707,1,8,2.20652,3,5,7,116.336
3_0.36_-0.33_-0.06_-0.04_0.06_0.04_0.19_0.43_-0.3_-0.48,412,648,41.1529,0.0635076,0.87231,184,224,1.06227,3.57696,0,0.394903,447.838,0.376791,0.0101841,9.34371,0.00108994,14.2373,0.037037,1.00215,-173,0.365741,2,1,128,0.197531,55,0.0848765,1.58547,1.20112,139,2.64032,0.0370779,0.10132,0.560286,0.0340023,0.102001,0.493525,0.493997,0.0793181,9,219,0.641838,0.325855,0.315983,2.64032,3.13059,8.89635,12.6513,0.81605,0.0913242,0.000208855,0.272592,9,1024,412,648,336754,466170,73305,6301,414,0.638889,282,0.435185,0.018711,0.217681,0.0060091,700.111,0.0221446,31615.5,27167,65.6208,67,107,25.3701,87.75,93,101,60,6301,105.017,112,137,33.2428,128,135.1,136,1.27778,0,6,1.68233,3,3,5,67.441
3_0.36_-0.4_0.08_0.31_0.25_0.13_0.35_0.09_-0.18_0.28,280,384,34.6486,0.0902307,0.683385,184,92,1.0132,3.45208,0,0.419345,290.003,0.313946,0.00961534,9.321,0.00103158,15.1552,0.0625,0.892071,-173,0.273438,2,1,60,0.15625,31,0.0807292,1.7428,1.3759,102,2.32679,0.0424824,0.135829,0.473614,0.0424824,0.127362,0.410934,0.410969,0.0986524,9,132,0.698666,0.388814,0.309852,2.32679,2.15619,2.96777,8.02626,0.962266,0.151515,0.000125885,0.268173,9,1024,280,384,277426,392228,77794,21624,334,0.869792,220,0.572917,0.0779451,0.280414,0.0206223,2402.67,0.0864955,27778,44432,133.03,68,774,196.732,180.75,286,773,85,21624,254.4,2,897,401.823,892,895,897,1.73958,1,5,1.76183,3,4,5,25.7742
3_0.36_0.07_-0.39_-0.15_-0.21_0.18_-0.07_-0.32_0.39_0.17,664,1152,39.553,0.0343342,1.14871,184,476,0.901743,3.30905,2.22045e-16,0.414964,860.966,0.288009,0.00779273,9.3744,0.000831278,15.1353,0.0208333,0.968567,-173,0.424479,2,1,220,0.190972,112,0.0972222,1.28195,1.05656,240,3.49055,0.0569944,0.109634,0.621513,0.0569944,0.170852,0.680361,0.680524,0.287947,9,254,0.694366,0.513208,0.181157,3.49055,4.48671,20.0067,20.8487,0.880419,0.0787402,0.000242233,0.201701,9,1024,664,1152,297745,538900,92849,38126,6865,5.9592,1080,0.9375,0.128049,0.311841,0.0363598,4236.22,0.128067,33078.2,564571,82.239,88,577,55.135,99,109,118,196,38126,194.52,42.5,4084,584.613,91,301,1057,11.9184,7,56,12.9092,13,37,44,105.55
3_0.36_0.41_0.33_0.01_0.43_-0.08_-0.48_-0.42_-0.12_0.32,480,784,42.3228,0.0539831,0.988474,184,292,1.02405,3.83406,0,0.387531,538.469,0.20119,0.0138819,9.32434,0.00148878,13.1723,0.0306122,1.02949,-173,0.389031,2,1,104,0.132653,94,0.119898,1.48835,1.16277,3409,1.74214,0.0414886,0.0867276,0.549678,0.00521755,0.0156507,0.496141,0.497462,0.205674,4,136,0.654477,0.237066,0.417411,1.74214,3.01865,8.50626,8.62132,0.532465,0.0808824,0.0001297,0.359331,9,1024,480,784,318910,505314,100034,34938,1280,1.63265,600,0.765306,0.109554,0.313675,0.0333195,3882,0.115772,33531.4,99606,77.8172,46,731,99.7542,94,168,197,40,34938,873.45,405.5,2751,985.078,2081.25,2149.7,2750.05,3.26531,3,11,2.54571,5,6,8,101.117
3_0.36_0.42_0.34_-0.04_-0.47_0.24_-0.33_-0.19_-0.48_0.35,628,1080,43.9415,0.0406865,0.70066,184,440,0.924981,3.7883,0,0.398146,790.772,0.428723,0.00793449,9.37702,0.000846163,15.862,0.0222222,1.12994,-173,0.419444,2,1,276,0.255556,84,0.0777778,1.28338,1.1391,475,2.16434,0.0215044,0.136124,0.664694,0.0134192,0.0402498,0.344301,0.344369,0.114479,9,320,0.590652,0.302371,0.288281,2.16434,3.35468,10.8336,11.6505,0.782793,0.175,0.000305176,0.116667,9,1024,628,1080,406681,617160,103525,11049,480,0.444444,360,0.333333,0.0271687,0.254561,0.0105371,1227.67,0.0310262,39568.7,40008,83.35,86,138,32.3891,98.25,118.5,127.3,72,11049,153.458,174.5,181,32.347,176,181,181,0.888889,0,6,1.43329,2,3,3,140.056
3_0.36_0.45_-0.1_-0.46_-0.45_0.04_0.38_0.39_0.24_0.39,556,936,43.9348,0.0469388,0.789603,184,368,0.973246,3.72432,1.66533e-16,0.413376,702.18,0.237239,0.0118978,9.33679,0.00127429,13.5656,0.025641,1.06509,-173,0.407051,2,1,168,0.179487,70,0.0747863,1.31458,1.00606,277.5,2.7944,0.0446529,0.101852,0.543063,0.00738335,0.0221481,0.482738,0.482826,0.116921,9,248,0.629789,0.22924,0.400549,2.7944,4.38626,19.2467,17.5835,0.698998,0.0806452,0.000236511,0.238616,9,1024,556,936,341390,535224,95276,21952,1058,1.13034,777,0.830128,0.0643018,0.279083,0.0209351,2439.11,0.0714916,34117.4,53056,50.1474,14,271,61.4079,97,122.3,160,237,21952,92.6245,2,665,153.128,116,314,371.4,2.26068,2,8,1.75241,3,4,7,116.009
3_0.37_-0.13_-0.37_-0.17_-0.33_0.08_-0.29_-0.4_0.39_-0.31,448,720,38.4886,0.0534564,0.905725,184,260,1.04362,4.10144,0,0.429783,542.699,0.278061,0.0110113,9.38665,0.00117308,13.3673,0.0333333,0.978153,-173,0.379167,2,1,120,0.166667,44,0.0611111,1.26853,1.00147,97,3.02189,0.0562677,0.115389,0.564401,0.0562677,0.168579,0.671203,0.671562,0.223316,16,228,0.678525,0.496992,0.181533,3.02189,4.23897,19.8293,18.9073,0.880191,0.100877,0.000217438,0.107847,9,1024,448,720,322064,471106,81828,12464,440,0.611111,332,0.461111,0.0387004,0.254074,0.0118866,1384.89,0.0449504,30809.2,25192,57.2545,15.5,210,66.1592,111,189,194,40,12464,311.6,425.5,437,145.521,428.5,437,437,1.22222,0,6,1.57606,3,3.1,4,80.3399
3_0.37_-0.1_-0.46_0.22_-0.31_-0.2_-0.04_-0.47_-0.1_-0.22,424,672,35.2716,0.0524875,1.01084,184,236,1.0566,3.36673,3.88578e-16,0.415322,490.665,0.276505,0.00904345,9.37354,0.000964785,14.6001,0.0357143,0.971884,-173,0.370536,2,1,132,0.196429,34,0.0505952,1.36837,1.0419,267,1.83801,0.0455952,0.105793,0.587332,0.0455952,0.136676,0.765231,0.765763,0.238882,20,120,0.710006,0.507,0.203006,1.83801,2.0428,3.83615,7.70616,0.969888,0.258333,0.000114441,0.163421,9,1024,424,672,273242,416250,76138,28328,2666,3.96726,564,0.839286,0.103674,0.278647,0.0270157,3147.56,0.115535,27243.3,118802,44.5619,27,592,60.9604,59,106,131.75,44,28328,643.818,53,5523,1553.19,527,542.4,5518.85,7.93452,5,29,8.20289,12.25,22,29,82.455
3_0.37_-0.22_0.13_0.41_0.3_-0.41_0.44_0.08_0.09_0.05,448,720,35.4725,0.0492673,1.33916,184,260,1.04362,3.54306,0,0.398598,502.377,0.276573,0.00646083,9.33057,0.000692437,16.0279,0.0333333,0.929472,-173,0.379167,2,1,132,0.183333,70,0.0972222,1.73951,1.36611,3,2.09716,0.0447235,0.193444,0.666057,0.0447235,0.134103,0.539002,0.539077,0.124148,17,150,0.699882,0.437052,0.26283,2.09716,2.66109,6.64316,9.58523,0.774671,0.133333,0.000143051,0.168995,9,1024,448,720,284512,439108,78235,22304,2860,3.97222,640,0.888889,0.0783939,0.27498,0.0212708,2478.22,0.0875616,28302.6,127089,44.4367,29,881,66.2344,74,98,107,76,22304,293.474,51,1893,495.371,231.25,929,1169.5,7.94444,6,25,6.48307,13,18,19,40.0823
3_0.37_-0.25_0.33_-0.02_0.1_-0.29_-0.17_0.33_0.39_-0.47,488,800,40.3394,0.0504243,1.02477,184,300,1.01889,4.06664,1.11022e-16,0.42362,595.806,0.324941,0.00803663,9.37262,0.000857458,15.9002,0.03,0.974681,-173,0.39125,2,1,148,0.185,85,0.10625,1.46688,1.11691,276,2.60992,0.0452671,0.0894692,0.627496,0.0452671,0.135745,0.553834,0.554273,0.14774,9,183,0.672983,0.414135,0.258848,2.60992,3.06183,8.45546,12.3092,0.870622,0.10929,0.000174522,0.249627,9,1024,488,800,308972,478658,86000,12972,2048,2.56,550,0.6875,0.0419844,0.278342,0.0123711,1441.33,0.046285,31140.4,99454,48.5615,45,232,42.7592,73,100,126,64,12972,202.688,1,548,260.083,533.25,543.4,546.85,5.12,4,14,4.72288,10,12,13,79.5884
3_0.37_-0.38_0.38_-0.31_-0.16_-0.34_0.16_-0.38_-0.4_-0.06,368,560,33.4482,0.0597289,0.98505,184,180,1.07555,3.64795,0,0.449964,439.232,0.392857,0.0106836,9.1815,0.0011636,14.6421,0.0857143,0.964024,-173,0.344643,2,1,120,0.214286,47,0.0839286,1.2618,1.00676,100.5,1.79037,0.0513048,0.115249,0.548624,0.0513048,0.153862,0.709971,0.710003,0.254583,20,112,0.715011,0.524471,0.190539,1.79037,2.49278,6.32002,8.03644,0.713236,0.169643,0.000106812,0.131724,9,1024,368,560,272635,404226,73574,16974,672,1.2,440,0.785714,0.0622591,0.269863,0.0161877,1886,0.0697101,27054.9,44826,66.7054,65,348,59.2362,101,120.9,130.45,76,16974,223.342,91,1148,291.301,250,681.5,865.25,2.4,2,8,2.14409,4,6,7,61.0585
3_0.37_0.07_-0.13_0.29_0.06_0.15_0.04_0.49_0.26_-0.27,356,536,33.9892,0.0634126,0.739752,184,168,1.07617,3.63397,0,0.405307,390.949,0.233815,0.00932839,9.36006,0.000996616,15.1025,0.0447761,0.916385,-173,0.337687,2,1,84,0.156716,47,0.0876866,1.45034,1.2291,2272,1.30379,0.0335445,0.153678,0.538828,0.0146027,0.043807,0.509166,0.509189,0.134269,21,91,0.677123,0.329158,0.347965,1.30379,1.31679,0.570105,4.50812,0.475458,0.120879,8.67844e-05,0.129415,9,1024,356,536,303440,430498,79065,8889,1155,2.15485,420,0.783582,0.0292941,0.260562,0.00847721,987.667,0.0338215,29202.3,32850,28.4416,10,259,42.0734,35,86,108.3,94,8889,94.5638,36,1609,320.374,56,65,66,4.3097,3,18,4.78699,5,13,16,61.0109
3_0.37_0.11_-0.06_0.12_0.39_0.39_-0.22_-0.29_0.37_0.35,664,1152,44.3051,0.0384593,1.11261,184,476,0.901743,3.80655,1.11022e-16,0.386723,808.784,0.339214,0.00852893,9.37178,0.000910066,14.8155,0.0208333,1.11355,-173,0.424479,2,1,228,0.197917,115,0.0998264,1.34615,1.12806,220,2.16548,0.030839,0.118732,0.662317,0.016346,0.0490322,0.951154,0.951405,0.582198,21,212,0.627493,0.297087,0.330406,2.16548,2.77226,6.96668,10.419,0.824568,0.150943,0.000202179,0.140486,9,1024,664,1152,358362,597984,112832,17672,3331,2.89149,864,0.75,0.0493133,0.314855,0.0168533,1963.56,0.0521533,37649.7,114952,34.5098,26,165,31.9494,48,85,106,84,17672,210.381,148,459,168.345,444,453,455,5.78299,4,13,4.94516,11,13,13,104.334
3_0.37_0.27_0.12_0.25_-0.02_0.41_0.06_-0.2_0.2_-0.01,308,440,22.8265,0.0518784,1.07506,184,120,1.05522,3.25663,2.25375e-14,0.405205,321.519,0.471552,0.01231,9.18269,0.00134057,11.7165,0.0545455,0.765114,-173,0.302273,2,1,88,0.2,15,0.0340909,1.37525,1.21346,52,2.20498,0.0497255,0.135622,0.592243,0.0497255,0.149053,0.467679,0.467711,0.149196,21,128,0.761013,0.53212,0.228893,2.20498,2.4346,4.86844,8.36368,0.871521,0.15625,0.00012207,0.0892078,9,1024,308,440,225790,307184,40314,18914,824,1.87273,376,0.854545,0.0837681,0.178546,0.0180378,2101.56,0.102938,20415.7,67938,82.449,70,341,67.57,108,124,159,88,18914,214.932,333,924,225.849,342,349.3,359,3.74545,3,13,3.70365,4,11,12,57.1369
3_0.38_-0.09_0.23_-0.17_0.46_-0.32_0.41_0.01_-0.38_0.36,400,624,33.3512,0.0534475,1.02926,184,212,1.06722,3.36789,2.22045e-16,0.404089,441.381,0.153095,0.0107973,9.38053,0.00115103,14.4942,0.0384615,0.929756,-173,0.360577,2,1,60,0.0961538,70,0.112179,1.22874,1.0127,542,1.83379,0.0578041,0.108445,0.503122,0.0578041,0.173299,0.680778,0.680986,0.123411,21,92,0.714855,0.545254,0.169601,1.83379,2.36479,4.9167,7.43924,0.671947,0.130435,8.7738e-05,0.11278,9,1024,400,624,277726,422060,81890,20198,1937,3.10417,520,0.833333,0.0727264,0.294859,0.0192623,2244.22,0.0805251,27869.8,76938,39.7202,32,321,42.897,53,70,87,62,20198,325.774,2,2432,603.048,302,724.9,2344.85,6.20833,6,16,4.66934,10,13,13,78.1372
3_0.38_-0.09_0.28_0.38_0.34_0.14_0.47_-0.02_-0.47_-0.22,520,864,38.0195,0.0440041,1.28481,184,332,0.997659,3.73255,3.88578e-16,0.386771,592.235,0.179487,0.0119197,9.65555,0.0012345,14.3696,0.0277778,0.945419,-173,0.399306,2,1,120,0.138889,84,0.0972222,1.24961,1.08977,2912,1.84967,0.0383024,0.0913333,0.500022,0.0383024,0.114906,0.580549,0.580559,0.221484,9,132,0.658387,0.456829,0.201558,1.84967,2.38677,4.74047,7.67925,0.764306,0.151515,0.000125885,0.10921,9,1024,520,864,336036,522924,93856,36026,3330,3.85417,600,0.694444,0.107209,0.279303,0.0343571,4002.89,0.119049,33623.8,191048,57.3718,46,937,83.8915,79,103,119,76,36026,474.026,73.5,2482,633.915,958,977,1353.25,7.70833,3,36,8.45252,16,19,20,108.539
3_0.38_-0.1_0.4_0.02_-0.24_0.08_-0.42_-0.43_-0.05_-0.44,288,400,33.5059,0.0837647,0.492969,184,100,1.02853,3.27019,0,0.433217,302.182,0.0205026,0.0233001,9.32472,0.00249875,10.0349,0.06,0.918037,-173,0.2825,2,1,16,0.04,36,0.09,1.29411,1.0006,1930,1.75575,0.0494032,0.0837323,0.415897,0.0494032,0.147999,0.615111,0.615324,0.171306,28,124,0.69072,0.442488,0.248232,1.75575,3.09785,10.4314,8.86901,0.51228,0.0887097,0.000118256,0.229465,9,1024,288,400,301404,381542,52060,8812,192,0.48,144,0.36,0.0292365,0.172725,0.00840378,979.111,0.0372727,26268.8,16050,83.5938,40,313,85.6476,107,274.9,307,30,8812,293.733,361,393,147.177,377.75,392,392.55,0.96,0,4,1.39943,2,4,4,77.4615
3_0.38_-0.39_-0.38_-0.37_0.09_0.05_0.01_-0.29_-0.26_-0.48,296,416,38.8475,0.0933833,0.572433,184,108,1.041,4.05159,1.66533e-16,0.444115,313.819,0.310489,0.0154434,9.32469,0.00165618,11.6033,0.0576923,0.853368,-173,0.290865,2,1,68,0.163462,15,0.0360577,1.52761,1.15728,2053,1.90588,0.0413065,0.101425,0.540012,0.0413065,0.123874,0.632291,0.632402,0.182972,9,139,0.669429,0.430883,0.238545,1.90588,2.65128,6.42803,8.57687,0.744541,0.143885,0.000132561,0.184104,9,1024,296,416,314330,420058,73284,12492,388,0.932692,248,0.596154,0.0397417,0.233144,0.0119133,1388,0.0465714,29803.7,22420,57.7835,23,486,86.4239,74,122,147.65,92,12492,135.783,8.5,531,173.926,250,505,506,1.86538,2,9,2.13063,3,6,6,63.8745
3_0.38_-0.43_0.2_0.36_-0.04_0.37_0.36_0.29_-0.0_0.23,256,336,31.4207,0.0935141,0.945227,184,68,0.944208,3.70043,3.33067e-16,0.419106,253.755,0.304688,0.0130258,9.39846,0.00138595,11.5501,0.0714286,0.80151,-173,0.241071,2,1,36,0.107143,24,0.0714286,1.67007,1.29798,1362.5,1.25506,0.0398455,0.198909,0.594572,0.0386162,0.115738,0.35045,0.350503,0.0715026,9,56,0.693676,0.362276,0.3314,1.25506,0.734112,-1.29167,3.2167,0.944658,0.357143,5.34058e-05,0.266545,9,1024,256,336,279464,351742,43178,9374,408,1.21429,228,0.678571,0.0335428,0.154503,0.00893974,1041.56,0.04202,24787.1,41405,101.483,101.5,179,32.4734,117,166,175,36,9374,260.389,323.5,346,100.529,333,340,344.25,2.42857,2.5,6,2.17828,4,6,6,15.2996
3_0.38_0.17_-0.26_0.4_0.24_0.29_0.36_0.06_0.19_0.13,340,504,28.1293,0.0558122,0.792954,184,152,1.07404,3.70914,1.66533e-16,0.425052,396.176,0.427171,0.00999698,9.32097,0.00107253,14.4362,0.047619,0.939687,-173,0.327381,2,1,108,0.214286,44,0.0873016,1.05833,1.03984,2600,1.46225,0.0266018,0.157876,0.581925,0.0266018,0.0798044,0.582342,0.582357,0.145823,21,116,0.69055,0.445679,0.244871,1.46225,1.46292,0.662566,4.46862,0.742525,0.198276,0.000110626,0.340174,9,1024,340,504,306057,412446,65329,5191,252,0.5,360,0.714286,0.0169609,0.213454,0.00495052,576.778,0.0205552,28060,8455,33.5516,8,111,42.8417,93,107,111,124,5191,41.8629,11.5,128,52.2362,113,126,127,1,1,3,0.845154,1,2,3,71.6497
3_0.38_0.18_-0.07_0.38_0.05_-0.25_0.26_-0.31_0.31_-0.47,360,544,33.0796,0.060808,0.763608,184,172,1.07615,3.65393,5.55112e-16,0.413811,389.202,0.41455,0.0146501,9.34035,0.00156847,10.6833,0.0441176,0.891192,-173,0.340074,2,1,116,0.213235,0,0,1.38529,1.05479,858,1.72698,0.039979,0.1091,0.661456,0.039979,0.119927,0.572168,0.572323,0.151661,9,124,0.713637,0.417072,0.296565,1.72698,2.1817,3.84594,6.94666,0.744804,0.16129,0.000118256,0.185378,9,1024,360,544,264712,384162,71202,9054,448,0.823529,312,0.573529,0.0342032,0.268979,0.00863457,1006,0.0393667,25554.6,40066,89.433,91,347,53.7323,97,102,138.65,48,9054,188.625,115,384,130.817,363,373.6,381.3,1.64706,2,6,1.66949,3,4,5,78.3473
3_0.38_0.24_0.02_-0.14_-0.16_-0.15_-0.3_-0.19_0.11_0.03,220,264,21.2334,0.0804295,0.915756,184,32,0.72529,3.25914,1.11022e-16,0.431945,204.567,0,0.0119278,9.18123,0.00129915,15.6037,0.0909091,0.7887,-173,0.170455,2,1,0,0,18,0.0681818,1.67245,1.48442,2691,1.53439,0.0622549,0.0875257,0.186545,0.0622549,0.186633,0.628466,0.628628,0.188605,9,56,0.762817,0.583914,0.178904,1.53439,1.57669,0.857064,4.57026,0.700807,0.160714,5.34058e-05,0.140684,9,1024,220,264,228717,272077,31158,2136,57,0.215909,114,0.431818,0.00933905,0.136229,0.00203705,237.333,0.012414,19118.2,2136,37.4737,58,59,27.3272,59,59,59,57,2136,37.4737,58,59,27.3272,59,59,59,0.431818,0,1,0.495329,1,1,1,42.266
3_0.38_0.47_0.44_0.31_0.34_0.42_0.17_0.31_0.11_0.16,232,288,19.0903,0.0662856,0.601691,184,44,0.821126,3.68004,0,0.412147,219.58,0,0.0217988,9.38092,0.00232374,8.94671,0.138889,0.976564,-173,0.197917,2,1,0,0,0,0,1.09599,1.09599,911,1.40883,0.0416174,0.148458,0.524125,0.0416174,0.124852,0.870579,0.870579,0.487912,12,72,0.804144,0.51862,0.285524,1.40883,1.07422,-0.492858,3.72626,0.788081,0.25,6.86646e-05,0.454255,9,1024,232,288,205444,271923,53599,360,36,0.125,72,0.25,0.0017523,0.260893,0.000343323,40,0.00206973,19326.2,360,10,10,11,0.707107,10.25,11,11,36,360,10,10,11,0.707107,10.25,11,11,0.25,0,1,0.433013,0.25,1,1,93.4493
3_0.39_-0.04_-0.27_0.29_-0.07_0.06_-0.31_-0.09_-0.16_-0.13,316,456,29.0664,0.0637421,0.722677,184,128,1.06221,3.67611,1.66533e-16,0.417305,345.399,0.335443,0.0121441,9.60185,0.00126477,12.204,0.0526316,0.846624,-173,0.309211,2,1,72,0.157895,36,0.0789474,1.16673,1.07368,473,2.64719,0.0750322,0.0949202,0.582126,0.0750322,0.216857,0.757182,0.778069,0.144497,9,116,0.744396,0.65188,0.0925159,2.64719,3.159,8.31608,11.6923,0.776408,0.0775862,0.000110626,0.0663144,9,1024,316,456,259934,394650,87666,21492,636,1.39474,324,0.710526,0.0826825,0.337263,0.0204964,2388,0.0881363,27094.4,63264,99.4717,71,603,108.801,104,194,439,24,21492,895.5,895.5,1718,822,1717.25,1718,1718,2.78947,3,8,2.53562,5,7,8,86.4938
3_0.39_-0.25_0.26_0.05_-0.05_-0.47_-0.39_0.26_0.4_-0.03,448,720,41.2447,0.0572843,0.832141,184,260,1.04362,3.22901,1.66533e-16,0.422819,541.848,0.426871,0.00688114,9.35367,0.000735662,16.5343,0.0333333,0.959321,-173,0.379167,2,1,180,0.25,54,0.075,1.71566,1.30634,346,1.39537,0.0434074,0.122053,0.663227,0.0295677,0.0886898,0.408822,0.408881,0.100262,9,68,0.664646,0.304243,0.360403,1.39537,1.0722,-0.427758,4.44102,0.910195,0.294118,6.48499e-05,0.296103,9,1024,448,720,306156,486984,109562,17835,2118,2.94167,640,0.888889,0.0582546,0.357863,0.0170088,1981.67,0.0622036,31857.7,67805,32.0137,18,322,44.1526,31,83,93,72,17835,247.708,165.5,1160,295.373,428,450.7,769.35,5.88333,5,21,5.09496,8,14,16,42.3298
3_0.39_-0.25_0.4_-0.46_0.46_0.39_0.33_-0.38_0.11_-0.3,440,704,35.2402,0.0500571,1.01595,184,252,1.04816,3.6036,5.55112e-17,0.420884,514.993,0.233117,0.00988117,9.36474,0.00105515,14.4291,0.0340909,0.965791,-173,0.37642,2,1,116,0.164773,64,0.0909091,1.36323,1.04329,200,1.72077,0.0472536,0.114358,0.552511,0.0472536,0.141699,0.639282,0.639947,0.173827,21,100,0.698726,0.473558,0.225167,1.72077,1.91032,3.06216,6.76283,0.756962,0.19,9.53674e-05,0.16476,9,1024,440,704,282962,425012,71816,16797,3097,4.39915,528,0.75,0.0593613,0.253801,0.0160189,1866.33,0.0682774,27334.6,136247,43.9932,36,272,38.9335,64,92,107,28,16797,599.893,229,3093,1022.31,284,3092,3092.65,8.7983,5,34,10.3357,10,29,30,59.9889
3_0.39_-0.43_-0.21_-0.3_-0.28_0.42_0.08_0.47_0.42_-0.33,684,1192,45.2914,0.0379962,0.920393,184,496,0.889173,3.85156,4.44089e-16,0.404608,854.673,0.321498,0.00850441,9.37019,0.000907602,16.1984,0.0201342,1.05118,-173,0.427013,2,1,244,0.204698,101,0.0847315,1.28667,1,184,2.80836,0.0444813,0.103755,0.597815,0.014451,0.0433531,0.7698,0.7698,0.478961,12,228,0.645651,0.252201,0.39345,2.80836,3.5748,12.6108,15.7078,0.858756,0.100877,0.000217438,0.186017,9,1024,684,1192,325036,580498,117098,30604,3360,2.81879,958,0.803691,0.0941557,0.360262,0.0291862,3400.44,0.095279,35689.3,185231,55.1283,43,244,46.2334,88,109.1,132,116,30604,263.828,142.5,3117,567.109,336.25,480.5,640.25,5.63758,5,26,5.23696,8,11.9,16,157.089
3_0.39_-0.43_0.24_0.09_0.09_0.21_-0.41_0.44_-0.31_-0.23,352,528,36.0022,0.0681859,0.780193,184,164,1.07598,3.57293,2.22045e-16,0.407966,382.542,0.141775,0.0213754,9.33063,0.00229088,10.4414,0.0454545,0.989414,-173,0.335227,2,1,64,0.121212,8,0.0151515,1.29549,1.00685,553,1.6755,0.0294847,0.0802605,0.499033,0.0155716,0.0466537,0.930974,0.931044,0.458949,12,222,0.670998,0.381405,0.289593,1.6755,2.82559,9.49354,9.75505,0.616664,0.13964,0.000211716,0.171628,9,1024,352,528,314106,416182,60328,3766,316,0.598485,316,0.598485,0.0119896,0.192063,0.00359154,418.444,0.0147504,28368.3,6576,20.8101,11,71,23.4307,24,63,67,122,3766,30.8689,20,73,22.6093,59.75,67.9,70.95,1.19697,1,5,1.30523,2,3,4,170.051
3_0.39_-0.49_-0.47_-0.43_-0.21_-0.4_0.46_0.34_-0.17_-0.03,524,872,46.9579,0.0538508,0.946738,184,336,0.994961,3.34242,1.11022e-16,0.411128,619.47,0.236459,0.0137397,9.38225,0.00146443,12.4304,0.0275229,0.989438,-173,0.400229,2,1,132,0.151376,110,0.126147,1.32667,1,632,1.99055,0.0386305,0.0881085,0.610937,0.0386305,0.115883,0.727091,0.72714,0.170654,20,147,0.645061,0.397877,0.247184,1.99055,2.65221,6.46533,8.80333,0.732251,0.129252,0.00014019,0.193732,9,1024,524,872,337230,544140,110519,31042,2202,2.52523,672,0.770642,0.0920499,0.327726,0.029604,3449.11,0.0960138,35923.1,136665,62.064,47,746,68.8357,87,105,120,45,31042,689.822,96,3877,1118.23,1403,1414,3873,5.05046,5,15,4.08928,8,10,10.45,137.653
3_0.39_0.01_0.19_0.05_-0.3_0.01_0.16_-0.39_-0.39_-0.25,268,360,32.3567,0.0898798,0.583841,184,80,0.983665,3.85869,1.11022e-16,0.449162,295.319,0.291045,0.0222964,9.67085,0.00230552,8.14187,0.0666667,0.854033,-173,0.258333,2,1,36,0.1,36,0.1,1.2937,1.02675,127.5,1.93189,0.0534143,0.100955,0.605255,0.0534143,0.160237,0.702956,0.703011,0.176967,9,96,0.710082,0.472286,0.237796,1.93189,2.09508,3.22209,7.22139,0.912404,0.208333,9.15527e-05,0.184745,9,1024,268,360,272792,371160,69324,26492,144,0.4,168,0.466667,0.0971143,0.254128,0.0252647,2943.56,0.113037,26040.7,37162,258.069,137,639,205.004,392.5,590,626.7,24,26492,1103.83,1103,1603,493.674,1595.25,1602,1602.85,0.8,0,3,1.07703,1,3,3,78.687
3_0.39_0.18_0.37_0.35_-0.34_0.0_0.49_-0.24_0.01_0.2,512,848,39.303,0.0463479,1.14405,184,324,1.00303,3.5681,3.88578e-16,0.383123,575.248,0.333147,0.00856773,9.37327,0.00091406,15.6593,0.0283019,0.926628,-173,0.397406,2,1,172,0.20283,83,0.0978774,1.21404,1.04659,124,2.82514,0.0573359,0.112967,0.576107,0.0573359,0.171913,0.705081,0.705217,0.102564,9,165,0.673251,0.519199,0.154052,2.82514,3.65407,12.5106,14.0518,0.85946,0.121212,0.000157356,0.108387,9,1024,512,848,326238,526424,97611,37521,4292,5.06132,720,0.849057,0.115011,0.299202,0.0357828,4169,0.12133,34360.8,275845,64.2696,57,845,78.129,82,106,126,96,37521,390.844,115.5,4343,872.898,323.75,1082,1090.25,10.1226,5,43,12.2036,10,33,33,89.7206
3_0.39_0.3_-0.3_-0.11_0.28_-0.41_0.09_-0.15_0.43_0.23,640,1104,40.1504,0.0363681,1.32472,184,452,0.917153,3.62535,1.11022e-16,0.406005,794.24,0.288393,0.00900694,9.38265,0.000959957,14.0744,0.0217391,1.02389,-173,0.421196,2,1,180,0.163043,139,0.125906,1.27539,1.00161,1004,1.78486,0.050312,0.120849,0.643339,0.050312,0.150809,0.743138,0.743356,0.196998,21,112,0.706232,0.531758,0.174474,1.78486,2.45142,6.0769,7.97889,0.777799,0.205357,0.000106812,0.130966,9,1024,640,1104,282026,521044,99348,47787,4543,4.11504,994,0.900362,0.169442,0.352265,0.0455732,5309.67,0.165967,31992.4,250706,55.1851,42,414,56.4514,72,106,139,121,47787,394.934,75,5221,964.025,451,560,1437,8.23007,6,34,7.76171,10,20,25,109.963
3_0.3_-0.08_-0.47_0.19_-0.11_-0.34_0.24_-0.35_-0.42_0.49,648,1120,49.6433,0.0443244,1.06219,184,460,0.911978,3.69766,2.22045e-16,0.39384,785.611,0.303351,0.00783564,9.37396,0.000835894,15.6459,0.0214286,1.12284,-173,0.422321,2,1,224,0.2,101,0.0901786,1.33749,1.08445,180,2.54094,0.0197725,0.126143,0.619333,0.0134726,0.0404177,0.900826,0.900826,0.39931,12,336,0.617186,0.2397,0.377485,2.54094,2.93975,7.39097,10.7643,0.837383,0.104167,0.000320435,0.100871,9,1024,648,1120,382890,632868,120572,33121,2883,2.57411,952,0.85,0.0865027,0.3149,0.0315866,3680.11,0.0901689,40813.5,124612,43.223,26,346,46.5729,66,93,124,216,33121,153.338,56,2564,344.663,137.25,325,345.5,5.14821,3,20,4.86381,7,12,15,187.888
3_0.3_-0.12_-0.18_-0.48_-0.37_-0.24_-0.36_-0.17_0.49_-0.48,424,672,36.3827,0.0541409,0.974669,184,236,1.0566,3.72667,1.11022e-16,0.450715,522.156,0.213836,0.0153386,9.56648,0.00160337,11.7929,0.0714286,0.971163,-173,0.370536,2,1,88,0.130952,44,0.0654762,1.35277,1.02483,660,2.17704,0.0469522,0.108601,0.564321,0.0469522,0.140787,0.741959,0.741993,0.278668,17,195,0.695875,0.482978,0.212897,2.17704,3.93172,17.6929,13.1571,0.782399,0.164103,0.000185966,0.124451,9,1024,424,672,304053,427072,64343,5242,440,0.654762,340,0.505952,0.0172404,0.211618,0.00499916,582.444,0.0208791,27896,14194,32.2591,35.5,78,25.8383,56,73.1,77,80,5242,65.525,70,120,35.0407,76.5,119.1,120,1.30952,1,6,1.73017,2,4,6,96.6141
3_0.3_-0.12_0.27_0.33_-0.33_-0.03_-0.01_0.1_0.29_-0.04,392,608,31.6333,0.0520285,1.02281,184,204,1.07004,3.0215,4.996e-15,0.395911,427.841,0.322886,0.00675,9.3536,0.000721647,16.9793,0.0394737,0.862028,-173,0.356908,2,1,124,0.203947,57,0.09375,1.23482,1.14101,2144.5,2.09875,0.0543613,0.150861,0.64912,0.0543613,0.163074,0.587342,0.587403,0.203506,9,104,0.726207,0.565401,0.160806,2.09875,2.85284,6.31754,7.78508,0.671366,0.0865385,9.91821e-05,0.0644184,9,1024,392,608,277404,442914,82003,29514,2768,4.55263,496,0.815789,0.106394,0.295609,0.0281467,3279.33,0.110644,29638.5,304139,109.877,96,559,63.9059,105,117,284.65,88,29514,335.386,124.5,1930,469.484,598.25,973,973,9.10526,4,33,11.5691,6.5,31,33,80.4901
3_0.3_-0.29_0.05_-0.16_-0.03_-0.39_-0.48_-0.23_-0.09_-0.34,372,568,27.2215,0.0479252,1.04109,184,184,1.07499,3.71795,5.55112e-16,0.45697,461.651,0.351254,0.0134446,9.36879,0.00143504,12.6948,0.0422535,0.871964,-173,0.346831,2,1,108,0.190141,39,0.068662,1.3075,1.0377,112,1.50749,0.057848,0.0929222,0.534385,0.057848,0.17354,0.864435,0.864459,0.403004,21,78,0.776113,0.624184,0.151929,1.50749,1.73701,2.71461,5.81377,0.878795,0.294872,7.43866e-05,0.14112,9,1024,372,568,211746,338082,67462,17114,1392,2.4507,496,0.873239,0.0808233,0.318599,0.0163212,1901.56,0.0867389,21922.8,85430,61.3721,58,208,48.8248,88,130,159,44,17114,388.955,387.5,597,203.803,582,588.7,591.85,4.90141,5,9,2.57373,7,8,9,78.7832
3_0.3_-0.36_0.06_0.25_0.48_0.42_-0.06_-0.16_-0.48_0.09,568,960,42.158,0.0439146,0.885526,184,380,0.965098,3.69896,0,0.397179,691.2,0.200537,0.0129176,9.38818,0.00137594,13.9434,0.025,1.04953,-173,0.409375,2,1,132,0.1375,57,0.059375,1.24091,1.00073,1582,1.55229,0.0277576,0.0856695,0.568678,0.00935459,0.02806,0.892462,0.892803,0.504826,21,212,0.647776,0.328688,0.319088,1.55229,3.12219,10.829,9.08435,0.572886,0.141509,0.000202179,0.195654,9,1024,568,960,340276,539930,83738,28538,1612,1.67917,684,0.7125,0.0838672,0.246088,0.027216,3170.89,0.0920135,34461.1,147305,91.3803,86.5,346,62.2143,115.25,158,255,44,28538,648.591,821.5,839,308.687,826.5,831.7,838.7,3.35833,3,11,2.97817,6,7,9,199.711
3_0.3_-0.36_0.49_-0.3_0.04_0.49_0.37_0.21_-0.17_-0.02,444,712,37.635,0.0528581,0.834569,184,256,1.04591,3.85867,1.11022e-16,0.40074,504.449,0.321107,0.011639,9.33833,0.00124636,13.25,0.0337079,1.03237,-173,0.377809,2,1,136,0.191011,33,0.0463483,1.25258,1.01014,661.5,2.19031,0.0382671,0.108673,0.564077,0.0382671,0.114594,0.603874,0.603965,0.141354,16,218,0.663914,0.427574,0.23634,2.19031,3.39121,12.8105,12.5652,0.799791,0.142202,0.000207901,0.125952,9,1024,444,712,330252,467386,73278,5665,611,0.858146,405,0.56882,0.0171536,0.221885,0.00540257,629.444,0.0204571,30769,16039,26.2504,25,102,22.0553,37,49,70,85,5665,66.6471,34,208,72.7988,150,167.6,206,1.71629,1,7,1.87858,3,5,5,106.682
3_0.3_0.18_-0.08_-0.3_0.09_0.0_0.3_0.2_0.27_0.19,256,336,27.0741,0.0805776,0.567987,184,68,0.944208,3.69951,1.11022e-16,0.43029,261.582,0,0.0123262,9.38775,0.001313,13.3009,0.0714286,0.874898,-173,0.241071,2,1,0,0,36,0.107143,1.65763,1.38136,544,1.94226,0.0433941,0.135412,0.423552,0.0433941,0.130169,0.660298,0.661529,0.184648,9,116,0.722041,0.447115,0.274926,1.94226,2.06235,2.7673,6.97151,0.871761,0.172414,0.000110626,0.147537,9,1024,256,336,260392,325126,43318,4796,188,0.559524,208,0.619048,0.0184184,0.166357,0.00457382,532.889,0.0233004,22870.4,7292,38.7872,9,103,43.5191,93,98,100.65,80,4796,59.95,84,116,47.9484,105.25,112,114,1.11905,1,4,1.2479,1,3,4,50.3362
3_0.3_0.25_0.06_-0.09_0.17_0.28_-0.03_0.43_-0.03_-0.06,196,216,26.5929,0.123115,0.398483,184,8,0.388509,3.52206,0,0.421546,168.24,0,0.0156366,9.14306,0.00171022,13.0801,0.111111,0.804804,-173,0.0972222,2,1,0,0,0,0,1.88963,1.78267,11502.5,1.2243,0.0451517,0.100127,0.219426,0.0451517,0.135435,0.450037,0.45009,0.0757762,21,56,0.709319,0.53784,0.171479,1.2243,1.24229,0.278169,3.56468,0.572638,0.160714,5.34058e-05,0.0952435,9,1024,196,216,287612,347302,52300,2702,36,0.166667,72,0.333333,0.0093946,0.181842,0.00257683,300.222,0.0117828,25479.7,2702,75.0556,75,78,1.35287,76,76.5,77.25,36,2702,75.0556,75,78,1.35287,76,76.5,77.25,0.333333,0,1,0.471405,1,1,1,33.5898
3_0.3_0.39_0.14_0.37_0.25_0.11_-0.1_0.47_0.39_0.19,232,288,29.0401,0.100834,0.755101,184,44,0.821126,3.70282,2.22045e-16,0.415253,219.578,0.212233,0.012863,9.18014,0.00140117,13.6532,0.0833333,0.787373,-173,0.197917,2,1,36,0.125,0,0,1.77098,1.54147,4792,1.0947,0.0315037,0.145453,0.429028,0.0142775,0.0428324,0.987454,0.987454,0.656011,21,92,0.712534,0.349985,0.362549,1.0947,1.57661,1.32507,4.06765,0.43183,0.119565,8.7738e-05,0.194598,9,1024,232,288,268406,350436,58470,10252,396,1.375,252,0.875,0.0381959,0.217842,0.00977707,1139.11,0.044484,25607.2,18630,47.0455,31,142,38.8396,91,103,124.25,116,10252,88.3793,123.5,142,54.8672,127,132,135.25,2.75,2.5,5,1.50693,4,5,5,85.0407
3_0.3_0.42_-0.11_0.09_0.38_-0.37_0.22_0.05_0.24_-0.26,420,664,34.7,0.052259,1.05776,184,232,1.05856,3.85855,0,0.398299,461.296,0.369615,0.00927506,9.37771,0.000989053,15.638,0.0361446,0.924061,-173,0.368976,2,1,128,0.192771,68,0.10241,1.53154,1.22851,454,2.06513,0.0500898,0.105748,0.579733,0.0500898,0.150116,0.51373,0.513748,0.0995705,9,113,0.693287,0.460696,0.232591,2.06513,2.29749,4.21027,8.16423,0.891572,0.176991,0.000107765,0.208711,9,1024,420,664,291512,425936,73914,9892,662,0.996988,402,0.605422,0.0339334,0.253554,0.00943375,1099.11,0.0389187,28241.2,35758,54.0151,40,323,55.9931,80.5,101,126.95,68,9892,145.471,55,513,171.437,137,489.3,503.4,1.99398,1,9,2.2535,3,5,6,53.7665
3_0.41_-0.05_-0.03_0.09_0.48_0.22_-0.4_0.31_0.21_0.04,268,360,38.1023,0.10584,0.660486,184,80,0.983665,3.70869,1.11022e-16,0.43138,286.784,0.474769,0.013222,9.18796,0.00143905,11.9788,0.0666667,0.880124,-173,0.258333,2,1,72,0.2,0,0,1.68709,1.63267,3550,1.0345,0.0161018,0.145928,0.57967,0.0161018,0.0483055,0.987176,0.987176,0.724959,13,157,0.590667,0.382377,0.20829,1.0345,1.90843,3.3038,4.27989,0.42591,0.127389,0.000149727,0.0657036,9,1024,268,360,418892,521230,74944,10132,208,0.577778,224,0.622222,0.0241876,0.17891,0.00966263,1125.78,0.0300991,37402.4,16520,79.4231,89.5,489,103.034,96,98,451,106,10132,95.5849,47,489,137.542,98,451,451,1.15556,1,4,1.16343,2,3,3,112.501
3_0.41_-0.12_0.44_-0.24_0.17_0.05_-0.05_-0.43_0.24_0.48,424,672,37.3674,0.0556062,0.819585,184,236,1.0566,3.60755,0,0.424235,509.851,0.378706,0.0103865,9.37079,0.00110839,13.6696,0.0357143,1.02934,-173,0.370536,2,1,152,0.22619,17,0.0252976,1.31246,1.02005,181.5,2.64954,0.0449972,0.113334,0.586976,0.0449972,0.134986,0.801849,0.801886,0.26767,9,176,0.703528,0.412205,0.291324,2.64954,2.78272,6.38971,11.2568,0.919466,0.113636,0.000167847,0.209186,9,1024,424,672,273040,451018,108392,26134,596,0.886905,416,0.619048,0.0957149,0.396982,0.0249233,2903.78,0.0985001,29479.9,58054,97.406,78,810,146.26,101,137,149,76,26134,343.868,36.5,1022,443.673,977.25,1009,1016,1.77381,1,6,1.77517,3,4,5,92.3705
3_0.41_-0.45_0.06_-0.13_-0.29_0.27_0.06_-0.14_-0.05_0.36,436,696,37.4787,0.0538488,1.07551,184,248,1.05035,3.73067,2.77556e-15,0.410838,516.26,0.247706,0.0110428,9.6708,0.00114187,12.7858,0.0344828,0.941646,-173,0.375,2,1,96,0.137931,97,0.139368,1.54369,1.18746,1631,1.7051,0.0389252,0.121761,0.628536,0.0267906,0.0803165,0.552814,0.553019,0.168921,9,116,0.665623,0.302937,0.362686,1.7051,1.95198,2.46513,6.7836,0.794302,0.172414,0.000110626,0.258056,9,1024,436,696,309775,441693,61932,13398,1332,1.91379,576,0.827586,0.0432507,0.199926,0.0127773,1488.67,0.0509292,29230.1,62796,47.1441,35,199,45.6447,92,108,116,96,13398,139.562,167.5,249,94.0362,216.5,249,249,3.82759,4,12,2.68652,5,7,7,80.8979
3_0.41_-0.46_-0.07_-0.46_0.48_-0.17_-0.42_0.48_0.11_0.37,712,1248,46.6039,0.0373429,1.24618,184,524,0.872013,3.8472,3.88578e-16,0.388978,850.268,0.338818,0.0092877,9.33205,0.000995248,14.2147,0.0288462,1.0668,-173,0.430288,2,1,280,0.224359,64,0.0512821,1.30667,1,148,2.18655,0.0345058,0.122894,0.651909,0.0070467,0.0211391,0.73893,0.739015,0.447572,12,264,0.627851,0.234949,0.392901,2.18655,3.6004,15.7882,14.5091,0.757427,0.132576,0.00025177,0.1893,9,1024,712,1248,355089,589404,87793,30403,5241,4.19952,1060,0.849359,0.0856208,0.247242,0.0289946,3378.11,0.0933339,36193.8,303102,57.8329,58,287,39.9435,93,107,116,109,30403,278.927,6,4080,752.648,127,192,2004.8,8.39904,8,29,6.83032,12,18,22,183.247
3_0.41_-0.48_-0.37_0.46_0.34_-0.12_0.28_-0.11_0.11_-0.28,404,632,41.8404,0.0662032,0.893599,184,216,1.06566,3.65658,2.22045e-16,0.417424,462.108,0.254125,0.01463,9.39713,0.00155686,12.0642,0.0379747,1.03205,-173,0.362342,2,1,92,0.14557,67,0.106013,1.50487,1.14005,433,2.26309,0.040472,0.113233,0.540976,0.0149984,0.0449915,0.769512,0.769554,0.406713,20,212,0.645401,0.287825,0.357576,2.26309,3.58984,13.5096,13.2942,0.651332,0.0896226,0.000202179,0.231505,9,1024,404,632,329478,471082,83298,7958,578,0.914557,458,0.724684,0.0241534,0.252818,0.00758934,884.222,0.0275636,32079.4,16136,27.917,15,85,27.4378,42,76.3,81,166,7958,47.9398,42,128,37.2983,73,84.5,125,1.82911,2,7,1.73823,3,5,6,135.319
3_0.41_-0.48_-0.43_0.03_0.48_0.18_0.46_0.45_-0.42_0.11,748,1320,52.5169,0.0397855,1.20646,184,560,0.850726,3.86854,0,0.386835,914.375,0.210211,0.00844572,9.33027,0.000905196,15.8571,0.0181818,1.1165,-173,0.434091,2,1,212,0.160606,126,0.0954545,1.32276,1.00209,648,2.49076,0.0432787,0.122051,0.633993,0.0145397,0.0435991,0.801431,0.802048,0.413568,8,208,0.620544,0.268337,0.352207,2.49076,3.77995,14.3134,14.5066,0.72179,0.0913462,0.000198364,0.296972,9,1024,748,1320,352611,651802,139147,37826,7782,5.89545,1185,0.897727,0.107274,0.394619,0.0360737,4202.89,0.104182,40341.7,296752,38.1331,23,297,38.9386,61,92,106,134,37826,282.284,31.5,3870,685.568,396,401,1084,11.7909,6,56,13.2219,24,32,38,192.364
3_0.41_0.17_0.24_-0.32_0.23_0.06_-0.44_-0.23_-0.37_0.07,508,840,36.0776,0.0429496,0.914038,184,320,1.00571,3.79654,1.66533e-16,0.399796,606.21,0.322647,0.00766407,9.32701,0.000821707,16.242,0.0285714,1.04258,-173,0.396429,2,1,192,0.228571,59,0.0702381,1.34898,1.1118,315,2.78709,0.0430574,0.0921381,0.650413,0.0430574,0.12914,0.656831,0.656949,0.208569,9,188,0.678868,0.405474,0.273395,2.78709,2.98691,7.63701,11.924,0.92324,0.106383,0.000179291,0.212577,9,1024,508,840,306028,474732,86144,11828,840,1,528,0.628571,0.0386501,0.281491,0.0112801,1314.22,0.0436255,30125.1,53992,64.2762,52,209,40.7768,89,117,125,84,11828,140.81,122,301,98.4503,271,285,287,2,1,10,2.35433,3,5,7,86.2755
3_0.41_0.18_-0.22_0.28_-0.49_0.45_-0.05_-0.41_-0.31_0.03,508,840,39.0828,0.0465271,0.92337,184,320,1.00571,3.67004,1.11022e-16,0.396949,603.432,0.295088,0.0104575,9.34492,0.00111905,13.0859,0.0285714,1.01836,-173,0.396429,2,1,144,0.171429,92,0.109524,1.28343,1.00793,846,2.36653,0.0368738,0.116811,0.64014,0.0261221,0.0783253,0.507812,0.508475,0.135095,9,208,0.662745,0.356388,0.306357,2.36653,2.95386,7.53766,11.5727,0.774734,0.0961538,0.000198364,0.261516,9,1024,508,840,315020,487306,79620,27206,984,1.17143,600,0.714286,0.0863628,0.252746,0.0259457,3022.89,0.0970906,31134.7,91447,92.9339,92,556,85.0627,105,169,291,60,27206,453.433,645,668,246.522,660,665.1,668,2.34286,2,8,2.19666,3,6.1,7,97.7585
3_0.42_-0.34_-0.37_0.33_-0.41_-0.13_-0.08_-0.28_0.38_-0.22,624,1072,42.3014,0.0394602,1.00226,184,436,0.927608,3.83489,1.55431e-15,0.403185,758.12,0.270147,0.00797313,9.36522,0.000851355,16.1797,0.0223881,1.05218,-173,0.418843,2,1,208,0.19403,91,0.0848881,1.25131,1.02009,210,2.8,0.0513334,0.115546,0.557064,0.0513334,0.153991,0.732115,0.733473,0.335976,21,236,0.672852,0.520332,0.152519,2.8,4.50484,22.2245,18.005,0.851064,0.135593,0.000225067,0.0970636,9,1024,624,1072,327724,556234,114762,18081,1980,1.84701,861,0.803172,0.0551714,0.350179,0.0172434,2009,0.0574257,34984.3,123957,62.6045,57,188,41.8814,101,110,119,185,18081,97.7351,48,1317,197.565,154,225.6,229,3.69403,3,18,3.4343,5,7,10,104.508
3_0.42_-0.37_-0.48_-0.03_-0.2_-0.08_0.06_0.01_0.37_0.28,652,1128,39.3755,0.0349074,1.33071,184,464,0.909405,3.81258,2.22045e-16,0.412812,834.55,0.165498,0.00567402,9.3822,0.000604764,17.7886,0.0212766,0.979525,-173,0.422872,2,1,160,0.141844,147,0.130319,1.2648,1.01455,76,2.52137,0.0521116,0.1202,0.650474,0.0521116,0.156331,0.871799,0.871831,0.293233,9,134,0.704298,0.446125,0.258173,2.52137,2.54163,5.19321,9.91478,0.97883,0.149254,0.000127792,0.250003,9,1024,652,1128,277614,528336,106426,46102,4936,4.37589,1048,0.929078,0.166065,0.38336,0.0439663,5122.44,0.159852,32044.8,308701,62.5407,60,570,56.9407,93,111,144.25,66,46102,698.515,1,5935,1511.55,143,2269,5018.75,8.75177,8,30,6.54841,14,17,20,83.0982
3_0.42_0.08_0.03_0.02_0.47_0.01_0.24_0.08_0.11_0.37,196,216,26.2934,0.121729,0.508006,184,8,0.388509,3.35539,0,0.433942,172.706,0,0.0156366,9.14306,0.00171022,13.0801,0.185185,0.851861,-173,0.0972222,2,1,0,0,0,0,1.94,1.94,447,2.72447,0.0813036,0.100127,0.219426,0.0813036,0.243911,0.892761,0.892761,0.407843,9,84,0.770495,0.7422,0.0282955,2.72447,2.53902,4.44944,8.86378,0.949691,0.107143,8.01086e-05,0.00987856,9,1024,196,216,240769,368730,103630,19155,576,2.66667,216,1,0.0795576,0.430413,0.0182676,2128.33,0.0796883,26708.2,30802,53.4757,11.5,290,88.1382,43.5,242,275,93,19155,205.968,278,319,121.877,306,318,319,5.33333,4,12,3.02459,8,10,12,112.234
3_0.42_0.15_0.12_-0.43_0.1_-0.26_-0.14_0.16_0.4_0.18,400,624,34.2383,0.054869,0.641794,184,212,1.06722,3.58518,0,0.41808,466.965,0.368095,0.00952194,9.36663,0.00101658,13.9363,0.0384615,1.01079,-173,0.360577,2,1,132,0.211538,44,0.0705128,1.36026,1.0572,549,2.25153,0.0423441,0.105998,0.611231,0.0266237,0.0798645,0.733143,0.733264,0.248945,9,161,0.689251,0.317959,0.371292,2.25153,2.49464,4.9184,9.89103,0.846221,0.124224,0.000153542,0.293965,9,1024,400,624,281490,412080,74938,8170,315,0.504808,367,0.588141,0.0290241,0.266219,0.00779152,907.778,0.0336615,26967.8,16030,50.8889,15,210,63.0201,60.5,190.8,201.6,98,8170,83.3673,12.5,233,101.06,211.75,217.3,227.15,1.00962,1,6,1.32042,1,2,4,91.4398
3_0.42_0.37_0.39_-0.23_0.1_-0.38_0.28_0.38_0.42_0.38,412,648,37.2223,0.0574419,0.723268,184,224,1.06227,3.88997,1.11022e-16,0.409563,472.322,0.22307,0.01019,9.37887,0.00108648,13.8381,0.037037,1.01518,-173,0.365741,2,1,108,0.166667,78,0.12037,1.451,1.15771,1208,2.00128,0.0376682,0.0995932,0.599417,0.0150928,0.0405493,0.391959,0.412094,0.116776,21,178,0.662184,0.293846,0.368338,2.00128,2.92285,8.39125,10.1255,0.806625,0.179775,0.000169754,0.158926,9,1024,412,648,314774,451566,78750,6883,600,0.925926,384,0.592593,0.0218665,0.250179,0.00656414,764.778,0.025402,30107,17260,28.7667,18,134,30.4748,33.25,80,82.05,76,6883,90.5658,107.5,141,46.5599,138,140,141,1.85185,2,5,1.83996,3,5,5,72.8457
3_0.42_0.43_-0.06_0.44_0.48_0.35_-0.04_0.33_0.02_-0.21,544,912,35.3872,0.0388018,1.07778,184,356,0.981403,3.41849,5.55112e-17,0.399448,671.761,0.352766,0.00715488,9.18135,0.000779284,15.5953,0.0263158,0.991003,-173,0.404605,2,1,168,0.184211,63,0.0690789,1.14,1,728,1.61766,0.0306168,0.149905,0.638674,0.0182018,0.0546055,0.679003,0.679003,0.18408,12,128,0.674177,0.303892,0.370285,1.61766,1.76716,1.70544,5.81293,0.771679,0.179688,0.00012207,0.153077,9,1024,544,912,309562,498566,91252,17435,4474,4.9057,678,0.743421,0.0563215,0.294778,0.0166273,1937.22,0.0615367,31480.7,232279,51.9175,50,301,36.4004,72,91,102,45,17435,387.444,7,1931,765.342,7,1916.8,1921,9.8114,12,29,7.79785,14,15,27,118.01
3_0.42_0.49_-0.2_-0.33_-0.1_-0.29_0.19_0.44_0.21_0.08,376,576,39.9429,0.0693452,0.881195,184,188,1.07427,3.83697,2.22045e-16,0.417706,433.04,0.202128,0.0099048,9.41905,0.00105157,14.1358,0.0416667,0.990276,-173,0.348958,2,1,72,0.125,58,0.100694,1.44073,1.18092,1364,1.9607,0.0296812,0.145635,0.614335,0,0,1,1,1,0,237,0.623278,0.235405,0.387873,1.9607,3.40729,12.0099,11.2862,0.605613,0.0970464,0.000226021,0.157138,9,1024,376,576,364026,479530,64032,8136,648,1.125,392,0.680556,0.0223501,0.1759,0.00775909,904,0.0272237,33206.3,17380,26.821,14,140,37.6371,30.5,116,129.65,156,8136,52.1538,37.5,147,50.2312,62,139,141.5,2.25,2,8,2.3109,3.5,6,6,162.395
3_0.42_0.49_0.36_-0.29_0.32_0.22_-0.48_0.2_0.25_0.35,784,1392,47.7563,0.0343077,1.2606,184,596,0.830322,3.31657,1.66533e-16,0.395948,1014.91,0.237123,0.0101287,9.33372,0.00108517,16.3244,0.0172414,1.04113,-173,0.4375,2,1,216,0.155172,188,0.135057,1.20132,1.0067,559,2.50957,0.031682,0.0680141,0.54346,0.0074749,0.0224247,0.980165,0.980165,0.708169,12,296,0.595194,0.251386,0.343808,2.50957,4.44105,19.5829,15.756,0.63821,0.0777027,0.000282288,0.141887,9,1024,784,1392,391270,667242,96695,60835,8694,6.24569,1308,0.939655,0.155481,0.247131,0.0580168,6759.44,0.16672,40543.7,472209,54.3144,45,907,58.8694,75,104,125,78,60835,779.936,201.5,1916,764.643,1866.5,1887.1,1906.05,12.4914,12,27,6.34802,16,19,25,273.144
3_0.43_-0.01_-0.12_-0.34_-0.03_-0.2_0.4_-0.47_0.15_-0.4,308,440,30.7082,0.0697914,0.919704,184,120,1.05522,3.90158,0,0.436208,323.175,0.270254,0.0192942,9.20018,0.00209716,10.6973,0.0545455,0.809544,-173,0.302273,2,1,64,0.145455,17,0.0386364,1.3268,1.01025,7905,1.06858,0.0432348,0.134325,0.548219,0.0432348,0.129652,0.827118,0.827439,0.35902,33,72,0.74643,0.461739,0.284692,1.06858,1.6017,2.10857,4.17039,0.480629,0.152778,6.86646e-05,0.23281,9,1024,308,440,233256,348334,67466,16999,1208,2.74545,368,0.836364,0.072877,0.289236,0.0162115,1888.78,0.0796637,23709.4,78782,65.2169,53,419,59.48,76,107,116,56,16999,303.554,146.5,1115,346.8,422,809.5,1111.5,5.49091,7,18,4.18166,9,10,12,76.3335
3_0.43_-0.23_-0.05_-0.48_0.3_0.08_0.21_0.48_0.2_-0.39,472,768,41.8193,0.0544522,0.959107,184,284,1.02912,3.99689,7.21645e-16,0.406668,543.46,0.304883,0.0151174,9.37312,0.00161285,12.8573,0.03125,0.946306,-173,0.386719,2,1,132,0.171875,65,0.0846354,1.32,1,801,2.20668,0.0386972,0.0762991,0.50953,0.034462,0.103378,0.728407,0.728496,0.201228,16,172,0.665512,0.38032,0.285192,2.20668,2.76491,6.8111,10.0012,0.761235,0.110465,0.000164032,0.220187,9,1024,472,768,310238,488910,97592,32298,1896,2.46875,584,0.760417,0.104107,0.314571,0.0308018,3588.67,0.111981,32047.2,102881,54.2621,32,559,79.7748,67,113,123,89,32298,362.899,123,3209,712.886,127,779.8,1793.6,4.9375,3,23,5.89811,6,14,20,119.348
3_0.43_-0.31_-0.39_0.08_0.48_0.15_-0.02_0.05_0.3_-0.0,776,1376,41.3145,0.0300251,1.56212,184,588,0.83478,3.613,1.22125e-15,0.392198,968.26,0.367575,0.0060597,9.37412,0.000646429,18.13,0.0174419,1.00179,-173,0.436773,2,1,308,0.223837,146,0.106105,1.20946,1.00231,49,1.92493,0.0356197,0.118485,0.621373,0.0356197,0.106854,0.915177,0.915214,0.332575,21,117,0.692121,0.396955,0.295166,1.92493,1.75067,1.40265,6.02136,0.871771,0.17094,0.00011158,0.157563,9,1024,776,1376,289185,591912,130245,33880,13150,9.55669,1292,0.938953,0.117157,0.450386,0.0323105,3764.44,0.108352,34742.6,546416,41.5525,34,223,36.8237,66,94,107,116,33880,292.069,34.5,3764,722.852,199,719,1244.25,19.1134,15,61,17.7741,27.25,51,57,92.9345
3_0.43_-0.41_-0.08_-0.21_0.03_-0.21_0.38_-0.33_0.49_-0.27,328,480,31.5926,0.065818,0.763745,184,140,1.06964,3.66747,2.22045e-16,0.451564,370.401,0.319106,0.0145422,9.55731,0.00152158,11.2815,0.05,0.845421,-173,0.31875,2,1,76,0.158333,22,0.0458333,1.30618,1.0258,8180,1.05783,0.0568886,0.0869039,0.59847,0.0568886,0.170661,0.798603,0.798637,0.325431,21,56,0.753197,0.599539,0.153658,1.05783,1.9867,3.38978,4.22965,0.453169,0.142857,5.34058e-05,0.164843,9,1024,328,480,238380,369432,83196,11368,1272,2.65,348,0.725,0.0476886,0.349006,0.0108414,1263.11,0.0501977,25162.7,75242,59.1525,50,346,53.2256,91,110.9,141.05,36,11368,315.778,387,425,134.682,421,424.5,425,5.3,6,11,4.6,10,11,11,88.9229
3_0.43_0.02_0.24_0.37_0.12_0.31_0.22_0.19_0.49_-0.39,336,496,30.5858,0.0616649,0.981925,184,148,1.07287,3.33113,2.22045e-16,0.415062,362.652,0.217971,0.010118,9.37232,0.00107956,15.1797,0.0483871,0.832041,-173,0.324597,2,1,84,0.169355,25,0.0504032,1.60406,1.27307,4628,0.848465,0.0395956,0.0973595,0.451534,0.0324545,0.0973454,0.586569,0.586838,0.178794,9,44,0.734645,0.381477,0.353168,0.848465,0.270955,-1.78833,2.37149,0.161477,0.0681818,4.19617e-05,0.191984,9,1024,336,496,236822,363952,80200,21720,2668,5.37903,424,0.854839,0.0917145,0.338651,0.0207138,2413.33,0.0980494,24613.4,127290,47.7099,41,645,59.1089,64,88,110,52,21720,417.692,7,4279,1117.9,220,240,4267.35,10.7581,9,33,10.1408,20,26,33,60.1582
3_0.43_0.3_-0.29_0.05_-0.09_0.4_0.43_-0.22_0.49_-0.49,436,696,43.7601,0.0628737,0.980666,184,248,1.05035,2.94264,2.77556e-16,0.408013,494.299,0.323941,0.0137264,9.3452,0.00146881,11.4162,0.0344828,0.929331,-173,0.375,2,1,120,0.172414,55,0.079023,1.50974,1.13799,589,2.03885,0.0475378,0.116052,0.632792,0.0117731,0.0353127,0.185157,0.185199,0.0697959,21,132,0.677278,0.271792,0.405485,2.03885,2.56873,6.06883,9.26502,0.940802,0.242424,0.000125885,0.223919,9,1024,436,696,288627,491994,111868,61496,1592,2.28736,624,0.896552,0.213064,0.387587,0.0586472,6832.89,0.204283,33448.1,170876,107.334,82,1401,166.521,110,166.8,224,92,61496,668.435,122,1881,792.753,1510.25,1836.9,1866.45,4.57471,4,12,3.22929,8,9,9,95.674
3_0.43_0.43_0.11_-0.03_-0.2_-0.22_-0.23_0.1_-0.21_-0.44,328,480,35.4824,0.0739218,0.864762,184,140,1.06964,3.91454,0,0.413696,352.295,0.130081,0.0223088,9.63269,0.00231594,9.48754,0.05,0.930292,-173,0.31875,2,1,32,0.0666667,75,0.15625,1.3313,1.02936,453,2.17241,0.0372114,0.0875625,0.547599,0.0252476,0.0756865,0.54405,0.544167,0.156041,24,200,0.679565,0.290651,0.388914,2.17241,2.78115,7.42053,10.9515,0.789569,0.135,0.000190735,0.238793,9,1024,328,480,296994,402428,65730,5980,431,0.897917,316,0.658333,0.0201351,0.221318,0.00570297,664.444,0.023874,27831.3,19620,45.522,47,93,25.195,65,79,82,130,5980,46,18.5,199,69.9255,39,189,194.55,1.79583,1,6,1.8786,3,4,6,85.4016
3_0.44_-0.23_0.33_-0.17_-0.14_-0.27_0.09_0.0_-0.4_0.42,388,600,33.1914,0.055319,0.94981,184,200,1.07129,3.71508,6.10623e-16,0.414464,443.638,0.438144,0.0110475,9.60718,0.00114992,11.4499,0.04,0.966206,-173,0.355,2,1,120,0.2,53,0.0883333,1.68374,1.4269,698.5,2.014,0.0511551,0.169796,0.676115,0.0511551,0.15346,0.547661,0.547678,0.111052,21,108,0.69519,0.49898,0.196211,2.014,2.35808,4.5876,7.9471,0.864333,0.185185,0.000102997,0.163264,9,1024,388,600,296018,423424,75196,8277,423,0.705,291,0.485,0.0279611,0.254025,0.00789356,919.667,0.0322138,28548.8,35657,84.2955,93,283,58.7823,108,126,262.9,60,8277,137.95,1.5,357,167.61,338.25,351.2,354.05,1.41,0,5,1.69467,3,4,5,53.1992
3_0.44_-0.32_0.28_0.28_0.36_0.28_-0.46_-0.41_0.04_0.14,540,904,42.4306,0.0469365,0.741909,184,352,0.984121,3.79988,1.11022e-16,0.405056,654.264,0.345503,0.011427,9.19901,0.0012422,14.065,0.0265487,1.0674,-173,0.403761,2,1,164,0.181416,104,0.115044,1.32688,1.04206,542,2.62685,0.0363684,0.107659,0.569745,0.0363684,0.109097,0.622473,0.622579,0.138539,9,228,0.644511,0.380346,0.264165,2.62685,3.29332,9.90034,12.8655,0.792835,0.0877193,0.000217438,0.191375,9,1024,540,904,338968,520234,89040,17750,1546,1.71018,592,0.654867,0.0523648,0.26268,0.0169277,1972.22,0.0583086,33823.9,78836,50.9935,47,448,53.8643,75,95,102.75,36,17750,493.056,438.5,865,350.979,850.25,861,863,3.42035,3,12,3.23461,5,8,10,98.0423
3_0.44_-0.48_-0.02_0.09_0.46_0.25_-0.41_-0.49_0.22_0.5,736,1296,58.5036,0.0451417,0.845431,184,548,0.857724,3.71222,1.66533e-16,0.409001,951.496,0.20911,0.00834377,9.33689,0.000893635,15.9902,0.0185185,1.16838,-173,0.43287,2,1,192,0.148148,214,0.165123,1.33159,1.00371,163,3.37177,0.0386887,0.0986081,0.603392,0.0152855,0.0458498,0.831168,0.831252,0.333322,8,395,0.565374,0.241753,0.323622,3.37177,5.39621,31.7804,27.0299,0.693301,0.0481013,0.000376701,0.245513,9,1024,736,1296,415228,697592,141267,27040,1844,1.42284,928,0.716049,0.0651208,0.340215,0.0257874,3004.44,0.0671942,44712.8,86936,47.1453,36,241,46.1349,62,105,146.85,157,27040,172.229,103,823,193.759,246,423.2,556.2,2.84568,3,10,2.57618,5,6,7,208.226
3_0.44_-0.49_-0.21_-0.43_-0.3_0.4_-0.04_0.02_-0.02_0.1,416,656,37.0394,0.0564625,0.788244,184,228,1.06045,3.62174,3.88578e-16,0.40927,466.086,0.269002,0.0142786,9.36262,0.00152507,13.1661,0.0365854,1.0082,-173,0.367378,2,1,108,0.164634,59,0.089939,1.35607,1.02216,1132,2.00047,0.0428247,0.0817652,0.473983,0.0145082,0.043519,0.360509,0.360592,0.11674,20,163,0.667156,0.283625,0.383532,2.00047,3.14371,9.74079,10.463,0.661634,0.116564,0.000155449,0.243201,9,1024,416,656,304276,428116,67119,5625,607,0.925305,353,0.53811,0.0184865,0.220586,0.00536442,625,0.0220644,28326.2,21022,34.6326,12,208,44.5472,41,105,113.7,57,5625,98.6842,82,269,85.0286,189,226.4,266,1.85061,1,10,2.10956,3,5,6,90.5699
3_0.44_0.03_0.16_0.25_-0.25_-0.28_-0.05_-0.3_0.04_0.34,304,432,34.292,0.0793795,0.582657,184,116,1.05102,3.6288,3.33067e-16,0.414795,320.106,0.429511,0.0121975,9.36626,0.00130228,12.7776,0.0555556,0.912012,-173,0.298611,2,1,92,0.212963,8,0.0185185,1.52371,1.26976,1332,2.15396,0.0420628,0.107446,0.55457,0.0420628,0.126035,0.514779,0.514995,0.104311,9,164,0.655512,0.445904,0.209608,2.15396,3.05735,8.83653,10.5235,0.766086,0.121951,0.000156403,0.170874,9,1024,304,432,336590,418300,50120,3702,260,0.601852,236,0.546296,0.0109985,0.148905,0.0035305,411.333,0.014192,28983.4,12188,46.8769,45,85,19.7745,53,77,79,58,3702,63.8276,55.5,109,39.1109,105,107,108,1.2037,1,3,1.23047,2,3,3,60.2572
3_0.44_0.0_0.09_0.08_-0.45_0.29_-0.03_-0.37_-0.16_0.03,304,444,33.3203,0.0750458,0.679581,160,116,1.38913,3.53965,1.66533e-16,0.413828,327.257,0.0394737,0.0138726,9.40321,0.0014753,12.8332,0.0540541,0.87743,-161,0.317568,2,1,24,0.0540541,49,0.11036,1.24668,1.00001,1964,1.95411,0.0373564,0.121312,0.490687,0.0373564,0.111998,0.612107,0.612538,0.201013,9,143,0.694304,0.438198,0.256106,1.95411,2.3411,4.01793,7.69398,0.79256,0.13986,0.000136375,0.175314,9,1024,304,444,288180,390846,64084,7403,722,1.62613,312,0.702703,0.0256888,0.222375,0.00706005,822.556,0.0303543,27098.5,35664,49.3961,48,130,28.2654,62,88,108,39,7403,189.821,267,289,101.943,276,284.2,288,3.25225,3,9,2.87493,6,7,9,110.281
3_0.44_0.39_0.35_0.06_0.15_-0.16_-0.02_-0.3_-0.04_0.15,244,312,25.8145,0.0827389,0.63883,184,56,0.891609,3.96894,2.22045e-16,0.418373,232.781,0.253708,0.00994176,9.1813,0.00108283,15.5296,0.0769231,0.866509,-173,0.221154,2,1,48,0.153846,0,0,1.72107,1.43423,2064,1.25359,0.0387907,0.163376,0.456477,0.0188675,0.0565863,0.234094,0.234259,0.0582958,21,78,0.721913,0.355982,0.365932,1.25359,1.17133,0.137907,4.19119,0.71436,0.24359,7.43866e-05,0.140065,9,1024,244,312,250954,311586,42578,3172,228,0.730769,192,0.615385,0.0126398,0.169665,0.00302505,352.444,0.0161435,21832,7346,32.2193,10,86,29.2477,61,83,84.65,62,3172,51.1613,7,137,59.8197,121.75,134,135.95,1.46154,1,4,1.39314,3,3,4,33.3703
3_0.45_-0.14_0.21_-0.3_0.39_-0.03_0.36_-0.33_-0.25_0.22,384,592,33.0605,0.0558455,0.770123,184,196,1.07241,3.38014,2.22045e-16,0.412526,427.611,0.242808,0.0104232,9.33856,0.00111615,14.5392,0.0405405,0.955965,-173,0.353041,2,1,84,0.141892,57,0.0962838,1.54773,1.26863,210,2.31027,0.0522823,0.106096,0.512034,0.0522823,0.156842,0.709622,0.709641,0.191193,21,137,0.703103,0.500578,0.202525,2.31027,2.78452,7.05518,10.1872,0.857335,0.145985,0.000130653,0.146355,9,1024,384,592,284963,408719,75128,3732,356,0.601351,272,0.459459,0.0130964,0.263641,0.00355911,414.667,0.0151128,27438.1,12404,34.8427,36,97,22.3123,48,57.5,81,40,3732,93.3,120.5,149,57.1,148,149,149,1.2027,0,5,1.51995,3,3,4,74.8537
3_0.45_-0.31_0.44_0.03_0.43_0.3_0.22_-0.12_-0.49_-0.39,568,960,38.033,0.0396178,0.853111,184,380,0.965098,3.86806,1.11022e-16,0.421652,726.409,0.303823,0.0106213,9.36857,0.00113372,13.3974,0.025,1.07481,-173,0.409375,2,1,176,0.183333,95,0.0989583,1.28313,1.01836,136,2.40182,0.0468264,0.0943685,0.63352,0.0468264,0.140474,0.863004,0.863043,0.311308,21,196,0.706587,0.493973,0.212614,2.40182,3.31897,11.7223,12.9892,0.887862,0.158163,0.00018692,0.152599,9,1024,568,960,280176,493300,111698,25974,1324,1.37917,744,0.775,0.092706,0.398671,0.0247707,2886,0.0941812,30643.1,72463,54.7304,42,256,51.179,79,101,168,116,25974,223.914,191,665,224.74,449,574,645,2.75833,3,10,2.22297,4,5,6,102.977
3_0.45_-0.44_-0.03_-0.26_0.01_-0.26_0.12_-0.15_-0.35_-0.17,232,288,29.6545,0.102967,0.465584,184,44,0.821126,3.78064,0,0.468897,244.094,0.336207,0.0157551,9.35907,0.00168341,11.4807,0.0833333,0.853593,-173,0.197917,2,1,36,0.125,0,0,1.95482,1.51146,13612,0.865562,0.0494967,0.100952,0.461085,0.0494967,0.148482,0.856293,0.856343,0.344783,20,48,0.742927,0.513695,0.229232,0.865562,1.22705,0.884818,3.19795,0.266475,0.0833333,4.57764e-05,0.164133,9,1024,232,288,237288,326974,73680,3526,104,0.361111,124,0.430556,0.0148596,0.310509,0.00336266,391.778,0.0168369,23269,4906,47.1731,42,85,27.952,81.25,82,83,52,3526,67.8077,91,95,36.2237,92,93,93,0.722222,0,5,1.15737,1,2,4,70.4893
3_0.45_0.07_-0.33_0.01_0.43_-0.39_0.47_-0.16_0.42_-0.35,396,616,38.5252,0.0625409,1.21946,184,208,1.06868,3.72953,6.05072e-15,0.431995,457.052,0.415584,0.0214114,9.34145,0.00229208,9.25703,0.038961,0.72834,-173,0.358766,2,1,120,0.194805,26,0.0422078,1.26102,1.00081,2929,1.56957,0.0481138,0.137291,0.626704,0.0481138,0.144206,0.910622,0.910731,0.375505,25,115,0.715893,0.489014,0.226879,1.56957,2.97458,9.29488,7.72894,0.516821,0.104348,0.000109673,0.167156,9,1024,396,616,275711,461108,109059,62253,3648,5.92208,552,0.896104,0.225791,0.395555,0.0593691,6917,0.22297,31022.1,290332,79.5866,66,1969,149.77,90,113,124,76,62253,819.118,90,5881,1584.3,101.25,3155,4521.25,11.8442,5,38,13.6957,29,36,38,136.074
3_0.45_0.18_0.41_0.16_-0.01_0.11_-0.44_0.31_0.42_0.15,388,600,32.316,0.05386,0.795405,184,200,1.07129,3.76657,0,0.411761,453.425,0.297005,0.0115599,9.37027,0.00123368,12.4136,0.04,0.963984,-173,0.355,2,1,108,0.18,59,0.0983333,1.22132,1.04485,1166,1.75054,0.0330658,0.147222,0.619093,0.0137625,0.0412874,0.984875,0.984875,0.711662,21,143,0.675529,0.335948,0.339581,1.75054,2.03873,3.17039,6.99957,0.880003,0.223776,0.000136375,0.130424,9,1024,388,600,305585,423646,64454,12225,540,0.9,384,0.64,0.0400052,0.21092,0.0116587,1358.33,0.0484512,28035.1,38173,70.6907,86,191,47.3571,100,111.1,162.05,136,12225,89.8897,83.5,225,78.5503,192,209,223,1.8,2,6,1.84391,3,4.2,6,84.86
3_0.45_0.1_0.2_0.16_-0.01_-0.12_0.26_-0.45_0.04_0.43,376,576,34.6555,0.0601659,0.996578,184,188,1.07427,3.29744,1.11022e-16,0.407884,419.237,0.294073,0.0145029,9.36783,0.00154815,11.8948,0.0416667,0.908376,-173,0.348958,2,1,92,0.159722,41,0.0711806,1.33888,1.02991,66,2.4198,0.0375032,0.120626,0.577655,0.0375032,0.112465,0.752109,0.752991,0.317814,9,205,0.706429,0.370038,0.336391,2.4198,2.91272,7.57047,10.8831,0.858069,0.136585,0.000195503,0.270755,9,1024,376,576,270302,407913,78671,26414,1284,2.22917,484,0.840278,0.0977203,0.291049,0.0251904,2934.89,0.10868,27004.8,70158,54.6402,28,454,79.2145,80,97,155,80,26414,330.175,297,1251,369.645,473,955.4,975.5,4.45833,4,13,3.40725,6,9,11,112.893
3_0.45_0.22_0.14_-0.44_-0.26_0.09_-0.19_0.09_0.5_-0.35,464,752,43.1072,0.0573234,0.915707,184,276,1.03408,3.93818,4.996e-16,0.413268,550.334,0.213875,0.00832255,9.36009,0.000889153,16.568,0.0319149,0.945205,-173,0.384309,2,1,116,0.154255,58,0.0771277,1.43526,1.10973,404,2.86579,0.0352468,0.098358,0.58275,0.0352468,0.105737,0.480593,0.480628,0.144571,9,256,0.622727,0.331312,0.291415,2.86579,3.57425,11.8869,14.4898,0.80542,0.078125,0.000244141,0.207865,9,1024,464,752,361780,510454,73494,12795,1666,2.21543,560,0.744681,0.0353668,0.203146,0.0122023,1421.67,0.0420596,33801.2,80856,48.533,40,172,39.2746,82,102,110,86,12795,148.779,148,297,85.2675,179,295,296,4.43085,3,12,4.05553,8,10,11,96.2167
3_0.45_0.31_-0.15_-0.42_0.4_-0.35_-0.08_-0.19_-0.05_0.23,332,488,40.6893,0.0833797,0.920841,184,144,1.07141,3.86595,2.10942e-15,0.407158,339.647,0.120482,0.0171526,9.41833,0.00182119,10.3715,0.0491803,0.874725,-173,0.321721,2,1,40,0.0819672,41,0.0840164,1.50229,1.17366,2290,1.3829,0.033927,0.137831,0.556266,0.0173473,0.0520105,0.535948,0.536011,0.207787,4,121,0.626361,0.281273,0.345088,1.3829,2.40026,5.28679,6.55399,0.540851,0.123967,0.000115395,0.227481,9,1024,332,488,356411,461160,57413,10932,1336,2.7377,372,0.762295,0.0306725,0.161086,0.0104256,1214.67,0.0377106,32210.2,81916,61.3144,54.5,163,35.5258,91,110,123,72,10932,151.833,125,256,57.6573,150,255,255,5.47541,4,13,4.58117,10,11,11,100.281
3_0.45_0.41_-0.41_0.45_0.28_0.02_-0.23_0.22_0.24_-0.41,676,1176,49.2368,0.041868,0.786148,184,488,0.894171,3.90366,0,0.409005,881.149,0.311496,0.0113547,9.34102,0.00121558,13.1096,0.0204082,1.08609,-173,0.42602,2,1,192,0.163265,133,0.113095,1.27716,1.003,820.5,2.57258,0.0380507,0.116028,0.652416,0,0,1,1,1,0,272,0.611856,0.245899,0.365956,2.57258,4.61527,21.4367,16.9154,0.566861,0.0551471,0.000259399,0.219155,9,1024,676,1176,367152,621408,118391,34173,1638,1.39286,852,0.72449,0.0930759,0.322458,0.0325899,3797,0.0968213,39216.6,119033,72.6697,64,349,63.8321,93,117,221,96,34173,355.969,86.5,950,384.544,737.5,940,942.5,2.78571,3,8,2.36579,5,6,7,192.129
3_0.45_0.43_-0.31_0.49_0.13_-0.33_-0.29_0.39_-0.4_0.12,700,1224,47.8386,0.0390838,0.996678,184,512,0.879303,3.71317,1.66533e-16,0.38661,867.245,0.273197,0.0106003,9.36864,0.00113146,14.3347,0.0196078,1.1247,-173,0.428922,2,1,240,0.196078,153,0.125,1.22,1,1414,2.34135,0.033803,0.0934904,0.629016,0,0,1,1,1,0,268,0.613093,0.287148,0.325946,2.34135,4.53618,20.094,14.7762,0.4921,0.0410448,0.000255585,0.305979,9,1024,700,1224,370311,637076,115671,35556,3816,3.11765,1052,0.859477,0.0960166,0.312362,0.0339088,3950.67,0.0992404,39809.1,217194,56.9167,50,391,49.3866,81,111,136,156,35556,227.923,7,2265,594.38,53,347,2244.5,6.23529,5,19,4.82879,10,13,13,256.795
3_0.45_0.48_-0.26_0.05_0.3_0.14_-0.27_0.23_-0.39_-0.08,256,336,41.9485,0.124847,0.620291,184,68,0.944208,3.19566,0,0.4135,253.791,0.304688,0.0141401,9.38479,0.0015067,10.4564,0.0714286,0.902179,-173,0.241071,2,1,36,0.107143,6,0.0178571,1.3377,1.26997,1151,1.06732,0.0143719,0.211918,0.616999,0.0125961,0.0377827,0.608445,0.608508,0.184124,24,120,0.624997,0.355209,0.269788,1.06732,0.61055,-1.44408,2.75941,0.755515,0.3,0.000114441,0.0729482,9,1024,256,336,384510,549466,133494,16572,424,1.2619,228,0.678571,0.043099,0.34718,0.0158043,1841.33,0.0455326,40439.9,28610,67.4764,91,196,59.5589,99,156,170,160,16572,103.575,98,338,99.2952,163.25,231,329.05,2.52381,3,5,1.8991,4,5,5,140.46
3_0.46_-0.1_-0.16_0.15_0.12_-0.05_0.49_-0.04_0.42_-0.3,352,528,34.1819,0.0647385,0.993354,184,164,1.07598,3.92674,5.32907e-15,0.41976,383.841,0.208063,0.0105495,9.36323,0.0011267,15.169,0.0454545,0.827897,-173,0.335227,2,1,84,0.159091,32,0.0606061,1.38027,1.15022,334,2.24511,0.0602837,0.0907598,0.474485,0.0602837,0.180845,0.863409,0.863432,0.251693,9,102,0.716726,0.526991,0.189735,2.24511,2.5125,5.01988,8.57919,0.865849,0.156863,9.72748e-05,0.182575,9,1024,352,528,274768,424900,88850,37364,1272,2.40909,470,0.890152,0.135984,0.323364,0.0356331,4151.56,0.143652,28900.1,114852,90.2925,70,890,138.445,105,132,399.15,68,37364,549.471,2,2583,883.775,465.25,2025.3,2386.8,4.81818,4,18,4.02232,7.25,10.3,11,102.061
3_0.46_-0.39_-0.14_-0.02_0.14_-0.32_0.35_-0.24_0.48_-0.31,292,408,35.7196,0.087548,0.846811,184,104,1.03509,3.68017,6.66134e-16,0.449863,310.146,0.27593,0.0136928,9.32515,0.00146837,12.6349,0.0588235,0.796213,-173,0.286765,2,1,72,0.176471,8,0.0196078,1.73778,1.37919,145,2.0266,0.0553217,0.102999,0.517354,0.0553217,0.165946,0.731762,0.731938,0.233484,21,125,0.70042,0.565238,0.135182,2.0266,2.97085,9.3657,9.87294,0.76024,0.152,0.000119209,0.140819,9,1024,292,408,295010,403626,76857,12619,320,0.784314,240,0.588235,0.0427748,0.260523,0.0120344,1402.11,0.0487578,28756.7,37158,116.119,102,437,77.1581,121,154.4,194.85,56,12619,225.339,199,506,188.221,483,504.5,505,1.56863,2,3,1.3613,3,3,3,91.7675
3_0.46_0.2_0.24_0.3_-0.25_-0.13_0.18_0.36_-0.31_-0.47,352,528,43.6967,0.0827589,0.827391,184,164,1.07598,3.75156,6.66134e-16,0.402257,377.885,0.450487,0.0121951,9.38471,0.00129946,12.5146,0.0454545,0.965626,-173,0.335227,2,1,108,0.204545,42,0.0795455,2.07449,1.57956,248,2.60233,0.0416441,0.0889058,0.587079,0.0128517,0.0385427,0.610736,0.610993,0.173236,13,236,0.616725,0.247425,0.3693,2.60233,3.9386,16.0849,15.9358,0.75087,0.101695,0.000225067,0.258512,9,1024,352,528,358298,479100,71947,16630,478,0.905303,364,0.689394,0.0464139,0.200802,0.0158596,1847.78,0.0547968,33720.5,41596,87.0209,97,276,67.2878,114.75,175,193.5,112,16630,148.482,148,277,92.9209,216,272.6,275,1.81061,1,6,1.71174,3,4,4,127.928
3_0.46_0.37_0.31_0.22_0.44_0.17_0.45_0.3_-0.42_0.41,376,576,33.9177,0.058885,0.60908,184,188,1.07427,3.73176,1.11022e-16,0.411554,439.739,0.306484,0.0142401,9.3314,0.00152604,11.3668,0.0416667,1.01728,-173,0.348958,2,1,108,0.1875,36,0.0625,1.1377,1.0556,830,2.30939,0.0232992,0.1174,0.596894,0.0187244,0.0561724,0.711198,0.711222,0.259726,12,272,0.649664,0.371778,0.277885,2.30939,2.95397,7.0272,9.75487,0.719337,0.0845588,0.000259399,0.193932,9,1024,376,576,342948,467460,74728,6626,252,0.4375,288,0.5,0.0193207,0.217899,0.00631905,736.222,0.0230698,31912.8,11174,44.3413,17,148,52.1879,108,137,140,156,6626,42.4744,9,159,59.7177,23,150,156,0.875,0.5,5,1.26861,1,2,5,105.031
3_0.47_-0.02_0.32_0.35_0.22_-0.38_-0.0_0.13_0.27_0.5,580,984,40.033,0.040684,1.06182,184,392,0.956975,3.32718,7.77156e-16,0.381933,675.483,0.226273,0.00813126,9.33671,0.000870892,15.8976,0.0243902,1.00442,-173,0.411585,2,1,120,0.121951,168,0.170732,1.25397,1.00051,131,2.10744,0.0388269,0.105134,0.612026,0.0316553,0.0949554,0.7664,0.766498,0.277651,9,141,0.705543,0.366497,0.339046,2.10744,2.08164,2.63405,7.75942,0.864946,0.141844,0.000134468,0.256486,9,1024,580,984,268090,521072,131518,56556,2627,2.66972,914,0.928862,0.210959,0.490574,0.053936,6284,0.19395,32400.1,232893,88.6536,83,826,100.629,105,123.4,214.3,10,56556,5655.6,2224,14369,5930.6,11558.5,13944.2,14156.6,5.33943,5,16,3.25174,7,10,10,113.735
3_0.47_-0.04_0.12_0.47_0.31_-0.25_-0.03_-0.28_-0.36_0.19,376,576,38.6009,0.0670155,0.652555,184,188,1.07427,3.47104,0,0.411198,427.846,0.154002,0.0109465,9.32439,0.00117396,14.8775,0.0416667,1.00693,-173,0.348958,2,1,60,0.104167,52,0.0902778,1.30513,1.09983,255,2.82119,0.0411692,0.145119,0.555525,0.0411692,0.123504,0.547383,0.547411,0.0804935,9,212,0.640171,0.400574,0.239597,2.82119,3.35581,10.3857,13.6336,0.86316,0.0943396,0.000202179,0.21996,9,1024,376,576,352010,485500,88990,844,126,0.21875,162,0.28125,0.00239766,0.252805,0.000804901,93.7778,0.00284279,32987.9,1174,9.31746,5.5,24,7.87063,14.75,23,24,92,844,9.17391,1,26,10.8293,26,26,26,0.4375,0,3,0.788095,1,2,2,75.2217
3_0.47_-0.11_0.31_0.42_0.45_0.34_-0.46_-0.18_-0.46_-0.43,436,696,41.5284,0.0596673,0.754816,184,248,1.05035,3.15658,0,0.402431,498.833,0.185015,0.0174039,9.57113,0.00181838,11.3057,0.0344828,0.991154,-173,0.375,2,1,88,0.126437,84,0.12069,1.29725,1.00822,970,1.95495,0.0285664,0.0977763,0.53753,0.0284414,0.0852365,0.597983,0.598181,0.135194,8,212,0.634635,0.337847,0.296788,1.95495,3.1328,9.72919,9.5426,0.701648,0.127358,0.000202179,0.181672,9,1024,436,696,353186,490174,67408,16972,924,1.32759,504,0.724138,0.048054,0.190857,0.0161858,1885.78,0.0576133,32731.7,62369,67.4989,72,228,42.3118,91,108,114,64,16972,265.188,215,669,201.782,235.25,667,668.85,2.65517,2,10,2.6166,4,7,8,142.552
3_0.47_-0.14_-0.03_0.07_-0.31_-0.43_-0.01_0.43_0.34_0.13,436,696,40.2132,0.0577776,0.629084,184,248,1.05035,3.18126,1.66533e-16,0.422342,530.137,0.333115,0.00761382,9.1863,0.000828823,17.5401,0.0344828,1.04591,-173,0.375,2,1,108,0.155172,95,0.136494,1.44674,1.12441,298,3.35265,0.0451546,0.122282,0.536058,0.0126944,0.0380745,0.443096,0.444329,0.170621,9,310,0.631178,0.228901,0.402277,3.35265,4.67481,21.9807,22.1775,0.79058,0.0645161,0.000295639,0.281644,9,1024,436,696,339436,477434,77546,6246,468,0.672414,372,0.534483,0.0184011,0.228455,0.00595665,694,0.0218993,31690.6,16452,35.1538,40,116,31.2211,54,69,100.55,118,6246,52.9322,65,147,53.2584,74,140,146,1.34483,1,7,1.53561,3,3,3,97.6241
3_0.47_-0.14_-0.44_0.18_-0.08_0.36_-0.42_-0.07_-0.44_-0.3,484,792,41.1712,0.0519839,0.911984,184,296,1.02148,3.49477,1.11022e-16,0.41366,591.792,0.243605,0.00779768,9.37245,0.000831979,16.0584,0.030303,1.00266,-173,0.390152,2,1,120,0.151515,109,0.137626,1.24881,1.04068,189,2.3514,0.0307417,0.104893,0.594421,0.0307417,0.0922146,0.643545,0.644027,0.219296,9,296,0.628853,0.426935,0.201918,2.3514,3.94519,16.4711,14.4701,0.600376,0.0675676,0.000282288,0.143409,9,1024,484,792,368154,529744,79740,18698,1640,2.07071,720,0.909091,0.0507885,0.216594,0.0178318,2077.56,0.0597089,34794.8,81440,49.6585,49,331,43.88,67,87,105,110,18698,169.982,146,392,136.056,240.75,381,391,4.14141,4,10,2.55054,6,7.9,8,157.882
3_0.47_-0.18_0.22_0.31_-0.31_-0.27_0.15_-0.29_-0.31_0.16,528,880,42.1202,0.0478639,0.845711,184,340,0.992257,3.91817,1.11022e-16,0.391343,613.537,0.215729,0.0142057,9.33387,0.00152195,12.8105,0.0272727,1.07621,-173,0.401136,2,1,132,0.15,65,0.0738636,1.23948,1.03867,1068,2.03487,0.0348148,0.0759541,0.562231,0.0348148,0.104439,0.570338,0.570372,0.202305,9,208,0.643525,0.409409,0.234117,2.03487,3.50039,12.7587,11.2528,0.615593,0.0961538,0.000198364,0.0951408,9,1024,528,880,354728,552462,107250,17296,1111,1.2625,660,0.75,0.0487585,0.302344,0.0164948,1921.78,0.0537408,35760.1,49589,44.6346,36,320,49.1263,63,85,106,132,17296,131.03,71,532,178.599,89,484.9,524.9,2.525,2,9,2.14779,3,6,6,83.0976
3_0.47_-0.35_-0.22_-0.32_-0.36_-0.21_0.05_0.32_0.14_-0.4,400,624,39.7488,0.0637001,0.85659,184,212,1.06722,3.97586,1.11022e-16,0.414827,445.955,0.171429,0.0120754,9.37171,0.00128849,12.5278,0.0384615,0.996399,-173,0.360577,2,1,88,0.141026,83,0.133013,1.45303,1.14713,461,2.19536,0.0311642,0.096707,0.627345,0.0300055,0.0899858,0.514333,0.514645,0.175722,8,204,0.637019,0.351433,0.285586,2.19536,2.94798,7.70197,9.98006,0.702445,0.0931373,0.00019455,0.224407,9,1024,400,624,347966,471158,64837,10880,1036,1.66026,408,0.653846,0.0312674,0.186331,0.010376,1208.89,0.0379865,31824.2,50493,48.7384,46.5,123,30.8696,72,90,101.25,80,10880,136,133,260,72.0253,134.25,256.4,260,3.32051,2,10,3.16327,7,7,8,78.2711
3_0.47_-0.36_-0.21_0.05_0.4_0.37_-0.14_0.14_-0.46_0.07,388,600,41.5919,0.0693198,0.838553,184,200,1.07129,3.73821,0,0.401146,432.078,0.206186,0.0152897,9.62648,0.00158829,11.7377,0.04,0.970671,-173,0.355,2,1,60,0.1,86,0.143333,1.24746,1.00602,491,2.0957,0.0341663,0.122982,0.569729,0.0155506,0.046648,0.869872,0.869999,0.308508,13,198,0.626746,0.33316,0.293586,2.0957,2.97643,8.50896,10.7937,0.683368,0.10101,0.000188828,0.224192,9,1024,388,600,355686,495430,85828,17258,528,0.88,348,0.58,0.0485203,0.241303,0.0164585,1917.56,0.0563779,34012.5,43326,82.0568,80.5,420,90.9544,96.25,107,385,148,17258,116.608,33.5,453,174.21,38,429,433.9,1.76,2,6,1.71534,3,4,4,125.335
3_0.47_-0.44_-0.25_-0.05_-0.41_-0.33_0.17_0.33_0.39_-0.44,636,1096,48.9909,0.0446997,1.18949,184,448,0.919753,3.6533,3.66374e-15,0.423645,819,0.284966,0.00590166,9.37421,0.000629563,19.9371,0.0437956,0.91322,-173,0.42062,2,1,180,0.164234,202,0.184307,1.54627,1.19557,17.5,2.31352,0.039978,0.121591,0.609015,0.039978,0.117832,0.474443,0.492536,0.0894591,13,176,0.707982,0.360031,0.347951,2.31352,2.43937,4.86486,9.93829,0.93087,0.159091,0.000167847,0.260664,9,1024,636,1096,289354,599214,156428,61839,5618,5.12591,958,0.874088,0.213714,0.540611,0.0589743,6871,0.178796,38429.3,656499,116.856,99,735,88.862,107,122,216,48,61839,1288.31,904,5947,1488.47,1003.25,2051.6,5943.95,10.2518,5,46,12.9611,10,37,41,69.3207
3_0.47_-0.48_0.47_-0.47_-0.08_0.36_-0.2_0.19_0.45_0.09,372,568,38.0986,0.0670751,0.86168,184,184,1.07499,3.71907,1.11022e-16,0.425201,423.242,0.463902,0.0113536,9.35367,0.00121381,12.5801,0.0422535,0.989967,-173,0.346831,2,1,136,0.239437,21,0.0369718,1.37657,1.04285,132,1.88589,0.0352402,0.157177,0.635592,0.0346231,0.103751,0.600204,0.600889,0.194142,28,148,0.669212,0.405232,0.26398,1.88589,2.42113,5.25279,7.79356,0.699208,0.128378,0.000141144,0.238101,9,1024,372,568,310100,433820,74640,5928,354,0.623239,302,0.53169,0.0191164,0.240697,0.00565338,658.667,0.0224977,29277,15920,44.9718,30,125,39.0052,88,112.7,122,148,5928,40.0541,15,142,56.6339,120,140,141,1.24648,1,5,1.47126,2,3,4,75.2052
3_0.47_0.05_-0.05_-0.31_-0.39_-0.4_0.38_-0.4_0.35_0.08,340,504,35.6896,0.0708126,0.879107,184,152,1.07404,3.72601,0,0.427246,366.161,0.229132,0.0171003,9.18152,0.00186247,11.9079,0.0714286,0.880439,-173,0.327381,2,1,80,0.15873,17,0.0337302,1.28889,1.01755,481,1.72834,0.0431204,0.125807,0.500226,0.0431204,0.129141,0.672986,0.673129,0.244888,32,144,0.680931,0.485561,0.19537,1.72834,2.9693,10.6817,9.11889,0.702101,0.1875,0.000137329,0.268045,9,1024,340,504,319964,417832,57532,5560,452,0.896825,292,0.579365,0.017377,0.179808,0.00530243,617.778,0.0216072,28591.3,12506,27.6681,18,146,29.141,42,57,77,72,5560,77.2222,56,195,60.3081,70.25,188.9,191.45,1.79365,1,6,1.91202,3,5,6,79.706
3_0.47_0.28_-0.25_-0.35_0.3_0.37_0.06_0.25_0.05_-0.04,292,408,37.7217,0.0924551,0.985812,184,104,1.03509,3.33615,3.88578e-16,0.410177,297.571,0.109589,0.00999025,9.41743,0.00106083,15.4367,0.0588235,0.88633,-173,0.286765,2,1,24,0.0588235,40,0.0980392,1.84678,1.49739,2304,1.67079,0.0390148,0.126487,0.403017,0.016489,0.0494642,0.794764,0.795128,0.326291,9,119,0.66734,0.317416,0.349924,1.67079,2.2485,3.90832,6.95712,0.746691,0.168067,0.000113487,0.166897,9,1024,292,408,307914,428516,85209,27906,516,1.26471,312,0.764706,0.0906292,0.27673,0.0266132,3100.67,0.0999901,31009.7,57847,112.107,89,555,133.41,101,112,480,120,27906,232.55,26,1006,387.074,100,1003.3,1006,2.52941,2,5,1.90307,4,5,5,97.4776
3_0.47_0.38_-0.41_-0.18_-0.45_-0.03_-0.49_0.08_-0.18_0.2,424,672,34.8502,0.0518605,1.15443,184,236,1.0566,3.38827,2.77556e-16,0.402311,484.213,0.0754717,0.0119028,9.65547,0.00123275,13.1344,0.0357143,0.919682,-173,0.370536,2,1,24,0.0357143,118,0.175595,1.26658,1.13087,9,2.5335,0.0294886,0.100281,0.589187,0.0294886,0.0884018,0.447693,0.452765,0.0851379,21,218,0.67744,0.422186,0.255254,2.5335,2.4225,4.4282,9.48942,0.992074,0.146789,0.000207901,0.109287,9,1024,424,672,311667,468190,91287,15658,1253,1.86458,550,0.818452,0.0502395,0.292899,0.0149326,1739.78,0.0550872,31582.2,47769,38.1237,25,156,37.5608,63,99,118.4,99,15658,158.162,95,519,180.47,204,505.2,513.2,3.72917,4,9,2.60914,6,7,8,89.5529
3_0.48_-0.18_-0.28_0.06_0.1_-0.48_0.38_0.15_-0.28_0.45,652,1128,48.7608,0.0432276,1.42955,184,464,0.909405,3.13581,6.10623e-16,0.42216,864.624,0.363862,0.00607497,9.37279,0.000648149,18.663,0.0212766,0.960378,-173,0.422872,2,1,252,0.223404,119,0.105496,1.38137,1.0465,590,2.06432,0.0401936,0.104481,0.616184,0.0401936,0.120408,0.691645,0.691955,0.1222,20,144,0.640429,0.41232,0.228109,2.06432,2.43648,5.52785,9.03749,0.9494,0.215278,0.000137329,0.181599,9,1024,652,1128,343385,590416,111527,34612,4954,4.39184,1048,0.929078,0.100796,0.324787,0.0330086,3845.78,0.102503,37518.7,272188,54.9431,41,337,49.5276,90,113,119,60,34612,576.867,367,2894,726.974,573,1305.1,2890.1,8.78369,8,21,5.26944,13,17,18,113.405
3_0.48_0.01_0.05_-0.21_-0.47_0.08_-0.42_-0.16_-0.17_-0.25,412,648,31.3912,0.0484432,0.855845,184,224,1.06227,3.90144,1.11022e-16,0.43234,507.009,0.25705,0.00975224,9.32568,0.00104574,15.5861,0.037037,0.957594,-173,0.365741,2,1,96,0.148148,55,0.0848765,1.17004,1.00289,2421,2.30912,0.0590534,0.134429,0.526689,0.0590534,0.177015,0.651043,0.65107,0.285983,9,140,0.724316,0.585307,0.139009,2.30912,3.53009,11.7215,11.4142,0.657693,0.0857143,0.000133514,0.0977184,9,1024,412,648,274584,412582,72326,24904,808,1.24691,472,0.728395,0.0906972,0.263402,0.0237503,2767.11,0.10139,27291.7,60040,74.3069,37.5,721,96.7455,100,127,207,110,24904,226.4,36,808,259.552,420,807,808,2.49383,2,7,2.10011,4,6,6,116.099
3_0.48_0.36_0.15_-0.41_-0.16_-0.31_-0.37_-0.12_0.37_0.3,412,648,39.1025,0.0603433,0.637441,184,224,1.06227,3.56392,0,0.41223,472.769,0.303976,0.00983434,9.37066,0.00104948,13.8247,0.037037,1.04373,-173,0.365741,2,1,108,0.166667,87,0.134259,1.49224,1.17191,829,2.22025,0.0335655,0.110464,0.59211,0.0173302,0.0519848,0.432653,0.432722,0.13923,21,248,0.644357,0.33136,0.312997,2.22025,3.3659,11.625,12.9187,0.745303,0.129032,0.000236511,0.205728,9,1024,412,648,337756,465832,69340,10892,432,0.666667,360,0.555556,0.0322481,0.205296,0.0103874,1210.22,0.03885,31151.2,21206,49.088,34,204,49.7162,48,103,194.45,463,10892,23.5248,1,204,56.8386,1,148.8,192.8,1.33333,1,5,1.44016,2,3,4,120.948
3_0.48_0.45_0.34_0.48_-0.46_-0.41_-0.28_0.07_0.49_-0.35,644,1112,48.185,0.0433319,1.2086,184,456,0.914561,3.14071,5.05151e-15,0.401472,792.495,0.195504,0.0138851,9.38352,0.00147973,14.4709,0.0215827,0.942763,-173,0.421763,2,1,116,0.104317,158,0.142086,1.27397,1.0005,1339,1.69365,0.0342312,0.0763226,0.527135,0.0117264,0.0351791,0.916296,0.916296,0.389321,20,201,0.642065,0.349815,0.29225,1.69365,3.59132,15.267,10.7162,0.543833,0.114428,0.000191689,0.213017,9,1024,644,1112,339544,599632,119293,73334,4296,3.86331,1000,0.899281,0.215978,0.351333,0.0699368,8148.22,0.212039,38427.9,358078,83.3515,89,1197,110.402,108,121,167,41,73334,1788.63,356,59990,9202.72,367,382,383,7.72662,7,29,5.96911,11,15,21,186.526
3_0.49_-0.06_-0.19_0.04_-0.44_0.1_-0.34_-0.18_0.22_0.3,484,792,34.1679,0.0431413,0.64357,184,296,1.02148,3.59821,0,0.421705,610.043,0.138922,0.0104235,9.33404,0.00111672,14.1799,0.030303,1.04942,-173,0.390152,2,1,72,0.0909091,95,0.119949,1.12455,1.00406,311,3.05478,0.0574522,0.0955178,0.59518,0.0574522,0.172342,0.925612,0.925692,0.575011,9,181,0.725988,0.537683,0.188305,3.05478,3.67253,12.3821,14.3237,0.914293,0.110497,0.000172615,0.136806,9,1024,484,792,268936,478278,120064,37134,962,1.21465,628,0.792929,0.138077,0.446441,0.0354137,4126,0.133337,30944.2,74682,77.632,51,462,80.8799,103,127,265,120,37134,309.45,396.5,545,214.04,534,539,540.15,2.42929,2,6,1.78732,4,5,6,119.617
3_0.49_-0.06_-0.27_0.18_0.4_0.3_0.06_0.13_-0.01_-0.36,460,744,39.4549,0.0530308,1.01199,184,272,1.03652,3.86626,2.77556e-16,0.397743,530.727,0.156522,0.0154979,9.62845,0.00160959,11.2965,0.0322581,0.991994,-173,0.383065,2,1,84,0.112903,68,0.0913978,1.24,1,66,2.57525,0.0350342,0.138969,0.612407,0.0152483,0.0457449,0.986216,0.986216,0.715377,9,280,0.649054,0.282369,0.366685,2.57525,3.65819,13.522,15.1137,0.714496,0.0857143,0.000267029,0.232491,9,1024,460,744,331282,494174,81241,30796,849,1.14113,525,0.705645,0.0929601,0.245232,0.0293694,3421.78,0.105953,32295.3,94753,111.605,92,985,111.124,109,142,173,120,30796,256.633,162.5,1115,285.667,198.25,308.9,1114,2.28226,2,8,2.21818,3,5,6,152.945
3_0.49_-0.17_0.34_-0.29_-0.43_-0.17_-0.22_-0.47_-0.36_0.5,468,760,43.1128,0.0567273,0.932967,184,280,1.03162,3.5419,5.38458e-15,0.414328,555.258,0.240741,0.0174259,9.64667,0.00180642,10.3959,0.0315789,0.994171,-173,0.385526,2,1,92,0.121053,73,0.0960526,1.32862,1.01164,408,2.78338,0.0428944,0.158148,0.600598,0.00644779,0.0193434,0.977167,0.977167,0.535506,4,263,0.614021,0.238638,0.375383,2.78338,4.59365,21.5012,18.3727,0.676939,0.0874525,0.000250816,0.345379,9,1024,468,760,359784,503704,68708,12051,2221,2.92237,412,0.542105,0.0334951,0.19097,0.0114927,1339,0.0402157,33295.5,73462,33.0761,12,179,40.5222,48,103,115,35,12051,344.314,123,1437,462.943,546.5,1182.6,1186.3,5.84474,1,21,7.35792,14,17,19,113.665
3_0.49_-0.29_0.27_0.38_-0.04_0.43_-0.05_0.43_0.08_-0.16,244,312,30.4895,0.0977228,0.569886,184,56,0.891609,3.69118,2.22045e-16,0.412783,230.027,0.12256,0.0110646,9.1883,0.0012042,13.2168,0.0769231,0.846662,-173,0.221154,2,1,24,0.0769231,12,0.0384615,1.69795,1.42286,707,1.42668,0.02248,0.203592,0.585314,0.00772095,0.02316,0.50037,0.500423,0.184857,20,168,0.693738,0.281364,0.412374,1.42668,1.65576,1.57273,5.4439,0.582996,0.136905,0.000160217,0.155863,9,1024,244,312,297626,365532,49778,3618,160,0.512821,176,0.564103,0.0121562,0.16725,0.00345039,402,0.015506,25925.5,5394,33.7125,28,99,20.3078,36,41.6,86.5,96,3618,37.6875,35,99,25.8547,37,85.5,97,1.02564,1,3,1.06186,2,3,3,30.7598
3_0.49_0.13_0.27_-0.3_0.22_-0.37_0.46_-0.22_-0.07_0.48,424,672,35.9527,0.0535011,0.969558,184,236,1.0566,3.21925,7.21645e-16,0.402368,470.769,0.18531,0.00790878,9.37191,0.000843881,16.4435,0.0357143,0.900084,-173,0.370536,2,1,108,0.160714,66,0.0982143,1.41192,1.13256,298,1.76978,0.041213,0.143679,0.554934,0.041213,0.123574,0.63552,0.635719,0.158266,17,136,0.713398,0.442982,0.270416,1.76978,2.40691,5.34268,7.85673,0.712646,0.147059,0.0001297,0.21892,9,1024,424,672,271632,446156,90992,40784,3840,5.71429,556,0.827381,0.150144,0.334983,0.0388947,4531.56,0.155088,29219.2,287770,74.9401,64,1306,100.401,92,111,135.45,40,40784,1019.6,60.5,6074,1805.07,1692.25,2188.7,6074,11.4286,5,40,13.4839,21.5,35,35,79.3216
3_0.49_0.31_-0.47_0.44_-0.34_0.13_-0.49_0.47_0.18_0.3,532,888,41.4435,0.0466706,0.754255,184,344,0.989548,3.41448,1.11022e-16,0.400914,656.661,0.235589,0.0145848,9.61792,0.00151642,11.7675,0.027027,1.08024,-173,0.402027,2,1,84,0.0945946,160,0.18018,1.09111,1,1088,2.06753,0.0221748,0.134867,0.567177,0,0,1,1,1,0,308,0.57662,0.269035,0.307585,2.06753,4.14571,17.4293,11.8446,0.665931,0.152597,0.000293732,0.101176,9,1024,532,888,420696,587648,84414,6856,480,0.540541,360,0.405405,0.0162968,0.200653,0.00653839,761.778,0.0197864,38500.1,25220,52.5417,58,90,24.2256,62,87,89,60,6856,114.267,132,134,23.4164,134,134,134,1.08108,0,3,1.34322,3,3,3,186.958
3_0.49_0.31_0.3_-0.49_0.03_-0.48_0.24_-0.45_-0.1_-0.25,304,432,31.6604,0.0732879,0.729505,184,116,1.05102,3.66136,0,0.458466,346.322,0.256579,0.020234,9.42472,0.0021469,9.71331,0.0555556,0.909993,-173,0.298611,2,1,36,0.0833333,32,0.0740741,1.46276,1.10258,1001,1.72766,0.0428209,0.112675,0.590227,0.0232706,0.069809,0.458185,0.45821,0.149681,17,128,0.69858,0.301449,0.397131,1.72766,2.37158,5.02254,7.84603,0.704587,0.148438,0.00012207,0.234427,9,1024,304,432,271282,354070,51970,2598,72,0.166667,108,0.25,0.00957675,0.191572,0.00247765,288.667,0.0119273,24202.2,4752,66,64,81,6.22941,71,71.9,76.05,36,2598,72.1667,73,84,5.66912,74,79,83.25,0.333333,0,2,0.62361,0.25,1,2,70.364
3_0.49_0.32_0.35_-0.17_-0.4_0.2_0.22_0.06_-0.34_0.16,532,888,43.7783,0.0492999,0.868499,184,344,0.989548,3.87861,3.33067e-16,0.400938,652.936,0.244361,0.00941853,9.56255,0.000984939,14.1245,0.027027,1.02718,-173,0.402027,2,1,180,0.202703,89,0.100225,1.27913,1.14892,967,2.17585,0.0264473,0.124375,0.656794,0.0264473,0.079339,0.636472,0.636495,0.255052,9,236,0.62951,0.356388,0.273122,2.17585,3.18995,9.17966,9.91495,0.662296,0.0847458,0.000225067,0.0847162,9,1024,532,888,369090,605836,109426,46770,2592,2.91892,792,0.891892,0.126717,0.296475,0.0446033,5196.67,0.130324,39875,247080,95.3241,78,536,79.3497,99,126,211.45,60,46770,779.5,1062,1130,389.713,1109,1120.2,1124.1,5.83784,6,16,3.6094,9,10,13,175.338
3_0.49_0.49_0.47_-0.27_-0.45_0.13_0.45_-0.36_-0.31_-0.34,788,1400,57.5916,0.0411369,1.20747,184,600,0.828109,3.80495,0,0.404012,1012.45,0.184312,0.0115205,9.332,0.00123451,14.6375,0.0171429,1.07761,-173,0.437857,2,1,188,0.134286,169,0.120714,1.24358,1.00289,602.5,1.73155,0.0254068,0.0946712,0.613563,0.0117693,0.035284,0.97966,0.979848,0.54022,20,236,0.580101,0.345282,0.234819,1.73155,3.12195,11.0365,10.3362,0.61448,0.131356,0.000225067,0.187961,9,1024,788,1400,414038,748444,154870,85948,3826,2.73286,1232,0.88,0.207585,0.374048,0.0819664,9549.78,0.202627,47129.9,356372,93.1448,86,1212,105.991,105,129,223.75,230,85948,373.687,1,5527,1231.38,90,1255,3572.95,5.46571,5.5,18,3.81392,7,11,12,224.508
3_0.4_-0.04_0.42_-0.01_0.26_0.23_0.38_-0.19_-0.05_-0.12,360,544,24.3107,0.0446888,0.77559,184,172,1.07615,3.5588,2.22045e-16,0.407392,391.013,0.240476,0.0075868,9.36492,0.00081013,18.1026,0.0441176,0.895192,-173,0.340074,2,1,84,0.154412,69,0.126838,1.17225,1.04046,306,2.93788,0.0673943,0.134687,0.520234,0.0673943,0.201921,0.824378,0.824904,0.320355,9,140,0.757015,0.597404,0.159611,2.93788,3.30237,9.43946,12.4637,0.959318,0.142857,0.000133514,0.132112,9,1024,360,544,238387,338805,57049,3856,428,0.786765,290,0.533088,0.0161754,0.239313,0.00367737,428.444,0.0195717,21891,18558,43.3598,44,93,26.2081,63,84,89,86,3856,44.8372,6,146,53.8736,74.25,141,146,1.57353,1,7,2.11657,2,5,6,69.6941
3_0.4_-0.06_-0.03_-0.05_-0.32_0.26_-0.3_-0.12_0.38_0.15,532,888,32.8779,0.0370247,0.902241,184,344,0.989548,3.41156,1.66533e-16,0.416688,674.127,0.430899,0.00574705,9.35367,0.000614416,17.8977,0.027027,1.0178,-173,0.402027,2,1,216,0.243243,102,0.114865,1.17757,1.03095,56.5,2.91751,0.0634508,0.125349,0.684274,0.0634508,0.190349,0.850352,0.850378,0.295075,9,152,0.745788,0.569082,0.176705,2.91751,3.36398,10.0787,12.932,0.944257,0.131579,0.000144958,0.129879,9,1024,532,888,247308,469796,119636,38632,1376,1.54955,680,0.765766,0.15621,0.483753,0.0368423,4292.44,0.147119,29176.6,113538,82.5131,53,824,126.253,94,121,258,86,38632,449.209,108,1022,468.948,1015,1018,1021,3.0991,3,8,2.42344,5,6,8,95.376
3_0.4_-0.08_-0.5_0.46_0.35_0.43_0.48_0.19_0.41_-0.39,576,976,47.1525,0.048312,0.855429,184,388,0.959679,3.49866,3.88578e-16,0.408745,711.062,0.169974,0.0146262,9.3326,0.00156722,12.7029,0.0245902,1.0409,-173,0.410861,2,1,100,0.102459,105,0.107582,1.26026,1.00021,360,2.58545,0.0296392,0.106179,0.557102,0.00589371,0.0176811,0.976223,0.976223,0.546484,20,346,0.598965,0.294844,0.304121,2.58545,4.67195,22.6343,17.1215,0.745524,0.135838,0.000329971,0.238449,9,1024,576,976,389483,587778,95843,26152,1048,1.07377,628,0.643443,0.0671454,0.246077,0.0249405,2905.78,0.0765792,37944.7,73440,70.0763,59,289,57.0136,80,114,207,62,26152,421.806,209,994,404.105,892.5,972,993,2.14754,3,6,1.91702,3,5,6,221.274
3_0.4_-0.16_-0.05_-0.02_0.35_-0.37_0.02_-0.06_-0.09_-0.23,268,360,29.3416,0.0815044,0.563566,184,80,0.983665,3.90869,1.66533e-16,0.457041,299.757,0.58209,0.0170229,9.56067,0.00178051,9.75504,0.0666667,0.899152,-173,0.258333,2,1,72,0.2,0,0,1.47011,1.17924,1326,1.46653,0.0569324,0.100584,0.592552,0.0569324,0.17074,0.788063,0.788433,0.293083,21,72,0.755861,0.548903,0.206959,1.46653,1.78892,2.42568,5.42313,0.614446,0.152778,6.86646e-05,0.132021,9,1024,268,360,228278,341142,78676,13734,144,0.4,216,0.6,0.0601635,0.34465,0.0130978,1526,0.0639389,23866.5,17294,120.097,109.5,230,77.7427,197.5,216,225,92,13734,149.283,56,355,145.595,319,343.9,345,0.8,1,2,0.748331,1,2,2,67.3806
3_0.4_-0.47_-0.05_-0.12_-0.27_-0.46_-0.33_0.1_-0.25_-0.22,304,432,35.7116,0.0826657,0.629095,184,116,1.05102,3.89208,2.22045e-16,0.465352,364.272,0.315789,0.0125742,9.36565,0.00134259,13.24,0.0555556,0.873776,-173,0.298611,2,1,72,0.166667,27,0.0625,1.60778,1.2242,833,1.60489,0.0436535,0.100741,0.501849,0.0436535,0.13096,0.654163,0.65417,0.245365,20,100,0.701095,0.438942,0.262153,1.60489,1.96826,3.00963,6.22648,0.759663,0.19,9.53674e-05,0.199776,9,1024,304,432,277114,392668,73740,17126,456,1.05556,320,0.740741,0.0618013,0.2661,0.0163326,1902.89,0.0689572,27595.2,51812,113.623,101,368,72.2285,115,124,343.25,68,17126,251.853,389,437,173.127,411.25,431,433.95,2.11111,2,6,1.71234,3,5,5,65.344
3_0.4_-0.47_0.48_-0.07_0.33_-0.12_0.2_-0.22_-0.46_-0.34,408,640,31.0326,0.0484884,0.922849,184,220,1.06401,3.26715,1.11022e-16,0.455147,520.668,0.405229,0.0139655,9.5887,0.00145646,11.1393,0.0375,0.945819,-173,0.364063,2,1,124,0.19375,43,0.0671875,1.33046,1.01304,217,2.31085,0.0481272,0.0945221,0.64025,0.0481272,0.144376,0.944946,0.944981,0.562538,20,178,0.735688,0.518158,0.21753,2.31085,2.87464,8.66894,11.6444,0.944648,0.174157,0.000169754,0.146411,9,1024,408,640,246184,370800,62008,18090,848,1.325,522,0.815625,0.0734816,0.251877,0.017252,2010,0.0839089,23954.6,48408,57.0849,46,300,60.3581,83,113,122,124,18090,145.887,127.5,438,146.093,318,370.4,422,2.65,3,7,1.82757,3.25,5,6,102.785
3_0.4_0.13_-0.05_-0.42_0.09_-0.4_-0.44_-0.2_0.42_-0.08,364,552,38.6575,0.0700317,0.789267,184,176,1.07594,3.35219,6.66134e-16,0.439214,421.999,0.395343,0.0159612,9.36213,0.00170487,11.3363,0.0434783,0.914997,-173,0.342391,2,1,112,0.202899,17,0.0307971,1.60876,1.25684,507,2.35629,0.0415497,0.0906883,0.575045,0.0415497,0.124644,0.611722,0.611744,0.193169,24,180,0.651343,0.408052,0.243291,2.35629,2.98835,8.6158,11.4823,0.76566,0.105556,0.000171661,0.216178,9,1024,364,552,333280,452276,72794,16214,200,0.362319,160,0.289855,0.0486498,0.218417,0.0154629,1801.56,0.0588514,30612,31854,159.27,104.5,1059,233.78,152,206.2,1059,36,16214,450.389,209,1074,446.692,1071,1072.5,1074,0.724638,0,6,1.25553,2,3,3,65.1454
3_0.4_0.28_0.39_0.48_0.39_-0.28_0.04_-0.16_-0.02_0.43,460,744,35.4196,0.047607,0.776543,184,272,1.03652,3.66802,1.11022e-16,0.392621,526.403,0.186749,0.00926768,9.37943,0.000988085,15.0716,0.0322581,1.03365,-173,0.383065,2,1,96,0.129032,86,0.115591,1.41717,1.19424,406.5,2.34221,0.0371981,0.114783,0.57276,0.0161695,0.0485048,0.871647,0.87169,0.479368,21,208,0.691957,0.311695,0.380262,2.34221,2.85117,7.43895,11.1816,0.890913,0.153846,0.000198364,0.155196,9,1024,460,744,284058,466596,101184,30354,1128,1.51613,636,0.854839,0.106858,0.356209,0.0289478,3372.67,0.111305,30301.3,79672,70.6312,56.5,457,73.7925,86,118,139,156,30354,194.577,48.5,867,289.828,275,828,846,3.03226,2.5,11,2.44708,5,6,6,96.973
3_0.4_0.42_0.24_-0.19_-0.11_0.04_-0.32_0.2_0.34_0.07,412,648,33.5884,0.051834,0.924707,184,224,1.06227,3.46132,3.33067e-16,0.399978,466.748,0.284558,0.0118373,9.35374,0.00126552,11.8176,0.037037,0.96979,-173,0.365741,2,1,132,0.203704,51,0.0787037,1.42592,1.26561,230,1.63419,0.0258589,0.120845,0.642713,0.0185232,0.0555696,0.396398,0.396398,0.131098,33,153,0.65696,0.369344,0.287617,1.63419,1.78707,1.91444,6.02229,0.639354,0.130719,0.000145912,0.368865,9,1024,412,648,334310,455397,61384,10230,1020,1.57407,440,0.679012,0.0306003,0.183614,0.00975609,1136.67,0.0374988,30312.1,73407,71.9676,97.5,180,51.5562,109,121,145,72,10230,142.083,192,230,95.4934,221.75,225,230,3.14815,3,13,2.88936,5,7,7,64.2554
3_0.5_-0.08_0.31_-0.27_-0.41_-0.05_0.48_-0.3_0.44_-0.36,376,576,37.6362,0.0653405,1.02611,184,188,1.07427,3.28282,3.33067e-16,0.441999,438.413,0.196809,0.0179648,9.56378,0.00187842,10.8569,0.0416667,0.874136,-173,0.348958,2,1,68,0.118056,40,0.0694444,1.25421,1.01146,329.5,3.00193,0.0521469,0.0954305,0.567624,0.0521469,0.156417,0.782983,0.783337,0.454686,17,240,0.659149,0.488821,0.170328,3.00193,4.55944,21.8358,18.987,0.84374,0.116667,0.000228882,0.141398,9,1024,376,576,337322,455826,64646,11816,815,1.41493,463,0.803819,0.0350288,0.191645,0.0112686,1312.89,0.0426379,30791.6,54961,67.4368,48,193,45.8018,104,122,145,211,11816,56,7,239,79.4275,98,229,230,2.82986,3,8,2.04435,4,6,6,135.028
3_0.5_-0.18_-0.39_-0.49_0.47_0.0_0.42_0.46_-0.3_-0.1,620,1064,52.2503,0.0491074,1.29205,184,432,0.930242,3.67563,3.33067e-16,0.383499,710.036,0.246237,0.014535,9.64522,0.00150696,12.2752,0.0225564,0.95921,-173,0.418233,2,1,132,0.12406,168,0.157895,1.32667,1,194,2.57779,0.0378456,0.0872926,0.604793,0.025177,0.0755253,0.888157,0.891165,0.582723,9,246,0.626634,0.337256,0.289377,2.57779,3.49427,12.1265,14.8572,0.742374,0.0813008,0.000234604,0.298186,9,1024,620,1064,351961,620580,141166,56734,4948,4.65038,960,0.902256,0.161194,0.401084,0.0541058,6303.78,0.157745,39961.8,304457,61.5313,42,943,75.4077,87,110,128,143,56734,396.741,7,5810,991.898,73,1636.8,3029,9.30075,9,29,6.84054,12,20,22,195.414
3_0.5_-0.18_0.43_0.12_-0.35_-0.33_0.31_-0.37_0.43_0.12,480,784,41.4138,0.0528238,0.91542,184,292,1.02405,3.82515,1.11022e-16,0.407476,552.357,0.277579,0.0159736,9.37063,0.00170465,13.1512,0.0306122,1.04667,-173,0.389031,2,1,124,0.158163,66,0.0841837,1.24667,1,403,2.50872,0.0457296,0.101542,0.505142,0.0457296,0.137053,0.706621,0.706949,0.201713,16,250,0.638017,0.483725,0.154292,2.50872,5.16136,30.4357,17.9187,0.69332,0.108,0.000238419,0.218775,9,1024,480,784,366630,513748,72810,8524,532,0.678571,424,0.540816,0.0232496,0.198593,0.00812912,947.111,0.0281176,33684,28788,54.1128,44,153,47.2065,101,119.9,131,122,8524,69.8689,30.5,236,85.5716,155,230,234,1.35714,1,6,1.55511,3,4,4,106.747
3_0.5_-0.32_-0.07_0.28_0.26_0.14_-0.09_0.36_-0.14_0.37,364,552,34.3501,0.0622285,1.04054,184,176,1.07594,3.4236,4.44089e-16,0.397759,397.284,0.305861,0.0154462,9.62709,0.00160445,10.8339,0.0434783,0.93768,-173,0.342391,2,1,96,0.173913,39,0.0706522,1.32143,1.08909,6614,1.08914,0.0330582,0.145341,0.620145,0.0125704,0.0377092,0.610026,0.610042,0.22269,33,92,0.679072,0.304745,0.374328,1.08914,1.7347,2.29485,4.47869,0.434317,0.119565,8.7738e-05,0.128178,9,1024,364,552,301951,420334,67587,8454,720,1.30435,440,0.797101,0.0279979,0.223834,0.00806236,939.333,0.0327623,28671.2,30332,42.1278,37,121,33.7622,67,88.4,104,84,8454,100.643,80,216,71.7206,207.25,210,213.85,2.6087,3,7,1.96504,4,6,6,89.5173
3_0.5_-0.33_0.47_0.16_0.06_0.26_0.31_-0.08_-0.17_0.43,480,784,38.3774,0.0489508,1.0309,184,292,1.02405,3.48298,1.11022e-16,0.383482,534.412,0.347024,0.00956039,9.32577,0.00102516,14.4897,0.0306122,1.00118,-173,0.389031,2,1,164,0.209184,59,0.0752551,1.36011,1.11484,17,2.70436,0.0471687,0.121959,0.583226,0.0471687,0.141321,0.693418,0.693732,0.166189,21,221,0.689564,0.506809,0.182755,2.70436,3.46949,12.9029,15.1172,0.955254,0.144796,0.000210762,0.171895,9,1024,480,784,301528,486338,98630,27844,1640,2.09184,616,0.785714,0.092343,0.327101,0.0265541,3093.78,0.0969946,31896.4,98376,59.9854,54,289,53.2033,86,110,133,232,27844,120.017,34,1410,236.486,116,538,564.85,4.18367,3,14,3.63472,7,10,11,107.222
3_0.5_-0.49_0.39_0.48_-0.16_-0.15_0.24_0.15_-0.41_0.3,684,1192,52.0053,0.0436286,0.913683,184,496,0.889173,3.67381,0,0.395913,857.059,0.148009,0.0141747,9.33076,0.00151914,12.9776,0.0201342,1.13136,-173,0.427013,2,1,140,0.11745,93,0.0780201,1.32857,1.00143,196,2.47646,0.0354567,0.100261,0.578448,0,0,1,1,1,0,292,0.60572,0.199257,0.406463,2.47646,4.13382,19.3961,17.0926,0.698792,0.0924658,0.000278473,0.228136,9,1024,684,1192,376296,633262,116899,32749,1964,1.64765,952,0.798658,0.0870299,0.310657,0.0312319,3638.78,0.0915611,39741.5,139986,71.276,68,312,63.2317,109,138,184.85,174,32749,188.213,90,561,209.48,409.5,530.7,549.35,3.2953,3,10,2.63591,5,7,9,220.445
3_0.5_0.0_-0.47_0.27_-0.05_-0.33_-0.47_-0.09_-0.38_0.01,631,1101,41.1996,0.0374202,1.05044,160,443,1.10659,3.76331,0.0027248,0.40635,809.599,0.320187,0.00981849,9.35622,0.00104941,14.9754,0.0217984,0.997381,-158,0.427793,2,1,222,0.201635,81,0.0735695,1.22001,1.00001,92,2.85532,0.0422993,0.0987428,0.580865,0.0422993,0.126893,0.937082,0.937139,0.360469,9,212,0.704444,0.416452,0.287992,2.85532,3.20232,9.06126,12.7298,0.886931,0.0943396,0.000202179,0.19233,9,1024,631,1101,278982,551937,120756,55652,3156,2.86649,941,0.854678,0.199482,0.432845,0.0530739,6183.56,0.180254,34304.7,332065,105.217,99,651,74.6398,109,144,203,84,55652,662.524,222.5,2966,954.456,717,2953,2953,5.73297,6,20,4.29175,8,12,13,136.732
3_0.5_0.16_-0.26_-0.34_-0.12_0.42_-0.15_-0.47_0.34_0.08,616,1056,50.7475,0.0480563,0.898227,184,428,0.932885,3.92031,0,0.394921,739.441,0.286642,0.00753748,9.36015,0.000805274,16.3279,0.0227273,1.12034,-173,0.417614,2,1,184,0.174242,124,0.117424,1.33628,1.01747,773,2.54672,0.0326052,0.143526,0.592992,0.0326052,0.0976858,0.551917,0.552321,0.156623,8,266,0.597458,0.360535,0.236923,2.54672,4.0349,16.2816,14.5165,0.677316,0.0714286,0.000253677,0.193351,9,1024,616,1056,390708,607846,103988,23642,1214,1.14962,718,0.679924,0.0605107,0.266153,0.0225468,2626.89,0.067031,39189.2,71108,58.5733,43,244,52.5459,87,123,169,116,23642,203.81,143,1502,297.072,213,564,616,2.29924,2,12,2.25912,3,5,6,112.209
3_0.5_0.42_0.24_-0.3_0.34_0.15_-0.29_-0.12_0.28_0.04,460,744,41.368,0.0556021,0.875407,184,272,1.03652,3.85906,1.66533e-16,0.417538,562.083,0.298344,0.007224,9.3601,0.000771787,17.6346,0.0322581,1.0006,-173,0.383065,2,1,132,0.177419,84,0.112903,1.66757,1.38965,565,2.30329,0.0340376,0.0967249,0.538366,0.013586,0.0407524,0.422331,0.422854,0.111954,9,226,0.619568,0.296984,0.322584,2.30329,3.53589,12.1039,12.4159,0.662718,0.0884956,0.00021553,0.221492,9,1024,460,744,363260,525570,80002,18728,3348,4.5,516,0.693548,0.0515554,0.220233,0.0178604,2080.89,0.0594839,34982.4,181665,54.2608,48,242,39.4594,74,103,120,96,18728,195.083,148.5,1684,331.765,187.25,426.5,442,9,4,35,11.5308,11,31,33,62.1735
